ISO-10303-21;
HEADER;
/* Generated by software containing ST-Developer
 * from STEP Tools, Inc. (www.steptools.com) 
 */

FILE_DESCRIPTION(
/* description */ (''),
/* implementation_level */ '2;1');

FILE_NAME(
/* name */ 'PJ301BM_3.5mmJackSocket.step',
/* time_stamp */ '2026-05-29T10:30:24+02:00',
/* author */ ('tomma'),
/* organization */ (''),
/* preprocessor_version */ 'ST-DEVELOPER v20',
/* originating_system */ 'Autodesk Inventor 2025',
/* authorisation */ '');

FILE_SCHEMA (('AUTOMOTIVE_DESIGN { 1 0 10303 214 3 1 1 }'));
ENDSEC;

DATA;
#10=MECHANICAL_DESIGN_GEOMETRIC_PRESENTATION_REPRESENTATION('',(#56,#57,
#58,#59,#60,#61),#8966);
#11=SHAPE_REPRESENTATION_RELATIONSHIP('SRR','None',#8973,#12);
#12=ADVANCED_BREP_SHAPE_REPRESENTATION('',(#62,#63,#64,#65,#66,#67),#8965);
#13=ELLIPSE('',#5008,0.501853807328042,0.5);
#14=ELLIPSE('',#5009,0.501853807328042,0.5);
#15=ELLIPSE('',#5011,0.501853807328042,0.5);
#16=ELLIPSE('',#5013,0.501853807328042,0.5);
#17=ELLIPSE('',#5091,1.00370761465608,1.);
#18=ELLIPSE('',#5092,1.00370761465608,1.);
#19=ELLIPSE('',#5094,1.00370761465608,1.);
#20=ELLIPSE('',#5096,1.00370761465608,1.);
#21=B_SPLINE_SURFACE_WITH_KNOTS('',3,3,((#7124,#7125,#7126,#7127),(#7128,
#7129,#7130,#7131),(#7132,#7133,#7134,#7135),(#7136,#7137,#7138,#7139)),
 .UNSPECIFIED.,.F.,.F.,.F.,(4,4),(4,4),(1.70822863872895E-17,0.0316227766016839),
(-8.61363948695337E-17,0.0100000000000002),.UNSPECIFIED.);
#22=B_SPLINE_SURFACE_WITH_KNOTS('',3,3,((#7154,#7155,#7156,#7157),(#7158,
#7159,#7160,#7161),(#7162,#7163,#7164,#7165),(#7166,#7167,#7168,#7169)),
 .UNSPECIFIED.,.F.,.F.,.F.,(4,4),(4,4),(0.0133406832708828,0.0282909209238042),
(42.097341465981,42.099356791955),.UNSPECIFIED.);
#23=B_SPLINE_SURFACE_WITH_KNOTS('',3,3,((#7182,#7183,#7184,#7185,#7186,
#7187,#7188,#7189,#7190,#7191,#7192,#7193,#7194,#7195,#7196,#7197,#7198,
#7199,#7200,#7201,#7202,#7203,#7204,#7205,#7206,#7207,#7208,#7209,#7210,
#7211,#7212,#7213,#7214,#7215,#7216,#7217,#7218,#7219,#7220,#7221,#7222,
#7223,#7224,#7225,#7226,#7227,#7228,#7229,#7230,#7231,#7232,#7233,#7234,
#7235,#7236,#7237,#7238,#7239,#7240,#7241,#7242,#7243,#7244,#7245,#7246,
#7247,#7248,#7249,#7250,#7251,#7252,#7253,#7254,#7255,#7256,#7257,#7258,
#7259,#7260,#7261,#7262,#7263,#7264),(#7265,#7266,#7267,#7268,#7269,#7270,
#7271,#7272,#7273,#7274,#7275,#7276,#7277,#7278,#7279,#7280,#7281,#7282,
#7283,#7284,#7285,#7286,#7287,#7288,#7289,#7290,#7291,#7292,#7293,#7294,
#7295,#7296,#7297,#7298,#7299,#7300,#7301,#7302,#7303,#7304,#7305,#7306,
#7307,#7308,#7309,#7310,#7311,#7312,#7313,#7314,#7315,#7316,#7317,#7318,
#7319,#7320,#7321,#7322,#7323,#7324,#7325,#7326,#7327,#7328,#7329,#7330,
#7331,#7332,#7333,#7334,#7335,#7336,#7337,#7338,#7339,#7340,#7341,#7342,
#7343,#7344,#7345,#7346,#7347),(#7348,#7349,#7350,#7351,#7352,#7353,#7354,
#7355,#7356,#7357,#7358,#7359,#7360,#7361,#7362,#7363,#7364,#7365,#7366,
#7367,#7368,#7369,#7370,#7371,#7372,#7373,#7374,#7375,#7376,#7377,#7378,
#7379,#7380,#7381,#7382,#7383,#7384,#7385,#7386,#7387,#7388,#7389,#7390,
#7391,#7392,#7393,#7394,#7395,#7396,#7397,#7398,#7399,#7400,#7401,#7402,
#7403,#7404,#7405,#7406,#7407,#7408,#7409,#7410,#7411,#7412,#7413,#7414,
#7415,#7416,#7417,#7418,#7419,#7420,#7421,#7422,#7423,#7424,#7425,#7426,
#7427,#7428,#7429,#7430),(#7431,#7432,#7433,#7434,#7435,#7436,#7437,#7438,
#7439,#7440,#7441,#7442,#7443,#7444,#7445,#7446,#7447,#7448,#7449,#7450,
#7451,#7452,#7453,#7454,#7455,#7456,#7457,#7458,#7459,#7460,#7461,#7462,
#7463,#7464,#7465,#7466,#7467,#7468,#7469,#7470,#7471,#7472,#7473,#7474,
#7475,#7476,#7477,#7478,#7479,#7480,#7481,#7482,#7483,#7484,#7485,#7486,
#7487,#7488,#7489,#7490,#7491,#7492,#7493,#7494,#7495,#7496,#7497,#7498,
#7499,#7500,#7501,#7502,#7503,#7504,#7505,#7506,#7507,#7508,#7509,#7510,
#7511,#7512,#7513)),.UNSPECIFIED.,.F.,.F.,.F.,(4,4),(4,1,2,1,1,1,1,2,1,
1,1,1,1,1,1,1,1,1,1,1,1,1,1,1,1,1,1,1,1,1,1,1,1,1,1,1,1,1,1,1,1,1,1,1,1,
1,1,1,1,1,1,1,1,1,1,1,1,1,1,1,1,1,1,1,1,1,1,1,1,1,1,1,1,1,1,1,1,1,4),(0.,
0.0316227766016838),(0.,0.628318530717959,1.5707963267949,1.72787595947439,
2.51327412287183,2.82743338823081,2.9845130209103,3.14159265358979,4.11548637620263,
4.60243323750905,5.08938009881546,5.57632696012188,6.0632738214283,6.55022068273472,
7.03716754404114,7.52411440534755,8.01106126665397,8.49800812796039,8.98495498926681,
9.47190185057323,9.95884871187964,10.4457955731861,10.9327424344925,11.4196892957989,
11.9066361571053,12.3935830184117,12.8805298797181,13.3674767410246,13.854423602331,
14.3413704636374,14.8283173249438,15.3152641862502,15.8022110475567,16.2891579088631,
16.7761047701695,17.2630516314759,17.7499984927823,18.2369453540887,18.7238922153952,
19.3731546971371,20.0224171788789,20.6716796606208,21.3209421423627,21.9702046241046,
22.6194671058465,23.2687295875884,23.9179920693303,24.5672545510722,25.2165170328141,
25.865779514556,26.5150419962978,27.1643044780397,27.8135669597816,28.4628294415235,
29.1120919232654,29.7613544050073,30.4106168867492,31.0598793684911,31.709141850233,
32.3584043319749,33.0076668137168,33.6569292954586,34.3061917772005,34.793138638507,
35.2800854998134,35.7670323611198,36.2539792224262,36.7409260837326,37.227872945039,
37.7148198063455,38.2017666676519,38.6887135289583,39.1756603902647,39.6626072515711,
40.1495541128776,40.636500974184,41.1234478354904,41.6103946967968,42.0973415581032),
 .UNSPECIFIED.);
#24=B_SPLINE_SURFACE_WITH_KNOTS('',3,3,((#7603,#7604,#7605,#7606),(#7607,
#7608,#7609,#7610),(#7611,#7612,#7613,#7614),(#7615,#7616,#7617,#7618)),
 .UNSPECIFIED.,.F.,.F.,.F.,(4,4),(4,4),(-7.23809444308871E-17,0.0149500863180181),
(-1.06386880140586E-16,0.00896605758942692),.UNSPECIFIED.);
#25=B_SPLINE_SURFACE_WITH_KNOTS('',3,3,((#7619,#7620,#7621,#7622,#7623,
#7624,#7625,#7626,#7627,#7628,#7629,#7630,#7631,#7632,#7633,#7634,#7635,
#7636,#7637,#7638,#7639,#7640,#7641,#7642,#7643,#7644,#7645,#7646,#7647,
#7648,#7649,#7650,#7651,#7652,#7653,#7654,#7655,#7656,#7657,#7658,#7659,
#7660,#7661,#7662,#7663,#7664,#7665,#7666,#7667,#7668,#7669,#7670,#7671,
#7672,#7673,#7674,#7675,#7676,#7677,#7678,#7679,#7680,#7681,#7682,#7683,
#7684,#7685,#7686,#7687,#7688,#7689,#7690,#7691,#7692,#7693,#7694,#7695,
#7696,#7697,#7698,#7699,#7700,#7701),(#7702,#7703,#7704,#7705,#7706,#7707,
#7708,#7709,#7710,#7711,#7712,#7713,#7714,#7715,#7716,#7717,#7718,#7719,
#7720,#7721,#7722,#7723,#7724,#7725,#7726,#7727,#7728,#7729,#7730,#7731,
#7732,#7733,#7734,#7735,#7736,#7737,#7738,#7739,#7740,#7741,#7742,#7743,
#7744,#7745,#7746,#7747,#7748,#7749,#7750,#7751,#7752,#7753,#7754,#7755,
#7756,#7757,#7758,#7759,#7760,#7761,#7762,#7763,#7764,#7765,#7766,#7767,
#7768,#7769,#7770,#7771,#7772,#7773,#7774,#7775,#7776,#7777,#7778,#7779,
#7780,#7781,#7782,#7783,#7784),(#7785,#7786,#7787,#7788,#7789,#7790,#7791,
#7792,#7793,#7794,#7795,#7796,#7797,#7798,#7799,#7800,#7801,#7802,#7803,
#7804,#7805,#7806,#7807,#7808,#7809,#7810,#7811,#7812,#7813,#7814,#7815,
#7816,#7817,#7818,#7819,#7820,#7821,#7822,#7823,#7824,#7825,#7826,#7827,
#7828,#7829,#7830,#7831,#7832,#7833,#7834,#7835,#7836,#7837,#7838,#7839,
#7840,#7841,#7842,#7843,#7844,#7845,#7846,#7847,#7848,#7849,#7850,#7851,
#7852,#7853,#7854,#7855,#7856,#7857,#7858,#7859,#7860,#7861,#7862,#7863,
#7864,#7865,#7866,#7867),(#7868,#7869,#7870,#7871,#7872,#7873,#7874,#7875,
#7876,#7877,#7878,#7879,#7880,#7881,#7882,#7883,#7884,#7885,#7886,#7887,
#7888,#7889,#7890,#7891,#7892,#7893,#7894,#7895,#7896,#7897,#7898,#7899,
#7900,#7901,#7902,#7903,#7904,#7905,#7906,#7907,#7908,#7909,#7910,#7911,
#7912,#7913,#7914,#7915,#7916,#7917,#7918,#7919,#7920,#7921,#7922,#7923,
#7924,#7925,#7926,#7927,#7928,#7929,#7930,#7931,#7932,#7933,#7934,#7935,
#7936,#7937,#7938,#7939,#7940,#7941,#7942,#7943,#7944,#7945,#7946,#7947,
#7948,#7949,#7950)),.UNSPECIFIED.,.F.,.F.,.F.,(4,4),(4,1,2,1,1,1,1,2,1,
1,1,1,1,1,1,1,1,1,1,1,1,1,1,1,1,1,1,1,1,1,1,1,1,1,1,1,1,1,1,1,1,1,1,1,1,
1,1,1,1,1,1,1,1,1,1,1,1,1,1,1,1,1,1,1,1,1,1,1,1,1,1,1,1,1,1,1,1,1,4),(0.,
0.0316227766016838),(0.,0.628318530717959,1.5707963267949,1.72787595947439,
2.51327412287183,2.82743338823081,2.9845130209103,3.14159265358979,4.11548637620263,
4.60243323750905,5.08938009881546,5.57632696012188,6.0632738214283,6.55022068273472,
7.03716754404114,7.52411440534755,8.01106126665397,8.49800812796039,8.98495498926681,
9.47190185057323,9.95884871187964,10.4457955731861,10.9327424344925,11.4196892957989,
11.9066361571053,12.3935830184117,12.8805298797181,13.3674767410246,13.854423602331,
14.3413704636374,14.8283173249438,15.3152641862502,15.8022110475567,16.2891579088631,
16.7761047701695,17.2630516314759,17.7499984927823,18.2369453540887,18.7238922153952,
19.3731546971371,20.0224171788789,20.6716796606208,21.3209421423627,21.9702046241046,
22.6194671058465,23.2687295875884,23.9179920693303,24.5672545510722,25.2165170328141,
25.865779514556,26.5150419962978,27.1643044780397,27.8135669597816,28.4628294415235,
29.1120919232654,29.7613544050073,30.4106168867492,31.0598793684911,31.709141850233,
32.3584043319749,33.0076668137168,33.6569292954586,34.3061917772005,34.793138638507,
35.2800854998134,35.7670323611198,36.2539792224262,36.7409260837326,37.227872945039,
37.7148198063455,38.2017666676519,38.6887135289583,39.1756603902647,39.6626072515711,
40.1495541128776,40.636500974184,41.1234478354904,41.6103946967968,42.0973415581032),
 .UNSPECIFIED.);
#26=CONICAL_SURFACE('',#4931,1.925,0.349065850398866);
#27=CONICAL_SURFACE('',#4939,2.525,0.78539816339745);
#28=B_SPLINE_CURVE_WITH_KNOTS('',3,(#6840,#6841,#6842,#6843,#6844,#6845,
#6846,#6847,#6848,#6849,#6850,#6851,#6852,#6853,#6854,#6855,#6856,#6857),
 .UNSPECIFIED.,.F.,.F.,(4,1,1,1,1,1,2,1,1,1,1,2,1,4),(-6.28321335805409,
-6.0632738214283,-5.57632696012188,-5.08938009881546,-4.60243323750905,
-4.11548637620263,-3.14159265358979,-2.9845130209103,-2.82743338823081,
-2.51327412287183,-1.72787595947439,-1.5707963267949,-0.628318530717959,
0.),.UNSPECIFIED.);
#29=B_SPLINE_CURVE_WITH_KNOTS('',3,(#6866,#6867,#6868,#6869,#6870,#6871,
#6872,#6873,#6874,#6875,#6876,#6877,#6878,#6879,#6880,#6881,#6882),
 .UNSPECIFIED.,.F.,.F.,(4,1,1,1,1,1,1,1,1,1,1,1,1,1,4),(-12.5663706143592,
-12.3935830184117,-11.9066361571053,-11.4196892957989,-10.9327424344925,
-10.4457955731861,-9.95884871187964,-9.47190185057323,-8.98495498926681,
-8.49800812796039,-8.01106126665397,-7.52411440534755,-7.03716754404114,
-6.55022068273472,-6.28318530717959),.UNSPECIFIED.);
#30=B_SPLINE_CURVE_WITH_KNOTS('',3,(#6883,#6884,#6885,#6886,#6887,#6888,
#6889,#6890,#6891,#6892,#6893,#6894,#6895,#6896,#6897,#6898,#6899,#6900),
 .UNSPECIFIED.,.F.,.F.,(4,1,2,1,1,1,1,2,1,1,1,1,1,4),(0.,0.628318530717959,
1.5707963267949,1.72787595947439,2.51327412287183,2.82743338823081,2.9845130209103,
3.14159265358979,4.11548637620263,4.60243323750905,5.08938009881546,5.57632696012188,
6.0632738214283,6.28321500191866),.UNSPECIFIED.);
#31=B_SPLINE_CURVE_WITH_KNOTS('',3,(#6905,#6906,#6907,#6908,#6909,#6910,
#6911,#6912,#6913,#6914,#6915,#6916,#6917,#6918,#6919,#6920,#6921),
 .UNSPECIFIED.,.F.,.F.,(4,1,1,1,1,1,1,1,1,1,1,1,1,1,4),(-18.8495559215388,
-18.7238922153952,-18.2369453540887,-17.7499984927823,-17.2630516314759,
-16.7761047701695,-16.2891579088631,-15.8022110475567,-15.3152641862502,
-14.8283173249438,-14.3413704636374,-13.854423602331,-13.3674767410246,
-12.8805298797181,-12.5663706143592),.UNSPECIFIED.);
#32=B_SPLINE_CURVE_WITH_KNOTS('',3,(#6922,#6923,#6924,#6925,#6926,#6927,
#6928,#6929,#6930,#6931,#6932,#6933,#6934,#6935,#6936,#6937,#6938),
 .UNSPECIFIED.,.F.,.F.,(4,1,1,1,1,1,1,1,1,1,1,1,1,1,4),(6.28318530717959,
6.55022068273472,7.03716754404114,7.52411440534755,8.01106126665397,8.49800812796039,
8.98495498926681,9.47190185057323,9.95884871187964,10.4457955731861,10.9327424344925,
11.4196892957989,11.9066361571053,12.3935830184117,12.5663706143592),
 .UNSPECIFIED.);
#33=B_SPLINE_CURVE_WITH_KNOTS('',3,(#6943,#6944,#6945,#6946,#6947,#6948,
#6949,#6950,#6951,#6952,#6953,#6954,#6955),.UNSPECIFIED.,.F.,.F.,(4,1,1,
1,1,1,1,1,1,1,4),(-25.1327412287183,-24.5672545510722,-23.9179920693303,
-23.2687295875884,-22.6194671058465,-21.9702046241046,-21.3209421423627,
-20.6716796606208,-20.0224171788789,-19.3731546971371,-18.8495559215388),
 .UNSPECIFIED.);
#34=B_SPLINE_CURVE_WITH_KNOTS('',3,(#6956,#6957,#6958,#6959,#6960,#6961,
#6962,#6963,#6964,#6965,#6966,#6967,#6968,#6969,#6970,#6971,#6972),
 .UNSPECIFIED.,.F.,.F.,(4,1,1,1,1,1,1,1,1,1,1,1,1,1,4),(12.5663706143592,
12.8805298797181,13.3674767410246,13.854423602331,14.3413704636374,14.8283173249438,
15.3152641862502,15.8022110475567,16.2891579088631,16.7761047701695,17.2630516314759,
17.7499984927823,18.2369453540887,18.7238922153952,18.8495559215388),
 .UNSPECIFIED.);
#35=B_SPLINE_CURVE_WITH_KNOTS('',3,(#6977,#6978,#6979,#6980,#6981,#6982,
#6983,#6984,#6985,#6986,#6987,#6988,#6989,#6990),.UNSPECIFIED.,.F.,.F.,
(4,1,1,1,1,1,1,1,1,1,1,4),(-31.4159265358979,-31.0598793684911,-30.4106168867492,
-29.7613544050073,-29.1120919232654,-28.4628294415235,-27.8135669597816,
-27.1643044780397,-26.5150419962978,-25.865779514556,-25.2165170328141,
-25.1327412287183),.UNSPECIFIED.);
#36=B_SPLINE_CURVE_WITH_KNOTS('',3,(#6991,#6992,#6993,#6994,#6995,#6996,
#6997,#6998,#6999,#7000,#7001,#7002,#7003),.UNSPECIFIED.,.F.,.F.,(4,1,1,
1,1,1,1,1,1,1,4),(18.8495559215388,19.3731546971371,20.0224171788789,20.6716796606208,
21.3209421423627,21.9702046241046,22.6194671058465,23.2687295875884,23.9179920693303,
24.5672545510722,25.1327412287183),.UNSPECIFIED.);
#37=B_SPLINE_CURVE_WITH_KNOTS('',3,(#7012,#7013,#7014,#7015,#7016,#7017,
#7018,#7019,#7020,#7021,#7022,#7023,#7024),.UNSPECIFIED.,.F.,.F.,(4,1,1,
1,1,1,1,1,1,1,4),(37.6991118430775,37.7148198063455,38.2017666676519,38.6887135289583,
39.1756603902647,39.6626072515711,40.1495541128776,40.636500974184,41.1234478354904,
41.6103946967968,42.0973415581032),.UNSPECIFIED.);
#38=B_SPLINE_CURVE_WITH_KNOTS('',3,(#7026,#7027,#7028,#7029,#7030,#7031),
 .UNSPECIFIED.,.F.,.F.,(4,2,4),(0.,0.00502080850256812,0.00945055103771249),
 .UNSPECIFIED.);
#39=B_SPLINE_CURVE_WITH_KNOTS('',3,(#7033,#7034,#7035,#7036,#7037,#7038),
 .UNSPECIFIED.,.F.,.F.,(4,2,4),(3.5773042057145E-5,0.000285037590181245,
0.000570050756773655),.UNSPECIFIED.);
#40=B_SPLINE_CURVE_WITH_KNOTS('',3,(#7040,#7041,#7042,#7043,#7044,#7045),
 .UNSPECIFIED.,.F.,.F.,(4,2,4),(0.,0.00521231357789328,0.0105403638811169),
 .UNSPECIFIED.);
#41=B_SPLINE_CURVE_WITH_KNOTS('',3,(#7047,#7048,#7049,#7050,#7051,#7052,
#7053,#7054,#7055,#7056,#7057,#7058,#7059),.UNSPECIFIED.,.F.,.F.,(4,1,1,
1,1,1,1,1,1,1,4),(-42.0973415581032,-41.6103946967968,-41.1234478354904,
-40.636500974184,-40.1495541128776,-39.6626072515711,-39.1756603902647,
-38.6887135289583,-38.2017666676519,-37.7148198063455,-37.6991118430775),
 .UNSPECIFIED.);
#42=B_SPLINE_CURVE_WITH_KNOTS('',3,(#7062,#7063,#7064,#7065,#7066,#7067,
#7068,#7069,#7070,#7071,#7072,#7073,#7074,#7075,#7076),.UNSPECIFIED.,.F.,
 .F.,(4,1,1,1,1,1,1,1,1,1,1,1,4),(31.4159265358979,31.709141850233,32.3584043319749,
33.0076668137168,33.6569292954586,34.3061917772005,34.793138638507,35.2800854998134,
35.7670323611198,36.2539792224262,36.7409260837326,37.227872945039,37.6991118430775),
 .UNSPECIFIED.);
#43=B_SPLINE_CURVE_WITH_KNOTS('',3,(#7095,#7096,#7097,#7098,#7099,#7100,
#7101,#7102,#7103,#7104,#7105,#7106,#7107,#7108,#7109),.UNSPECIFIED.,.F.,
 .F.,(4,1,1,1,1,1,1,1,1,1,1,1,4),(-37.6991118430775,-37.227872945039,-36.7409260837326,
-36.2539792224262,-35.7670323611198,-35.2800854998134,-34.793138638507,
-34.3061917772005,-33.6569292954586,-33.0076668137168,-32.3584043319749,
-31.709141850233,-31.4159265358979),.UNSPECIFIED.);
#44=B_SPLINE_CURVE_WITH_KNOTS('',3,(#7110,#7111,#7112,#7113,#7114,#7115,
#7116,#7117,#7118,#7119,#7120,#7121,#7122,#7123),.UNSPECIFIED.,.F.,.F.,
(4,1,1,1,1,1,1,1,1,1,1,4),(25.1327412287183,25.2165170328141,25.865779514556,
26.5150419962978,27.1643044780397,27.8135669597816,28.4628294415235,29.1120919232654,
29.7613544050073,30.4106168867492,31.0598793684911,31.4159265358979),
 .UNSPECIFIED.);
#45=B_SPLINE_CURVE_WITH_KNOTS('',3,(#7141,#7142,#7143,#7144),
 .UNSPECIFIED.,.F.,.F.,(4,4),(-0.0377563981730628,-0.0229065123547234),
 .UNSPECIFIED.);
#46=B_SPLINE_CURVE_WITH_KNOTS('',3,(#7146,#7147,#7148,#7149),
 .UNSPECIFIED.,.F.,.F.,(4,4),(-0.0166641736240612,0.),.UNSPECIFIED.);
#47=B_SPLINE_CURVE_WITH_KNOTS('',3,(#7150,#7151,#7152,#7153),
 .UNSPECIFIED.,.F.,.F.,(4,4),(0.,0.0316227766016838),.UNSPECIFIED.);
#48=B_SPLINE_CURVE_WITH_KNOTS('',3,(#7171,#7172,#7173,#7174,#7175,#7176,
#7177),.UNSPECIFIED.,.F.,.F.,(4,3,4),(-0.0379103247441933,-0.0300165343949825,
-0.0229930895641714),.UNSPECIFIED.);
#49=B_SPLINE_CURVE_WITH_KNOTS('',3,(#7178,#7179,#7180,#7181),
 .UNSPECIFIED.,.F.,.F.,(4,4),(-0.000267421290965587,-2.57293991359763E-8),
 .UNSPECIFIED.);
#50=B_SPLINE_CURVE_WITH_KNOTS('',3,(#7514,#7515,#7516,#7517),
 .UNSPECIFIED.,.F.,.F.,(4,4),(0.,0.0149500857853171),.UNSPECIFIED.);
#51=B_SPLINE_CURVE_WITH_KNOTS('',3,(#7520,#7521,#7522,#7523,#7524,#7525,
#7526,#7527,#7528,#7529,#7530,#7531,#7532,#7533,#7534,#7535,#7536,#7537,
#7538,#7539,#7540,#7541,#7542,#7543,#7544,#7545,#7546,#7547,#7548,#7549,
#7550,#7551,#7552,#7553,#7554,#7555,#7556,#7557,#7558,#7559,#7560,#7561,
#7562,#7563,#7564,#7565,#7566,#7567,#7568,#7569,#7570,#7571,#7572,#7573,
#7574,#7575,#7576,#7577,#7578,#7579,#7580,#7581,#7582,#7583,#7584,#7585,
#7586,#7587,#7588,#7589,#7590,#7591,#7592,#7593,#7594,#7595,#7596,#7597,
#7598,#7599,#7600,#7601,#7602),.UNSPECIFIED.,.F.,.F.,(4,1,2,1,1,1,1,2,1,
1,1,1,1,1,1,1,1,1,1,1,1,1,1,1,1,1,1,1,1,1,1,1,1,1,1,1,1,1,1,1,1,1,1,1,1,
1,1,1,1,1,1,1,1,1,1,1,1,1,1,1,1,1,1,1,1,1,1,1,1,1,1,1,1,1,1,1,1,1,4),(0.,
0.628318530717959,1.5707963267949,1.72787595947439,2.51327412287183,2.82743338823081,
2.9845130209103,3.14159265358979,4.11548637620263,4.60243323750905,5.08938009881546,
5.57632696012188,6.0632738214283,6.55022068273472,7.03716754404114,7.52411440534755,
8.01106126665397,8.49800812796039,8.98495498926681,9.47190185057323,9.95884871187964,
10.4457955731861,10.9327424344925,11.4196892957989,11.9066361571053,12.3935830184117,
12.8805298797181,13.3674767410246,13.854423602331,14.3413704636374,14.8283173249438,
15.3152641862502,15.8022110475567,16.2891579088631,16.7761047701695,17.2630516314759,
17.7499984927823,18.2369453540887,18.7238922153952,19.3731546971371,20.0224171788789,
20.6716796606208,21.3209421423627,21.9702046241046,22.6194671058465,23.2687295875884,
23.9179920693303,24.5672545510722,25.2165170328141,25.865779514556,26.5150419962978,
27.1643044780397,27.8135669597816,28.4628294415235,29.1120919232654,29.7613544050073,
30.4106168867492,31.0598793684911,31.709141850233,32.3584043319749,33.0076668137168,
33.6569292954586,34.3061917772005,34.793138638507,35.2800854998134,35.7670323611198,
36.2539792224262,36.7409260837326,37.227872945039,37.7148198063455,38.2017666676519,
38.6887135289583,39.1756603902647,39.6626072515711,40.1495541128776,40.636500974184,
41.1234478354904,41.6103946967968,42.0973415581032),.UNSPECIFIED.);
#52=B_SPLINE_CURVE_WITH_KNOTS('',3,(#8108,#8109,#8110,#8111),
 .UNSPECIFIED.,.F.,.F.,(4,4),(0.336761410308111,0.339051189844371),
 .UNSPECIFIED.);
#53=B_SPLINE_CURVE_WITH_KNOTS('',3,(#8114,#8115,#8116,#8117),
 .UNSPECIFIED.,.F.,.F.,(4,4),(0.11301940466897,0.117193611846162),
 .UNSPECIFIED.);
#54=B_SPLINE_CURVE_WITH_KNOTS('',3,(#8139,#8140,#8141,#8142),
 .UNSPECIFIED.,.F.,.F.,(4,4),(0.334876381580553,0.339050589491889),
 .UNSPECIFIED.);
#55=B_SPLINE_CURVE_WITH_KNOTS('',3,(#8146,#8147,#8148,#8149),
 .UNSPECIFIED.,.F.,.F.,(4,4),(0.113018452295006,0.115308232036525),
 .UNSPECIFIED.);
#56=STYLED_ITEM('',(#8983),#62);
#57=STYLED_ITEM('',(#8984),#63);
#58=STYLED_ITEM('',(#8984),#64);
#59=STYLED_ITEM('',(#8984),#65);
#60=STYLED_ITEM('',(#8984),#66);
#61=STYLED_ITEM('',(#8984),#67);
#62=MANIFOLD_SOLID_BREP('Solid1',#4840);
#63=MANIFOLD_SOLID_BREP('Solid2',#4841);
#64=MANIFOLD_SOLID_BREP('Solid4',#4842);
#65=MANIFOLD_SOLID_BREP('Solid4',#4843);
#66=MANIFOLD_SOLID_BREP('Solid4',#4844);
#67=MANIFOLD_SOLID_BREP('Solid4',#4845);
#68=FACE_BOUND('',#535,.T.);
#69=FACE_BOUND('',#563,.T.);
#70=FACE_BOUND('',#571,.T.);
#71=FACE_BOUND('',#580,.T.);
#72=FACE_BOUND('',#595,.T.);
#73=FACE_BOUND('',#597,.T.);
#74=FACE_BOUND('',#695,.T.);
#75=FACE_BOUND('',#711,.T.);
#76=FACE_BOUND('',#722,.T.);
#77=FACE_BOUND('',#723,.T.);
#78=FACE_BOUND('',#726,.T.);
#79=FACE_BOUND('',#727,.T.);
#80=FACE_BOUND('',#755,.T.);
#81=FACE_BOUND('',#756,.T.);
#82=FACE_BOUND('',#776,.T.);
#83=FACE_BOUND('',#777,.T.);
#84=CIRCLE('',#4885,1.8);
#85=CIRCLE('',#4886,1.8);
#86=CIRCLE('',#4923,2.65);
#87=CIRCLE('',#4929,2.65);
#88=CIRCLE('',#4930,2.65);
#89=CIRCLE('',#4932,2.05);
#90=CIRCLE('',#4933,1.8);
#91=CIRCLE('',#4934,1.8);
#92=CIRCLE('',#4936,2.4);
#93=CIRCLE('',#4938,1.8);
#94=CIRCLE('',#4949,0.3);
#95=CIRCLE('',#4950,0.3);
#96=CIRCLE('',#4953,0.02);
#97=CIRCLE('',#4954,0.5);
#98=CIRCLE('',#4955,0.02);
#99=CIRCLE('',#4956,0.02);
#100=CIRCLE('',#4957,0.5);
#101=CIRCLE('',#4958,0.02);
#102=CIRCLE('',#4960,0.3);
#103=CIRCLE('',#4961,0.3);
#104=CIRCLE('',#4964,0.3);
#105=CIRCLE('',#4965,0.3);
#106=CIRCLE('',#4968,0.02);
#107=CIRCLE('',#4970,0.5);
#108=CIRCLE('',#4972,0.02);
#109=CIRCLE('',#4974,0.02);
#110=CIRCLE('',#4975,0.5);
#111=CIRCLE('',#4976,0.02);
#112=CIRCLE('',#4982,0.75);
#113=CIRCLE('',#4983,0.75);
#114=CIRCLE('',#4985,0.75);
#115=CIRCLE('',#4986,0.75);
#116=CIRCLE('',#4988,20.);
#117=CIRCLE('',#4989,2.);
#118=CIRCLE('',#4990,2.);
#119=CIRCLE('',#4991,20.);
#120=CIRCLE('',#4993,0.75);
#121=CIRCLE('',#4994,0.75);
#122=CIRCLE('',#4997,0.5);
#123=CIRCLE('',#4998,0.5);
#124=CIRCLE('',#5000,20.);
#125=CIRCLE('',#5001,2.);
#126=CIRCLE('',#5002,2.);
#127=CIRCLE('',#5003,20.);
#128=CIRCLE('',#5005,0.5);
#129=CIRCLE('',#5006,0.5);
#130=CIRCLE('',#5015,20.);
#131=CIRCLE('',#5016,2.);
#132=CIRCLE('',#5017,2.);
#133=CIRCLE('',#5018,20.);
#134=CIRCLE('',#5026,0.1);
#135=CIRCLE('',#5027,0.1);
#136=CIRCLE('',#5030,5.);
#137=CIRCLE('',#5031,5.);
#138=CIRCLE('',#5033,0.1);
#139=CIRCLE('',#5034,0.1);
#140=CIRCLE('',#5037,0.1);
#141=CIRCLE('',#5038,0.1);
#142=CIRCLE('',#5039,0.1);
#143=CIRCLE('',#5040,0.1);
#144=CIRCLE('',#5042,0.1);
#145=CIRCLE('',#5045,0.1);
#146=CIRCLE('',#5047,0.1);
#147=CIRCLE('',#5050,0.1);
#148=CIRCLE('',#5055,5.);
#149=CIRCLE('',#5057,5.);
#150=CIRCLE('',#5066,0.1);
#151=CIRCLE('',#5067,0.1);
#152=CIRCLE('',#5069,5.);
#153=CIRCLE('',#5070,5.);
#154=CIRCLE('',#5073,0.1);
#155=CIRCLE('',#5074,0.1);
#156=CIRCLE('',#5076,0.1);
#157=CIRCLE('',#5077,0.1);
#158=CIRCLE('',#5078,0.1);
#159=CIRCLE('',#5079,0.1);
#160=CIRCLE('',#5081,0.1);
#161=CIRCLE('',#5084,0.1);
#162=CIRCLE('',#5086,0.1);
#163=CIRCLE('',#5089,0.1);
#164=CIRCLE('',#5098,20.);
#165=CIRCLE('',#5099,2.);
#166=CIRCLE('',#5100,2.);
#167=CIRCLE('',#5101,20.);
#168=CIRCLE('',#5111,5.);
#169=CIRCLE('',#5114,5.);
#170=CIRCLE('',#5129,1.8);
#171=CIRCLE('',#5131,1.8);
#172=CIRCLE('',#5154,0.4);
#173=CIRCLE('',#5155,0.4);
#174=CIRCLE('',#5158,0.1);
#175=CIRCLE('',#5159,0.1);
#176=CIRCLE('',#5160,1.);
#177=CIRCLE('',#5161,0.1);
#178=CIRCLE('',#5162,0.1);
#179=CIRCLE('',#5163,0.65);
#180=CIRCLE('',#5164,0.650000000000001);
#181=CIRCLE('',#5167,0.1);
#182=CIRCLE('',#5168,0.1);
#183=CIRCLE('',#5169,1.);
#184=CIRCLE('',#5170,0.1);
#185=CIRCLE('',#5171,0.1);
#186=CIRCLE('',#5172,0.65);
#187=CIRCLE('',#5173,0.650000000000001);
#188=CIRCLE('',#5192,0.4);
#189=CIRCLE('',#5195,0.4);
#190=CIRCLE('',#5199,0.1);
#191=CIRCLE('',#5200,0.1);
#192=CIRCLE('',#5202,0.1);
#193=CIRCLE('',#5203,0.1);
#194=CIRCLE('',#5205,0.1);
#195=CIRCLE('',#5206,0.1);
#196=CIRCLE('',#5209,0.1);
#197=CIRCLE('',#5210,1.);
#198=CIRCLE('',#5211,0.65);
#199=CIRCLE('',#5212,0.650000000000001);
#200=CIRCLE('',#5214,0.1);
#201=CIRCLE('',#5218,0.650000000000001);
#202=CIRCLE('',#5221,0.65);
#203=CIRCLE('',#5223,1.);
#204=CYLINDRICAL_SURFACE('',#4884,1.8);
#205=CYLINDRICAL_SURFACE('',#4922,2.65);
#206=CYLINDRICAL_SURFACE('',#4924,2.65);
#207=CYLINDRICAL_SURFACE('',#4925,2.65);
#208=CYLINDRICAL_SURFACE('',#4926,2.65);
#209=CYLINDRICAL_SURFACE('',#4927,2.65);
#210=CYLINDRICAL_SURFACE('',#4928,2.65);
#211=CYLINDRICAL_SURFACE('',#4937,1.8);
#212=CYLINDRICAL_SURFACE('',#4940,2.65);
#213=CYLINDRICAL_SURFACE('',#4948,0.3);
#214=CYLINDRICAL_SURFACE('',#4959,0.3);
#215=CYLINDRICAL_SURFACE('',#4963,0.3);
#216=CYLINDRICAL_SURFACE('',#4967,0.02);
#217=CYLINDRICAL_SURFACE('',#4969,0.5);
#218=CYLINDRICAL_SURFACE('',#4971,0.02);
#219=CYLINDRICAL_SURFACE('',#4978,0.02);
#220=CYLINDRICAL_SURFACE('',#4979,0.02);
#221=CYLINDRICAL_SURFACE('',#4981,0.75);
#222=CYLINDRICAL_SURFACE('',#4984,0.75);
#223=CYLINDRICAL_SURFACE('',#4992,0.75);
#224=CYLINDRICAL_SURFACE('',#4996,0.5);
#225=CYLINDRICAL_SURFACE('',#5004,0.5);
#226=CYLINDRICAL_SURFACE('',#5007,0.5);
#227=CYLINDRICAL_SURFACE('',#5012,0.5);
#228=CYLINDRICAL_SURFACE('',#5020,2.);
#229=CYLINDRICAL_SURFACE('',#5023,2.);
#230=CYLINDRICAL_SURFACE('',#5025,0.1);
#231=CYLINDRICAL_SURFACE('',#5032,0.1);
#232=CYLINDRICAL_SURFACE('',#5041,0.1);
#233=CYLINDRICAL_SURFACE('',#5044,0.1);
#234=CYLINDRICAL_SURFACE('',#5046,0.1);
#235=CYLINDRICAL_SURFACE('',#5049,0.1);
#236=CYLINDRICAL_SURFACE('',#5052,20.);
#237=CYLINDRICAL_SURFACE('',#5053,20.);
#238=CYLINDRICAL_SURFACE('',#5054,5.);
#239=CYLINDRICAL_SURFACE('',#5056,5.);
#240=CYLINDRICAL_SURFACE('',#5065,0.1);
#241=CYLINDRICAL_SURFACE('',#5072,0.1);
#242=CYLINDRICAL_SURFACE('',#5080,0.1);
#243=CYLINDRICAL_SURFACE('',#5083,0.1);
#244=CYLINDRICAL_SURFACE('',#5085,0.1);
#245=CYLINDRICAL_SURFACE('',#5088,0.1);
#246=CYLINDRICAL_SURFACE('',#5090,1.);
#247=CYLINDRICAL_SURFACE('',#5095,1.);
#248=CYLINDRICAL_SURFACE('',#5103,2.);
#249=CYLINDRICAL_SURFACE('',#5104,2.);
#250=CYLINDRICAL_SURFACE('',#5106,20.);
#251=CYLINDRICAL_SURFACE('',#5107,20.);
#252=CYLINDRICAL_SURFACE('',#5110,5.);
#253=CYLINDRICAL_SURFACE('',#5113,5.);
#254=CYLINDRICAL_SURFACE('',#5122,0.5);
#255=CYLINDRICAL_SURFACE('',#5130,1.8);
#256=CYLINDRICAL_SURFACE('',#5175,0.1);
#257=CYLINDRICAL_SURFACE('',#5176,0.1);
#258=CYLINDRICAL_SURFACE('',#5177,0.1);
#259=CYLINDRICAL_SURFACE('',#5179,0.1);
#260=CYLINDRICAL_SURFACE('',#5182,0.650000000000001);
#261=CYLINDRICAL_SURFACE('',#5184,0.65);
#262=CYLINDRICAL_SURFACE('',#5185,1.);
#263=CYLINDRICAL_SURFACE('',#5191,0.4);
#264=CYLINDRICAL_SURFACE('',#5194,0.4);
#265=CYLINDRICAL_SURFACE('',#5198,0.1);
#266=CYLINDRICAL_SURFACE('',#5201,0.1);
#267=CYLINDRICAL_SURFACE('',#5204,0.1);
#268=CYLINDRICAL_SURFACE('',#5213,0.1);
#269=CYLINDRICAL_SURFACE('',#5217,0.650000000000001);
#270=CYLINDRICAL_SURFACE('',#5220,0.65);
#271=CYLINDRICAL_SURFACE('',#5222,1.);
#272=FACE_OUTER_BOUND('',#517,.T.);
#273=FACE_OUTER_BOUND('',#518,.T.);
#274=FACE_OUTER_BOUND('',#519,.T.);
#275=FACE_OUTER_BOUND('',#520,.T.);
#276=FACE_OUTER_BOUND('',#521,.T.);
#277=FACE_OUTER_BOUND('',#522,.T.);
#278=FACE_OUTER_BOUND('',#523,.T.);
#279=FACE_OUTER_BOUND('',#524,.T.);
#280=FACE_OUTER_BOUND('',#525,.T.);
#281=FACE_OUTER_BOUND('',#526,.T.);
#282=FACE_OUTER_BOUND('',#527,.T.);
#283=FACE_OUTER_BOUND('',#528,.T.);
#284=FACE_OUTER_BOUND('',#529,.T.);
#285=FACE_OUTER_BOUND('',#530,.T.);
#286=FACE_OUTER_BOUND('',#531,.T.);
#287=FACE_OUTER_BOUND('',#532,.T.);
#288=FACE_OUTER_BOUND('',#533,.T.);
#289=FACE_OUTER_BOUND('',#534,.T.);
#290=FACE_OUTER_BOUND('',#536,.T.);
#291=FACE_OUTER_BOUND('',#537,.T.);
#292=FACE_OUTER_BOUND('',#538,.T.);
#293=FACE_OUTER_BOUND('',#539,.T.);
#294=FACE_OUTER_BOUND('',#540,.T.);
#295=FACE_OUTER_BOUND('',#541,.T.);
#296=FACE_OUTER_BOUND('',#542,.T.);
#297=FACE_OUTER_BOUND('',#543,.T.);
#298=FACE_OUTER_BOUND('',#544,.T.);
#299=FACE_OUTER_BOUND('',#545,.T.);
#300=FACE_OUTER_BOUND('',#546,.T.);
#301=FACE_OUTER_BOUND('',#547,.T.);
#302=FACE_OUTER_BOUND('',#548,.T.);
#303=FACE_OUTER_BOUND('',#549,.T.);
#304=FACE_OUTER_BOUND('',#550,.T.);
#305=FACE_OUTER_BOUND('',#551,.T.);
#306=FACE_OUTER_BOUND('',#552,.T.);
#307=FACE_OUTER_BOUND('',#553,.T.);
#308=FACE_OUTER_BOUND('',#554,.T.);
#309=FACE_OUTER_BOUND('',#555,.T.);
#310=FACE_OUTER_BOUND('',#556,.T.);
#311=FACE_OUTER_BOUND('',#557,.T.);
#312=FACE_OUTER_BOUND('',#558,.T.);
#313=FACE_OUTER_BOUND('',#559,.T.);
#314=FACE_OUTER_BOUND('',#560,.T.);
#315=FACE_OUTER_BOUND('',#561,.T.);
#316=FACE_OUTER_BOUND('',#562,.T.);
#317=FACE_OUTER_BOUND('',#564,.T.);
#318=FACE_OUTER_BOUND('',#565,.T.);
#319=FACE_OUTER_BOUND('',#566,.T.);
#320=FACE_OUTER_BOUND('',#567,.T.);
#321=FACE_OUTER_BOUND('',#568,.T.);
#322=FACE_OUTER_BOUND('',#569,.T.);
#323=FACE_OUTER_BOUND('',#570,.T.);
#324=FACE_OUTER_BOUND('',#572,.T.);
#325=FACE_OUTER_BOUND('',#573,.T.);
#326=FACE_OUTER_BOUND('',#574,.T.);
#327=FACE_OUTER_BOUND('',#575,.T.);
#328=FACE_OUTER_BOUND('',#576,.T.);
#329=FACE_OUTER_BOUND('',#577,.T.);
#330=FACE_OUTER_BOUND('',#578,.T.);
#331=FACE_OUTER_BOUND('',#579,.T.);
#332=FACE_OUTER_BOUND('',#581,.T.);
#333=FACE_OUTER_BOUND('',#582,.T.);
#334=FACE_OUTER_BOUND('',#583,.T.);
#335=FACE_OUTER_BOUND('',#584,.T.);
#336=FACE_OUTER_BOUND('',#585,.T.);
#337=FACE_OUTER_BOUND('',#586,.T.);
#338=FACE_OUTER_BOUND('',#587,.T.);
#339=FACE_OUTER_BOUND('',#588,.T.);
#340=FACE_OUTER_BOUND('',#589,.T.);
#341=FACE_OUTER_BOUND('',#590,.T.);
#342=FACE_OUTER_BOUND('',#591,.T.);
#343=FACE_OUTER_BOUND('',#592,.T.);
#344=FACE_OUTER_BOUND('',#593,.T.);
#345=FACE_OUTER_BOUND('',#594,.T.);
#346=FACE_OUTER_BOUND('',#596,.T.);
#347=FACE_OUTER_BOUND('',#598,.T.);
#348=FACE_OUTER_BOUND('',#599,.T.);
#349=FACE_OUTER_BOUND('',#600,.T.);
#350=FACE_OUTER_BOUND('',#601,.T.);
#351=FACE_OUTER_BOUND('',#602,.T.);
#352=FACE_OUTER_BOUND('',#603,.T.);
#353=FACE_OUTER_BOUND('',#604,.T.);
#354=FACE_OUTER_BOUND('',#605,.T.);
#355=FACE_OUTER_BOUND('',#606,.T.);
#356=FACE_OUTER_BOUND('',#607,.T.);
#357=FACE_OUTER_BOUND('',#608,.T.);
#358=FACE_OUTER_BOUND('',#609,.T.);
#359=FACE_OUTER_BOUND('',#610,.T.);
#360=FACE_OUTER_BOUND('',#611,.T.);
#361=FACE_OUTER_BOUND('',#612,.T.);
#362=FACE_OUTER_BOUND('',#613,.T.);
#363=FACE_OUTER_BOUND('',#614,.T.);
#364=FACE_OUTER_BOUND('',#615,.T.);
#365=FACE_OUTER_BOUND('',#616,.T.);
#366=FACE_OUTER_BOUND('',#617,.T.);
#367=FACE_OUTER_BOUND('',#618,.T.);
#368=FACE_OUTER_BOUND('',#619,.T.);
#369=FACE_OUTER_BOUND('',#620,.T.);
#370=FACE_OUTER_BOUND('',#621,.T.);
#371=FACE_OUTER_BOUND('',#622,.T.);
#372=FACE_OUTER_BOUND('',#623,.T.);
#373=FACE_OUTER_BOUND('',#624,.T.);
#374=FACE_OUTER_BOUND('',#625,.T.);
#375=FACE_OUTER_BOUND('',#626,.T.);
#376=FACE_OUTER_BOUND('',#627,.T.);
#377=FACE_OUTER_BOUND('',#628,.T.);
#378=FACE_OUTER_BOUND('',#629,.T.);
#379=FACE_OUTER_BOUND('',#630,.T.);
#380=FACE_OUTER_BOUND('',#631,.T.);
#381=FACE_OUTER_BOUND('',#632,.T.);
#382=FACE_OUTER_BOUND('',#633,.T.);
#383=FACE_OUTER_BOUND('',#634,.T.);
#384=FACE_OUTER_BOUND('',#635,.T.);
#385=FACE_OUTER_BOUND('',#636,.T.);
#386=FACE_OUTER_BOUND('',#637,.T.);
#387=FACE_OUTER_BOUND('',#638,.T.);
#388=FACE_OUTER_BOUND('',#639,.T.);
#389=FACE_OUTER_BOUND('',#640,.T.);
#390=FACE_OUTER_BOUND('',#641,.T.);
#391=FACE_OUTER_BOUND('',#642,.T.);
#392=FACE_OUTER_BOUND('',#643,.T.);
#393=FACE_OUTER_BOUND('',#644,.T.);
#394=FACE_OUTER_BOUND('',#645,.T.);
#395=FACE_OUTER_BOUND('',#646,.T.);
#396=FACE_OUTER_BOUND('',#647,.T.);
#397=FACE_OUTER_BOUND('',#648,.T.);
#398=FACE_OUTER_BOUND('',#649,.T.);
#399=FACE_OUTER_BOUND('',#650,.T.);
#400=FACE_OUTER_BOUND('',#651,.T.);
#401=FACE_OUTER_BOUND('',#652,.T.);
#402=FACE_OUTER_BOUND('',#653,.T.);
#403=FACE_OUTER_BOUND('',#654,.T.);
#404=FACE_OUTER_BOUND('',#655,.T.);
#405=FACE_OUTER_BOUND('',#656,.T.);
#406=FACE_OUTER_BOUND('',#657,.T.);
#407=FACE_OUTER_BOUND('',#658,.T.);
#408=FACE_OUTER_BOUND('',#659,.T.);
#409=FACE_OUTER_BOUND('',#660,.T.);
#410=FACE_OUTER_BOUND('',#661,.T.);
#411=FACE_OUTER_BOUND('',#662,.T.);
#412=FACE_OUTER_BOUND('',#663,.T.);
#413=FACE_OUTER_BOUND('',#664,.T.);
#414=FACE_OUTER_BOUND('',#665,.T.);
#415=FACE_OUTER_BOUND('',#666,.T.);
#416=FACE_OUTER_BOUND('',#667,.T.);
#417=FACE_OUTER_BOUND('',#668,.T.);
#418=FACE_OUTER_BOUND('',#669,.T.);
#419=FACE_OUTER_BOUND('',#670,.T.);
#420=FACE_OUTER_BOUND('',#671,.T.);
#421=FACE_OUTER_BOUND('',#672,.T.);
#422=FACE_OUTER_BOUND('',#673,.T.);
#423=FACE_OUTER_BOUND('',#674,.T.);
#424=FACE_OUTER_BOUND('',#675,.T.);
#425=FACE_OUTER_BOUND('',#676,.T.);
#426=FACE_OUTER_BOUND('',#677,.T.);
#427=FACE_OUTER_BOUND('',#678,.T.);
#428=FACE_OUTER_BOUND('',#679,.T.);
#429=FACE_OUTER_BOUND('',#680,.T.);
#430=FACE_OUTER_BOUND('',#681,.T.);
#431=FACE_OUTER_BOUND('',#682,.T.);
#432=FACE_OUTER_BOUND('',#683,.T.);
#433=FACE_OUTER_BOUND('',#684,.T.);
#434=FACE_OUTER_BOUND('',#685,.T.);
#435=FACE_OUTER_BOUND('',#686,.T.);
#436=FACE_OUTER_BOUND('',#687,.T.);
#437=FACE_OUTER_BOUND('',#688,.T.);
#438=FACE_OUTER_BOUND('',#689,.T.);
#439=FACE_OUTER_BOUND('',#690,.T.);
#440=FACE_OUTER_BOUND('',#691,.T.);
#441=FACE_OUTER_BOUND('',#692,.T.);
#442=FACE_OUTER_BOUND('',#693,.T.);
#443=FACE_OUTER_BOUND('',#694,.T.);
#444=FACE_OUTER_BOUND('',#696,.T.);
#445=FACE_OUTER_BOUND('',#697,.T.);
#446=FACE_OUTER_BOUND('',#698,.T.);
#447=FACE_OUTER_BOUND('',#699,.T.);
#448=FACE_OUTER_BOUND('',#700,.T.);
#449=FACE_OUTER_BOUND('',#701,.T.);
#450=FACE_OUTER_BOUND('',#702,.T.);
#451=FACE_OUTER_BOUND('',#703,.T.);
#452=FACE_OUTER_BOUND('',#704,.T.);
#453=FACE_OUTER_BOUND('',#705,.T.);
#454=FACE_OUTER_BOUND('',#706,.T.);
#455=FACE_OUTER_BOUND('',#707,.T.);
#456=FACE_OUTER_BOUND('',#708,.T.);
#457=FACE_OUTER_BOUND('',#709,.T.);
#458=FACE_OUTER_BOUND('',#710,.T.);
#459=FACE_OUTER_BOUND('',#712,.T.);
#460=FACE_OUTER_BOUND('',#713,.T.);
#461=FACE_OUTER_BOUND('',#714,.T.);
#462=FACE_OUTER_BOUND('',#715,.T.);
#463=FACE_OUTER_BOUND('',#716,.T.);
#464=FACE_OUTER_BOUND('',#717,.T.);
#465=FACE_OUTER_BOUND('',#718,.T.);
#466=FACE_OUTER_BOUND('',#719,.T.);
#467=FACE_OUTER_BOUND('',#720,.T.);
#468=FACE_OUTER_BOUND('',#721,.T.);
#469=FACE_OUTER_BOUND('',#724,.T.);
#470=FACE_OUTER_BOUND('',#725,.T.);
#471=FACE_OUTER_BOUND('',#728,.T.);
#472=FACE_OUTER_BOUND('',#729,.T.);
#473=FACE_OUTER_BOUND('',#730,.T.);
#474=FACE_OUTER_BOUND('',#731,.T.);
#475=FACE_OUTER_BOUND('',#732,.T.);
#476=FACE_OUTER_BOUND('',#733,.T.);
#477=FACE_OUTER_BOUND('',#734,.T.);
#478=FACE_OUTER_BOUND('',#735,.T.);
#479=FACE_OUTER_BOUND('',#736,.T.);
#480=FACE_OUTER_BOUND('',#737,.T.);
#481=FACE_OUTER_BOUND('',#738,.T.);
#482=FACE_OUTER_BOUND('',#739,.T.);
#483=FACE_OUTER_BOUND('',#740,.T.);
#484=FACE_OUTER_BOUND('',#741,.T.);
#485=FACE_OUTER_BOUND('',#742,.T.);
#486=FACE_OUTER_BOUND('',#743,.T.);
#487=FACE_OUTER_BOUND('',#744,.T.);
#488=FACE_OUTER_BOUND('',#745,.T.);
#489=FACE_OUTER_BOUND('',#746,.T.);
#490=FACE_OUTER_BOUND('',#747,.T.);
#491=FACE_OUTER_BOUND('',#748,.T.);
#492=FACE_OUTER_BOUND('',#749,.T.);
#493=FACE_OUTER_BOUND('',#750,.T.);
#494=FACE_OUTER_BOUND('',#751,.T.);
#495=FACE_OUTER_BOUND('',#752,.T.);
#496=FACE_OUTER_BOUND('',#753,.T.);
#497=FACE_OUTER_BOUND('',#754,.T.);
#498=FACE_OUTER_BOUND('',#757,.T.);
#499=FACE_OUTER_BOUND('',#758,.T.);
#500=FACE_OUTER_BOUND('',#759,.T.);
#501=FACE_OUTER_BOUND('',#760,.T.);
#502=FACE_OUTER_BOUND('',#761,.T.);
#503=FACE_OUTER_BOUND('',#762,.T.);
#504=FACE_OUTER_BOUND('',#763,.T.);
#505=FACE_OUTER_BOUND('',#764,.T.);
#506=FACE_OUTER_BOUND('',#765,.T.);
#507=FACE_OUTER_BOUND('',#766,.T.);
#508=FACE_OUTER_BOUND('',#767,.T.);
#509=FACE_OUTER_BOUND('',#768,.T.);
#510=FACE_OUTER_BOUND('',#769,.T.);
#511=FACE_OUTER_BOUND('',#770,.T.);
#512=FACE_OUTER_BOUND('',#771,.T.);
#513=FACE_OUTER_BOUND('',#772,.T.);
#514=FACE_OUTER_BOUND('',#773,.T.);
#515=FACE_OUTER_BOUND('',#774,.T.);
#516=FACE_OUTER_BOUND('',#775,.T.);
#517=EDGE_LOOP('',(#3027,#3028,#3029,#3030));
#518=EDGE_LOOP('',(#3031,#3032,#3033,#3034));
#519=EDGE_LOOP('',(#3035,#3036,#3037,#3038));
#520=EDGE_LOOP('',(#3039,#3040,#3041,#3042));
#521=EDGE_LOOP('',(#3043,#3044,#3045,#3046));
#522=EDGE_LOOP('',(#3047,#3048,#3049,#3050));
#523=EDGE_LOOP('',(#3051,#3052,#3053,#3054));
#524=EDGE_LOOP('',(#3055,#3056,#3057,#3058));
#525=EDGE_LOOP('',(#3059,#3060,#3061,#3062));
#526=EDGE_LOOP('',(#3063,#3064,#3065,#3066));
#527=EDGE_LOOP('',(#3067,#3068,#3069,#3070));
#528=EDGE_LOOP('',(#3071,#3072,#3073,#3074));
#529=EDGE_LOOP('',(#3075,#3076,#3077,#3078));
#530=EDGE_LOOP('',(#3079,#3080,#3081,#3082));
#531=EDGE_LOOP('',(#3083,#3084,#3085,#3086));
#532=EDGE_LOOP('',(#3087,#3088,#3089,#3090));
#533=EDGE_LOOP('',(#3091,#3092,#3093,#3094));
#534=EDGE_LOOP('',(#3095,#3096,#3097,#3098));
#535=EDGE_LOOP('',(#3099));
#536=EDGE_LOOP('',(#3100,#3101,#3102,#3103));
#537=EDGE_LOOP('',(#3104,#3105,#3106,#3107));
#538=EDGE_LOOP('',(#3108,#3109,#3110,#3111,#3112,#3113,#3114,#3115));
#539=EDGE_LOOP('',(#3116,#3117,#3118,#3119));
#540=EDGE_LOOP('',(#3120,#3121,#3122,#3123,#3124,#3125,#3126,#3127,#3128,
#3129,#3130,#3131));
#541=EDGE_LOOP('',(#3132,#3133,#3134,#3135));
#542=EDGE_LOOP('',(#3136,#3137,#3138,#3139));
#543=EDGE_LOOP('',(#3140,#3141,#3142,#3143));
#544=EDGE_LOOP('',(#3144,#3145,#3146,#3147));
#545=EDGE_LOOP('',(#3148,#3149,#3150,#3151,#3152,#3153));
#546=EDGE_LOOP('',(#3154,#3155,#3156,#3157,#3158,#3159));
#547=EDGE_LOOP('',(#3160,#3161,#3162,#3163,#3164,#3165,#3166,#3167,#3168,
#3169,#3170,#3171));
#548=EDGE_LOOP('',(#3172,#3173,#3174,#3175,#3176,#3177,#3178,#3179));
#549=EDGE_LOOP('',(#3180,#3181,#3182,#3183));
#550=EDGE_LOOP('',(#3184,#3185,#3186,#3187));
#551=EDGE_LOOP('',(#3188,#3189,#3190,#3191));
#552=EDGE_LOOP('',(#3192,#3193,#3194,#3195));
#553=EDGE_LOOP('',(#3196,#3197,#3198,#3199));
#554=EDGE_LOOP('',(#3200,#3201,#3202,#3203));
#555=EDGE_LOOP('',(#3204,#3205,#3206,#3207));
#556=EDGE_LOOP('',(#3208,#3209,#3210,#3211,#3212,#3213,#3214,#3215,#3216,
#3217,#3218,#3219,#3220,#3221,#3222,#3223,#3224,#3225,#3226,#3227));
#557=EDGE_LOOP('',(#3228,#3229,#3230,#3231));
#558=EDGE_LOOP('',(#3232,#3233,#3234,#3235,#3236,#3237));
#559=EDGE_LOOP('',(#3238,#3239,#3240,#3241));
#560=EDGE_LOOP('',(#3242,#3243,#3244,#3245,#3246,#3247));
#561=EDGE_LOOP('',(#3248,#3249,#3250,#3251,#3252,#3253,#3254,#3255));
#562=EDGE_LOOP('',(#3256,#3257,#3258,#3259,#3260,#3261,#3262,#3263,#3264,
#3265,#3266,#3267));
#563=EDGE_LOOP('',(#3268));
#564=EDGE_LOOP('',(#3269,#3270,#3271,#3272,#3273,#3274,#3275,#3276,#3277,
#3278,#3279,#3280));
#565=EDGE_LOOP('',(#3281,#3282,#3283,#3284,#3285,#3286,#3287,#3288,#3289,
#3290,#3291,#3292));
#566=EDGE_LOOP('',(#3293,#3294,#3295,#3296,#3297,#3298,#3299,#3300));
#567=EDGE_LOOP('',(#3301,#3302,#3303,#3304));
#568=EDGE_LOOP('',(#3305,#3306,#3307,#3308));
#569=EDGE_LOOP('',(#3309,#3310,#3311,#3312,#3313,#3314,#3315,#3316,#3317,
#3318,#3319,#3320));
#570=EDGE_LOOP('',(#3321,#3322,#3323,#3324));
#571=EDGE_LOOP('',(#3325,#3326,#3327,#3328,#3329,#3330,#3331,#3332,#3333,
#3334,#3335,#3336,#3337,#3338,#3339,#3340,#3341,#3342,#3343,#3344));
#572=EDGE_LOOP('',(#3345,#3346,#3347,#3348,#3349,#3350));
#573=EDGE_LOOP('',(#3351,#3352,#3353,#3354));
#574=EDGE_LOOP('',(#3355,#3356,#3357,#3358));
#575=EDGE_LOOP('',(#3359,#3360,#3361,#3362));
#576=EDGE_LOOP('',(#3363,#3364,#3365,#3366));
#577=EDGE_LOOP('',(#3367,#3368,#3369,#3370,#3371,#3372,#3373,#3374,#3375,
#3376,#3377));
#578=EDGE_LOOP('',(#3378,#3379,#3380,#3381,#3382));
#579=EDGE_LOOP('',(#3383));
#580=EDGE_LOOP('',(#3384));
#581=EDGE_LOOP('',(#3385,#3386,#3387,#3388,#3389));
#582=EDGE_LOOP('',(#3390,#3391,#3392,#3393,#3394));
#583=EDGE_LOOP('',(#3395,#3396,#3397,#3398));
#584=EDGE_LOOP('',(#3399,#3400,#3401,#3402));
#585=EDGE_LOOP('',(#3403,#3404,#3405,#3406));
#586=EDGE_LOOP('',(#3407,#3408,#3409,#3410,#3411,#3412,#3413,#3414,#3415,
#3416,#3417,#3418));
#587=EDGE_LOOP('',(#3419,#3420,#3421));
#588=EDGE_LOOP('',(#3422,#3423,#3424,#3425,#3426,#3427,#3428,#3429,#3430,
#3431));
#589=EDGE_LOOP('',(#3432,#3433,#3434));
#590=EDGE_LOOP('',(#3435,#3436,#3437,#3438));
#591=EDGE_LOOP('',(#3439,#3440,#3441,#3442));
#592=EDGE_LOOP('',(#3443,#3444,#3445,#3446));
#593=EDGE_LOOP('',(#3447,#3448,#3449,#3450));
#594=EDGE_LOOP('',(#3451,#3452,#3453,#3454));
#595=EDGE_LOOP('',(#3455));
#596=EDGE_LOOP('',(#3456,#3457,#3458,#3459));
#597=EDGE_LOOP('',(#3460));
#598=EDGE_LOOP('',(#3461,#3462,#3463,#3464));
#599=EDGE_LOOP('',(#3465,#3466,#3467,#3468,#3469,#3470,#3471));
#600=EDGE_LOOP('',(#3472,#3473,#3474,#3475,#3476,#3477,#3478,#3479,#3480,
#3481,#3482,#3483,#3484,#3485));
#601=EDGE_LOOP('',(#3486,#3487,#3488,#3489));
#602=EDGE_LOOP('',(#3490,#3491,#3492,#3493,#3494,#3495,#3496));
#603=EDGE_LOOP('',(#3497,#3498,#3499,#3500));
#604=EDGE_LOOP('',(#3501,#3502,#3503));
#605=EDGE_LOOP('',(#3504,#3505,#3506,#3507));
#606=EDGE_LOOP('',(#3508,#3509,#3510,#3511));
#607=EDGE_LOOP('',(#3512,#3513,#3514,#3515));
#608=EDGE_LOOP('',(#3516,#3517,#3518,#3519,#3520,#3521,#3522,#3523,#3524,
#3525,#3526,#3527,#3528,#3529,#3530,#3531));
#609=EDGE_LOOP('',(#3532,#3533,#3534,#3535));
#610=EDGE_LOOP('',(#3536,#3537,#3538,#3539));
#611=EDGE_LOOP('',(#3540,#3541,#3542,#3543));
#612=EDGE_LOOP('',(#3544,#3545,#3546,#3547,#3548,#3549,#3550));
#613=EDGE_LOOP('',(#3551,#3552,#3553,#3554));
#614=EDGE_LOOP('',(#3555,#3556,#3557,#3558,#3559,#3560));
#615=EDGE_LOOP('',(#3561,#3562,#3563,#3564,#3565,#3566,#3567,#3568,#3569,
#3570));
#616=EDGE_LOOP('',(#3571,#3572,#3573,#3574,#3575,#3576));
#617=EDGE_LOOP('',(#3577,#3578,#3579,#3580));
#618=EDGE_LOOP('',(#3581,#3582,#3583,#3584));
#619=EDGE_LOOP('',(#3585,#3586,#3587,#3588,#3589,#3590,#3591,#3592,#3593,
#3594,#3595,#3596));
#620=EDGE_LOOP('',(#3597,#3598,#3599,#3600));
#621=EDGE_LOOP('',(#3601,#3602,#3603,#3604));
#622=EDGE_LOOP('',(#3605,#3606,#3607,#3608,#3609,#3610));
#623=EDGE_LOOP('',(#3611,#3612,#3613,#3614));
#624=EDGE_LOOP('',(#3615,#3616,#3617,#3618,#3619,#3620,#3621,#3622,#3623,
#3624));
#625=EDGE_LOOP('',(#3625,#3626,#3627,#3628));
#626=EDGE_LOOP('',(#3629,#3630,#3631,#3632));
#627=EDGE_LOOP('',(#3633,#3634,#3635,#3636));
#628=EDGE_LOOP('',(#3637,#3638,#3639,#3640,#3641,#3642));
#629=EDGE_LOOP('',(#3643,#3644,#3645,#3646));
#630=EDGE_LOOP('',(#3647,#3648,#3649,#3650));
#631=EDGE_LOOP('',(#3651,#3652,#3653,#3654));
#632=EDGE_LOOP('',(#3655,#3656,#3657,#3658,#3659,#3660));
#633=EDGE_LOOP('',(#3661,#3662,#3663,#3664,#3665,#3666,#3667,#3668));
#634=EDGE_LOOP('',(#3669,#3670,#3671,#3672));
#635=EDGE_LOOP('',(#3673,#3674,#3675,#3676,#3677,#3678,#3679));
#636=EDGE_LOOP('',(#3680,#3681,#3682,#3683,#3684,#3685,#3686,#3687,#3688,
#3689,#3690,#3691,#3692,#3693,#3694,#3695,#3696,#3697,#3698,#3699,#3700,
#3701));
#637=EDGE_LOOP('',(#3702,#3703,#3704,#3705));
#638=EDGE_LOOP('',(#3706,#3707,#3708,#3709));
#639=EDGE_LOOP('',(#3710,#3711,#3712,#3713));
#640=EDGE_LOOP('',(#3714,#3715,#3716,#3717));
#641=EDGE_LOOP('',(#3718,#3719,#3720,#3721));
#642=EDGE_LOOP('',(#3722,#3723,#3724,#3725));
#643=EDGE_LOOP('',(#3726,#3727,#3728,#3729));
#644=EDGE_LOOP('',(#3730,#3731,#3732,#3733,#3734,#3735));
#645=EDGE_LOOP('',(#3736,#3737,#3738,#3739,#3740,#3741));
#646=EDGE_LOOP('',(#3742,#3743,#3744,#3745));
#647=EDGE_LOOP('',(#3746,#3747,#3748,#3749));
#648=EDGE_LOOP('',(#3750,#3751,#3752,#3753,#3754));
#649=EDGE_LOOP('',(#3755,#3756,#3757,#3758,#3759));
#650=EDGE_LOOP('',(#3760,#3761,#3762,#3763));
#651=EDGE_LOOP('',(#3764,#3765,#3766,#3767));
#652=EDGE_LOOP('',(#3768,#3769,#3770,#3771));
#653=EDGE_LOOP('',(#3772,#3773,#3774,#3775));
#654=EDGE_LOOP('',(#3776,#3777,#3778,#3779,#3780));
#655=EDGE_LOOP('',(#3781,#3782,#3783,#3784));
#656=EDGE_LOOP('',(#3785,#3786,#3787,#3788,#3789,#3790,#3791,#3792));
#657=EDGE_LOOP('',(#3793,#3794,#3795,#3796,#3797,#3798));
#658=EDGE_LOOP('',(#3799,#3800,#3801,#3802));
#659=EDGE_LOOP('',(#3803,#3804,#3805,#3806,#3807,#3808,#3809,#3810,#3811,
#3812,#3813,#3814,#3815,#3816,#3817,#3818,#3819,#3820,#3821,#3822,#3823,
#3824));
#660=EDGE_LOOP('',(#3825,#3826,#3827,#3828));
#661=EDGE_LOOP('',(#3829,#3830,#3831,#3832));
#662=EDGE_LOOP('',(#3833,#3834,#3835,#3836));
#663=EDGE_LOOP('',(#3837,#3838,#3839,#3840));
#664=EDGE_LOOP('',(#3841,#3842,#3843,#3844));
#665=EDGE_LOOP('',(#3845,#3846,#3847,#3848));
#666=EDGE_LOOP('',(#3849,#3850,#3851,#3852));
#667=EDGE_LOOP('',(#3853,#3854,#3855,#3856,#3857,#3858));
#668=EDGE_LOOP('',(#3859,#3860,#3861,#3862));
#669=EDGE_LOOP('',(#3863,#3864,#3865,#3866,#3867,#3868,#3869,#3870,#3871,
#3872,#3873,#3874));
#670=EDGE_LOOP('',(#3875,#3876,#3877,#3878,#3879,#3880));
#671=EDGE_LOOP('',(#3881,#3882,#3883,#3884));
#672=EDGE_LOOP('',(#3885,#3886,#3887,#3888));
#673=EDGE_LOOP('',(#3889,#3890,#3891,#3892));
#674=EDGE_LOOP('',(#3893,#3894,#3895,#3896));
#675=EDGE_LOOP('',(#3897,#3898,#3899,#3900));
#676=EDGE_LOOP('',(#3901,#3902,#3903,#3904));
#677=EDGE_LOOP('',(#3905,#3906,#3907,#3908));
#678=EDGE_LOOP('',(#3909,#3910,#3911,#3912));
#679=EDGE_LOOP('',(#3913,#3914,#3915,#3916,#3917));
#680=EDGE_LOOP('',(#3918,#3919,#3920,#3921));
#681=EDGE_LOOP('',(#3922,#3923,#3924,#3925,#3926));
#682=EDGE_LOOP('',(#3927,#3928,#3929,#3930));
#683=EDGE_LOOP('',(#3931,#3932,#3933,#3934));
#684=EDGE_LOOP('',(#3935,#3936,#3937,#3938));
#685=EDGE_LOOP('',(#3939,#3940,#3941,#3942));
#686=EDGE_LOOP('',(#3943,#3944,#3945,#3946,#3947));
#687=EDGE_LOOP('',(#3948,#3949,#3950,#3951,#3952,#3953,#3954,#3955,#3956,
#3957,#3958,#3959,#3960,#3961,#3962,#3963,#3964,#3965,#3966,#3967,#3968,
#3969,#3970));
#688=EDGE_LOOP('',(#3971,#3972,#3973,#3974));
#689=EDGE_LOOP('',(#3975,#3976,#3977,#3978,#3979,#3980,#3981,#3982,#3983,
#3984,#3985,#3986,#3987,#3988,#3989,#3990,#3991,#3992,#3993,#3994,#3995));
#690=EDGE_LOOP('',(#3996,#3997,#3998));
#691=EDGE_LOOP('',(#3999,#4000,#4001,#4002));
#692=EDGE_LOOP('',(#4003,#4004,#4005,#4006));
#693=EDGE_LOOP('',(#4007,#4008,#4009,#4010));
#694=EDGE_LOOP('',(#4011,#4012,#4013,#4014,#4015,#4016,#4017,#4018));
#695=EDGE_LOOP('',(#4019));
#696=EDGE_LOOP('',(#4020,#4021,#4022,#4023));
#697=EDGE_LOOP('',(#4024,#4025,#4026,#4027));
#698=EDGE_LOOP('',(#4028,#4029,#4030,#4031,#4032,#4033,#4034,#4035));
#699=EDGE_LOOP('',(#4036,#4037,#4038,#4039));
#700=EDGE_LOOP('',(#4040,#4041,#4042,#4043));
#701=EDGE_LOOP('',(#4044,#4045,#4046,#4047));
#702=EDGE_LOOP('',(#4048,#4049,#4050,#4051));
#703=EDGE_LOOP('',(#4052,#4053,#4054,#4055));
#704=EDGE_LOOP('',(#4056,#4057,#4058,#4059,#4060,#4061,#4062,#4063));
#705=EDGE_LOOP('',(#4064,#4065,#4066,#4067));
#706=EDGE_LOOP('',(#4068,#4069,#4070,#4071));
#707=EDGE_LOOP('',(#4072,#4073,#4074,#4075));
#708=EDGE_LOOP('',(#4076,#4077,#4078,#4079));
#709=EDGE_LOOP('',(#4080,#4081,#4082,#4083,#4084,#4085,#4086,#4087));
#710=EDGE_LOOP('',(#4088,#4089,#4090,#4091,#4092,#4093,#4094,#4095,#4096,
#4097,#4098,#4099));
#711=EDGE_LOOP('',(#4100));
#712=EDGE_LOOP('',(#4101,#4102,#4103,#4104));
#713=EDGE_LOOP('',(#4105,#4106,#4107,#4108));
#714=EDGE_LOOP('',(#4109,#4110,#4111,#4112));
#715=EDGE_LOOP('',(#4113,#4114,#4115,#4116));
#716=EDGE_LOOP('',(#4117,#4118,#4119,#4120));
#717=EDGE_LOOP('',(#4121,#4122,#4123,#4124));
#718=EDGE_LOOP('',(#4125,#4126,#4127,#4128));
#719=EDGE_LOOP('',(#4129,#4130,#4131,#4132,#4133,#4134,#4135,#4136,#4137,
#4138,#4139,#4140,#4141,#4142));
#720=EDGE_LOOP('',(#4143,#4144,#4145,#4146));
#721=EDGE_LOOP('',(#4147,#4148,#4149,#4150,#4151,#4152,#4153,#4154,#4155,
#4156,#4157,#4158,#4159,#4160));
#722=EDGE_LOOP('',(#4161,#4162,#4163,#4164));
#723=EDGE_LOOP('',(#4165,#4166,#4167,#4168));
#724=EDGE_LOOP('',(#4169,#4170,#4171,#4172));
#725=EDGE_LOOP('',(#4173,#4174,#4175,#4176,#4177,#4178,#4179,#4180,#4181,
#4182,#4183,#4184,#4185,#4186));
#726=EDGE_LOOP('',(#4187,#4188,#4189,#4190));
#727=EDGE_LOOP('',(#4191,#4192,#4193,#4194));
#728=EDGE_LOOP('',(#4195,#4196,#4197,#4198));
#729=EDGE_LOOP('',(#4199,#4200,#4201,#4202));
#730=EDGE_LOOP('',(#4203,#4204,#4205,#4206));
#731=EDGE_LOOP('',(#4207,#4208,#4209,#4210));
#732=EDGE_LOOP('',(#4211,#4212,#4213,#4214));
#733=EDGE_LOOP('',(#4215,#4216,#4217,#4218));
#734=EDGE_LOOP('',(#4219,#4220,#4221,#4222));
#735=EDGE_LOOP('',(#4223,#4224,#4225,#4226));
#736=EDGE_LOOP('',(#4227,#4228,#4229,#4230));
#737=EDGE_LOOP('',(#4231,#4232,#4233,#4234));
#738=EDGE_LOOP('',(#4235,#4236,#4237,#4238));
#739=EDGE_LOOP('',(#4239,#4240,#4241,#4242));
#740=EDGE_LOOP('',(#4243,#4244,#4245,#4246));
#741=EDGE_LOOP('',(#4247,#4248,#4249,#4250));
#742=EDGE_LOOP('',(#4251,#4252,#4253,#4254));
#743=EDGE_LOOP('',(#4255,#4256,#4257,#4258));
#744=EDGE_LOOP('',(#4259,#4260,#4261,#4262));
#745=EDGE_LOOP('',(#4263,#4264,#4265,#4266));
#746=EDGE_LOOP('',(#4267,#4268,#4269,#4270));
#747=EDGE_LOOP('',(#4271,#4272,#4273,#4274));
#748=EDGE_LOOP('',(#4275,#4276,#4277,#4278));
#749=EDGE_LOOP('',(#4279,#4280,#4281,#4282,#4283,#4284,#4285,#4286,#4287,
#4288,#4289,#4290,#4291,#4292));
#750=EDGE_LOOP('',(#4293,#4294,#4295,#4296));
#751=EDGE_LOOP('',(#4297,#4298,#4299,#4300));
#752=EDGE_LOOP('',(#4301,#4302,#4303,#4304));
#753=EDGE_LOOP('',(#4305,#4306,#4307,#4308));
#754=EDGE_LOOP('',(#4309,#4310,#4311,#4312,#4313,#4314,#4315,#4316,#4317,
#4318,#4319,#4320,#4321,#4322));
#755=EDGE_LOOP('',(#4323,#4324,#4325,#4326));
#756=EDGE_LOOP('',(#4327,#4328,#4329,#4330));
#757=EDGE_LOOP('',(#4331,#4332,#4333,#4334));
#758=EDGE_LOOP('',(#4335,#4336,#4337,#4338));
#759=EDGE_LOOP('',(#4339,#4340,#4341,#4342));
#760=EDGE_LOOP('',(#4343,#4344,#4345,#4346));
#761=EDGE_LOOP('',(#4347,#4348,#4349,#4350));
#762=EDGE_LOOP('',(#4351,#4352,#4353,#4354));
#763=EDGE_LOOP('',(#4355,#4356,#4357,#4358));
#764=EDGE_LOOP('',(#4359,#4360,#4361,#4362));
#765=EDGE_LOOP('',(#4363,#4364,#4365,#4366));
#766=EDGE_LOOP('',(#4367,#4368,#4369,#4370));
#767=EDGE_LOOP('',(#4371,#4372,#4373,#4374));
#768=EDGE_LOOP('',(#4375,#4376,#4377,#4378));
#769=EDGE_LOOP('',(#4379,#4380,#4381,#4382));
#770=EDGE_LOOP('',(#4383,#4384,#4385,#4386));
#771=EDGE_LOOP('',(#4387,#4388,#4389,#4390));
#772=EDGE_LOOP('',(#4391,#4392,#4393,#4394));
#773=EDGE_LOOP('',(#4395,#4396,#4397,#4398));
#774=EDGE_LOOP('',(#4399,#4400,#4401,#4402));
#775=EDGE_LOOP('',(#4403,#4404,#4405,#4406,#4407,#4408,#4409,#4410,#4411,
#4412,#4413,#4414,#4415,#4416));
#776=EDGE_LOOP('',(#4417,#4418,#4419,#4420));
#777=EDGE_LOOP('',(#4421,#4422,#4423,#4424));
#778=LINE('',#6521,#1321);
#779=LINE('',#6523,#1322);
#780=LINE('',#6525,#1323);
#781=LINE('',#6526,#1324);
#782=LINE('',#6529,#1325);
#783=LINE('',#6531,#1326);
#784=LINE('',#6532,#1327);
#785=LINE('',#6535,#1328);
#786=LINE('',#6537,#1329);
#787=LINE('',#6538,#1330);
#788=LINE('',#6540,#1331);
#789=LINE('',#6544,#1332);
#790=LINE('',#6546,#1333);
#791=LINE('',#6548,#1334);
#792=LINE('',#6549,#1335);
#793=LINE('',#6552,#1336);
#794=LINE('',#6554,#1337);
#795=LINE('',#6555,#1338);
#796=LINE('',#6558,#1339);
#797=LINE('',#6560,#1340);
#798=LINE('',#6561,#1341);
#799=LINE('',#6563,#1342);
#800=LINE('',#6567,#1343);
#801=LINE('',#6569,#1344);
#802=LINE('',#6571,#1345);
#803=LINE('',#6572,#1346);
#804=LINE('',#6575,#1347);
#805=LINE('',#6577,#1348);
#806=LINE('',#6578,#1349);
#807=LINE('',#6581,#1350);
#808=LINE('',#6583,#1351);
#809=LINE('',#6584,#1352);
#810=LINE('',#6586,#1353);
#811=LINE('',#6590,#1354);
#812=LINE('',#6592,#1355);
#813=LINE('',#6594,#1356);
#814=LINE('',#6595,#1357);
#815=LINE('',#6598,#1358);
#816=LINE('',#6600,#1359);
#817=LINE('',#6601,#1360);
#818=LINE('',#6604,#1361);
#819=LINE('',#6606,#1362);
#820=LINE('',#6607,#1363);
#821=LINE('',#6609,#1364);
#822=LINE('',#6614,#1365);
#823=LINE('',#6619,#1366);
#824=LINE('',#6621,#1367);
#825=LINE('',#6623,#1368);
#826=LINE('',#6624,#1369);
#827=LINE('',#6627,#1370);
#828=LINE('',#6629,#1371);
#829=LINE('',#6630,#1372);
#830=LINE('',#6633,#1373);
#831=LINE('',#6635,#1374);
#832=LINE('',#6636,#1375);
#833=LINE('',#6639,#1376);
#834=LINE('',#6641,#1377);
#835=LINE('',#6643,#1378);
#836=LINE('',#6645,#1379);
#837=LINE('',#6646,#1380);
#838=LINE('',#6649,#1381);
#839=LINE('',#6650,#1382);
#840=LINE('',#6653,#1383);
#841=LINE('',#6655,#1384);
#842=LINE('',#6657,#1385);
#843=LINE('',#6659,#1386);
#844=LINE('',#6661,#1387);
#845=LINE('',#6663,#1388);
#846=LINE('',#6665,#1389);
#847=LINE('',#6666,#1390);
#848=LINE('',#6668,#1391);
#849=LINE('',#6669,#1392);
#850=LINE('',#6671,#1393);
#851=LINE('',#6676,#1394);
#852=LINE('',#6678,#1395);
#853=LINE('',#6680,#1396);
#854=LINE('',#6681,#1397);
#855=LINE('',#6684,#1398);
#856=LINE('',#6686,#1399);
#857=LINE('',#6687,#1400);
#858=LINE('',#6688,#1401);
#859=LINE('',#6691,#1402);
#860=LINE('',#6692,#1403);
#861=LINE('',#6694,#1404);
#862=LINE('',#6695,#1405);
#863=LINE('',#6698,#1406);
#864=LINE('',#6700,#1407);
#865=LINE('',#6702,#1408);
#866=LINE('',#6704,#1409);
#867=LINE('',#6706,#1410);
#868=LINE('',#6708,#1411);
#869=LINE('',#6710,#1412);
#870=LINE('',#6712,#1413);
#871=LINE('',#6713,#1414);
#872=LINE('',#6716,#1415);
#873=LINE('',#6718,#1416);
#874=LINE('',#6720,#1417);
#875=LINE('',#6722,#1418);
#876=LINE('',#6723,#1419);
#877=LINE('',#6727,#1420);
#878=LINE('',#6728,#1421);
#879=LINE('',#6729,#1422);
#880=LINE('',#6733,#1423);
#881=LINE('',#6734,#1424);
#882=LINE('',#6735,#1425);
#883=LINE('',#6738,#1426);
#884=LINE('',#6739,#1427);
#885=LINE('',#6742,#1428);
#886=LINE('',#6743,#1429);
#887=LINE('',#6746,#1430);
#888=LINE('',#6747,#1431);
#889=LINE('',#6750,#1432);
#890=LINE('',#6751,#1433);
#891=LINE('',#6753,#1434);
#892=LINE('',#6756,#1435);
#893=LINE('',#6758,#1436);
#894=LINE('',#6760,#1437);
#895=LINE('',#6762,#1438);
#896=LINE('',#6764,#1439);
#897=LINE('',#6766,#1440);
#898=LINE('',#6768,#1441);
#899=LINE('',#6770,#1442);
#900=LINE('',#6771,#1443);
#901=LINE('',#6775,#1444);
#902=LINE('',#6776,#1445);
#903=LINE('',#6777,#1446);
#904=LINE('',#6780,#1447);
#905=LINE('',#6782,#1448);
#906=LINE('',#6784,#1449);
#907=LINE('',#6785,#1450);
#908=LINE('',#6788,#1451);
#909=LINE('',#6790,#1452);
#910=LINE('',#6791,#1453);
#911=LINE('',#6794,#1454);
#912=LINE('',#6795,#1455);
#913=LINE('',#6796,#1456);
#914=LINE('',#6799,#1457);
#915=LINE('',#6801,#1458);
#916=LINE('',#6802,#1459);
#917=LINE('',#6805,#1460);
#918=LINE('',#6806,#1461);
#919=LINE('',#6808,#1462);
#920=LINE('',#6809,#1463);
#921=LINE('',#6811,#1464);
#922=LINE('',#6813,#1465);
#923=LINE('',#6814,#1466);
#924=LINE('',#6815,#1467);
#925=LINE('',#6817,#1468);
#926=LINE('',#6819,#1469);
#927=LINE('',#6820,#1470);
#928=LINE('',#6821,#1471);
#929=LINE('',#6823,#1472);
#930=LINE('',#6826,#1473);
#931=LINE('',#6827,#1474);
#932=LINE('',#6830,#1475);
#933=LINE('',#6831,#1476);
#934=LINE('',#6833,#1477);
#935=LINE('',#6838,#1478);
#936=LINE('',#6859,#1479);
#937=LINE('',#6861,#1480);
#938=LINE('',#6865,#1481);
#939=LINE('',#6904,#1482);
#940=LINE('',#6942,#1483);
#941=LINE('',#6976,#1484);
#942=LINE('',#7010,#1485);
#943=LINE('',#7061,#1486);
#944=LINE('',#7081,#1487);
#945=LINE('',#7090,#1488);
#946=LINE('',#7093,#1489);
#947=LINE('',#7519,#1490);
#948=LINE('',#7951,#1491);
#949=LINE('',#7956,#1492);
#950=LINE('',#7958,#1493);
#951=LINE('',#7960,#1494);
#952=LINE('',#7961,#1495);
#953=LINE('',#7964,#1496);
#954=LINE('',#7966,#1497);
#955=LINE('',#7967,#1498);
#956=LINE('',#7970,#1499);
#957=LINE('',#7972,#1500);
#958=LINE('',#7973,#1501);
#959=LINE('',#7975,#1502);
#960=LINE('',#7976,#1503);
#961=LINE('',#7984,#1504);
#962=LINE('',#7987,#1505);
#963=LINE('',#7990,#1506);
#964=LINE('',#7992,#1507);
#965=LINE('',#7994,#1508);
#966=LINE('',#7996,#1509);
#967=LINE('',#7998,#1510);
#968=LINE('',#7999,#1511);
#969=LINE('',#8002,#1512);
#970=LINE('',#8004,#1513);
#971=LINE('',#8006,#1514);
#972=LINE('',#8008,#1515);
#973=LINE('',#8010,#1516);
#974=LINE('',#8018,#1517);
#975=LINE('',#8029,#1518);
#976=LINE('',#8032,#1519);
#977=LINE('',#8034,#1520);
#978=LINE('',#8036,#1521);
#979=LINE('',#8038,#1522);
#980=LINE('',#8039,#1523);
#981=LINE('',#8045,#1524);
#982=LINE('',#8047,#1525);
#983=LINE('',#8051,#1526);
#984=LINE('',#8054,#1527);
#985=LINE('',#8058,#1528);
#986=LINE('',#8062,#1529);
#987=LINE('',#8070,#1530);
#988=LINE('',#8071,#1531);
#989=LINE('',#8073,#1532);
#990=LINE('',#8075,#1533);
#991=LINE('',#8076,#1534);
#992=LINE('',#8078,#1535);
#993=LINE('',#8080,#1536);
#994=LINE('',#8082,#1537);
#995=LINE('',#8083,#1538);
#996=LINE('',#8086,#1539);
#997=LINE('',#8088,#1540);
#998=LINE('',#8089,#1541);
#999=LINE('',#8095,#1542);
#1000=LINE('',#8098,#1543);
#1001=LINE('',#8104,#1544);
#1002=LINE('',#8113,#1545);
#1003=LINE('',#8122,#1546);
#1004=LINE('',#8126,#1547);
#1005=LINE('',#8128,#1548);
#1006=LINE('',#8130,#1549);
#1007=LINE('',#8134,#1550);
#1008=LINE('',#8144,#1551);
#1009=LINE('',#8153,#1552);
#1010=LINE('',#8158,#1553);
#1011=LINE('',#8160,#1554);
#1012=LINE('',#8162,#1555);
#1013=LINE('',#8163,#1556);
#1014=LINE('',#8169,#1557);
#1015=LINE('',#8173,#1558);
#1016=LINE('',#8175,#1559);
#1017=LINE('',#8179,#1560);
#1018=LINE('',#8183,#1561);
#1019=LINE('',#8185,#1562);
#1020=LINE('',#8187,#1563);
#1021=LINE('',#8191,#1564);
#1022=LINE('',#8194,#1565);
#1023=LINE('',#8200,#1566);
#1024=LINE('',#8205,#1567);
#1025=LINE('',#8209,#1568);
#1026=LINE('',#8213,#1569);
#1027=LINE('',#8214,#1570);
#1028=LINE('',#8217,#1571);
#1029=LINE('',#8220,#1572);
#1030=LINE('',#8225,#1573);
#1031=LINE('',#8228,#1574);
#1032=LINE('',#8232,#1575);
#1033=LINE('',#8235,#1576);
#1034=LINE('',#8236,#1577);
#1035=LINE('',#8239,#1578);
#1036=LINE('',#8241,#1579);
#1037=LINE('',#8243,#1580);
#1038=LINE('',#8245,#1581);
#1039=LINE('',#8251,#1582);
#1040=LINE('',#8254,#1583);
#1041=LINE('',#8257,#1584);
#1042=LINE('',#8259,#1585);
#1043=LINE('',#8261,#1586);
#1044=LINE('',#8263,#1587);
#1045=LINE('',#8264,#1588);
#1046=LINE('',#8267,#1589);
#1047=LINE('',#8271,#1590);
#1048=LINE('',#8273,#1591);
#1049=LINE('',#8275,#1592);
#1050=LINE('',#8282,#1593);
#1051=LINE('',#8285,#1594);
#1052=LINE('',#8287,#1595);
#1053=LINE('',#8288,#1596);
#1054=LINE('',#8289,#1597);
#1055=LINE('',#8291,#1598);
#1056=LINE('',#8293,#1599);
#1057=LINE('',#8297,#1600);
#1058=LINE('',#8300,#1601);
#1059=LINE('',#8302,#1602);
#1060=LINE('',#8306,#1603);
#1061=LINE('',#8309,#1604);
#1062=LINE('',#8310,#1605);
#1063=LINE('',#8311,#1606);
#1064=LINE('',#8312,#1607);
#1065=LINE('',#8317,#1608);
#1066=LINE('',#8318,#1609);
#1067=LINE('',#8321,#1610);
#1068=LINE('',#8322,#1611);
#1069=LINE('',#8329,#1612);
#1070=LINE('',#8330,#1613);
#1071=LINE('',#8333,#1614);
#1072=LINE('',#8334,#1615);
#1073=LINE('',#8338,#1616);
#1074=LINE('',#8340,#1617);
#1075=LINE('',#8342,#1618);
#1076=LINE('',#8347,#1619);
#1077=LINE('',#8350,#1620);
#1078=LINE('',#8354,#1621);
#1079=LINE('',#8355,#1622);
#1080=LINE('',#8357,#1623);
#1081=LINE('',#8360,#1624);
#1082=LINE('',#8362,#1625);
#1083=LINE('',#8364,#1626);
#1084=LINE('',#8366,#1627);
#1085=LINE('',#8372,#1628);
#1086=LINE('',#8375,#1629);
#1087=LINE('',#8378,#1630);
#1088=LINE('',#8382,#1631);
#1089=LINE('',#8384,#1632);
#1090=LINE('',#8386,#1633);
#1091=LINE('',#8389,#1634);
#1092=LINE('',#8392,#1635);
#1093=LINE('',#8394,#1636);
#1094=LINE('',#8396,#1637);
#1095=LINE('',#8397,#1638);
#1096=LINE('',#8403,#1639);
#1097=LINE('',#8406,#1640);
#1098=LINE('',#8410,#1641);
#1099=LINE('',#8413,#1642);
#1100=LINE('',#8415,#1643);
#1101=LINE('',#8416,#1644);
#1102=LINE('',#8418,#1645);
#1103=LINE('',#8419,#1646);
#1104=LINE('',#8423,#1647);
#1105=LINE('',#8426,#1648);
#1106=LINE('',#8429,#1649);
#1107=LINE('',#8432,#1650);
#1108=LINE('',#8435,#1651);
#1109=LINE('',#8436,#1652);
#1110=LINE('',#8441,#1653);
#1111=LINE('',#8444,#1654);
#1112=LINE('',#8447,#1655);
#1113=LINE('',#8448,#1656);
#1114=LINE('',#8456,#1657);
#1115=LINE('',#8459,#1658);
#1116=LINE('',#8463,#1659);
#1117=LINE('',#8464,#1660);
#1118=LINE('',#8469,#1661);
#1119=LINE('',#8470,#1662);
#1120=LINE('',#8475,#1663);
#1121=LINE('',#8478,#1664);
#1122=LINE('',#8482,#1665);
#1123=LINE('',#8485,#1666);
#1124=LINE('',#8487,#1667);
#1125=LINE('',#8488,#1668);
#1126=LINE('',#8490,#1669);
#1127=LINE('',#8492,#1670);
#1128=LINE('',#8494,#1671);
#1129=LINE('',#8497,#1672);
#1130=LINE('',#8498,#1673);
#1131=LINE('',#8505,#1674);
#1132=LINE('',#8506,#1675);
#1133=LINE('',#8509,#1676);
#1134=LINE('',#8510,#1677);
#1135=LINE('',#8514,#1678);
#1136=LINE('',#8515,#1679);
#1137=LINE('',#8518,#1680);
#1138=LINE('',#8520,#1681);
#1139=LINE('',#8523,#1682);
#1140=LINE('',#8524,#1683);
#1141=LINE('',#8526,#1684);
#1142=LINE('',#8534,#1685);
#1143=LINE('',#8536,#1686);
#1144=LINE('',#8538,#1687);
#1145=LINE('',#8539,#1688);
#1146=LINE('',#8542,#1689);
#1147=LINE('',#8544,#1690);
#1148=LINE('',#8545,#1691);
#1149=LINE('',#8549,#1692);
#1150=LINE('',#8550,#1693);
#1151=LINE('',#8551,#1694);
#1152=LINE('',#8554,#1695);
#1153=LINE('',#8556,#1696);
#1154=LINE('',#8558,#1697);
#1155=LINE('',#8560,#1698);
#1156=LINE('',#8562,#1699);
#1157=LINE('',#8564,#1700);
#1158=LINE('',#8565,#1701);
#1159=LINE('',#8570,#1702);
#1160=LINE('',#8575,#1703);
#1161=LINE('',#8576,#1704);
#1162=LINE('',#8577,#1705);
#1163=LINE('',#8580,#1706);
#1164=LINE('',#8582,#1707);
#1165=LINE('',#8583,#1708);
#1166=LINE('',#8586,#1709);
#1167=LINE('',#8588,#1710);
#1168=LINE('',#8589,#1711);
#1169=LINE('',#8592,#1712);
#1170=LINE('',#8594,#1713);
#1171=LINE('',#8595,#1714);
#1172=LINE('',#8598,#1715);
#1173=LINE('',#8600,#1716);
#1174=LINE('',#8601,#1717);
#1175=LINE('',#8604,#1718);
#1176=LINE('',#8606,#1719);
#1177=LINE('',#8607,#1720);
#1178=LINE('',#8610,#1721);
#1179=LINE('',#8612,#1722);
#1180=LINE('',#8613,#1723);
#1181=LINE('',#8616,#1724);
#1182=LINE('',#8617,#1725);
#1183=LINE('',#8618,#1726);
#1184=LINE('',#8621,#1727);
#1185=LINE('',#8622,#1728);
#1186=LINE('',#8625,#1729);
#1187=LINE('',#8626,#1730);
#1188=LINE('',#8629,#1731);
#1189=LINE('',#8630,#1732);
#1190=LINE('',#8632,#1733);
#1191=LINE('',#8638,#1734);
#1192=LINE('',#8640,#1735);
#1193=LINE('',#8642,#1736);
#1194=LINE('',#8643,#1737);
#1195=LINE('',#8647,#1738);
#1196=LINE('',#8649,#1739);
#1197=LINE('',#8651,#1740);
#1198=LINE('',#8652,#1741);
#1199=LINE('',#8655,#1742);
#1200=LINE('',#8657,#1743);
#1201=LINE('',#8658,#1744);
#1202=LINE('',#8661,#1745);
#1203=LINE('',#8663,#1746);
#1204=LINE('',#8664,#1747);
#1205=LINE('',#8667,#1748);
#1206=LINE('',#8669,#1749);
#1207=LINE('',#8670,#1750);
#1208=LINE('',#8672,#1751);
#1209=LINE('',#8673,#1752);
#1210=LINE('',#8677,#1753);
#1211=LINE('',#8678,#1754);
#1212=LINE('',#8679,#1755);
#1213=LINE('',#8682,#1756);
#1214=LINE('',#8686,#1757);
#1215=LINE('',#8688,#1758);
#1216=LINE('',#8690,#1759);
#1217=LINE('',#8693,#1760);
#1218=LINE('',#8697,#1761);
#1219=LINE('',#8699,#1762);
#1220=LINE('',#8701,#1763);
#1221=LINE('',#8702,#1764);
#1222=LINE('',#8705,#1765);
#1223=LINE('',#8707,#1766);
#1224=LINE('',#8709,#1767);
#1225=LINE('',#8715,#1768);
#1226=LINE('',#8719,#1769);
#1227=LINE('',#8725,#1770);
#1228=LINE('',#8727,#1771);
#1229=LINE('',#8728,#1772);
#1230=LINE('',#8733,#1773);
#1231=LINE('',#8736,#1774);
#1232=LINE('',#8738,#1775);
#1233=LINE('',#8740,#1776);
#1234=LINE('',#8741,#1777);
#1235=LINE('',#8744,#1778);
#1236=LINE('',#8746,#1779);
#1237=LINE('',#8747,#1780);
#1238=LINE('',#8750,#1781);
#1239=LINE('',#8752,#1782);
#1240=LINE('',#8754,#1783);
#1241=LINE('',#8756,#1784);
#1242=LINE('',#8762,#1785);
#1243=LINE('',#8766,#1786);
#1244=LINE('',#8772,#1787);
#1245=LINE('',#8773,#1788);
#1246=LINE('',#8774,#1789);
#1247=LINE('',#8775,#1790);
#1248=LINE('',#8780,#1791);
#1249=LINE('',#8783,#1792);
#1250=LINE('',#8786,#1793);
#1251=LINE('',#8787,#1794);
#1252=LINE('',#8789,#1795);
#1253=LINE('',#8790,#1796);
#1254=LINE('',#8792,#1797);
#1255=LINE('',#8794,#1798);
#1256=LINE('',#8796,#1799);
#1257=LINE('',#8798,#1800);
#1258=LINE('',#8800,#1801);
#1259=LINE('',#8801,#1802);
#1260=LINE('',#8803,#1803);
#1261=LINE('',#8805,#1804);
#1262=LINE('',#8809,#1805);
#1263=LINE('',#8811,#1806);
#1264=LINE('',#8813,#1807);
#1265=LINE('',#8818,#1808);
#1266=LINE('',#8821,#1809);
#1267=LINE('',#8825,#1810);
#1268=LINE('',#8827,#1811);
#1269=LINE('',#8834,#1812);
#1270=LINE('',#8837,#1813);
#1271=LINE('',#8843,#1814);
#1272=LINE('',#8846,#1815);
#1273=LINE('',#8852,#1816);
#1274=LINE('',#8855,#1817);
#1275=LINE('',#8857,#1818);
#1276=LINE('',#8858,#1819);
#1277=LINE('',#8861,#1820);
#1278=LINE('',#8863,#1821);
#1279=LINE('',#8865,#1822);
#1280=LINE('',#8867,#1823);
#1281=LINE('',#8869,#1824);
#1282=LINE('',#8871,#1825);
#1283=LINE('',#8872,#1826);
#1284=LINE('',#8876,#1827);
#1285=LINE('',#8882,#1828);
#1286=LINE('',#8885,#1829);
#1287=LINE('',#8888,#1830);
#1288=LINE('',#8890,#1831);
#1289=LINE('',#8892,#1832);
#1290=LINE('',#8893,#1833);
#1291=LINE('',#8897,#1834);
#1292=LINE('',#8900,#1835);
#1293=LINE('',#8901,#1836);
#1294=LINE('',#8904,#1837);
#1295=LINE('',#8906,#1838);
#1296=LINE('',#8907,#1839);
#1297=LINE('',#8911,#1840);
#1298=LINE('',#8914,#1841);
#1299=LINE('',#8915,#1842);
#1300=LINE('',#8922,#1843);
#1301=LINE('',#8923,#1844);
#1302=LINE('',#8926,#1845);
#1303=LINE('',#8927,#1846);
#1304=LINE('',#8930,#1847);
#1305=LINE('',#8931,#1848);
#1306=LINE('',#8934,#1849);
#1307=LINE('',#8935,#1850);
#1308=LINE('',#8939,#1851);
#1309=LINE('',#8940,#1852);
#1310=LINE('',#8941,#1853);
#1311=LINE('',#8944,#1854);
#1312=LINE('',#8945,#1855);
#1313=LINE('',#8948,#1856);
#1314=LINE('',#8949,#1857);
#1315=LINE('',#8951,#1858);
#1316=LINE('',#8954,#1859);
#1317=LINE('',#8956,#1860);
#1318=LINE('',#8957,#1861);
#1319=LINE('',#8959,#1862);
#1320=LINE('',#8961,#1863);
#1321=VECTOR('',#5240,10.);
#1322=VECTOR('',#5241,10.);
#1323=VECTOR('',#5242,10.);
#1324=VECTOR('',#5243,10.);
#1325=VECTOR('',#5246,10.);
#1326=VECTOR('',#5247,10.);
#1327=VECTOR('',#5248,10.);
#1328=VECTOR('',#5251,10.);
#1329=VECTOR('',#5252,10.);
#1330=VECTOR('',#5253,10.);
#1331=VECTOR('',#5256,10.);
#1332=VECTOR('',#5259,10.);
#1333=VECTOR('',#5260,10.);
#1334=VECTOR('',#5261,10.);
#1335=VECTOR('',#5262,10.);
#1336=VECTOR('',#5265,10.);
#1337=VECTOR('',#5266,10.);
#1338=VECTOR('',#5267,10.);
#1339=VECTOR('',#5270,10.);
#1340=VECTOR('',#5271,10.);
#1341=VECTOR('',#5272,10.);
#1342=VECTOR('',#5275,10.);
#1343=VECTOR('',#5278,10.);
#1344=VECTOR('',#5279,10.);
#1345=VECTOR('',#5280,10.);
#1346=VECTOR('',#5281,10.);
#1347=VECTOR('',#5284,10.);
#1348=VECTOR('',#5285,10.);
#1349=VECTOR('',#5286,10.);
#1350=VECTOR('',#5289,10.);
#1351=VECTOR('',#5290,10.);
#1352=VECTOR('',#5291,10.);
#1353=VECTOR('',#5294,10.);
#1354=VECTOR('',#5297,10.);
#1355=VECTOR('',#5298,10.);
#1356=VECTOR('',#5299,10.);
#1357=VECTOR('',#5300,10.);
#1358=VECTOR('',#5303,10.);
#1359=VECTOR('',#5304,10.);
#1360=VECTOR('',#5305,10.);
#1361=VECTOR('',#5308,10.);
#1362=VECTOR('',#5309,10.);
#1363=VECTOR('',#5310,10.);
#1364=VECTOR('',#5313,10.);
#1365=VECTOR('',#5318,1.8);
#1366=VECTOR('',#5323,10.);
#1367=VECTOR('',#5324,10.);
#1368=VECTOR('',#5325,10.);
#1369=VECTOR('',#5326,10.);
#1370=VECTOR('',#5329,10.);
#1371=VECTOR('',#5330,10.);
#1372=VECTOR('',#5331,10.);
#1373=VECTOR('',#5334,10.);
#1374=VECTOR('',#5335,10.);
#1375=VECTOR('',#5336,10.);
#1376=VECTOR('',#5339,10.);
#1377=VECTOR('',#5340,10.);
#1378=VECTOR('',#5341,10.);
#1379=VECTOR('',#5342,10.);
#1380=VECTOR('',#5343,10.);
#1381=VECTOR('',#5346,10.);
#1382=VECTOR('',#5347,10.);
#1383=VECTOR('',#5350,10.);
#1384=VECTOR('',#5351,10.);
#1385=VECTOR('',#5352,10.);
#1386=VECTOR('',#5353,10.);
#1387=VECTOR('',#5354,10.);
#1388=VECTOR('',#5355,10.);
#1389=VECTOR('',#5356,10.);
#1390=VECTOR('',#5357,10.);
#1391=VECTOR('',#5360,10.);
#1392=VECTOR('',#5361,10.);
#1393=VECTOR('',#5364,10.);
#1394=VECTOR('',#5369,10.);
#1395=VECTOR('',#5370,10.);
#1396=VECTOR('',#5371,10.);
#1397=VECTOR('',#5372,10.);
#1398=VECTOR('',#5375,10.);
#1399=VECTOR('',#5376,10.);
#1400=VECTOR('',#5377,10.);
#1401=VECTOR('',#5378,10.);
#1402=VECTOR('',#5381,10.);
#1403=VECTOR('',#5382,10.);
#1404=VECTOR('',#5383,10.);
#1405=VECTOR('',#5384,10.);
#1406=VECTOR('',#5387,10.);
#1407=VECTOR('',#5388,10.);
#1408=VECTOR('',#5389,10.);
#1409=VECTOR('',#5390,10.);
#1410=VECTOR('',#5391,10.);
#1411=VECTOR('',#5392,10.);
#1412=VECTOR('',#5393,10.);
#1413=VECTOR('',#5394,10.);
#1414=VECTOR('',#5395,10.);
#1415=VECTOR('',#5398,10.);
#1416=VECTOR('',#5399,10.);
#1417=VECTOR('',#5400,10.);
#1418=VECTOR('',#5401,10.);
#1419=VECTOR('',#5402,10.);
#1420=VECTOR('',#5405,10.);
#1421=VECTOR('',#5406,10.);
#1422=VECTOR('',#5407,10.);
#1423=VECTOR('',#5410,10.);
#1424=VECTOR('',#5411,10.);
#1425=VECTOR('',#5412,10.);
#1426=VECTOR('',#5415,10.);
#1427=VECTOR('',#5416,10.);
#1428=VECTOR('',#5419,10.);
#1429=VECTOR('',#5420,10.);
#1430=VECTOR('',#5423,10.);
#1431=VECTOR('',#5424,10.);
#1432=VECTOR('',#5427,10.);
#1433=VECTOR('',#5428,10.);
#1434=VECTOR('',#5431,10.);
#1435=VECTOR('',#5434,10.);
#1436=VECTOR('',#5435,10.);
#1437=VECTOR('',#5436,10.);
#1438=VECTOR('',#5437,10.);
#1439=VECTOR('',#5438,10.);
#1440=VECTOR('',#5439,10.);
#1441=VECTOR('',#5440,10.);
#1442=VECTOR('',#5441,10.);
#1443=VECTOR('',#5442,10.);
#1444=VECTOR('',#5445,10.);
#1445=VECTOR('',#5446,10.);
#1446=VECTOR('',#5447,10.);
#1447=VECTOR('',#5450,10.);
#1448=VECTOR('',#5451,10.);
#1449=VECTOR('',#5452,10.);
#1450=VECTOR('',#5453,10.);
#1451=VECTOR('',#5456,10.);
#1452=VECTOR('',#5457,10.);
#1453=VECTOR('',#5458,10.);
#1454=VECTOR('',#5461,10.);
#1455=VECTOR('',#5462,10.);
#1456=VECTOR('',#5463,10.);
#1457=VECTOR('',#5466,10.);
#1458=VECTOR('',#5467,10.);
#1459=VECTOR('',#5468,10.);
#1460=VECTOR('',#5471,10.);
#1461=VECTOR('',#5472,10.);
#1462=VECTOR('',#5473,10.);
#1463=VECTOR('',#5474,10.);
#1464=VECTOR('',#5477,10.);
#1465=VECTOR('',#5478,10.);
#1466=VECTOR('',#5479,10.);
#1467=VECTOR('',#5480,10.);
#1468=VECTOR('',#5483,10.);
#1469=VECTOR('',#5484,10.);
#1470=VECTOR('',#5485,10.);
#1471=VECTOR('',#5486,10.);
#1472=VECTOR('',#5489,10.);
#1473=VECTOR('',#5492,10.);
#1474=VECTOR('',#5493,10.);
#1475=VECTOR('',#5496,10.);
#1476=VECTOR('',#5497,10.);
#1477=VECTOR('',#5500,10.);
#1478=VECTOR('',#5505,2.65);
#1479=VECTOR('',#5506,2.65);
#1480=VECTOR('',#5509,10.);
#1481=VECTOR('',#5512,2.65);
#1482=VECTOR('',#5515,2.65);
#1483=VECTOR('',#5518,2.65);
#1484=VECTOR('',#5521,2.65);
#1485=VECTOR('',#5528,2.65);
#1486=VECTOR('',#5529,2.65);
#1487=VECTOR('',#5534,1.925);
#1488=VECTOR('',#5545,1.8);
#1489=VECTOR('',#5550,2.525);
#1490=VECTOR('',#5553,10.);
#1491=VECTOR('',#5554,10.);
#1492=VECTOR('',#5559,10.);
#1493=VECTOR('',#5560,10.);
#1494=VECTOR('',#5561,10.);
#1495=VECTOR('',#5562,10.);
#1496=VECTOR('',#5565,10.);
#1497=VECTOR('',#5566,10.);
#1498=VECTOR('',#5567,10.);
#1499=VECTOR('',#5570,10.);
#1500=VECTOR('',#5571,10.);
#1501=VECTOR('',#5572,10.);
#1502=VECTOR('',#5575,10.);
#1503=VECTOR('',#5576,10.);
#1504=VECTOR('',#5585,10.);
#1505=VECTOR('',#5588,10.);
#1506=VECTOR('',#5591,10.);
#1507=VECTOR('',#5592,10.);
#1508=VECTOR('',#5593,10.);
#1509=VECTOR('',#5594,10.);
#1510=VECTOR('',#5595,10.);
#1511=VECTOR('',#5596,10.);
#1512=VECTOR('',#5599,10.);
#1513=VECTOR('',#5600,10.);
#1514=VECTOR('',#5601,10.);
#1515=VECTOR('',#5602,10.);
#1516=VECTOR('',#5603,10.);
#1517=VECTOR('',#5610,10.);
#1518=VECTOR('',#5623,10.);
#1519=VECTOR('',#5626,10.);
#1520=VECTOR('',#5627,10.);
#1521=VECTOR('',#5628,10.);
#1522=VECTOR('',#5629,10.);
#1523=VECTOR('',#5630,10.);
#1524=VECTOR('',#5637,10.);
#1525=VECTOR('',#5640,10.);
#1526=VECTOR('',#5645,10.);
#1527=VECTOR('',#5648,10.);
#1528=VECTOR('',#5653,10.);
#1529=VECTOR('',#5658,10.);
#1530=VECTOR('',#5665,10.);
#1531=VECTOR('',#5666,10.);
#1532=VECTOR('',#5667,10.);
#1533=VECTOR('',#5668,10.);
#1534=VECTOR('',#5669,10.);
#1535=VECTOR('',#5672,10.);
#1536=VECTOR('',#5675,10.);
#1537=VECTOR('',#5678,10.);
#1538=VECTOR('',#5679,10.);
#1539=VECTOR('',#5682,10.);
#1540=VECTOR('',#5683,10.);
#1541=VECTOR('',#5684,10.);
#1542=VECTOR('',#5689,0.75);
#1543=VECTOR('',#5692,10.);
#1544=VECTOR('',#5697,10.);
#1545=VECTOR('',#5700,10.);
#1546=VECTOR('',#5705,10.);
#1547=VECTOR('',#5708,10.);
#1548=VECTOR('',#5709,10.);
#1549=VECTOR('',#5710,10.);
#1550=VECTOR('',#5713,10.);
#1551=VECTOR('',#5718,10.);
#1552=VECTOR('',#5721,10.);
#1553=VECTOR('',#5726,10.);
#1554=VECTOR('',#5727,10.);
#1555=VECTOR('',#5728,10.);
#1556=VECTOR('',#5729,10.);
#1557=VECTOR('',#5736,10.);
#1558=VECTOR('',#5739,10.);
#1559=VECTOR('',#5740,10.);
#1560=VECTOR('',#5743,10.);
#1561=VECTOR('',#5746,10.);
#1562=VECTOR('',#5747,10.);
#1563=VECTOR('',#5748,10.);
#1564=VECTOR('',#5751,10.);
#1565=VECTOR('',#5754,10.);
#1566=VECTOR('',#5761,10.);
#1567=VECTOR('',#5766,10.);
#1568=VECTOR('',#5771,10.);
#1569=VECTOR('',#5774,10.);
#1570=VECTOR('',#5775,10.);
#1571=VECTOR('',#5778,10.);
#1572=VECTOR('',#5781,10.);
#1573=VECTOR('',#5786,10.);
#1574=VECTOR('',#5789,10.);
#1575=VECTOR('',#5792,10.);
#1576=VECTOR('',#5797,10.);
#1577=VECTOR('',#5798,10.);
#1578=VECTOR('',#5803,10.);
#1579=VECTOR('',#5806,10.);
#1580=VECTOR('',#5809,10.);
#1581=VECTOR('',#5812,10.);
#1582=VECTOR('',#5817,10.);
#1583=VECTOR('',#5820,10.);
#1584=VECTOR('',#5823,10.);
#1585=VECTOR('',#5824,10.);
#1586=VECTOR('',#5825,10.);
#1587=VECTOR('',#5826,10.);
#1588=VECTOR('',#5827,10.);
#1589=VECTOR('',#5830,10.);
#1590=VECTOR('',#5833,10.);
#1591=VECTOR('',#5834,10.);
#1592=VECTOR('',#5835,10.);
#1593=VECTOR('',#5842,10.);
#1594=VECTOR('',#5845,10.);
#1595=VECTOR('',#5848,10.);
#1596=VECTOR('',#5849,10.);
#1597=VECTOR('',#5850,10.);
#1598=VECTOR('',#5853,10.);
#1599=VECTOR('',#5854,10.);
#1600=VECTOR('',#5857,10.);
#1601=VECTOR('',#5860,10.);
#1602=VECTOR('',#5861,10.);
#1603=VECTOR('',#5864,10.);
#1604=VECTOR('',#5867,10.);
#1605=VECTOR('',#5868,10.);
#1606=VECTOR('',#5869,10.);
#1607=VECTOR('',#5870,10.);
#1608=VECTOR('',#5875,10.);
#1609=VECTOR('',#5876,10.);
#1610=VECTOR('',#5879,10.);
#1611=VECTOR('',#5880,10.);
#1612=VECTOR('',#5889,10.);
#1613=VECTOR('',#5890,10.);
#1614=VECTOR('',#5893,10.);
#1615=VECTOR('',#5894,10.);
#1616=VECTOR('',#5899,10.);
#1617=VECTOR('',#5902,10.);
#1618=VECTOR('',#5905,10.);
#1619=VECTOR('',#5912,10.);
#1620=VECTOR('',#5915,10.);
#1621=VECTOR('',#5920,10.);
#1622=VECTOR('',#5921,10.);
#1623=VECTOR('',#5924,10.);
#1624=VECTOR('',#5929,10.);
#1625=VECTOR('',#5932,10.);
#1626=VECTOR('',#5935,10.);
#1627=VECTOR('',#5938,10.);
#1628=VECTOR('',#5943,10.);
#1629=VECTOR('',#5946,10.);
#1630=VECTOR('',#5949,10.);
#1631=VECTOR('',#5952,10.);
#1632=VECTOR('',#5953,10.);
#1633=VECTOR('',#5954,10.);
#1634=VECTOR('',#5957,10.);
#1635=VECTOR('',#5960,10.);
#1636=VECTOR('',#5961,10.);
#1637=VECTOR('',#5962,10.);
#1638=VECTOR('',#5963,10.);
#1639=VECTOR('',#5970,10.);
#1640=VECTOR('',#5973,10.);
#1641=VECTOR('',#5976,10.);
#1642=VECTOR('',#5979,10.);
#1643=VECTOR('',#5980,10.);
#1644=VECTOR('',#5981,10.);
#1645=VECTOR('',#5982,10.);
#1646=VECTOR('',#5983,10.);
#1647=VECTOR('',#5986,10.);
#1648=VECTOR('',#5989,10.);
#1649=VECTOR('',#5992,10.);
#1650=VECTOR('',#5995,10.);
#1651=VECTOR('',#5998,10.);
#1652=VECTOR('',#5999,10.);
#1653=VECTOR('',#6006,10.);
#1654=VECTOR('',#6009,10.);
#1655=VECTOR('',#6012,10.);
#1656=VECTOR('',#6013,10.);
#1657=VECTOR('',#6024,10.);
#1658=VECTOR('',#6027,10.);
#1659=VECTOR('',#6030,10.);
#1660=VECTOR('',#6031,10.);
#1661=VECTOR('',#6036,10.);
#1662=VECTOR('',#6037,10.);
#1663=VECTOR('',#6042,10.);
#1664=VECTOR('',#6045,10.);
#1665=VECTOR('',#6048,10.);
#1666=VECTOR('',#6051,10.);
#1667=VECTOR('',#6054,10.);
#1668=VECTOR('',#6055,10.);
#1669=VECTOR('',#6058,10.);
#1670=VECTOR('',#6061,10.);
#1671=VECTOR('',#6064,10.);
#1672=VECTOR('',#6069,10.);
#1673=VECTOR('',#6070,10.);
#1674=VECTOR('',#6079,10.);
#1675=VECTOR('',#6080,10.);
#1676=VECTOR('',#6083,10.);
#1677=VECTOR('',#6084,10.);
#1678=VECTOR('',#6091,10.);
#1679=VECTOR('',#6092,10.);
#1680=VECTOR('',#6097,10.);
#1681=VECTOR('',#6100,10.);
#1682=VECTOR('',#6103,10.);
#1683=VECTOR('',#6104,10.);
#1684=VECTOR('',#6107,10.);
#1685=VECTOR('',#6118,10.);
#1686=VECTOR('',#6119,10.);
#1687=VECTOR('',#6120,10.);
#1688=VECTOR('',#6121,10.);
#1689=VECTOR('',#6124,10.);
#1690=VECTOR('',#6125,10.);
#1691=VECTOR('',#6126,10.);
#1692=VECTOR('',#6129,10.);
#1693=VECTOR('',#6130,10.);
#1694=VECTOR('',#6131,10.);
#1695=VECTOR('',#6134,10.);
#1696=VECTOR('',#6135,10.);
#1697=VECTOR('',#6136,10.);
#1698=VECTOR('',#6137,10.);
#1699=VECTOR('',#6138,10.);
#1700=VECTOR('',#6139,10.);
#1701=VECTOR('',#6140,10.);
#1702=VECTOR('',#6145,1.8);
#1703=VECTOR('',#6150,10.);
#1704=VECTOR('',#6151,10.);
#1705=VECTOR('',#6152,10.);
#1706=VECTOR('',#6155,10.);
#1707=VECTOR('',#6156,10.);
#1708=VECTOR('',#6157,10.);
#1709=VECTOR('',#6160,10.);
#1710=VECTOR('',#6161,10.);
#1711=VECTOR('',#6162,10.);
#1712=VECTOR('',#6165,10.);
#1713=VECTOR('',#6166,10.);
#1714=VECTOR('',#6167,10.);
#1715=VECTOR('',#6170,10.);
#1716=VECTOR('',#6171,10.);
#1717=VECTOR('',#6172,10.);
#1718=VECTOR('',#6175,10.);
#1719=VECTOR('',#6176,10.);
#1720=VECTOR('',#6177,10.);
#1721=VECTOR('',#6180,10.);
#1722=VECTOR('',#6181,10.);
#1723=VECTOR('',#6182,10.);
#1724=VECTOR('',#6185,10.);
#1725=VECTOR('',#6186,10.);
#1726=VECTOR('',#6187,10.);
#1727=VECTOR('',#6190,10.);
#1728=VECTOR('',#6191,10.);
#1729=VECTOR('',#6194,10.);
#1730=VECTOR('',#6195,10.);
#1731=VECTOR('',#6198,10.);
#1732=VECTOR('',#6199,10.);
#1733=VECTOR('',#6202,10.);
#1734=VECTOR('',#6209,10.);
#1735=VECTOR('',#6210,10.);
#1736=VECTOR('',#6211,10.);
#1737=VECTOR('',#6212,10.);
#1738=VECTOR('',#6215,10.);
#1739=VECTOR('',#6216,10.);
#1740=VECTOR('',#6217,10.);
#1741=VECTOR('',#6218,10.);
#1742=VECTOR('',#6221,10.);
#1743=VECTOR('',#6222,10.);
#1744=VECTOR('',#6223,10.);
#1745=VECTOR('',#6226,10.);
#1746=VECTOR('',#6227,10.);
#1747=VECTOR('',#6228,10.);
#1748=VECTOR('',#6231,10.);
#1749=VECTOR('',#6232,10.);
#1750=VECTOR('',#6233,10.);
#1751=VECTOR('',#6236,10.);
#1752=VECTOR('',#6237,10.);
#1753=VECTOR('',#6240,10.);
#1754=VECTOR('',#6241,10.);
#1755=VECTOR('',#6242,10.);
#1756=VECTOR('',#6245,10.);
#1757=VECTOR('',#6248,10.);
#1758=VECTOR('',#6249,10.);
#1759=VECTOR('',#6250,10.);
#1760=VECTOR('',#6253,10.);
#1761=VECTOR('',#6256,10.);
#1762=VECTOR('',#6257,10.);
#1763=VECTOR('',#6258,10.);
#1764=VECTOR('',#6259,10.);
#1765=VECTOR('',#6262,10.);
#1766=VECTOR('',#6263,10.);
#1767=VECTOR('',#6264,10.);
#1768=VECTOR('',#6269,10.);
#1769=VECTOR('',#6272,10.);
#1770=VECTOR('',#6277,10.);
#1771=VECTOR('',#6278,10.);
#1772=VECTOR('',#6279,10.);
#1773=VECTOR('',#6282,10.);
#1774=VECTOR('',#6285,10.);
#1775=VECTOR('',#6286,10.);
#1776=VECTOR('',#6287,10.);
#1777=VECTOR('',#6288,10.);
#1778=VECTOR('',#6291,10.);
#1779=VECTOR('',#6292,10.);
#1780=VECTOR('',#6293,10.);
#1781=VECTOR('',#6296,10.);
#1782=VECTOR('',#6297,10.);
#1783=VECTOR('',#6298,10.);
#1784=VECTOR('',#6299,10.);
#1785=VECTOR('',#6304,10.);
#1786=VECTOR('',#6307,10.);
#1787=VECTOR('',#6312,10.);
#1788=VECTOR('',#6313,10.);
#1789=VECTOR('',#6314,10.);
#1790=VECTOR('',#6315,10.);
#1791=VECTOR('',#6318,10.);
#1792=VECTOR('',#6321,10.);
#1793=VECTOR('',#6326,10.);
#1794=VECTOR('',#6327,10.);
#1795=VECTOR('',#6330,10.);
#1796=VECTOR('',#6331,10.);
#1797=VECTOR('',#6334,10.);
#1798=VECTOR('',#6337,10.);
#1799=VECTOR('',#6340,10.);
#1800=VECTOR('',#6343,10.);
#1801=VECTOR('',#6346,10.);
#1802=VECTOR('',#6347,10.);
#1803=VECTOR('',#6350,10.);
#1804=VECTOR('',#6353,10.);
#1805=VECTOR('',#6360,10.);
#1806=VECTOR('',#6363,10.);
#1807=VECTOR('',#6366,10.);
#1808=VECTOR('',#6373,10.);
#1809=VECTOR('',#6378,10.);
#1810=VECTOR('',#6383,10.);
#1811=VECTOR('',#6386,10.);
#1812=VECTOR('',#6393,10.);
#1813=VECTOR('',#6396,10.);
#1814=VECTOR('',#6401,10.);
#1815=VECTOR('',#6404,10.);
#1816=VECTOR('',#6411,10.);
#1817=VECTOR('',#6414,10.);
#1818=VECTOR('',#6415,10.);
#1819=VECTOR('',#6416,10.);
#1820=VECTOR('',#6419,10.);
#1821=VECTOR('',#6420,10.);
#1822=VECTOR('',#6421,10.);
#1823=VECTOR('',#6422,10.);
#1824=VECTOR('',#6423,10.);
#1825=VECTOR('',#6424,10.);
#1826=VECTOR('',#6425,10.);
#1827=VECTOR('',#6428,10.);
#1828=VECTOR('',#6433,10.);
#1829=VECTOR('',#6436,10.);
#1830=VECTOR('',#6437,10.);
#1831=VECTOR('',#6438,10.);
#1832=VECTOR('',#6439,10.);
#1833=VECTOR('',#6440,10.);
#1834=VECTOR('',#6445,10.);
#1835=VECTOR('',#6448,10.);
#1836=VECTOR('',#6449,10.);
#1837=VECTOR('',#6452,10.);
#1838=VECTOR('',#6453,10.);
#1839=VECTOR('',#6454,10.);
#1840=VECTOR('',#6459,10.);
#1841=VECTOR('',#6462,10.);
#1842=VECTOR('',#6463,10.);
#1843=VECTOR('',#6474,10.);
#1844=VECTOR('',#6475,10.);
#1845=VECTOR('',#6478,10.);
#1846=VECTOR('',#6479,10.);
#1847=VECTOR('',#6482,10.);
#1848=VECTOR('',#6483,10.);
#1849=VECTOR('',#6486,10.);
#1850=VECTOR('',#6487,10.);
#1851=VECTOR('',#6490,10.);
#1852=VECTOR('',#6491,10.);
#1853=VECTOR('',#6492,10.);
#1854=VECTOR('',#6495,10.);
#1855=VECTOR('',#6496,10.);
#1856=VECTOR('',#6499,10.);
#1857=VECTOR('',#6500,10.);
#1858=VECTOR('',#6503,10.);
#1859=VECTOR('',#6506,10.);
#1860=VECTOR('',#6507,10.);
#1861=VECTOR('',#6508,10.);
#1862=VECTOR('',#6511,10.);
#1863=VECTOR('',#6514,10.);
#1864=VERTEX_POINT('',#6519);
#1865=VERTEX_POINT('',#6520);
#1866=VERTEX_POINT('',#6522);
#1867=VERTEX_POINT('',#6524);
#1868=VERTEX_POINT('',#6528);
#1869=VERTEX_POINT('',#6530);
#1870=VERTEX_POINT('',#6534);
#1871=VERTEX_POINT('',#6536);
#1872=VERTEX_POINT('',#6542);
#1873=VERTEX_POINT('',#6543);
#1874=VERTEX_POINT('',#6545);
#1875=VERTEX_POINT('',#6547);
#1876=VERTEX_POINT('',#6551);
#1877=VERTEX_POINT('',#6553);
#1878=VERTEX_POINT('',#6557);
#1879=VERTEX_POINT('',#6559);
#1880=VERTEX_POINT('',#6565);
#1881=VERTEX_POINT('',#6566);
#1882=VERTEX_POINT('',#6568);
#1883=VERTEX_POINT('',#6570);
#1884=VERTEX_POINT('',#6574);
#1885=VERTEX_POINT('',#6576);
#1886=VERTEX_POINT('',#6580);
#1887=VERTEX_POINT('',#6582);
#1888=VERTEX_POINT('',#6588);
#1889=VERTEX_POINT('',#6589);
#1890=VERTEX_POINT('',#6591);
#1891=VERTEX_POINT('',#6593);
#1892=VERTEX_POINT('',#6597);
#1893=VERTEX_POINT('',#6599);
#1894=VERTEX_POINT('',#6603);
#1895=VERTEX_POINT('',#6605);
#1896=VERTEX_POINT('',#6611);
#1897=VERTEX_POINT('',#6613);
#1898=VERTEX_POINT('',#6617);
#1899=VERTEX_POINT('',#6618);
#1900=VERTEX_POINT('',#6620);
#1901=VERTEX_POINT('',#6622);
#1902=VERTEX_POINT('',#6626);
#1903=VERTEX_POINT('',#6628);
#1904=VERTEX_POINT('',#6632);
#1905=VERTEX_POINT('',#6634);
#1906=VERTEX_POINT('',#6638);
#1907=VERTEX_POINT('',#6640);
#1908=VERTEX_POINT('',#6642);
#1909=VERTEX_POINT('',#6644);
#1910=VERTEX_POINT('',#6648);
#1911=VERTEX_POINT('',#6652);
#1912=VERTEX_POINT('',#6654);
#1913=VERTEX_POINT('',#6656);
#1914=VERTEX_POINT('',#6658);
#1915=VERTEX_POINT('',#6660);
#1916=VERTEX_POINT('',#6662);
#1917=VERTEX_POINT('',#6664);
#1918=VERTEX_POINT('',#6674);
#1919=VERTEX_POINT('',#6675);
#1920=VERTEX_POINT('',#6677);
#1921=VERTEX_POINT('',#6679);
#1922=VERTEX_POINT('',#6683);
#1923=VERTEX_POINT('',#6685);
#1924=VERTEX_POINT('',#6690);
#1925=VERTEX_POINT('',#6693);
#1926=VERTEX_POINT('',#6697);
#1927=VERTEX_POINT('',#6699);
#1928=VERTEX_POINT('',#6701);
#1929=VERTEX_POINT('',#6703);
#1930=VERTEX_POINT('',#6705);
#1931=VERTEX_POINT('',#6707);
#1932=VERTEX_POINT('',#6709);
#1933=VERTEX_POINT('',#6711);
#1934=VERTEX_POINT('',#6715);
#1935=VERTEX_POINT('',#6717);
#1936=VERTEX_POINT('',#6719);
#1937=VERTEX_POINT('',#6721);
#1938=VERTEX_POINT('',#6725);
#1939=VERTEX_POINT('',#6726);
#1940=VERTEX_POINT('',#6731);
#1941=VERTEX_POINT('',#6732);
#1942=VERTEX_POINT('',#6737);
#1943=VERTEX_POINT('',#6741);
#1944=VERTEX_POINT('',#6745);
#1945=VERTEX_POINT('',#6749);
#1946=VERTEX_POINT('',#6755);
#1947=VERTEX_POINT('',#6757);
#1948=VERTEX_POINT('',#6759);
#1949=VERTEX_POINT('',#6761);
#1950=VERTEX_POINT('',#6763);
#1951=VERTEX_POINT('',#6765);
#1952=VERTEX_POINT('',#6767);
#1953=VERTEX_POINT('',#6769);
#1954=VERTEX_POINT('',#6773);
#1955=VERTEX_POINT('',#6774);
#1956=VERTEX_POINT('',#6779);
#1957=VERTEX_POINT('',#6781);
#1958=VERTEX_POINT('',#6783);
#1959=VERTEX_POINT('',#6787);
#1960=VERTEX_POINT('',#6789);
#1961=VERTEX_POINT('',#6793);
#1962=VERTEX_POINT('',#6798);
#1963=VERTEX_POINT('',#6800);
#1964=VERTEX_POINT('',#6804);
#1965=VERTEX_POINT('',#6807);
#1966=VERTEX_POINT('',#6812);
#1967=VERTEX_POINT('',#6818);
#1968=VERTEX_POINT('',#6825);
#1969=VERTEX_POINT('',#6829);
#1970=VERTEX_POINT('',#6836);
#1971=VERTEX_POINT('',#6837);
#1972=VERTEX_POINT('',#6839);
#1973=VERTEX_POINT('',#6858);
#1974=VERTEX_POINT('',#6863);
#1975=VERTEX_POINT('',#6864);
#1976=VERTEX_POINT('',#6902);
#1977=VERTEX_POINT('',#6903);
#1978=VERTEX_POINT('',#6940);
#1979=VERTEX_POINT('',#6941);
#1980=VERTEX_POINT('',#6974);
#1981=VERTEX_POINT('',#6975);
#1982=VERTEX_POINT('',#7005);
#1983=VERTEX_POINT('',#7006);
#1984=VERTEX_POINT('',#7009);
#1985=VERTEX_POINT('',#7011);
#1986=VERTEX_POINT('',#7025);
#1987=VERTEX_POINT('',#7032);
#1988=VERTEX_POINT('',#7039);
#1989=VERTEX_POINT('',#7046);
#1990=VERTEX_POINT('',#7060);
#1991=VERTEX_POINT('',#7078);
#1992=VERTEX_POINT('',#7080);
#1993=VERTEX_POINT('',#7082);
#1994=VERTEX_POINT('',#7086);
#1995=VERTEX_POINT('',#7089);
#1996=VERTEX_POINT('',#7140);
#1997=VERTEX_POINT('',#7145);
#1998=VERTEX_POINT('',#7170);
#1999=VERTEX_POINT('',#7518);
#2000=VERTEX_POINT('',#7954);
#2001=VERTEX_POINT('',#7955);
#2002=VERTEX_POINT('',#7957);
#2003=VERTEX_POINT('',#7959);
#2004=VERTEX_POINT('',#7963);
#2005=VERTEX_POINT('',#7965);
#2006=VERTEX_POINT('',#7969);
#2007=VERTEX_POINT('',#7971);
#2008=VERTEX_POINT('',#7980);
#2009=VERTEX_POINT('',#7981);
#2010=VERTEX_POINT('',#7983);
#2011=VERTEX_POINT('',#7985);
#2012=VERTEX_POINT('',#7989);
#2013=VERTEX_POINT('',#7991);
#2014=VERTEX_POINT('',#7993);
#2015=VERTEX_POINT('',#7995);
#2016=VERTEX_POINT('',#7997);
#2017=VERTEX_POINT('',#8001);
#2018=VERTEX_POINT('',#8003);
#2019=VERTEX_POINT('',#8005);
#2020=VERTEX_POINT('',#8007);
#2021=VERTEX_POINT('',#8009);
#2022=VERTEX_POINT('',#8011);
#2023=VERTEX_POINT('',#8013);
#2024=VERTEX_POINT('',#8015);
#2025=VERTEX_POINT('',#8017);
#2026=VERTEX_POINT('',#8019);
#2027=VERTEX_POINT('',#8021);
#2028=VERTEX_POINT('',#8025);
#2029=VERTEX_POINT('',#8027);
#2030=VERTEX_POINT('',#8031);
#2031=VERTEX_POINT('',#8033);
#2032=VERTEX_POINT('',#8035);
#2033=VERTEX_POINT('',#8037);
#2034=VERTEX_POINT('',#8041);
#2035=VERTEX_POINT('',#8043);
#2036=VERTEX_POINT('',#8049);
#2037=VERTEX_POINT('',#8053);
#2038=VERTEX_POINT('',#8057);
#2039=VERTEX_POINT('',#8061);
#2040=VERTEX_POINT('',#8063);
#2041=VERTEX_POINT('',#8065);
#2042=VERTEX_POINT('',#8067);
#2043=VERTEX_POINT('',#8069);
#2044=VERTEX_POINT('',#8072);
#2045=VERTEX_POINT('',#8074);
#2046=VERTEX_POINT('',#8085);
#2047=VERTEX_POINT('',#8087);
#2048=VERTEX_POINT('',#8091);
#2049=VERTEX_POINT('',#8092);
#2050=VERTEX_POINT('',#8094);
#2051=VERTEX_POINT('',#8096);
#2052=VERTEX_POINT('',#8100);
#2053=VERTEX_POINT('',#8101);
#2054=VERTEX_POINT('',#8103);
#2055=VERTEX_POINT('',#8105);
#2056=VERTEX_POINT('',#8107);
#2057=VERTEX_POINT('',#8112);
#2058=VERTEX_POINT('',#8119);
#2059=VERTEX_POINT('',#8121);
#2060=VERTEX_POINT('',#8123);
#2061=VERTEX_POINT('',#8125);
#2062=VERTEX_POINT('',#8127);
#2063=VERTEX_POINT('',#8129);
#2064=VERTEX_POINT('',#8131);
#2065=VERTEX_POINT('',#8133);
#2066=VERTEX_POINT('',#8137);
#2067=VERTEX_POINT('',#8138);
#2068=VERTEX_POINT('',#8143);
#2069=VERTEX_POINT('',#8145);
#2070=VERTEX_POINT('',#8150);
#2071=VERTEX_POINT('',#8152);
#2072=VERTEX_POINT('',#8156);
#2073=VERTEX_POINT('',#8157);
#2074=VERTEX_POINT('',#8159);
#2075=VERTEX_POINT('',#8161);
#2076=VERTEX_POINT('',#8165);
#2077=VERTEX_POINT('',#8167);
#2078=VERTEX_POINT('',#8171);
#2079=VERTEX_POINT('',#8172);
#2080=VERTEX_POINT('',#8174);
#2081=VERTEX_POINT('',#8176);
#2082=VERTEX_POINT('',#8178);
#2083=VERTEX_POINT('',#8180);
#2084=VERTEX_POINT('',#8182);
#2085=VERTEX_POINT('',#8184);
#2086=VERTEX_POINT('',#8186);
#2087=VERTEX_POINT('',#8188);
#2088=VERTEX_POINT('',#8190);
#2089=VERTEX_POINT('',#8192);
#2090=VERTEX_POINT('',#8196);
#2091=VERTEX_POINT('',#8198);
#2092=VERTEX_POINT('',#8202);
#2093=VERTEX_POINT('',#8204);
#2094=VERTEX_POINT('',#8208);
#2095=VERTEX_POINT('',#8210);
#2096=VERTEX_POINT('',#8212);
#2097=VERTEX_POINT('',#8216);
#2098=VERTEX_POINT('',#8218);
#2099=VERTEX_POINT('',#8222);
#2100=VERTEX_POINT('',#8224);
#2101=VERTEX_POINT('',#8227);
#2102=VERTEX_POINT('',#8229);
#2103=VERTEX_POINT('',#8231);
#2104=VERTEX_POINT('',#8247);
#2105=VERTEX_POINT('',#8248);
#2106=VERTEX_POINT('',#8250);
#2107=VERTEX_POINT('',#8252);
#2108=VERTEX_POINT('',#8256);
#2109=VERTEX_POINT('',#8258);
#2110=VERTEX_POINT('',#8260);
#2111=VERTEX_POINT('',#8262);
#2112=VERTEX_POINT('',#8266);
#2113=VERTEX_POINT('',#8268);
#2114=VERTEX_POINT('',#8270);
#2115=VERTEX_POINT('',#8272);
#2116=VERTEX_POINT('',#8274);
#2117=VERTEX_POINT('',#8278);
#2118=VERTEX_POINT('',#8279);
#2119=VERTEX_POINT('',#8281);
#2120=VERTEX_POINT('',#8283);
#2121=VERTEX_POINT('',#8292);
#2122=VERTEX_POINT('',#8294);
#2123=VERTEX_POINT('',#8296);
#2124=VERTEX_POINT('',#8298);
#2125=VERTEX_POINT('',#8301);
#2126=VERTEX_POINT('',#8303);
#2127=VERTEX_POINT('',#8305);
#2128=VERTEX_POINT('',#8308);
#2129=VERTEX_POINT('',#8314);
#2130=VERTEX_POINT('',#8315);
#2131=VERTEX_POINT('',#8320);
#2132=VERTEX_POINT('',#8326);
#2133=VERTEX_POINT('',#8327);
#2134=VERTEX_POINT('',#8332);
#2135=VERTEX_POINT('',#8336);
#2136=VERTEX_POINT('',#8345);
#2137=VERTEX_POINT('',#8349);
#2138=VERTEX_POINT('',#8353);
#2139=VERTEX_POINT('',#8368);
#2140=VERTEX_POINT('',#8369);
#2141=VERTEX_POINT('',#8371);
#2142=VERTEX_POINT('',#8373);
#2143=VERTEX_POINT('',#8377);
#2144=VERTEX_POINT('',#8379);
#2145=VERTEX_POINT('',#8381);
#2146=VERTEX_POINT('',#8383);
#2147=VERTEX_POINT('',#8385);
#2148=VERTEX_POINT('',#8387);
#2149=VERTEX_POINT('',#8391);
#2150=VERTEX_POINT('',#8393);
#2151=VERTEX_POINT('',#8395);
#2152=VERTEX_POINT('',#8399);
#2153=VERTEX_POINT('',#8401);
#2154=VERTEX_POINT('',#8405);
#2155=VERTEX_POINT('',#8407);
#2156=VERTEX_POINT('',#8409);
#2157=VERTEX_POINT('',#8412);
#2158=VERTEX_POINT('',#8414);
#2159=VERTEX_POINT('',#8417);
#2160=VERTEX_POINT('',#8420);
#2161=VERTEX_POINT('',#8422);
#2162=VERTEX_POINT('',#8424);
#2163=VERTEX_POINT('',#8428);
#2164=VERTEX_POINT('',#8430);
#2165=VERTEX_POINT('',#8434);
#2166=VERTEX_POINT('',#8440);
#2167=VERTEX_POINT('',#8442);
#2168=VERTEX_POINT('',#8446);
#2169=VERTEX_POINT('',#8452);
#2170=VERTEX_POINT('',#8454);
#2171=VERTEX_POINT('',#8458);
#2172=VERTEX_POINT('',#8460);
#2173=VERTEX_POINT('',#8462);
#2174=VERTEX_POINT('',#8466);
#2175=VERTEX_POINT('',#8467);
#2176=VERTEX_POINT('',#8472);
#2177=VERTEX_POINT('',#8474);
#2178=VERTEX_POINT('',#8477);
#2179=VERTEX_POINT('',#8479);
#2180=VERTEX_POINT('',#8481);
#2181=VERTEX_POINT('',#8483);
#2182=VERTEX_POINT('',#8502);
#2183=VERTEX_POINT('',#8503);
#2184=VERTEX_POINT('',#8508);
#2185=VERTEX_POINT('',#8522);
#2186=VERTEX_POINT('',#8532);
#2187=VERTEX_POINT('',#8533);
#2188=VERTEX_POINT('',#8535);
#2189=VERTEX_POINT('',#8537);
#2190=VERTEX_POINT('',#8541);
#2191=VERTEX_POINT('',#8543);
#2192=VERTEX_POINT('',#8547);
#2193=VERTEX_POINT('',#8548);
#2194=VERTEX_POINT('',#8553);
#2195=VERTEX_POINT('',#8555);
#2196=VERTEX_POINT('',#8557);
#2197=VERTEX_POINT('',#8559);
#2198=VERTEX_POINT('',#8561);
#2199=VERTEX_POINT('',#8563);
#2200=VERTEX_POINT('',#8566);
#2201=VERTEX_POINT('',#8569);
#2202=VERTEX_POINT('',#8573);
#2203=VERTEX_POINT('',#8574);
#2204=VERTEX_POINT('',#8579);
#2205=VERTEX_POINT('',#8581);
#2206=VERTEX_POINT('',#8585);
#2207=VERTEX_POINT('',#8587);
#2208=VERTEX_POINT('',#8591);
#2209=VERTEX_POINT('',#8593);
#2210=VERTEX_POINT('',#8597);
#2211=VERTEX_POINT('',#8599);
#2212=VERTEX_POINT('',#8603);
#2213=VERTEX_POINT('',#8605);
#2214=VERTEX_POINT('',#8609);
#2215=VERTEX_POINT('',#8611);
#2216=VERTEX_POINT('',#8615);
#2217=VERTEX_POINT('',#8620);
#2218=VERTEX_POINT('',#8624);
#2219=VERTEX_POINT('',#8628);
#2220=VERTEX_POINT('',#8636);
#2221=VERTEX_POINT('',#8637);
#2222=VERTEX_POINT('',#8639);
#2223=VERTEX_POINT('',#8641);
#2224=VERTEX_POINT('',#8645);
#2225=VERTEX_POINT('',#8646);
#2226=VERTEX_POINT('',#8648);
#2227=VERTEX_POINT('',#8650);
#2228=VERTEX_POINT('',#8654);
#2229=VERTEX_POINT('',#8656);
#2230=VERTEX_POINT('',#8660);
#2231=VERTEX_POINT('',#8662);
#2232=VERTEX_POINT('',#8666);
#2233=VERTEX_POINT('',#8668);
#2234=VERTEX_POINT('',#8675);
#2235=VERTEX_POINT('',#8676);
#2236=VERTEX_POINT('',#8681);
#2237=VERTEX_POINT('',#8683);
#2238=VERTEX_POINT('',#8685);
#2239=VERTEX_POINT('',#8687);
#2240=VERTEX_POINT('',#8689);
#2241=VERTEX_POINT('',#8691);
#2242=VERTEX_POINT('',#8695);
#2243=VERTEX_POINT('',#8696);
#2244=VERTEX_POINT('',#8698);
#2245=VERTEX_POINT('',#8700);
#2246=VERTEX_POINT('',#8704);
#2247=VERTEX_POINT('',#8706);
#2248=VERTEX_POINT('',#8708);
#2249=VERTEX_POINT('',#8710);
#2250=VERTEX_POINT('',#8712);
#2251=VERTEX_POINT('',#8714);
#2252=VERTEX_POINT('',#8716);
#2253=VERTEX_POINT('',#8718);
#2254=VERTEX_POINT('',#8720);
#2255=VERTEX_POINT('',#8722);
#2256=VERTEX_POINT('',#8724);
#2257=VERTEX_POINT('',#8726);
#2258=VERTEX_POINT('',#8729);
#2259=VERTEX_POINT('',#8730);
#2260=VERTEX_POINT('',#8732);
#2261=VERTEX_POINT('',#8734);
#2262=VERTEX_POINT('',#8737);
#2263=VERTEX_POINT('',#8739);
#2264=VERTEX_POINT('',#8743);
#2265=VERTEX_POINT('',#8745);
#2266=VERTEX_POINT('',#8749);
#2267=VERTEX_POINT('',#8751);
#2268=VERTEX_POINT('',#8753);
#2269=VERTEX_POINT('',#8755);
#2270=VERTEX_POINT('',#8757);
#2271=VERTEX_POINT('',#8759);
#2272=VERTEX_POINT('',#8761);
#2273=VERTEX_POINT('',#8763);
#2274=VERTEX_POINT('',#8765);
#2275=VERTEX_POINT('',#8767);
#2276=VERTEX_POINT('',#8769);
#2277=VERTEX_POINT('',#8771);
#2278=VERTEX_POINT('',#8776);
#2279=VERTEX_POINT('',#8777);
#2280=VERTEX_POINT('',#8779);
#2281=VERTEX_POINT('',#8781);
#2282=VERTEX_POINT('',#8817);
#2283=VERTEX_POINT('',#8823);
#2284=VERTEX_POINT('',#8830);
#2285=VERTEX_POINT('',#8831);
#2286=VERTEX_POINT('',#8833);
#2287=VERTEX_POINT('',#8835);
#2288=VERTEX_POINT('',#8839);
#2289=VERTEX_POINT('',#8840);
#2290=VERTEX_POINT('',#8842);
#2291=VERTEX_POINT('',#8844);
#2292=VERTEX_POINT('',#8848);
#2293=VERTEX_POINT('',#8850);
#2294=VERTEX_POINT('',#8854);
#2295=VERTEX_POINT('',#8856);
#2296=VERTEX_POINT('',#8860);
#2297=VERTEX_POINT('',#8862);
#2298=VERTEX_POINT('',#8864);
#2299=VERTEX_POINT('',#8866);
#2300=VERTEX_POINT('',#8868);
#2301=VERTEX_POINT('',#8870);
#2302=VERTEX_POINT('',#8873);
#2303=VERTEX_POINT('',#8875);
#2304=VERTEX_POINT('',#8878);
#2305=VERTEX_POINT('',#8879);
#2306=VERTEX_POINT('',#8881);
#2307=VERTEX_POINT('',#8883);
#2308=VERTEX_POINT('',#8886);
#2309=VERTEX_POINT('',#8887);
#2310=VERTEX_POINT('',#8889);
#2311=VERTEX_POINT('',#8891);
#2312=VERTEX_POINT('',#8895);
#2313=VERTEX_POINT('',#8899);
#2314=VERTEX_POINT('',#8903);
#2315=VERTEX_POINT('',#8905);
#2316=VERTEX_POINT('',#8909);
#2317=VERTEX_POINT('',#8913);
#2318=VERTEX_POINT('',#8921);
#2319=VERTEX_POINT('',#8925);
#2320=VERTEX_POINT('',#8929);
#2321=VERTEX_POINT('',#8933);
#2322=VERTEX_POINT('',#8937);
#2323=VERTEX_POINT('',#8938);
#2324=VERTEX_POINT('',#8943);
#2325=VERTEX_POINT('',#8947);
#2326=VERTEX_POINT('',#8953);
#2327=VERTEX_POINT('',#8955);
#2328=EDGE_CURVE('',#1864,#1865,#778,.T.);
#2329=EDGE_CURVE('',#1864,#1866,#779,.T.);
#2330=EDGE_CURVE('',#1866,#1867,#780,.T.);
#2331=EDGE_CURVE('',#1865,#1867,#781,.T.);
#2332=EDGE_CURVE('',#1868,#1864,#782,.T.);
#2333=EDGE_CURVE('',#1868,#1869,#783,.T.);
#2334=EDGE_CURVE('',#1869,#1866,#784,.T.);
#2335=EDGE_CURVE('',#1865,#1870,#785,.T.);
#2336=EDGE_CURVE('',#1867,#1871,#786,.T.);
#2337=EDGE_CURVE('',#1870,#1871,#787,.T.);
#2338=EDGE_CURVE('',#1871,#1869,#788,.T.);
#2339=EDGE_CURVE('',#1872,#1873,#789,.T.);
#2340=EDGE_CURVE('',#1872,#1874,#790,.T.);
#2341=EDGE_CURVE('',#1874,#1875,#791,.T.);
#2342=EDGE_CURVE('',#1873,#1875,#792,.T.);
#2343=EDGE_CURVE('',#1876,#1872,#793,.T.);
#2344=EDGE_CURVE('',#1876,#1877,#794,.T.);
#2345=EDGE_CURVE('',#1877,#1874,#795,.T.);
#2346=EDGE_CURVE('',#1873,#1878,#796,.T.);
#2347=EDGE_CURVE('',#1875,#1879,#797,.T.);
#2348=EDGE_CURVE('',#1878,#1879,#798,.T.);
#2349=EDGE_CURVE('',#1879,#1877,#799,.T.);
#2350=EDGE_CURVE('',#1880,#1881,#800,.T.);
#2351=EDGE_CURVE('',#1880,#1882,#801,.T.);
#2352=EDGE_CURVE('',#1883,#1882,#802,.T.);
#2353=EDGE_CURVE('',#1881,#1883,#803,.T.);
#2354=EDGE_CURVE('',#1881,#1884,#804,.T.);
#2355=EDGE_CURVE('',#1885,#1883,#805,.T.);
#2356=EDGE_CURVE('',#1884,#1885,#806,.T.);
#2357=EDGE_CURVE('',#1886,#1880,#807,.T.);
#2358=EDGE_CURVE('',#1886,#1887,#808,.T.);
#2359=EDGE_CURVE('',#1882,#1887,#809,.T.);
#2360=EDGE_CURVE('',#1887,#1885,#810,.T.);
#2361=EDGE_CURVE('',#1888,#1889,#811,.T.);
#2362=EDGE_CURVE('',#1888,#1890,#812,.T.);
#2363=EDGE_CURVE('',#1891,#1890,#813,.T.);
#2364=EDGE_CURVE('',#1889,#1891,#814,.T.);
#2365=EDGE_CURVE('',#1889,#1892,#815,.T.);
#2366=EDGE_CURVE('',#1893,#1891,#816,.T.);
#2367=EDGE_CURVE('',#1892,#1893,#817,.T.);
#2368=EDGE_CURVE('',#1894,#1888,#818,.T.);
#2369=EDGE_CURVE('',#1894,#1895,#819,.T.);
#2370=EDGE_CURVE('',#1890,#1895,#820,.T.);
#2371=EDGE_CURVE('',#1895,#1893,#821,.T.);
#2372=EDGE_CURVE('',#1896,#1896,#84,.T.);
#2373=EDGE_CURVE('',#1896,#1897,#822,.T.);
#2374=EDGE_CURVE('',#1897,#1897,#85,.T.);
#2375=EDGE_CURVE('',#1898,#1899,#823,.T.);
#2376=EDGE_CURVE('',#1900,#1898,#824,.T.);
#2377=EDGE_CURVE('',#1901,#1900,#825,.T.);
#2378=EDGE_CURVE('',#1901,#1899,#826,.T.);
#2379=EDGE_CURVE('',#1899,#1902,#827,.T.);
#2380=EDGE_CURVE('',#1903,#1901,#828,.T.);
#2381=EDGE_CURVE('',#1902,#1903,#829,.T.);
#2382=EDGE_CURVE('',#1904,#1898,#830,.T.);
#2383=EDGE_CURVE('',#1905,#1904,#831,.T.);
#2384=EDGE_CURVE('',#1900,#1905,#832,.T.);
#2385=EDGE_CURVE('',#1906,#1902,#833,.T.);
#2386=EDGE_CURVE('',#1907,#1906,#834,.T.);
#2387=EDGE_CURVE('',#1908,#1907,#835,.T.);
#2388=EDGE_CURVE('',#1908,#1909,#836,.T.);
#2389=EDGE_CURVE('',#1904,#1909,#837,.T.);
#2390=EDGE_CURVE('',#1903,#1910,#838,.T.);
#2391=EDGE_CURVE('',#1910,#1906,#839,.T.);
#2392=EDGE_CURVE('',#1911,#1905,#840,.T.);
#2393=EDGE_CURVE('',#1912,#1911,#841,.T.);
#2394=EDGE_CURVE('',#1913,#1912,#842,.T.);
#2395=EDGE_CURVE('',#1913,#1914,#843,.T.);
#2396=EDGE_CURVE('',#1915,#1914,#844,.T.);
#2397=EDGE_CURVE('',#1916,#1915,#845,.T.);
#2398=EDGE_CURVE('',#1917,#1916,#846,.T.);
#2399=EDGE_CURVE('',#1917,#1910,#847,.T.);
#2400=EDGE_CURVE('',#1912,#1908,#848,.T.);
#2401=EDGE_CURVE('',#1909,#1911,#849,.T.);
#2402=EDGE_CURVE('',#1907,#1917,#850,.T.);
#2403=EDGE_CURVE('',#1918,#1919,#851,.T.);
#2404=EDGE_CURVE('',#1920,#1918,#852,.T.);
#2405=EDGE_CURVE('',#1921,#1920,#853,.T.);
#2406=EDGE_CURVE('',#1919,#1921,#854,.T.);
#2407=EDGE_CURVE('',#1919,#1922,#855,.T.);
#2408=EDGE_CURVE('',#1923,#1921,#856,.T.);
#2409=EDGE_CURVE('',#1916,#1923,#857,.T.);
#2410=EDGE_CURVE('',#1922,#1915,#858,.T.);
#2411=EDGE_CURVE('',#1924,#1918,#859,.T.);
#2412=EDGE_CURVE('',#1914,#1924,#860,.T.);
#2413=EDGE_CURVE('',#1925,#1913,#861,.T.);
#2414=EDGE_CURVE('',#1920,#1925,#862,.T.);
#2415=EDGE_CURVE('',#1926,#1925,#863,.T.);
#2416=EDGE_CURVE('',#1927,#1926,#864,.T.);
#2417=EDGE_CURVE('',#1928,#1927,#865,.T.);
#2418=EDGE_CURVE('',#1929,#1928,#866,.T.);
#2419=EDGE_CURVE('',#1930,#1929,#867,.T.);
#2420=EDGE_CURVE('',#1931,#1930,#868,.T.);
#2421=EDGE_CURVE('',#1932,#1931,#869,.T.);
#2422=EDGE_CURVE('',#1933,#1932,#870,.T.);
#2423=EDGE_CURVE('',#1923,#1933,#871,.T.);
#2424=EDGE_CURVE('',#1922,#1934,#872,.T.);
#2425=EDGE_CURVE('',#1935,#1934,#873,.T.);
#2426=EDGE_CURVE('',#1936,#1935,#874,.T.);
#2427=EDGE_CURVE('',#1936,#1937,#875,.T.);
#2428=EDGE_CURVE('',#1937,#1924,#876,.T.);
#2429=EDGE_CURVE('',#1938,#1939,#877,.T.);
#2430=EDGE_CURVE('',#1933,#1938,#878,.T.);
#2431=EDGE_CURVE('',#1939,#1932,#879,.T.);
#2432=EDGE_CURVE('',#1940,#1941,#880,.T.);
#2433=EDGE_CURVE('',#1940,#1927,#881,.T.);
#2434=EDGE_CURVE('',#1941,#1926,#882,.T.);
#2435=EDGE_CURVE('',#1942,#1940,#883,.T.);
#2436=EDGE_CURVE('',#1942,#1928,#884,.T.);
#2437=EDGE_CURVE('',#1943,#1942,#885,.T.);
#2438=EDGE_CURVE('',#1943,#1929,#886,.T.);
#2439=EDGE_CURVE('',#1944,#1943,#887,.T.);
#2440=EDGE_CURVE('',#1944,#1930,#888,.T.);
#2441=EDGE_CURVE('',#1945,#1944,#889,.T.);
#2442=EDGE_CURVE('',#1945,#1931,#890,.T.);
#2443=EDGE_CURVE('',#1939,#1945,#891,.T.);
#2444=EDGE_CURVE('',#1938,#1946,#892,.T.);
#2445=EDGE_CURVE('',#1946,#1947,#893,.T.);
#2446=EDGE_CURVE('',#1947,#1948,#894,.T.);
#2447=EDGE_CURVE('',#1948,#1949,#895,.T.);
#2448=EDGE_CURVE('',#1949,#1950,#896,.T.);
#2449=EDGE_CURVE('',#1950,#1951,#897,.T.);
#2450=EDGE_CURVE('',#1951,#1952,#898,.T.);
#2451=EDGE_CURVE('',#1952,#1953,#899,.T.);
#2452=EDGE_CURVE('',#1953,#1941,#900,.T.);
#2453=EDGE_CURVE('',#1954,#1955,#901,.T.);
#2454=EDGE_CURVE('',#1950,#1954,#902,.T.);
#2455=EDGE_CURVE('',#1955,#1949,#903,.T.);
#2456=EDGE_CURVE('',#1955,#1956,#904,.T.);
#2457=EDGE_CURVE('',#1957,#1948,#905,.T.);
#2458=EDGE_CURVE('',#1957,#1958,#906,.T.);
#2459=EDGE_CURVE('',#1956,#1958,#907,.T.);
#2460=EDGE_CURVE('',#1958,#1959,#908,.T.);
#2461=EDGE_CURVE('',#1960,#1957,#909,.T.);
#2462=EDGE_CURVE('',#1960,#1959,#910,.T.);
#2463=EDGE_CURVE('',#1961,#1954,#911,.T.);
#2464=EDGE_CURVE('',#1959,#1961,#912,.T.);
#2465=EDGE_CURVE('',#1951,#1960,#913,.T.);
#2466=EDGE_CURVE('',#1962,#1947,#914,.T.);
#2467=EDGE_CURVE('',#1962,#1963,#915,.T.);
#2468=EDGE_CURVE('',#1963,#1952,#916,.T.);
#2469=EDGE_CURVE('',#1964,#1937,#917,.T.);
#2470=EDGE_CURVE('',#1961,#1964,#918,.T.);
#2471=EDGE_CURVE('',#1965,#1956,#919,.T.);
#2472=EDGE_CURVE('',#1934,#1965,#920,.T.);
#2473=EDGE_CURVE('',#1935,#1870,#921,.T.);
#2474=EDGE_CURVE('',#1966,#1965,#922,.T.);
#2475=EDGE_CURVE('',#1876,#1966,#923,.T.);
#2476=EDGE_CURVE('',#1868,#1878,#924,.T.);
#2477=EDGE_CURVE('',#1894,#1884,#925,.T.);
#2478=EDGE_CURVE('',#1967,#1892,#926,.T.);
#2479=EDGE_CURVE('',#1967,#1964,#927,.T.);
#2480=EDGE_CURVE('',#1886,#1936,#928,.T.);
#2481=EDGE_CURVE('',#1966,#1967,#929,.T.);
#2482=EDGE_CURVE('',#1963,#1968,#930,.T.);
#2483=EDGE_CURVE('',#1968,#1953,#931,.T.);
#2484=EDGE_CURVE('',#1969,#1962,#932,.T.);
#2485=EDGE_CURVE('',#1969,#1946,#933,.T.);
#2486=EDGE_CURVE('',#1968,#1969,#934,.T.);
#2487=EDGE_CURVE('',#1970,#1971,#935,.T.);
#2488=EDGE_CURVE('',#1970,#1972,#28,.T.);
#2489=EDGE_CURVE('',#1972,#1973,#936,.T.);
#2490=EDGE_CURVE('',#1973,#1973,#86,.T.);
#2491=EDGE_CURVE('',#1972,#1971,#937,.T.);
#2492=EDGE_CURVE('',#1974,#1975,#938,.T.);
#2493=EDGE_CURVE('',#1974,#1970,#29,.T.);
#2494=EDGE_CURVE('',#1971,#1975,#30,.T.);
#2495=EDGE_CURVE('',#1976,#1977,#939,.T.);
#2496=EDGE_CURVE('',#1976,#1974,#31,.T.);
#2497=EDGE_CURVE('',#1975,#1977,#32,.T.);
#2498=EDGE_CURVE('',#1978,#1979,#940,.T.);
#2499=EDGE_CURVE('',#1978,#1976,#33,.T.);
#2500=EDGE_CURVE('',#1977,#1979,#34,.T.);
#2501=EDGE_CURVE('',#1980,#1981,#941,.T.);
#2502=EDGE_CURVE('',#1980,#1978,#35,.T.);
#2503=EDGE_CURVE('',#1979,#1981,#36,.T.);
#2504=EDGE_CURVE('',#1982,#1983,#87,.T.);
#2505=EDGE_CURVE('',#1983,#1982,#88,.T.);
#2506=EDGE_CURVE('',#1983,#1984,#942,.T.);
#2507=EDGE_CURVE('',#1984,#1985,#37,.T.);
#2508=EDGE_CURVE('',#1985,#1986,#38,.T.);
#2509=EDGE_CURVE('',#1986,#1987,#39,.T.);
#2510=EDGE_CURVE('',#1987,#1988,#40,.T.);
#2511=EDGE_CURVE('',#1988,#1989,#41,.T.);
#2512=EDGE_CURVE('',#1989,#1990,#943,.T.);
#2513=EDGE_CURVE('',#1990,#1984,#42,.T.);
#2514=EDGE_CURVE('',#1991,#1991,#89,.T.);
#2515=EDGE_CURVE('',#1991,#1992,#944,.T.);
#2516=EDGE_CURVE('',#1992,#1993,#90,.T.);
#2517=EDGE_CURVE('',#1993,#1992,#91,.T.);
#2518=EDGE_CURVE('',#1994,#1994,#92,.T.);
#2519=EDGE_CURVE('',#1993,#1995,#945,.T.);
#2520=EDGE_CURVE('',#1995,#1995,#93,.T.);
#2521=EDGE_CURVE('',#1994,#1982,#946,.T.);
#2522=EDGE_CURVE('',#1989,#1980,#43,.T.);
#2523=EDGE_CURVE('',#1981,#1990,#44,.T.);
#2524=EDGE_CURVE('',#1987,#1996,#45,.T.);
#2525=EDGE_CURVE('',#1996,#1997,#46,.T.);
#2526=EDGE_CURVE('',#1997,#1988,#47,.T.);
#2527=EDGE_CURVE('',#1986,#1998,#48,.T.);
#2528=EDGE_CURVE('',#1998,#1996,#49,.T.);
#2529=EDGE_CURVE('',#1985,#1998,#50,.T.);
#2530=EDGE_CURVE('',#1971,#1999,#947,.T.);
#2531=EDGE_CURVE('',#1999,#1997,#51,.T.);
#2532=EDGE_CURVE('',#1999,#1972,#948,.T.);
#2533=EDGE_CURVE('',#2000,#2001,#949,.T.);
#2534=EDGE_CURVE('',#2001,#2002,#950,.T.);
#2535=EDGE_CURVE('',#2003,#2002,#951,.T.);
#2536=EDGE_CURVE('',#2000,#2003,#952,.T.);
#2537=EDGE_CURVE('',#2004,#2000,#953,.T.);
#2538=EDGE_CURVE('',#2005,#2003,#954,.T.);
#2539=EDGE_CURVE('',#2004,#2005,#955,.T.);
#2540=EDGE_CURVE('',#2006,#2004,#956,.T.);
#2541=EDGE_CURVE('',#2007,#2005,#957,.T.);
#2542=EDGE_CURVE('',#2006,#2007,#958,.T.);
#2543=EDGE_CURVE('',#2001,#2006,#959,.T.);
#2544=EDGE_CURVE('',#2002,#2007,#960,.T.);
#2545=EDGE_CURVE('',#2008,#2009,#94,.T.);
#2546=EDGE_CURVE('',#2009,#2010,#961,.T.);
#2547=EDGE_CURVE('',#2010,#2011,#95,.T.);
#2548=EDGE_CURVE('',#2011,#2008,#962,.T.);
#2549=EDGE_CURVE('',#2012,#2010,#963,.T.);
#2550=EDGE_CURVE('',#2013,#2012,#964,.T.);
#2551=EDGE_CURVE('',#2014,#2013,#965,.T.);
#2552=EDGE_CURVE('',#2015,#2014,#966,.T.);
#2553=EDGE_CURVE('',#2015,#2016,#967,.T.);
#2554=EDGE_CURVE('',#2011,#2016,#968,.T.);
#2555=EDGE_CURVE('',#2009,#2017,#969,.T.);
#2556=EDGE_CURVE('',#2018,#2017,#970,.T.);
#2557=EDGE_CURVE('',#2018,#2019,#971,.T.);
#2558=EDGE_CURVE('',#2020,#2019,#972,.T.);
#2559=EDGE_CURVE('',#2020,#2021,#973,.T.);
#2560=EDGE_CURVE('',#2022,#2021,#96,.T.);
#2561=EDGE_CURVE('',#2022,#2023,#97,.T.);
#2562=EDGE_CURVE('',#2024,#2023,#98,.T.);
#2563=EDGE_CURVE('',#2024,#2025,#974,.T.);
#2564=EDGE_CURVE('',#2026,#2025,#99,.T.);
#2565=EDGE_CURVE('',#2026,#2027,#100,.T.);
#2566=EDGE_CURVE('',#2012,#2027,#101,.T.);
#2567=EDGE_CURVE('',#2028,#2020,#102,.T.);
#2568=EDGE_CURVE('',#2019,#2029,#103,.T.);
#2569=EDGE_CURVE('',#2029,#2028,#975,.T.);
#2570=EDGE_CURVE('',#2018,#2030,#976,.T.);
#2571=EDGE_CURVE('',#2031,#2030,#977,.T.);
#2572=EDGE_CURVE('',#2031,#2032,#978,.T.);
#2573=EDGE_CURVE('',#2033,#2032,#979,.T.);
#2574=EDGE_CURVE('',#2029,#2033,#980,.T.);
#2575=EDGE_CURVE('',#2034,#2018,#104,.T.);
#2576=EDGE_CURVE('',#2017,#2035,#105,.T.);
#2577=EDGE_CURVE('',#2034,#2035,#981,.T.);
#2578=EDGE_CURVE('',#2034,#2030,#982,.T.);
#2579=EDGE_CURVE('',#2036,#2013,#106,.T.);
#2580=EDGE_CURVE('',#2027,#2036,#983,.T.);
#2581=EDGE_CURVE('',#2037,#2026,#984,.T.);
#2582=EDGE_CURVE('',#2036,#2037,#107,.T.);
#2583=EDGE_CURVE('',#2025,#2038,#985,.T.);
#2584=EDGE_CURVE('',#2038,#2037,#108,.T.);
#2585=EDGE_CURVE('',#2038,#2039,#986,.T.);
#2586=EDGE_CURVE('',#2040,#2039,#109,.T.);
#2587=EDGE_CURVE('',#2040,#2041,#110,.T.);
#2588=EDGE_CURVE('',#2042,#2041,#111,.T.);
#2589=EDGE_CURVE('',#2042,#2043,#987,.T.);
#2590=EDGE_CURVE('',#2043,#2031,#988,.T.);
#2591=EDGE_CURVE('',#2035,#2044,#989,.T.);
#2592=EDGE_CURVE('',#2044,#2045,#990,.T.);
#2593=EDGE_CURVE('',#2045,#2014,#991,.T.);
#2594=EDGE_CURVE('',#2039,#2024,#992,.T.);
#2595=EDGE_CURVE('',#2023,#2040,#993,.T.);
#2596=EDGE_CURVE('',#2021,#2042,#994,.T.);
#2597=EDGE_CURVE('',#2041,#2022,#995,.T.);
#2598=EDGE_CURVE('',#2028,#2046,#996,.T.);
#2599=EDGE_CURVE('',#2047,#2046,#997,.T.);
#2600=EDGE_CURVE('',#2047,#2043,#998,.T.);
#2601=EDGE_CURVE('',#2048,#2049,#112,.T.);
#2602=EDGE_CURVE('',#2049,#2050,#999,.T.);
#2603=EDGE_CURVE('',#2051,#2050,#113,.F.);
#2604=EDGE_CURVE('',#2051,#2048,#1000,.T.);
#2605=EDGE_CURVE('',#2052,#2053,#114,.T.);
#2606=EDGE_CURVE('',#2053,#2054,#1001,.T.);
#2607=EDGE_CURVE('',#2054,#2055,#115,.T.);
#2608=EDGE_CURVE('',#2055,#2056,#52,.T.);
#2609=EDGE_CURVE('',#2056,#2057,#1002,.T.);
#2610=EDGE_CURVE('',#2057,#2052,#53,.T.);
#2611=EDGE_CURVE('',#2058,#2056,#116,.T.);
#2612=EDGE_CURVE('',#2059,#2058,#1003,.T.);
#2613=EDGE_CURVE('',#2060,#2059,#117,.T.);
#2614=EDGE_CURVE('',#2061,#2060,#1004,.T.);
#2615=EDGE_CURVE('',#2062,#2061,#1005,.T.);
#2616=EDGE_CURVE('',#2063,#2062,#1006,.T.);
#2617=EDGE_CURVE('',#2064,#2063,#118,.T.);
#2618=EDGE_CURVE('',#2065,#2064,#1007,.T.);
#2619=EDGE_CURVE('',#2057,#2065,#119,.T.);
#2620=EDGE_CURVE('',#2066,#2067,#54,.F.);
#2621=EDGE_CURVE('',#2066,#2068,#1008,.T.);
#2622=EDGE_CURVE('',#2069,#2068,#55,.F.);
#2623=EDGE_CURVE('',#2070,#2069,#120,.F.);
#2624=EDGE_CURVE('',#2070,#2071,#1009,.T.);
#2625=EDGE_CURVE('',#2071,#2067,#121,.T.);
#2626=EDGE_CURVE('',#2072,#2073,#1010,.T.);
#2627=EDGE_CURVE('',#2072,#2074,#1011,.T.);
#2628=EDGE_CURVE('',#2075,#2074,#1012,.T.);
#2629=EDGE_CURVE('',#2073,#2075,#1013,.T.);
#2630=EDGE_CURVE('',#2076,#2072,#122,.T.);
#2631=EDGE_CURVE('',#2073,#2077,#123,.T.);
#2632=EDGE_CURVE('',#2077,#2076,#1014,.T.);
#2633=EDGE_CURVE('',#2078,#2079,#1015,.T.);
#2634=EDGE_CURVE('',#2078,#2080,#1016,.T.);
#2635=EDGE_CURVE('',#2081,#2080,#124,.T.);
#2636=EDGE_CURVE('',#2081,#2082,#1017,.T.);
#2637=EDGE_CURVE('',#2083,#2082,#125,.T.);
#2638=EDGE_CURVE('',#2083,#2084,#1018,.T.);
#2639=EDGE_CURVE('',#2085,#2084,#1019,.T.);
#2640=EDGE_CURVE('',#2085,#2086,#1020,.T.);
#2641=EDGE_CURVE('',#2087,#2086,#126,.T.);
#2642=EDGE_CURVE('',#2087,#2088,#1021,.T.);
#2643=EDGE_CURVE('',#2089,#2088,#127,.T.);
#2644=EDGE_CURVE('',#2079,#2089,#1022,.T.);
#2645=EDGE_CURVE('',#2090,#2078,#128,.T.);
#2646=EDGE_CURVE('',#2079,#2091,#129,.T.);
#2647=EDGE_CURVE('',#2091,#2090,#1023,.T.);
#2648=EDGE_CURVE('',#2061,#2092,#13,.T.);
#2649=EDGE_CURVE('',#2092,#2093,#1024,.T.);
#2650=EDGE_CURVE('',#2093,#2062,#14,.T.);
#2651=EDGE_CURVE('',#2094,#2093,#1025,.T.);
#2652=EDGE_CURVE('',#2095,#2094,#15,.T.);
#2653=EDGE_CURVE('',#2095,#2096,#1026,.T.);
#2654=EDGE_CURVE('',#2063,#2096,#1027,.T.);
#2655=EDGE_CURVE('',#2094,#2097,#1028,.T.);
#2656=EDGE_CURVE('',#2097,#2098,#16,.T.);
#2657=EDGE_CURVE('',#2098,#2095,#1029,.T.);
#2658=EDGE_CURVE('',#2099,#2066,#130,.T.);
#2659=EDGE_CURVE('',#2100,#2099,#1030,.T.);
#2660=EDGE_CURVE('',#2096,#2100,#131,.T.);
#2661=EDGE_CURVE('',#2101,#2098,#1031,.T.);
#2662=EDGE_CURVE('',#2102,#2101,#132,.T.);
#2663=EDGE_CURVE('',#2103,#2102,#1032,.T.);
#2664=EDGE_CURVE('',#2068,#2103,#133,.T.);
#2665=EDGE_CURVE('',#2100,#2064,#1033,.T.);
#2666=EDGE_CURVE('',#2065,#2099,#1034,.T.);
#2667=EDGE_CURVE('',#2097,#2092,#1035,.T.);
#2668=EDGE_CURVE('',#2101,#2060,#1036,.T.);
#2669=EDGE_CURVE('',#2059,#2102,#1037,.T.);
#2670=EDGE_CURVE('',#2103,#2058,#1038,.T.);
#2671=EDGE_CURVE('',#2104,#2105,#134,.T.);
#2672=EDGE_CURVE('',#2105,#2106,#1039,.T.);
#2673=EDGE_CURVE('',#2106,#2107,#135,.T.);
#2674=EDGE_CURVE('',#2107,#2104,#1040,.T.);
#2675=EDGE_CURVE('',#2104,#2108,#1041,.T.);
#2676=EDGE_CURVE('',#2109,#2108,#1042,.T.);
#2677=EDGE_CURVE('',#2109,#2110,#1043,.T.);
#2678=EDGE_CURVE('',#2111,#2110,#1044,.T.);
#2679=EDGE_CURVE('',#2111,#2105,#1045,.T.);
#2680=EDGE_CURVE('',#2112,#2107,#1046,.T.);
#2681=EDGE_CURVE('',#2113,#2112,#136,.T.);
#2682=EDGE_CURVE('',#2114,#2113,#1047,.T.);
#2683=EDGE_CURVE('',#2115,#2114,#1048,.T.);
#2684=EDGE_CURVE('',#2115,#2116,#1049,.T.);
#2685=EDGE_CURVE('',#2108,#2116,#137,.T.);
#2686=EDGE_CURVE('',#2117,#2118,#138,.T.);
#2687=EDGE_CURVE('',#2118,#2119,#1050,.T.);
#2688=EDGE_CURVE('',#2119,#2120,#139,.T.);
#2689=EDGE_CURVE('',#2120,#2117,#1051,.T.);
#2690=EDGE_CURVE('',#2008,#2117,#1052,.T.);
#2691=EDGE_CURVE('',#2045,#2120,#1053,.T.);
#2692=EDGE_CURVE('',#2044,#2017,#1054,.T.);
#2693=EDGE_CURVE('',#2067,#2052,#1055,.T.);
#2694=EDGE_CURVE('',#2071,#2121,#1056,.T.);
#2695=EDGE_CURVE('',#2122,#2121,#140,.T.);
#2696=EDGE_CURVE('',#2122,#2123,#1057,.T.);
#2697=EDGE_CURVE('',#2124,#2123,#141,.T.);
#2698=EDGE_CURVE('',#2124,#2015,#1058,.T.);
#2699=EDGE_CURVE('',#2119,#2125,#1059,.T.);
#2700=EDGE_CURVE('',#2126,#2125,#142,.T.);
#2701=EDGE_CURVE('',#2126,#2127,#1060,.T.);
#2702=EDGE_CURVE('',#2114,#2127,#143,.T.);
#2703=EDGE_CURVE('',#2128,#2113,#1061,.T.);
#2704=EDGE_CURVE('',#2110,#2128,#1062,.T.);
#2705=EDGE_CURVE('',#2110,#2051,#1063,.T.);
#2706=EDGE_CURVE('',#2050,#2053,#1064,.T.);
#2707=EDGE_CURVE('',#2129,#2130,#144,.T.);
#2708=EDGE_CURVE('',#2130,#2126,#1065,.T.);
#2709=EDGE_CURVE('',#2125,#2129,#1066,.T.);
#2710=EDGE_CURVE('',#2130,#2131,#1067,.T.);
#2711=EDGE_CURVE('',#2127,#2131,#1068,.T.);
#2712=EDGE_CURVE('',#2131,#2115,#145,.T.);
#2713=EDGE_CURVE('',#2132,#2133,#146,.T.);
#2714=EDGE_CURVE('',#2133,#2124,#1069,.T.);
#2715=EDGE_CURVE('',#2123,#2132,#1070,.T.);
#2716=EDGE_CURVE('',#2134,#2122,#1071,.T.);
#2717=EDGE_CURVE('',#2134,#2132,#1072,.T.);
#2718=EDGE_CURVE('',#2135,#2134,#147,.T.);
#2719=EDGE_CURVE('',#2121,#2135,#1073,.T.);
#2720=EDGE_CURVE('',#2070,#2135,#1074,.T.);
#2721=EDGE_CURVE('',#2069,#2055,#1075,.F.);
#2722=EDGE_CURVE('',#2136,#2128,#148,.T.);
#2723=EDGE_CURVE('',#2112,#2136,#1076,.T.);
#2724=EDGE_CURVE('',#2116,#2137,#1077,.T.);
#2725=EDGE_CURVE('',#2137,#2109,#149,.F.);
#2726=EDGE_CURVE('',#2136,#2138,#1078,.T.);
#2727=EDGE_CURVE('',#2138,#2111,#1079,.T.);
#2728=EDGE_CURVE('',#2138,#2106,#1080,.T.);
#2729=EDGE_CURVE('',#2118,#2129,#1081,.T.);
#2730=EDGE_CURVE('',#2133,#2016,#1082,.T.);
#2731=EDGE_CURVE('',#2054,#2049,#1083,.T.);
#2732=EDGE_CURVE('',#2137,#2048,#1084,.T.);
#2733=EDGE_CURVE('',#2139,#2140,#150,.T.);
#2734=EDGE_CURVE('',#2140,#2141,#1085,.T.);
#2735=EDGE_CURVE('',#2141,#2142,#151,.T.);
#2736=EDGE_CURVE('',#2142,#2139,#1086,.T.);
#2737=EDGE_CURVE('',#2140,#2143,#1087,.T.);
#2738=EDGE_CURVE('',#2144,#2143,#152,.T.);
#2739=EDGE_CURVE('',#2145,#2144,#1088,.T.);
#2740=EDGE_CURVE('',#2146,#2145,#1089,.T.);
#2741=EDGE_CURVE('',#2146,#2147,#1090,.T.);
#2742=EDGE_CURVE('',#2148,#2147,#153,.T.);
#2743=EDGE_CURVE('',#2148,#2141,#1091,.T.);
#2744=EDGE_CURVE('',#2149,#2139,#1092,.T.);
#2745=EDGE_CURVE('',#2149,#2150,#1093,.T.);
#2746=EDGE_CURVE('',#2151,#2150,#1094,.T.);
#2747=EDGE_CURVE('',#2143,#2151,#1095,.T.);
#2748=EDGE_CURVE('',#2152,#2033,#154,.T.);
#2749=EDGE_CURVE('',#2032,#2153,#155,.T.);
#2750=EDGE_CURVE('',#2153,#2152,#1096,.T.);
#2751=EDGE_CURVE('',#2152,#2154,#1097,.T.);
#2752=EDGE_CURVE('',#2155,#2154,#156,.T.);
#2753=EDGE_CURVE('',#2155,#2156,#1098,.T.);
#2754=EDGE_CURVE('',#2145,#2156,#157,.T.);
#2755=EDGE_CURVE('',#2157,#2144,#1099,.T.);
#2756=EDGE_CURVE('',#2157,#2158,#1100,.T.);
#2757=EDGE_CURVE('',#2158,#2091,#1101,.T.);
#2758=EDGE_CURVE('',#2159,#2089,#1102,.T.);
#2759=EDGE_CURVE('',#2159,#2077,#1103,.T.);
#2760=EDGE_CURVE('',#2160,#2075,#158,.T.);
#2761=EDGE_CURVE('',#2160,#2161,#1104,.T.);
#2762=EDGE_CURVE('',#2162,#2161,#159,.T.);
#2763=EDGE_CURVE('',#2162,#2046,#1105,.T.);
#2764=EDGE_CURVE('',#2154,#2163,#1106,.T.);
#2765=EDGE_CURVE('',#2163,#2164,#160,.T.);
#2766=EDGE_CURVE('',#2164,#2155,#1107,.T.);
#2767=EDGE_CURVE('',#2164,#2165,#1108,.T.);
#2768=EDGE_CURVE('',#2156,#2165,#1109,.T.);
#2769=EDGE_CURVE('',#2165,#2146,#161,.T.);
#2770=EDGE_CURVE('',#2161,#2166,#1110,.T.);
#2771=EDGE_CURVE('',#2166,#2167,#162,.T.);
#2772=EDGE_CURVE('',#2167,#2162,#1111,.T.);
#2773=EDGE_CURVE('',#2168,#2160,#1112,.T.);
#2774=EDGE_CURVE('',#2168,#2166,#1113,.T.);
#2775=EDGE_CURVE('',#2074,#2168,#163,.T.);
#2776=EDGE_CURVE('',#2169,#2085,#17,.T.);
#2777=EDGE_CURVE('',#2084,#2170,#18,.T.);
#2778=EDGE_CURVE('',#2170,#2169,#1114,.T.);
#2779=EDGE_CURVE('',#2171,#2169,#1115,.T.);
#2780=EDGE_CURVE('',#2172,#2171,#19,.T.);
#2781=EDGE_CURVE('',#2173,#2172,#1116,.T.);
#2782=EDGE_CURVE('',#2086,#2173,#1117,.T.);
#2783=EDGE_CURVE('',#2174,#2175,#20,.T.);
#2784=EDGE_CURVE('',#2175,#2172,#1118,.T.);
#2785=EDGE_CURVE('',#2171,#2174,#1119,.T.);
#2786=EDGE_CURVE('',#2176,#2159,#164,.T.);
#2787=EDGE_CURVE('',#2176,#2177,#1120,.T.);
#2788=EDGE_CURVE('',#2173,#2177,#165,.T.);
#2789=EDGE_CURVE('',#2175,#2178,#1121,.T.);
#2790=EDGE_CURVE('',#2179,#2178,#166,.T.);
#2791=EDGE_CURVE('',#2179,#2180,#1122,.T.);
#2792=EDGE_CURVE('',#2181,#2180,#167,.T.);
#2793=EDGE_CURVE('',#2181,#2076,#1123,.T.);
#2794=EDGE_CURVE('',#2178,#2083,#1124,.T.);
#2795=EDGE_CURVE('',#2174,#2170,#1125,.T.);
#2796=EDGE_CURVE('',#2082,#2179,#1126,.T.);
#2797=EDGE_CURVE('',#2177,#2087,#1127,.T.);
#2798=EDGE_CURVE('',#2088,#2176,#1128,.T.);
#2799=EDGE_CURVE('',#2180,#2081,#1129,.T.);
#2800=EDGE_CURVE('',#2080,#2181,#1130,.T.);
#2801=EDGE_CURVE('',#2182,#2183,#168,.T.);
#2802=EDGE_CURVE('',#2183,#2148,#1131,.T.);
#2803=EDGE_CURVE('',#2147,#2182,#1132,.T.);
#2804=EDGE_CURVE('',#2183,#2184,#1133,.T.);
#2805=EDGE_CURVE('',#2184,#2142,#1134,.T.);
#2806=EDGE_CURVE('',#2151,#2157,#169,.F.);
#2807=EDGE_CURVE('',#2150,#2182,#1135,.T.);
#2808=EDGE_CURVE('',#2184,#2149,#1136,.T.);
#2809=EDGE_CURVE('',#2153,#2163,#1137,.T.);
#2810=EDGE_CURVE('',#2167,#2047,#1138,.T.);
#2811=EDGE_CURVE('',#2185,#2158,#1139,.T.);
#2812=EDGE_CURVE('',#2185,#2090,#1140,.T.);
#2813=EDGE_CURVE('',#2150,#2185,#1141,.T.);
#2814=EDGE_CURVE('',#2186,#2187,#1142,.T.);
#2815=EDGE_CURVE('',#2188,#2186,#1143,.T.);
#2816=EDGE_CURVE('',#2189,#2188,#1144,.T.);
#2817=EDGE_CURVE('',#2187,#2189,#1145,.T.);
#2818=EDGE_CURVE('',#2190,#2188,#1146,.T.);
#2819=EDGE_CURVE('',#2191,#2190,#1147,.T.);
#2820=EDGE_CURVE('',#2189,#2191,#1148,.T.);
#2821=EDGE_CURVE('',#2192,#2193,#1149,.T.);
#2822=EDGE_CURVE('',#2186,#2192,#1150,.T.);
#2823=EDGE_CURVE('',#2193,#2187,#1151,.T.);
#2824=EDGE_CURVE('',#2193,#2194,#1152,.T.);
#2825=EDGE_CURVE('',#2194,#2195,#1153,.T.);
#2826=EDGE_CURVE('',#2195,#2196,#1154,.T.);
#2827=EDGE_CURVE('',#2196,#2197,#1155,.T.);
#2828=EDGE_CURVE('',#2197,#2198,#1156,.T.);
#2829=EDGE_CURVE('',#2198,#2199,#1157,.T.);
#2830=EDGE_CURVE('',#2199,#2192,#1158,.T.);
#2831=EDGE_CURVE('',#2200,#2200,#170,.T.);
#2832=EDGE_CURVE('',#2200,#2201,#1159,.T.);
#2833=EDGE_CURVE('',#2201,#2201,#171,.T.);
#2834=EDGE_CURVE('',#2202,#2203,#1160,.T.);
#2835=EDGE_CURVE('',#2203,#2195,#1161,.T.);
#2836=EDGE_CURVE('',#2202,#2194,#1162,.T.);
#2837=EDGE_CURVE('',#2204,#2202,#1163,.T.);
#2838=EDGE_CURVE('',#2205,#2191,#1164,.T.);
#2839=EDGE_CURVE('',#2204,#2205,#1165,.T.);
#2840=EDGE_CURVE('',#2206,#2204,#1166,.T.);
#2841=EDGE_CURVE('',#2207,#2205,#1167,.T.);
#2842=EDGE_CURVE('',#2206,#2207,#1168,.T.);
#2843=EDGE_CURVE('',#2208,#2206,#1169,.T.);
#2844=EDGE_CURVE('',#2209,#2207,#1170,.T.);
#2845=EDGE_CURVE('',#2208,#2209,#1171,.T.);
#2846=EDGE_CURVE('',#2210,#2208,#1172,.T.);
#2847=EDGE_CURVE('',#2211,#2209,#1173,.T.);
#2848=EDGE_CURVE('',#2210,#2211,#1174,.T.);
#2849=EDGE_CURVE('',#2212,#2210,#1175,.T.);
#2850=EDGE_CURVE('',#2213,#2211,#1176,.T.);
#2851=EDGE_CURVE('',#2212,#2213,#1177,.T.);
#2852=EDGE_CURVE('',#2214,#2212,#1178,.T.);
#2853=EDGE_CURVE('',#2215,#2213,#1179,.T.);
#2854=EDGE_CURVE('',#2214,#2215,#1180,.T.);
#2855=EDGE_CURVE('',#2216,#2214,#1181,.T.);
#2856=EDGE_CURVE('',#2190,#2215,#1182,.T.);
#2857=EDGE_CURVE('',#2216,#2199,#1183,.T.);
#2858=EDGE_CURVE('',#2217,#2216,#1184,.T.);
#2859=EDGE_CURVE('',#2217,#2198,#1185,.T.);
#2860=EDGE_CURVE('',#2218,#2217,#1186,.T.);
#2861=EDGE_CURVE('',#2218,#2197,#1187,.T.);
#2862=EDGE_CURVE('',#2219,#2218,#1188,.T.);
#2863=EDGE_CURVE('',#2219,#2196,#1189,.T.);
#2864=EDGE_CURVE('',#2203,#2219,#1190,.T.);
#2865=EDGE_CURVE('',#2220,#2221,#1191,.T.);
#2866=EDGE_CURVE('',#2222,#2220,#1192,.T.);
#2867=EDGE_CURVE('',#2222,#2223,#1193,.T.);
#2868=EDGE_CURVE('',#2221,#2223,#1194,.T.);
#2869=EDGE_CURVE('',#2224,#2225,#1195,.T.);
#2870=EDGE_CURVE('',#2226,#2224,#1196,.T.);
#2871=EDGE_CURVE('',#2227,#2226,#1197,.T.);
#2872=EDGE_CURVE('',#2225,#2227,#1198,.T.);
#2873=EDGE_CURVE('',#2228,#2226,#1199,.T.);
#2874=EDGE_CURVE('',#2229,#2228,#1200,.T.);
#2875=EDGE_CURVE('',#2227,#2229,#1201,.T.);
#2876=EDGE_CURVE('',#2230,#2228,#1202,.T.);
#2877=EDGE_CURVE('',#2231,#2230,#1203,.T.);
#2878=EDGE_CURVE('',#2229,#2231,#1204,.T.);
#2879=EDGE_CURVE('',#2232,#2230,#1205,.T.);
#2880=EDGE_CURVE('',#2233,#2232,#1206,.T.);
#2881=EDGE_CURVE('',#2231,#2233,#1207,.T.);
#2882=EDGE_CURVE('',#2223,#2232,#1208,.T.);
#2883=EDGE_CURVE('',#2233,#2222,#1209,.T.);
#2884=EDGE_CURVE('',#2234,#2235,#1210,.T.);
#2885=EDGE_CURVE('',#2224,#2235,#1211,.T.);
#2886=EDGE_CURVE('',#2234,#2225,#1212,.T.);
#2887=EDGE_CURVE('',#2236,#2220,#1213,.T.);
#2888=EDGE_CURVE('',#2237,#2236,#172,.T.);
#2889=EDGE_CURVE('',#2238,#2237,#1214,.T.);
#2890=EDGE_CURVE('',#2239,#2238,#1215,.T.);
#2891=EDGE_CURVE('',#2239,#2240,#1216,.T.);
#2892=EDGE_CURVE('',#2241,#2240,#173,.T.);
#2893=EDGE_CURVE('',#2241,#2234,#1217,.T.);
#2894=EDGE_CURVE('',#2242,#2243,#1218,.T.);
#2895=EDGE_CURVE('',#2242,#2244,#1219,.T.);
#2896=EDGE_CURVE('',#2245,#2244,#1220,.T.);
#2897=EDGE_CURVE('',#2245,#2243,#1221,.T.);
#2898=EDGE_CURVE('',#2240,#2246,#1222,.T.);
#2899=EDGE_CURVE('',#2247,#2239,#1223,.T.);
#2900=EDGE_CURVE('',#2247,#2248,#1224,.T.);
#2901=EDGE_CURVE('',#2248,#2249,#174,.T.);
#2902=EDGE_CURVE('',#2249,#2250,#175,.T.);
#2903=EDGE_CURVE('',#2251,#2250,#1225,.T.);
#2904=EDGE_CURVE('',#2252,#2251,#176,.T.);
#2905=EDGE_CURVE('',#2253,#2252,#1226,.T.);
#2906=EDGE_CURVE('',#2253,#2254,#177,.T.);
#2907=EDGE_CURVE('',#2254,#2255,#178,.T.);
#2908=EDGE_CURVE('',#2255,#2256,#1227,.T.);
#2909=EDGE_CURVE('',#2257,#2256,#1228,.T.);
#2910=EDGE_CURVE('',#2246,#2257,#1229,.T.);
#2911=EDGE_CURVE('',#2258,#2259,#179,.T.);
#2912=EDGE_CURVE('',#2260,#2258,#1230,.T.);
#2913=EDGE_CURVE('',#2261,#2260,#180,.T.);
#2914=EDGE_CURVE('',#2259,#2261,#1231,.T.);
#2915=EDGE_CURVE('',#2262,#2242,#1232,.T.);
#2916=EDGE_CURVE('',#2243,#2263,#1233,.T.);
#2917=EDGE_CURVE('',#2263,#2262,#1234,.T.);
#2918=EDGE_CURVE('',#2264,#2263,#1235,.T.);
#2919=EDGE_CURVE('',#2265,#2264,#1236,.T.);
#2920=EDGE_CURVE('',#2262,#2265,#1237,.T.);
#2921=EDGE_CURVE('',#2266,#2237,#1238,.T.);
#2922=EDGE_CURVE('',#2266,#2267,#1239,.T.);
#2923=EDGE_CURVE('',#2267,#2268,#1240,.T.);
#2924=EDGE_CURVE('',#2268,#2269,#1241,.T.);
#2925=EDGE_CURVE('',#2269,#2270,#181,.T.);
#2926=EDGE_CURVE('',#2270,#2271,#182,.T.);
#2927=EDGE_CURVE('',#2272,#2271,#1242,.T.);
#2928=EDGE_CURVE('',#2273,#2272,#183,.T.);
#2929=EDGE_CURVE('',#2274,#2273,#1243,.T.);
#2930=EDGE_CURVE('',#2274,#2275,#184,.T.);
#2931=EDGE_CURVE('',#2275,#2276,#185,.T.);
#2932=EDGE_CURVE('',#2276,#2277,#1244,.T.);
#2933=EDGE_CURVE('',#2277,#2238,#1245,.T.);
#2934=EDGE_CURVE('',#2244,#2265,#1246,.T.);
#2935=EDGE_CURVE('',#2264,#2245,#1247,.T.);
#2936=EDGE_CURVE('',#2278,#2279,#186,.T.);
#2937=EDGE_CURVE('',#2280,#2278,#1248,.T.);
#2938=EDGE_CURVE('',#2281,#2280,#187,.T.);
#2939=EDGE_CURVE('',#2279,#2281,#1249,.T.);
#2940=EDGE_CURVE('',#2276,#2248,#1250,.T.);
#2941=EDGE_CURVE('',#2275,#2249,#1251,.T.);
#2942=EDGE_CURVE('',#2255,#2269,#1252,.T.);
#2943=EDGE_CURVE('',#2254,#2270,#1253,.T.);
#2944=EDGE_CURVE('',#2250,#2274,#1254,.T.);
#2945=EDGE_CURVE('',#2251,#2273,#1255,.T.);
#2946=EDGE_CURVE('',#2271,#2253,#1256,.T.);
#2947=EDGE_CURVE('',#2252,#2272,#1257,.T.);
#2948=EDGE_CURVE('',#2261,#2280,#1258,.T.);
#2949=EDGE_CURVE('',#2259,#2278,#1259,.T.);
#2950=EDGE_CURVE('',#2260,#2281,#1260,.T.);
#2951=EDGE_CURVE('',#2258,#2279,#1261,.T.);
#2952=EDGE_CURVE('',#2277,#2247,#1262,.T.);
#2953=EDGE_CURVE('',#2256,#2268,#1263,.T.);
#2954=EDGE_CURVE('',#2257,#2267,#1264,.T.);
#2955=EDGE_CURVE('',#2236,#2282,#1265,.T.);
#2956=EDGE_CURVE('',#2282,#2266,#188,.T.);
#2957=EDGE_CURVE('',#2282,#2221,#1266,.T.);
#2958=EDGE_CURVE('',#2246,#2283,#189,.T.);
#2959=EDGE_CURVE('',#2283,#2241,#1267,.T.);
#2960=EDGE_CURVE('',#2283,#2235,#1268,.T.);
#2961=EDGE_CURVE('',#2284,#2285,#190,.T.);
#2962=EDGE_CURVE('',#2286,#2285,#1269,.T.);
#2963=EDGE_CURVE('',#2286,#2287,#191,.T.);
#2964=EDGE_CURVE('',#2287,#2284,#1270,.T.);
#2965=EDGE_CURVE('',#2288,#2289,#192,.T.);
#2966=EDGE_CURVE('',#2290,#2289,#1271,.T.);
#2967=EDGE_CURVE('',#2290,#2291,#193,.T.);
#2968=EDGE_CURVE('',#2291,#2288,#1272,.T.);
#2969=EDGE_CURVE('',#2292,#2286,#194,.T.);
#2970=EDGE_CURVE('',#2285,#2293,#195,.T.);
#2971=EDGE_CURVE('',#2293,#2292,#1273,.T.);
#2972=EDGE_CURVE('',#2294,#2293,#1274,.T.);
#2973=EDGE_CURVE('',#2294,#2295,#1275,.T.);
#2974=EDGE_CURVE('',#2292,#2295,#1276,.T.);
#2975=EDGE_CURVE('',#2296,#2284,#1277,.T.);
#2976=EDGE_CURVE('',#2297,#2296,#1278,.T.);
#2977=EDGE_CURVE('',#2298,#2297,#1279,.T.);
#2978=EDGE_CURVE('',#2299,#2298,#1280,.T.);
#2979=EDGE_CURVE('',#2300,#2299,#1281,.T.);
#2980=EDGE_CURVE('',#2301,#2300,#1282,.T.);
#2981=EDGE_CURVE('',#2291,#2301,#1283,.T.);
#2982=EDGE_CURVE('',#2302,#2290,#196,.T.);
#2983=EDGE_CURVE('',#2302,#2303,#1284,.T.);
#2984=EDGE_CURVE('',#2303,#2294,#197,.T.);
#2985=EDGE_CURVE('',#2304,#2305,#198,.T.);
#2986=EDGE_CURVE('',#2305,#2306,#1285,.T.);
#2987=EDGE_CURVE('',#2306,#2307,#199,.T.);
#2988=EDGE_CURVE('',#2307,#2304,#1286,.T.);
#2989=EDGE_CURVE('',#2308,#2309,#1287,.T.);
#2990=EDGE_CURVE('',#2309,#2310,#1288,.T.);
#2991=EDGE_CURVE('',#2310,#2311,#1289,.T.);
#2992=EDGE_CURVE('',#2311,#2308,#1290,.T.);
#2993=EDGE_CURVE('',#2289,#2312,#200,.T.);
#2994=EDGE_CURVE('',#2312,#2302,#1291,.T.);
#2995=EDGE_CURVE('',#2313,#2312,#1292,.T.);
#2996=EDGE_CURVE('',#2303,#2313,#1293,.T.);
#2997=EDGE_CURVE('',#2305,#2314,#1294,.T.);
#2998=EDGE_CURVE('',#2315,#2314,#1295,.T.);
#2999=EDGE_CURVE('',#2306,#2315,#1296,.T.);
#3000=EDGE_CURVE('',#2316,#2315,#201,.T.);
#3001=EDGE_CURVE('',#2307,#2316,#1297,.T.);
#3002=EDGE_CURVE('',#2317,#2316,#1298,.T.);
#3003=EDGE_CURVE('',#2304,#2317,#1299,.T.);
#3004=EDGE_CURVE('',#2314,#2317,#202,.T.);
#3005=EDGE_CURVE('',#2295,#2313,#203,.T.);
#3006=EDGE_CURVE('',#2287,#2318,#1300,.T.);
#3007=EDGE_CURVE('',#2296,#2318,#1301,.T.);
#3008=EDGE_CURVE('',#2319,#2301,#1302,.T.);
#3009=EDGE_CURVE('',#2319,#2288,#1303,.T.);
#3010=EDGE_CURVE('',#2320,#2318,#1304,.T.);
#3011=EDGE_CURVE('',#2297,#2320,#1305,.T.);
#3012=EDGE_CURVE('',#2300,#2321,#1306,.T.);
#3013=EDGE_CURVE('',#2319,#2321,#1307,.T.);
#3014=EDGE_CURVE('',#2322,#2323,#1308,.T.);
#3015=EDGE_CURVE('',#2322,#2309,#1309,.T.);
#3016=EDGE_CURVE('',#2323,#2308,#1310,.T.);
#3017=EDGE_CURVE('',#2324,#2322,#1311,.T.);
#3018=EDGE_CURVE('',#2324,#2310,#1312,.T.);
#3019=EDGE_CURVE('',#2325,#2324,#1313,.T.);
#3020=EDGE_CURVE('',#2325,#2311,#1314,.T.);
#3021=EDGE_CURVE('',#2323,#2325,#1315,.T.);
#3022=EDGE_CURVE('',#2298,#2326,#1316,.T.);
#3023=EDGE_CURVE('',#2327,#2326,#1317,.T.);
#3024=EDGE_CURVE('',#2299,#2327,#1318,.T.);
#3025=EDGE_CURVE('',#2321,#2327,#1319,.T.);
#3026=EDGE_CURVE('',#2326,#2320,#1320,.T.);
#3027=ORIENTED_EDGE('',*,*,#2328,.F.);
#3028=ORIENTED_EDGE('',*,*,#2329,.T.);
#3029=ORIENTED_EDGE('',*,*,#2330,.T.);
#3030=ORIENTED_EDGE('',*,*,#2331,.F.);
#3031=ORIENTED_EDGE('',*,*,#2332,.F.);
#3032=ORIENTED_EDGE('',*,*,#2333,.T.);
#3033=ORIENTED_EDGE('',*,*,#2334,.T.);
#3034=ORIENTED_EDGE('',*,*,#2329,.F.);
#3035=ORIENTED_EDGE('',*,*,#2335,.F.);
#3036=ORIENTED_EDGE('',*,*,#2331,.T.);
#3037=ORIENTED_EDGE('',*,*,#2336,.T.);
#3038=ORIENTED_EDGE('',*,*,#2337,.F.);
#3039=ORIENTED_EDGE('',*,*,#2336,.F.);
#3040=ORIENTED_EDGE('',*,*,#2330,.F.);
#3041=ORIENTED_EDGE('',*,*,#2334,.F.);
#3042=ORIENTED_EDGE('',*,*,#2338,.F.);
#3043=ORIENTED_EDGE('',*,*,#2339,.F.);
#3044=ORIENTED_EDGE('',*,*,#2340,.T.);
#3045=ORIENTED_EDGE('',*,*,#2341,.T.);
#3046=ORIENTED_EDGE('',*,*,#2342,.F.);
#3047=ORIENTED_EDGE('',*,*,#2343,.F.);
#3048=ORIENTED_EDGE('',*,*,#2344,.T.);
#3049=ORIENTED_EDGE('',*,*,#2345,.T.);
#3050=ORIENTED_EDGE('',*,*,#2340,.F.);
#3051=ORIENTED_EDGE('',*,*,#2346,.F.);
#3052=ORIENTED_EDGE('',*,*,#2342,.T.);
#3053=ORIENTED_EDGE('',*,*,#2347,.T.);
#3054=ORIENTED_EDGE('',*,*,#2348,.F.);
#3055=ORIENTED_EDGE('',*,*,#2347,.F.);
#3056=ORIENTED_EDGE('',*,*,#2341,.F.);
#3057=ORIENTED_EDGE('',*,*,#2345,.F.);
#3058=ORIENTED_EDGE('',*,*,#2349,.F.);
#3059=ORIENTED_EDGE('',*,*,#2350,.F.);
#3060=ORIENTED_EDGE('',*,*,#2351,.T.);
#3061=ORIENTED_EDGE('',*,*,#2352,.F.);
#3062=ORIENTED_EDGE('',*,*,#2353,.F.);
#3063=ORIENTED_EDGE('',*,*,#2354,.F.);
#3064=ORIENTED_EDGE('',*,*,#2353,.T.);
#3065=ORIENTED_EDGE('',*,*,#2355,.F.);
#3066=ORIENTED_EDGE('',*,*,#2356,.F.);
#3067=ORIENTED_EDGE('',*,*,#2357,.F.);
#3068=ORIENTED_EDGE('',*,*,#2358,.T.);
#3069=ORIENTED_EDGE('',*,*,#2359,.F.);
#3070=ORIENTED_EDGE('',*,*,#2351,.F.);
#3071=ORIENTED_EDGE('',*,*,#2359,.T.);
#3072=ORIENTED_EDGE('',*,*,#2360,.T.);
#3073=ORIENTED_EDGE('',*,*,#2355,.T.);
#3074=ORIENTED_EDGE('',*,*,#2352,.T.);
#3075=ORIENTED_EDGE('',*,*,#2361,.F.);
#3076=ORIENTED_EDGE('',*,*,#2362,.T.);
#3077=ORIENTED_EDGE('',*,*,#2363,.F.);
#3078=ORIENTED_EDGE('',*,*,#2364,.F.);
#3079=ORIENTED_EDGE('',*,*,#2365,.F.);
#3080=ORIENTED_EDGE('',*,*,#2364,.T.);
#3081=ORIENTED_EDGE('',*,*,#2366,.F.);
#3082=ORIENTED_EDGE('',*,*,#2367,.F.);
#3083=ORIENTED_EDGE('',*,*,#2368,.F.);
#3084=ORIENTED_EDGE('',*,*,#2369,.T.);
#3085=ORIENTED_EDGE('',*,*,#2370,.F.);
#3086=ORIENTED_EDGE('',*,*,#2362,.F.);
#3087=ORIENTED_EDGE('',*,*,#2370,.T.);
#3088=ORIENTED_EDGE('',*,*,#2371,.T.);
#3089=ORIENTED_EDGE('',*,*,#2366,.T.);
#3090=ORIENTED_EDGE('',*,*,#2363,.T.);
#3091=ORIENTED_EDGE('',*,*,#2372,.F.);
#3092=ORIENTED_EDGE('',*,*,#2373,.T.);
#3093=ORIENTED_EDGE('',*,*,#2374,.F.);
#3094=ORIENTED_EDGE('',*,*,#2373,.F.);
#3095=ORIENTED_EDGE('',*,*,#2375,.F.);
#3096=ORIENTED_EDGE('',*,*,#2376,.F.);
#3097=ORIENTED_EDGE('',*,*,#2377,.F.);
#3098=ORIENTED_EDGE('',*,*,#2378,.T.);
#3099=ORIENTED_EDGE('',*,*,#2372,.T.);
#3100=ORIENTED_EDGE('',*,*,#2379,.F.);
#3101=ORIENTED_EDGE('',*,*,#2378,.F.);
#3102=ORIENTED_EDGE('',*,*,#2380,.F.);
#3103=ORIENTED_EDGE('',*,*,#2381,.F.);
#3104=ORIENTED_EDGE('',*,*,#2382,.F.);
#3105=ORIENTED_EDGE('',*,*,#2383,.F.);
#3106=ORIENTED_EDGE('',*,*,#2384,.F.);
#3107=ORIENTED_EDGE('',*,*,#2376,.T.);
#3108=ORIENTED_EDGE('',*,*,#2382,.T.);
#3109=ORIENTED_EDGE('',*,*,#2375,.T.);
#3110=ORIENTED_EDGE('',*,*,#2379,.T.);
#3111=ORIENTED_EDGE('',*,*,#2385,.F.);
#3112=ORIENTED_EDGE('',*,*,#2386,.F.);
#3113=ORIENTED_EDGE('',*,*,#2387,.F.);
#3114=ORIENTED_EDGE('',*,*,#2388,.T.);
#3115=ORIENTED_EDGE('',*,*,#2389,.F.);
#3116=ORIENTED_EDGE('',*,*,#2381,.T.);
#3117=ORIENTED_EDGE('',*,*,#2390,.T.);
#3118=ORIENTED_EDGE('',*,*,#2391,.T.);
#3119=ORIENTED_EDGE('',*,*,#2385,.T.);
#3120=ORIENTED_EDGE('',*,*,#2380,.T.);
#3121=ORIENTED_EDGE('',*,*,#2377,.T.);
#3122=ORIENTED_EDGE('',*,*,#2384,.T.);
#3123=ORIENTED_EDGE('',*,*,#2392,.F.);
#3124=ORIENTED_EDGE('',*,*,#2393,.F.);
#3125=ORIENTED_EDGE('',*,*,#2394,.F.);
#3126=ORIENTED_EDGE('',*,*,#2395,.T.);
#3127=ORIENTED_EDGE('',*,*,#2396,.F.);
#3128=ORIENTED_EDGE('',*,*,#2397,.F.);
#3129=ORIENTED_EDGE('',*,*,#2398,.F.);
#3130=ORIENTED_EDGE('',*,*,#2399,.T.);
#3131=ORIENTED_EDGE('',*,*,#2390,.F.);
#3132=ORIENTED_EDGE('',*,*,#2400,.F.);
#3133=ORIENTED_EDGE('',*,*,#2393,.T.);
#3134=ORIENTED_EDGE('',*,*,#2401,.F.);
#3135=ORIENTED_EDGE('',*,*,#2388,.F.);
#3136=ORIENTED_EDGE('',*,*,#2402,.F.);
#3137=ORIENTED_EDGE('',*,*,#2386,.T.);
#3138=ORIENTED_EDGE('',*,*,#2391,.F.);
#3139=ORIENTED_EDGE('',*,*,#2399,.F.);
#3140=ORIENTED_EDGE('',*,*,#2383,.T.);
#3141=ORIENTED_EDGE('',*,*,#2389,.T.);
#3142=ORIENTED_EDGE('',*,*,#2401,.T.);
#3143=ORIENTED_EDGE('',*,*,#2392,.T.);
#3144=ORIENTED_EDGE('',*,*,#2403,.F.);
#3145=ORIENTED_EDGE('',*,*,#2404,.F.);
#3146=ORIENTED_EDGE('',*,*,#2405,.F.);
#3147=ORIENTED_EDGE('',*,*,#2406,.F.);
#3148=ORIENTED_EDGE('',*,*,#2407,.F.);
#3149=ORIENTED_EDGE('',*,*,#2406,.T.);
#3150=ORIENTED_EDGE('',*,*,#2408,.F.);
#3151=ORIENTED_EDGE('',*,*,#2409,.F.);
#3152=ORIENTED_EDGE('',*,*,#2397,.T.);
#3153=ORIENTED_EDGE('',*,*,#2410,.F.);
#3154=ORIENTED_EDGE('',*,*,#2411,.F.);
#3155=ORIENTED_EDGE('',*,*,#2412,.F.);
#3156=ORIENTED_EDGE('',*,*,#2395,.F.);
#3157=ORIENTED_EDGE('',*,*,#2413,.F.);
#3158=ORIENTED_EDGE('',*,*,#2414,.F.);
#3159=ORIENTED_EDGE('',*,*,#2404,.T.);
#3160=ORIENTED_EDGE('',*,*,#2408,.T.);
#3161=ORIENTED_EDGE('',*,*,#2405,.T.);
#3162=ORIENTED_EDGE('',*,*,#2414,.T.);
#3163=ORIENTED_EDGE('',*,*,#2415,.F.);
#3164=ORIENTED_EDGE('',*,*,#2416,.F.);
#3165=ORIENTED_EDGE('',*,*,#2417,.F.);
#3166=ORIENTED_EDGE('',*,*,#2418,.F.);
#3167=ORIENTED_EDGE('',*,*,#2419,.F.);
#3168=ORIENTED_EDGE('',*,*,#2420,.F.);
#3169=ORIENTED_EDGE('',*,*,#2421,.F.);
#3170=ORIENTED_EDGE('',*,*,#2422,.F.);
#3171=ORIENTED_EDGE('',*,*,#2423,.F.);
#3172=ORIENTED_EDGE('',*,*,#2411,.T.);
#3173=ORIENTED_EDGE('',*,*,#2403,.T.);
#3174=ORIENTED_EDGE('',*,*,#2407,.T.);
#3175=ORIENTED_EDGE('',*,*,#2424,.T.);
#3176=ORIENTED_EDGE('',*,*,#2425,.F.);
#3177=ORIENTED_EDGE('',*,*,#2426,.F.);
#3178=ORIENTED_EDGE('',*,*,#2427,.T.);
#3179=ORIENTED_EDGE('',*,*,#2428,.T.);
#3180=ORIENTED_EDGE('',*,*,#2429,.F.);
#3181=ORIENTED_EDGE('',*,*,#2430,.F.);
#3182=ORIENTED_EDGE('',*,*,#2422,.T.);
#3183=ORIENTED_EDGE('',*,*,#2431,.F.);
#3184=ORIENTED_EDGE('',*,*,#2432,.F.);
#3185=ORIENTED_EDGE('',*,*,#2433,.T.);
#3186=ORIENTED_EDGE('',*,*,#2416,.T.);
#3187=ORIENTED_EDGE('',*,*,#2434,.F.);
#3188=ORIENTED_EDGE('',*,*,#2435,.F.);
#3189=ORIENTED_EDGE('',*,*,#2436,.T.);
#3190=ORIENTED_EDGE('',*,*,#2417,.T.);
#3191=ORIENTED_EDGE('',*,*,#2433,.F.);
#3192=ORIENTED_EDGE('',*,*,#2437,.F.);
#3193=ORIENTED_EDGE('',*,*,#2438,.T.);
#3194=ORIENTED_EDGE('',*,*,#2418,.T.);
#3195=ORIENTED_EDGE('',*,*,#2436,.F.);
#3196=ORIENTED_EDGE('',*,*,#2439,.F.);
#3197=ORIENTED_EDGE('',*,*,#2440,.T.);
#3198=ORIENTED_EDGE('',*,*,#2419,.T.);
#3199=ORIENTED_EDGE('',*,*,#2438,.F.);
#3200=ORIENTED_EDGE('',*,*,#2441,.F.);
#3201=ORIENTED_EDGE('',*,*,#2442,.T.);
#3202=ORIENTED_EDGE('',*,*,#2420,.T.);
#3203=ORIENTED_EDGE('',*,*,#2440,.F.);
#3204=ORIENTED_EDGE('',*,*,#2443,.F.);
#3205=ORIENTED_EDGE('',*,*,#2431,.T.);
#3206=ORIENTED_EDGE('',*,*,#2421,.T.);
#3207=ORIENTED_EDGE('',*,*,#2442,.F.);
#3208=ORIENTED_EDGE('',*,*,#2398,.T.);
#3209=ORIENTED_EDGE('',*,*,#2409,.T.);
#3210=ORIENTED_EDGE('',*,*,#2423,.T.);
#3211=ORIENTED_EDGE('',*,*,#2430,.T.);
#3212=ORIENTED_EDGE('',*,*,#2444,.T.);
#3213=ORIENTED_EDGE('',*,*,#2445,.T.);
#3214=ORIENTED_EDGE('',*,*,#2446,.T.);
#3215=ORIENTED_EDGE('',*,*,#2447,.T.);
#3216=ORIENTED_EDGE('',*,*,#2448,.T.);
#3217=ORIENTED_EDGE('',*,*,#2449,.T.);
#3218=ORIENTED_EDGE('',*,*,#2450,.T.);
#3219=ORIENTED_EDGE('',*,*,#2451,.T.);
#3220=ORIENTED_EDGE('',*,*,#2452,.T.);
#3221=ORIENTED_EDGE('',*,*,#2434,.T.);
#3222=ORIENTED_EDGE('',*,*,#2415,.T.);
#3223=ORIENTED_EDGE('',*,*,#2413,.T.);
#3224=ORIENTED_EDGE('',*,*,#2394,.T.);
#3225=ORIENTED_EDGE('',*,*,#2400,.T.);
#3226=ORIENTED_EDGE('',*,*,#2387,.T.);
#3227=ORIENTED_EDGE('',*,*,#2402,.T.);
#3228=ORIENTED_EDGE('',*,*,#2453,.F.);
#3229=ORIENTED_EDGE('',*,*,#2454,.F.);
#3230=ORIENTED_EDGE('',*,*,#2448,.F.);
#3231=ORIENTED_EDGE('',*,*,#2455,.F.);
#3232=ORIENTED_EDGE('',*,*,#2456,.F.);
#3233=ORIENTED_EDGE('',*,*,#2455,.T.);
#3234=ORIENTED_EDGE('',*,*,#2447,.F.);
#3235=ORIENTED_EDGE('',*,*,#2457,.F.);
#3236=ORIENTED_EDGE('',*,*,#2458,.T.);
#3237=ORIENTED_EDGE('',*,*,#2459,.F.);
#3238=ORIENTED_EDGE('',*,*,#2460,.F.);
#3239=ORIENTED_EDGE('',*,*,#2458,.F.);
#3240=ORIENTED_EDGE('',*,*,#2461,.F.);
#3241=ORIENTED_EDGE('',*,*,#2462,.T.);
#3242=ORIENTED_EDGE('',*,*,#2463,.F.);
#3243=ORIENTED_EDGE('',*,*,#2464,.F.);
#3244=ORIENTED_EDGE('',*,*,#2462,.F.);
#3245=ORIENTED_EDGE('',*,*,#2465,.F.);
#3246=ORIENTED_EDGE('',*,*,#2449,.F.);
#3247=ORIENTED_EDGE('',*,*,#2454,.T.);
#3248=ORIENTED_EDGE('',*,*,#2465,.T.);
#3249=ORIENTED_EDGE('',*,*,#2461,.T.);
#3250=ORIENTED_EDGE('',*,*,#2457,.T.);
#3251=ORIENTED_EDGE('',*,*,#2446,.F.);
#3252=ORIENTED_EDGE('',*,*,#2466,.F.);
#3253=ORIENTED_EDGE('',*,*,#2467,.T.);
#3254=ORIENTED_EDGE('',*,*,#2468,.T.);
#3255=ORIENTED_EDGE('',*,*,#2450,.F.);
#3256=ORIENTED_EDGE('',*,*,#2412,.T.);
#3257=ORIENTED_EDGE('',*,*,#2428,.F.);
#3258=ORIENTED_EDGE('',*,*,#2469,.F.);
#3259=ORIENTED_EDGE('',*,*,#2470,.F.);
#3260=ORIENTED_EDGE('',*,*,#2463,.T.);
#3261=ORIENTED_EDGE('',*,*,#2453,.T.);
#3262=ORIENTED_EDGE('',*,*,#2456,.T.);
#3263=ORIENTED_EDGE('',*,*,#2471,.F.);
#3264=ORIENTED_EDGE('',*,*,#2472,.F.);
#3265=ORIENTED_EDGE('',*,*,#2424,.F.);
#3266=ORIENTED_EDGE('',*,*,#2410,.T.);
#3267=ORIENTED_EDGE('',*,*,#2396,.T.);
#3268=ORIENTED_EDGE('',*,*,#2374,.T.);
#3269=ORIENTED_EDGE('',*,*,#2335,.T.);
#3270=ORIENTED_EDGE('',*,*,#2473,.F.);
#3271=ORIENTED_EDGE('',*,*,#2425,.T.);
#3272=ORIENTED_EDGE('',*,*,#2472,.T.);
#3273=ORIENTED_EDGE('',*,*,#2474,.F.);
#3274=ORIENTED_EDGE('',*,*,#2475,.F.);
#3275=ORIENTED_EDGE('',*,*,#2343,.T.);
#3276=ORIENTED_EDGE('',*,*,#2339,.T.);
#3277=ORIENTED_EDGE('',*,*,#2346,.T.);
#3278=ORIENTED_EDGE('',*,*,#2476,.F.);
#3279=ORIENTED_EDGE('',*,*,#2332,.T.);
#3280=ORIENTED_EDGE('',*,*,#2328,.T.);
#3281=ORIENTED_EDGE('',*,*,#2354,.T.);
#3282=ORIENTED_EDGE('',*,*,#2477,.F.);
#3283=ORIENTED_EDGE('',*,*,#2368,.T.);
#3284=ORIENTED_EDGE('',*,*,#2361,.T.);
#3285=ORIENTED_EDGE('',*,*,#2365,.T.);
#3286=ORIENTED_EDGE('',*,*,#2478,.F.);
#3287=ORIENTED_EDGE('',*,*,#2479,.T.);
#3288=ORIENTED_EDGE('',*,*,#2469,.T.);
#3289=ORIENTED_EDGE('',*,*,#2427,.F.);
#3290=ORIENTED_EDGE('',*,*,#2480,.F.);
#3291=ORIENTED_EDGE('',*,*,#2357,.T.);
#3292=ORIENTED_EDGE('',*,*,#2350,.T.);
#3293=ORIENTED_EDGE('',*,*,#2464,.T.);
#3294=ORIENTED_EDGE('',*,*,#2470,.T.);
#3295=ORIENTED_EDGE('',*,*,#2479,.F.);
#3296=ORIENTED_EDGE('',*,*,#2481,.F.);
#3297=ORIENTED_EDGE('',*,*,#2474,.T.);
#3298=ORIENTED_EDGE('',*,*,#2471,.T.);
#3299=ORIENTED_EDGE('',*,*,#2459,.T.);
#3300=ORIENTED_EDGE('',*,*,#2460,.T.);
#3301=ORIENTED_EDGE('',*,*,#2482,.T.);
#3302=ORIENTED_EDGE('',*,*,#2483,.T.);
#3303=ORIENTED_EDGE('',*,*,#2451,.F.);
#3304=ORIENTED_EDGE('',*,*,#2468,.F.);
#3305=ORIENTED_EDGE('',*,*,#2484,.T.);
#3306=ORIENTED_EDGE('',*,*,#2466,.T.);
#3307=ORIENTED_EDGE('',*,*,#2445,.F.);
#3308=ORIENTED_EDGE('',*,*,#2485,.F.);
#3309=ORIENTED_EDGE('',*,*,#2432,.T.);
#3310=ORIENTED_EDGE('',*,*,#2452,.F.);
#3311=ORIENTED_EDGE('',*,*,#2483,.F.);
#3312=ORIENTED_EDGE('',*,*,#2486,.T.);
#3313=ORIENTED_EDGE('',*,*,#2485,.T.);
#3314=ORIENTED_EDGE('',*,*,#2444,.F.);
#3315=ORIENTED_EDGE('',*,*,#2429,.T.);
#3316=ORIENTED_EDGE('',*,*,#2443,.T.);
#3317=ORIENTED_EDGE('',*,*,#2441,.T.);
#3318=ORIENTED_EDGE('',*,*,#2439,.T.);
#3319=ORIENTED_EDGE('',*,*,#2437,.T.);
#3320=ORIENTED_EDGE('',*,*,#2435,.T.);
#3321=ORIENTED_EDGE('',*,*,#2486,.F.);
#3322=ORIENTED_EDGE('',*,*,#2482,.F.);
#3323=ORIENTED_EDGE('',*,*,#2467,.F.);
#3324=ORIENTED_EDGE('',*,*,#2484,.F.);
#3325=ORIENTED_EDGE('',*,*,#2473,.T.);
#3326=ORIENTED_EDGE('',*,*,#2337,.T.);
#3327=ORIENTED_EDGE('',*,*,#2338,.T.);
#3328=ORIENTED_EDGE('',*,*,#2333,.F.);
#3329=ORIENTED_EDGE('',*,*,#2476,.T.);
#3330=ORIENTED_EDGE('',*,*,#2348,.T.);
#3331=ORIENTED_EDGE('',*,*,#2349,.T.);
#3332=ORIENTED_EDGE('',*,*,#2344,.F.);
#3333=ORIENTED_EDGE('',*,*,#2475,.T.);
#3334=ORIENTED_EDGE('',*,*,#2481,.T.);
#3335=ORIENTED_EDGE('',*,*,#2478,.T.);
#3336=ORIENTED_EDGE('',*,*,#2367,.T.);
#3337=ORIENTED_EDGE('',*,*,#2371,.F.);
#3338=ORIENTED_EDGE('',*,*,#2369,.F.);
#3339=ORIENTED_EDGE('',*,*,#2477,.T.);
#3340=ORIENTED_EDGE('',*,*,#2356,.T.);
#3341=ORIENTED_EDGE('',*,*,#2360,.F.);
#3342=ORIENTED_EDGE('',*,*,#2358,.F.);
#3343=ORIENTED_EDGE('',*,*,#2480,.T.);
#3344=ORIENTED_EDGE('',*,*,#2426,.T.);
#3345=ORIENTED_EDGE('',*,*,#2487,.F.);
#3346=ORIENTED_EDGE('',*,*,#2488,.T.);
#3347=ORIENTED_EDGE('',*,*,#2489,.T.);
#3348=ORIENTED_EDGE('',*,*,#2490,.F.);
#3349=ORIENTED_EDGE('',*,*,#2489,.F.);
#3350=ORIENTED_EDGE('',*,*,#2491,.T.);
#3351=ORIENTED_EDGE('',*,*,#2492,.F.);
#3352=ORIENTED_EDGE('',*,*,#2493,.T.);
#3353=ORIENTED_EDGE('',*,*,#2487,.T.);
#3354=ORIENTED_EDGE('',*,*,#2494,.T.);
#3355=ORIENTED_EDGE('',*,*,#2495,.F.);
#3356=ORIENTED_EDGE('',*,*,#2496,.T.);
#3357=ORIENTED_EDGE('',*,*,#2492,.T.);
#3358=ORIENTED_EDGE('',*,*,#2497,.T.);
#3359=ORIENTED_EDGE('',*,*,#2498,.F.);
#3360=ORIENTED_EDGE('',*,*,#2499,.T.);
#3361=ORIENTED_EDGE('',*,*,#2495,.T.);
#3362=ORIENTED_EDGE('',*,*,#2500,.T.);
#3363=ORIENTED_EDGE('',*,*,#2501,.F.);
#3364=ORIENTED_EDGE('',*,*,#2502,.T.);
#3365=ORIENTED_EDGE('',*,*,#2498,.T.);
#3366=ORIENTED_EDGE('',*,*,#2503,.T.);
#3367=ORIENTED_EDGE('',*,*,#2504,.F.);
#3368=ORIENTED_EDGE('',*,*,#2505,.F.);
#3369=ORIENTED_EDGE('',*,*,#2506,.T.);
#3370=ORIENTED_EDGE('',*,*,#2507,.T.);
#3371=ORIENTED_EDGE('',*,*,#2508,.T.);
#3372=ORIENTED_EDGE('',*,*,#2509,.T.);
#3373=ORIENTED_EDGE('',*,*,#2510,.T.);
#3374=ORIENTED_EDGE('',*,*,#2511,.T.);
#3375=ORIENTED_EDGE('',*,*,#2512,.T.);
#3376=ORIENTED_EDGE('',*,*,#2513,.T.);
#3377=ORIENTED_EDGE('',*,*,#2506,.F.);
#3378=ORIENTED_EDGE('',*,*,#2514,.T.);
#3379=ORIENTED_EDGE('',*,*,#2515,.T.);
#3380=ORIENTED_EDGE('',*,*,#2516,.T.);
#3381=ORIENTED_EDGE('',*,*,#2517,.T.);
#3382=ORIENTED_EDGE('',*,*,#2515,.F.);
#3383=ORIENTED_EDGE('',*,*,#2518,.F.);
#3384=ORIENTED_EDGE('',*,*,#2514,.F.);
#3385=ORIENTED_EDGE('',*,*,#2516,.F.);
#3386=ORIENTED_EDGE('',*,*,#2517,.F.);
#3387=ORIENTED_EDGE('',*,*,#2519,.T.);
#3388=ORIENTED_EDGE('',*,*,#2520,.F.);
#3389=ORIENTED_EDGE('',*,*,#2519,.F.);
#3390=ORIENTED_EDGE('',*,*,#2518,.T.);
#3391=ORIENTED_EDGE('',*,*,#2521,.T.);
#3392=ORIENTED_EDGE('',*,*,#2504,.T.);
#3393=ORIENTED_EDGE('',*,*,#2505,.T.);
#3394=ORIENTED_EDGE('',*,*,#2521,.F.);
#3395=ORIENTED_EDGE('',*,*,#2512,.F.);
#3396=ORIENTED_EDGE('',*,*,#2522,.T.);
#3397=ORIENTED_EDGE('',*,*,#2501,.T.);
#3398=ORIENTED_EDGE('',*,*,#2523,.T.);
#3399=ORIENTED_EDGE('',*,*,#2510,.F.);
#3400=ORIENTED_EDGE('',*,*,#2524,.T.);
#3401=ORIENTED_EDGE('',*,*,#2525,.T.);
#3402=ORIENTED_EDGE('',*,*,#2526,.T.);
#3403=ORIENTED_EDGE('',*,*,#2509,.F.);
#3404=ORIENTED_EDGE('',*,*,#2527,.T.);
#3405=ORIENTED_EDGE('',*,*,#2528,.T.);
#3406=ORIENTED_EDGE('',*,*,#2524,.F.);
#3407=ORIENTED_EDGE('',*,*,#2525,.F.);
#3408=ORIENTED_EDGE('',*,*,#2528,.F.);
#3409=ORIENTED_EDGE('',*,*,#2529,.F.);
#3410=ORIENTED_EDGE('',*,*,#2507,.F.);
#3411=ORIENTED_EDGE('',*,*,#2513,.F.);
#3412=ORIENTED_EDGE('',*,*,#2523,.F.);
#3413=ORIENTED_EDGE('',*,*,#2503,.F.);
#3414=ORIENTED_EDGE('',*,*,#2500,.F.);
#3415=ORIENTED_EDGE('',*,*,#2497,.F.);
#3416=ORIENTED_EDGE('',*,*,#2494,.F.);
#3417=ORIENTED_EDGE('',*,*,#2530,.T.);
#3418=ORIENTED_EDGE('',*,*,#2531,.T.);
#3419=ORIENTED_EDGE('',*,*,#2508,.F.);
#3420=ORIENTED_EDGE('',*,*,#2529,.T.);
#3421=ORIENTED_EDGE('',*,*,#2527,.F.);
#3422=ORIENTED_EDGE('',*,*,#2532,.T.);
#3423=ORIENTED_EDGE('',*,*,#2488,.F.);
#3424=ORIENTED_EDGE('',*,*,#2493,.F.);
#3425=ORIENTED_EDGE('',*,*,#2496,.F.);
#3426=ORIENTED_EDGE('',*,*,#2499,.F.);
#3427=ORIENTED_EDGE('',*,*,#2502,.F.);
#3428=ORIENTED_EDGE('',*,*,#2522,.F.);
#3429=ORIENTED_EDGE('',*,*,#2511,.F.);
#3430=ORIENTED_EDGE('',*,*,#2526,.F.);
#3431=ORIENTED_EDGE('',*,*,#2531,.F.);
#3432=ORIENTED_EDGE('',*,*,#2491,.F.);
#3433=ORIENTED_EDGE('',*,*,#2532,.F.);
#3434=ORIENTED_EDGE('',*,*,#2530,.F.);
#3435=ORIENTED_EDGE('',*,*,#2533,.T.);
#3436=ORIENTED_EDGE('',*,*,#2534,.T.);
#3437=ORIENTED_EDGE('',*,*,#2535,.F.);
#3438=ORIENTED_EDGE('',*,*,#2536,.F.);
#3439=ORIENTED_EDGE('',*,*,#2537,.T.);
#3440=ORIENTED_EDGE('',*,*,#2536,.T.);
#3441=ORIENTED_EDGE('',*,*,#2538,.F.);
#3442=ORIENTED_EDGE('',*,*,#2539,.F.);
#3443=ORIENTED_EDGE('',*,*,#2540,.T.);
#3444=ORIENTED_EDGE('',*,*,#2539,.T.);
#3445=ORIENTED_EDGE('',*,*,#2541,.F.);
#3446=ORIENTED_EDGE('',*,*,#2542,.F.);
#3447=ORIENTED_EDGE('',*,*,#2543,.T.);
#3448=ORIENTED_EDGE('',*,*,#2542,.T.);
#3449=ORIENTED_EDGE('',*,*,#2544,.F.);
#3450=ORIENTED_EDGE('',*,*,#2534,.F.);
#3451=ORIENTED_EDGE('',*,*,#2544,.T.);
#3452=ORIENTED_EDGE('',*,*,#2541,.T.);
#3453=ORIENTED_EDGE('',*,*,#2538,.T.);
#3454=ORIENTED_EDGE('',*,*,#2535,.T.);
#3455=ORIENTED_EDGE('',*,*,#2490,.T.);
#3456=ORIENTED_EDGE('',*,*,#2543,.F.);
#3457=ORIENTED_EDGE('',*,*,#2533,.F.);
#3458=ORIENTED_EDGE('',*,*,#2537,.F.);
#3459=ORIENTED_EDGE('',*,*,#2540,.F.);
#3460=ORIENTED_EDGE('',*,*,#2520,.T.);
#3461=ORIENTED_EDGE('',*,*,#2545,.T.);
#3462=ORIENTED_EDGE('',*,*,#2546,.T.);
#3463=ORIENTED_EDGE('',*,*,#2547,.T.);
#3464=ORIENTED_EDGE('',*,*,#2548,.T.);
#3465=ORIENTED_EDGE('',*,*,#2547,.F.);
#3466=ORIENTED_EDGE('',*,*,#2549,.F.);
#3467=ORIENTED_EDGE('',*,*,#2550,.F.);
#3468=ORIENTED_EDGE('',*,*,#2551,.F.);
#3469=ORIENTED_EDGE('',*,*,#2552,.F.);
#3470=ORIENTED_EDGE('',*,*,#2553,.T.);
#3471=ORIENTED_EDGE('',*,*,#2554,.F.);
#3472=ORIENTED_EDGE('',*,*,#2546,.F.);
#3473=ORIENTED_EDGE('',*,*,#2555,.T.);
#3474=ORIENTED_EDGE('',*,*,#2556,.F.);
#3475=ORIENTED_EDGE('',*,*,#2557,.T.);
#3476=ORIENTED_EDGE('',*,*,#2558,.F.);
#3477=ORIENTED_EDGE('',*,*,#2559,.T.);
#3478=ORIENTED_EDGE('',*,*,#2560,.F.);
#3479=ORIENTED_EDGE('',*,*,#2561,.T.);
#3480=ORIENTED_EDGE('',*,*,#2562,.F.);
#3481=ORIENTED_EDGE('',*,*,#2563,.T.);
#3482=ORIENTED_EDGE('',*,*,#2564,.F.);
#3483=ORIENTED_EDGE('',*,*,#2565,.T.);
#3484=ORIENTED_EDGE('',*,*,#2566,.F.);
#3485=ORIENTED_EDGE('',*,*,#2549,.T.);
#3486=ORIENTED_EDGE('',*,*,#2567,.T.);
#3487=ORIENTED_EDGE('',*,*,#2558,.T.);
#3488=ORIENTED_EDGE('',*,*,#2568,.T.);
#3489=ORIENTED_EDGE('',*,*,#2569,.T.);
#3490=ORIENTED_EDGE('',*,*,#2568,.F.);
#3491=ORIENTED_EDGE('',*,*,#2557,.F.);
#3492=ORIENTED_EDGE('',*,*,#2570,.T.);
#3493=ORIENTED_EDGE('',*,*,#2571,.F.);
#3494=ORIENTED_EDGE('',*,*,#2572,.T.);
#3495=ORIENTED_EDGE('',*,*,#2573,.F.);
#3496=ORIENTED_EDGE('',*,*,#2574,.F.);
#3497=ORIENTED_EDGE('',*,*,#2575,.T.);
#3498=ORIENTED_EDGE('',*,*,#2556,.T.);
#3499=ORIENTED_EDGE('',*,*,#2576,.T.);
#3500=ORIENTED_EDGE('',*,*,#2577,.F.);
#3501=ORIENTED_EDGE('',*,*,#2575,.F.);
#3502=ORIENTED_EDGE('',*,*,#2578,.T.);
#3503=ORIENTED_EDGE('',*,*,#2570,.F.);
#3504=ORIENTED_EDGE('',*,*,#2579,.T.);
#3505=ORIENTED_EDGE('',*,*,#2550,.T.);
#3506=ORIENTED_EDGE('',*,*,#2566,.T.);
#3507=ORIENTED_EDGE('',*,*,#2580,.T.);
#3508=ORIENTED_EDGE('',*,*,#2580,.F.);
#3509=ORIENTED_EDGE('',*,*,#2565,.F.);
#3510=ORIENTED_EDGE('',*,*,#2581,.F.);
#3511=ORIENTED_EDGE('',*,*,#2582,.F.);
#3512=ORIENTED_EDGE('',*,*,#2564,.T.);
#3513=ORIENTED_EDGE('',*,*,#2583,.T.);
#3514=ORIENTED_EDGE('',*,*,#2584,.T.);
#3515=ORIENTED_EDGE('',*,*,#2581,.T.);
#3516=ORIENTED_EDGE('',*,*,#2579,.F.);
#3517=ORIENTED_EDGE('',*,*,#2582,.T.);
#3518=ORIENTED_EDGE('',*,*,#2584,.F.);
#3519=ORIENTED_EDGE('',*,*,#2585,.T.);
#3520=ORIENTED_EDGE('',*,*,#2586,.F.);
#3521=ORIENTED_EDGE('',*,*,#2587,.T.);
#3522=ORIENTED_EDGE('',*,*,#2588,.F.);
#3523=ORIENTED_EDGE('',*,*,#2589,.T.);
#3524=ORIENTED_EDGE('',*,*,#2590,.T.);
#3525=ORIENTED_EDGE('',*,*,#2571,.T.);
#3526=ORIENTED_EDGE('',*,*,#2578,.F.);
#3527=ORIENTED_EDGE('',*,*,#2577,.T.);
#3528=ORIENTED_EDGE('',*,*,#2591,.T.);
#3529=ORIENTED_EDGE('',*,*,#2592,.T.);
#3530=ORIENTED_EDGE('',*,*,#2593,.T.);
#3531=ORIENTED_EDGE('',*,*,#2551,.T.);
#3532=ORIENTED_EDGE('',*,*,#2583,.F.);
#3533=ORIENTED_EDGE('',*,*,#2563,.F.);
#3534=ORIENTED_EDGE('',*,*,#2594,.F.);
#3535=ORIENTED_EDGE('',*,*,#2585,.F.);
#3536=ORIENTED_EDGE('',*,*,#2586,.T.);
#3537=ORIENTED_EDGE('',*,*,#2594,.T.);
#3538=ORIENTED_EDGE('',*,*,#2562,.T.);
#3539=ORIENTED_EDGE('',*,*,#2595,.T.);
#3540=ORIENTED_EDGE('',*,*,#2560,.T.);
#3541=ORIENTED_EDGE('',*,*,#2596,.T.);
#3542=ORIENTED_EDGE('',*,*,#2588,.T.);
#3543=ORIENTED_EDGE('',*,*,#2597,.T.);
#3544=ORIENTED_EDGE('',*,*,#2567,.F.);
#3545=ORIENTED_EDGE('',*,*,#2598,.T.);
#3546=ORIENTED_EDGE('',*,*,#2599,.F.);
#3547=ORIENTED_EDGE('',*,*,#2600,.T.);
#3548=ORIENTED_EDGE('',*,*,#2589,.F.);
#3549=ORIENTED_EDGE('',*,*,#2596,.F.);
#3550=ORIENTED_EDGE('',*,*,#2559,.F.);
#3551=ORIENTED_EDGE('',*,*,#2601,.T.);
#3552=ORIENTED_EDGE('',*,*,#2602,.T.);
#3553=ORIENTED_EDGE('',*,*,#2603,.F.);
#3554=ORIENTED_EDGE('',*,*,#2604,.T.);
#3555=ORIENTED_EDGE('',*,*,#2605,.T.);
#3556=ORIENTED_EDGE('',*,*,#2606,.T.);
#3557=ORIENTED_EDGE('',*,*,#2607,.T.);
#3558=ORIENTED_EDGE('',*,*,#2608,.T.);
#3559=ORIENTED_EDGE('',*,*,#2609,.T.);
#3560=ORIENTED_EDGE('',*,*,#2610,.T.);
#3561=ORIENTED_EDGE('',*,*,#2609,.F.);
#3562=ORIENTED_EDGE('',*,*,#2611,.F.);
#3563=ORIENTED_EDGE('',*,*,#2612,.F.);
#3564=ORIENTED_EDGE('',*,*,#2613,.F.);
#3565=ORIENTED_EDGE('',*,*,#2614,.F.);
#3566=ORIENTED_EDGE('',*,*,#2615,.F.);
#3567=ORIENTED_EDGE('',*,*,#2616,.F.);
#3568=ORIENTED_EDGE('',*,*,#2617,.F.);
#3569=ORIENTED_EDGE('',*,*,#2618,.F.);
#3570=ORIENTED_EDGE('',*,*,#2619,.F.);
#3571=ORIENTED_EDGE('',*,*,#2620,.F.);
#3572=ORIENTED_EDGE('',*,*,#2621,.T.);
#3573=ORIENTED_EDGE('',*,*,#2622,.F.);
#3574=ORIENTED_EDGE('',*,*,#2623,.F.);
#3575=ORIENTED_EDGE('',*,*,#2624,.T.);
#3576=ORIENTED_EDGE('',*,*,#2625,.T.);
#3577=ORIENTED_EDGE('',*,*,#2626,.F.);
#3578=ORIENTED_EDGE('',*,*,#2627,.T.);
#3579=ORIENTED_EDGE('',*,*,#2628,.F.);
#3580=ORIENTED_EDGE('',*,*,#2629,.F.);
#3581=ORIENTED_EDGE('',*,*,#2630,.T.);
#3582=ORIENTED_EDGE('',*,*,#2626,.T.);
#3583=ORIENTED_EDGE('',*,*,#2631,.T.);
#3584=ORIENTED_EDGE('',*,*,#2632,.T.);
#3585=ORIENTED_EDGE('',*,*,#2633,.F.);
#3586=ORIENTED_EDGE('',*,*,#2634,.T.);
#3587=ORIENTED_EDGE('',*,*,#2635,.F.);
#3588=ORIENTED_EDGE('',*,*,#2636,.T.);
#3589=ORIENTED_EDGE('',*,*,#2637,.F.);
#3590=ORIENTED_EDGE('',*,*,#2638,.T.);
#3591=ORIENTED_EDGE('',*,*,#2639,.F.);
#3592=ORIENTED_EDGE('',*,*,#2640,.T.);
#3593=ORIENTED_EDGE('',*,*,#2641,.F.);
#3594=ORIENTED_EDGE('',*,*,#2642,.T.);
#3595=ORIENTED_EDGE('',*,*,#2643,.F.);
#3596=ORIENTED_EDGE('',*,*,#2644,.F.);
#3597=ORIENTED_EDGE('',*,*,#2645,.T.);
#3598=ORIENTED_EDGE('',*,*,#2633,.T.);
#3599=ORIENTED_EDGE('',*,*,#2646,.T.);
#3600=ORIENTED_EDGE('',*,*,#2647,.T.);
#3601=ORIENTED_EDGE('',*,*,#2648,.T.);
#3602=ORIENTED_EDGE('',*,*,#2649,.T.);
#3603=ORIENTED_EDGE('',*,*,#2650,.T.);
#3604=ORIENTED_EDGE('',*,*,#2615,.T.);
#3605=ORIENTED_EDGE('',*,*,#2650,.F.);
#3606=ORIENTED_EDGE('',*,*,#2651,.F.);
#3607=ORIENTED_EDGE('',*,*,#2652,.F.);
#3608=ORIENTED_EDGE('',*,*,#2653,.T.);
#3609=ORIENTED_EDGE('',*,*,#2654,.F.);
#3610=ORIENTED_EDGE('',*,*,#2616,.T.);
#3611=ORIENTED_EDGE('',*,*,#2652,.T.);
#3612=ORIENTED_EDGE('',*,*,#2655,.T.);
#3613=ORIENTED_EDGE('',*,*,#2656,.T.);
#3614=ORIENTED_EDGE('',*,*,#2657,.T.);
#3615=ORIENTED_EDGE('',*,*,#2621,.F.);
#3616=ORIENTED_EDGE('',*,*,#2658,.F.);
#3617=ORIENTED_EDGE('',*,*,#2659,.F.);
#3618=ORIENTED_EDGE('',*,*,#2660,.F.);
#3619=ORIENTED_EDGE('',*,*,#2653,.F.);
#3620=ORIENTED_EDGE('',*,*,#2657,.F.);
#3621=ORIENTED_EDGE('',*,*,#2661,.F.);
#3622=ORIENTED_EDGE('',*,*,#2662,.F.);
#3623=ORIENTED_EDGE('',*,*,#2663,.F.);
#3624=ORIENTED_EDGE('',*,*,#2664,.F.);
#3625=ORIENTED_EDGE('',*,*,#2618,.T.);
#3626=ORIENTED_EDGE('',*,*,#2665,.F.);
#3627=ORIENTED_EDGE('',*,*,#2659,.T.);
#3628=ORIENTED_EDGE('',*,*,#2666,.F.);
#3629=ORIENTED_EDGE('',*,*,#2617,.T.);
#3630=ORIENTED_EDGE('',*,*,#2654,.T.);
#3631=ORIENTED_EDGE('',*,*,#2660,.T.);
#3632=ORIENTED_EDGE('',*,*,#2665,.T.);
#3633=ORIENTED_EDGE('',*,*,#2649,.F.);
#3634=ORIENTED_EDGE('',*,*,#2667,.F.);
#3635=ORIENTED_EDGE('',*,*,#2655,.F.);
#3636=ORIENTED_EDGE('',*,*,#2651,.T.);
#3637=ORIENTED_EDGE('',*,*,#2648,.F.);
#3638=ORIENTED_EDGE('',*,*,#2614,.T.);
#3639=ORIENTED_EDGE('',*,*,#2668,.F.);
#3640=ORIENTED_EDGE('',*,*,#2661,.T.);
#3641=ORIENTED_EDGE('',*,*,#2656,.F.);
#3642=ORIENTED_EDGE('',*,*,#2667,.T.);
#3643=ORIENTED_EDGE('',*,*,#2613,.T.);
#3644=ORIENTED_EDGE('',*,*,#2669,.T.);
#3645=ORIENTED_EDGE('',*,*,#2662,.T.);
#3646=ORIENTED_EDGE('',*,*,#2668,.T.);
#3647=ORIENTED_EDGE('',*,*,#2612,.T.);
#3648=ORIENTED_EDGE('',*,*,#2670,.F.);
#3649=ORIENTED_EDGE('',*,*,#2663,.T.);
#3650=ORIENTED_EDGE('',*,*,#2669,.F.);
#3651=ORIENTED_EDGE('',*,*,#2671,.T.);
#3652=ORIENTED_EDGE('',*,*,#2672,.T.);
#3653=ORIENTED_EDGE('',*,*,#2673,.T.);
#3654=ORIENTED_EDGE('',*,*,#2674,.T.);
#3655=ORIENTED_EDGE('',*,*,#2671,.F.);
#3656=ORIENTED_EDGE('',*,*,#2675,.T.);
#3657=ORIENTED_EDGE('',*,*,#2676,.F.);
#3658=ORIENTED_EDGE('',*,*,#2677,.T.);
#3659=ORIENTED_EDGE('',*,*,#2678,.F.);
#3660=ORIENTED_EDGE('',*,*,#2679,.T.);
#3661=ORIENTED_EDGE('',*,*,#2674,.F.);
#3662=ORIENTED_EDGE('',*,*,#2680,.F.);
#3663=ORIENTED_EDGE('',*,*,#2681,.F.);
#3664=ORIENTED_EDGE('',*,*,#2682,.F.);
#3665=ORIENTED_EDGE('',*,*,#2683,.F.);
#3666=ORIENTED_EDGE('',*,*,#2684,.T.);
#3667=ORIENTED_EDGE('',*,*,#2685,.F.);
#3668=ORIENTED_EDGE('',*,*,#2675,.F.);
#3669=ORIENTED_EDGE('',*,*,#2686,.T.);
#3670=ORIENTED_EDGE('',*,*,#2687,.T.);
#3671=ORIENTED_EDGE('',*,*,#2688,.T.);
#3672=ORIENTED_EDGE('',*,*,#2689,.T.);
#3673=ORIENTED_EDGE('',*,*,#2545,.F.);
#3674=ORIENTED_EDGE('',*,*,#2690,.T.);
#3675=ORIENTED_EDGE('',*,*,#2689,.F.);
#3676=ORIENTED_EDGE('',*,*,#2691,.F.);
#3677=ORIENTED_EDGE('',*,*,#2592,.F.);
#3678=ORIENTED_EDGE('',*,*,#2692,.T.);
#3679=ORIENTED_EDGE('',*,*,#2555,.F.);
#3680=ORIENTED_EDGE('',*,*,#2693,.F.);
#3681=ORIENTED_EDGE('',*,*,#2625,.F.);
#3682=ORIENTED_EDGE('',*,*,#2694,.T.);
#3683=ORIENTED_EDGE('',*,*,#2695,.F.);
#3684=ORIENTED_EDGE('',*,*,#2696,.T.);
#3685=ORIENTED_EDGE('',*,*,#2697,.F.);
#3686=ORIENTED_EDGE('',*,*,#2698,.T.);
#3687=ORIENTED_EDGE('',*,*,#2552,.T.);
#3688=ORIENTED_EDGE('',*,*,#2593,.F.);
#3689=ORIENTED_EDGE('',*,*,#2691,.T.);
#3690=ORIENTED_EDGE('',*,*,#2688,.F.);
#3691=ORIENTED_EDGE('',*,*,#2699,.T.);
#3692=ORIENTED_EDGE('',*,*,#2700,.F.);
#3693=ORIENTED_EDGE('',*,*,#2701,.T.);
#3694=ORIENTED_EDGE('',*,*,#2702,.F.);
#3695=ORIENTED_EDGE('',*,*,#2682,.T.);
#3696=ORIENTED_EDGE('',*,*,#2703,.F.);
#3697=ORIENTED_EDGE('',*,*,#2704,.F.);
#3698=ORIENTED_EDGE('',*,*,#2705,.T.);
#3699=ORIENTED_EDGE('',*,*,#2603,.T.);
#3700=ORIENTED_EDGE('',*,*,#2706,.T.);
#3701=ORIENTED_EDGE('',*,*,#2605,.F.);
#3702=ORIENTED_EDGE('',*,*,#2707,.T.);
#3703=ORIENTED_EDGE('',*,*,#2708,.T.);
#3704=ORIENTED_EDGE('',*,*,#2700,.T.);
#3705=ORIENTED_EDGE('',*,*,#2709,.T.);
#3706=ORIENTED_EDGE('',*,*,#2708,.F.);
#3707=ORIENTED_EDGE('',*,*,#2710,.T.);
#3708=ORIENTED_EDGE('',*,*,#2711,.F.);
#3709=ORIENTED_EDGE('',*,*,#2701,.F.);
#3710=ORIENTED_EDGE('',*,*,#2712,.T.);
#3711=ORIENTED_EDGE('',*,*,#2683,.T.);
#3712=ORIENTED_EDGE('',*,*,#2702,.T.);
#3713=ORIENTED_EDGE('',*,*,#2711,.T.);
#3714=ORIENTED_EDGE('',*,*,#2713,.T.);
#3715=ORIENTED_EDGE('',*,*,#2714,.T.);
#3716=ORIENTED_EDGE('',*,*,#2697,.T.);
#3717=ORIENTED_EDGE('',*,*,#2715,.T.);
#3718=ORIENTED_EDGE('',*,*,#2715,.F.);
#3719=ORIENTED_EDGE('',*,*,#2696,.F.);
#3720=ORIENTED_EDGE('',*,*,#2716,.F.);
#3721=ORIENTED_EDGE('',*,*,#2717,.T.);
#3722=ORIENTED_EDGE('',*,*,#2718,.T.);
#3723=ORIENTED_EDGE('',*,*,#2716,.T.);
#3724=ORIENTED_EDGE('',*,*,#2695,.T.);
#3725=ORIENTED_EDGE('',*,*,#2719,.T.);
#3726=ORIENTED_EDGE('',*,*,#2624,.F.);
#3727=ORIENTED_EDGE('',*,*,#2720,.T.);
#3728=ORIENTED_EDGE('',*,*,#2719,.F.);
#3729=ORIENTED_EDGE('',*,*,#2694,.F.);
#3730=ORIENTED_EDGE('',*,*,#2611,.T.);
#3731=ORIENTED_EDGE('',*,*,#2608,.F.);
#3732=ORIENTED_EDGE('',*,*,#2721,.F.);
#3733=ORIENTED_EDGE('',*,*,#2622,.T.);
#3734=ORIENTED_EDGE('',*,*,#2664,.T.);
#3735=ORIENTED_EDGE('',*,*,#2670,.T.);
#3736=ORIENTED_EDGE('',*,*,#2619,.T.);
#3737=ORIENTED_EDGE('',*,*,#2666,.T.);
#3738=ORIENTED_EDGE('',*,*,#2658,.T.);
#3739=ORIENTED_EDGE('',*,*,#2620,.T.);
#3740=ORIENTED_EDGE('',*,*,#2693,.T.);
#3741=ORIENTED_EDGE('',*,*,#2610,.F.);
#3742=ORIENTED_EDGE('',*,*,#2722,.T.);
#3743=ORIENTED_EDGE('',*,*,#2703,.T.);
#3744=ORIENTED_EDGE('',*,*,#2681,.T.);
#3745=ORIENTED_EDGE('',*,*,#2723,.T.);
#3746=ORIENTED_EDGE('',*,*,#2685,.T.);
#3747=ORIENTED_EDGE('',*,*,#2724,.T.);
#3748=ORIENTED_EDGE('',*,*,#2725,.T.);
#3749=ORIENTED_EDGE('',*,*,#2676,.T.);
#3750=ORIENTED_EDGE('',*,*,#2704,.T.);
#3751=ORIENTED_EDGE('',*,*,#2722,.F.);
#3752=ORIENTED_EDGE('',*,*,#2726,.T.);
#3753=ORIENTED_EDGE('',*,*,#2727,.T.);
#3754=ORIENTED_EDGE('',*,*,#2678,.T.);
#3755=ORIENTED_EDGE('',*,*,#2673,.F.);
#3756=ORIENTED_EDGE('',*,*,#2728,.F.);
#3757=ORIENTED_EDGE('',*,*,#2726,.F.);
#3758=ORIENTED_EDGE('',*,*,#2723,.F.);
#3759=ORIENTED_EDGE('',*,*,#2680,.T.);
#3760=ORIENTED_EDGE('',*,*,#2672,.F.);
#3761=ORIENTED_EDGE('',*,*,#2679,.F.);
#3762=ORIENTED_EDGE('',*,*,#2727,.F.);
#3763=ORIENTED_EDGE('',*,*,#2728,.T.);
#3764=ORIENTED_EDGE('',*,*,#2687,.F.);
#3765=ORIENTED_EDGE('',*,*,#2729,.T.);
#3766=ORIENTED_EDGE('',*,*,#2709,.F.);
#3767=ORIENTED_EDGE('',*,*,#2699,.F.);
#3768=ORIENTED_EDGE('',*,*,#2714,.F.);
#3769=ORIENTED_EDGE('',*,*,#2730,.T.);
#3770=ORIENTED_EDGE('',*,*,#2553,.F.);
#3771=ORIENTED_EDGE('',*,*,#2698,.F.);
#3772=ORIENTED_EDGE('',*,*,#2602,.F.);
#3773=ORIENTED_EDGE('',*,*,#2731,.F.);
#3774=ORIENTED_EDGE('',*,*,#2606,.F.);
#3775=ORIENTED_EDGE('',*,*,#2706,.F.);
#3776=ORIENTED_EDGE('',*,*,#2732,.T.);
#3777=ORIENTED_EDGE('',*,*,#2604,.F.);
#3778=ORIENTED_EDGE('',*,*,#2705,.F.);
#3779=ORIENTED_EDGE('',*,*,#2677,.F.);
#3780=ORIENTED_EDGE('',*,*,#2725,.F.);
#3781=ORIENTED_EDGE('',*,*,#2733,.T.);
#3782=ORIENTED_EDGE('',*,*,#2734,.T.);
#3783=ORIENTED_EDGE('',*,*,#2735,.T.);
#3784=ORIENTED_EDGE('',*,*,#2736,.T.);
#3785=ORIENTED_EDGE('',*,*,#2734,.F.);
#3786=ORIENTED_EDGE('',*,*,#2737,.T.);
#3787=ORIENTED_EDGE('',*,*,#2738,.F.);
#3788=ORIENTED_EDGE('',*,*,#2739,.F.);
#3789=ORIENTED_EDGE('',*,*,#2740,.F.);
#3790=ORIENTED_EDGE('',*,*,#2741,.T.);
#3791=ORIENTED_EDGE('',*,*,#2742,.F.);
#3792=ORIENTED_EDGE('',*,*,#2743,.T.);
#3793=ORIENTED_EDGE('',*,*,#2733,.F.);
#3794=ORIENTED_EDGE('',*,*,#2744,.F.);
#3795=ORIENTED_EDGE('',*,*,#2745,.T.);
#3796=ORIENTED_EDGE('',*,*,#2746,.F.);
#3797=ORIENTED_EDGE('',*,*,#2747,.F.);
#3798=ORIENTED_EDGE('',*,*,#2737,.F.);
#3799=ORIENTED_EDGE('',*,*,#2748,.T.);
#3800=ORIENTED_EDGE('',*,*,#2573,.T.);
#3801=ORIENTED_EDGE('',*,*,#2749,.T.);
#3802=ORIENTED_EDGE('',*,*,#2750,.T.);
#3803=ORIENTED_EDGE('',*,*,#2569,.F.);
#3804=ORIENTED_EDGE('',*,*,#2574,.T.);
#3805=ORIENTED_EDGE('',*,*,#2748,.F.);
#3806=ORIENTED_EDGE('',*,*,#2751,.T.);
#3807=ORIENTED_EDGE('',*,*,#2752,.F.);
#3808=ORIENTED_EDGE('',*,*,#2753,.T.);
#3809=ORIENTED_EDGE('',*,*,#2754,.F.);
#3810=ORIENTED_EDGE('',*,*,#2739,.T.);
#3811=ORIENTED_EDGE('',*,*,#2755,.F.);
#3812=ORIENTED_EDGE('',*,*,#2756,.T.);
#3813=ORIENTED_EDGE('',*,*,#2757,.T.);
#3814=ORIENTED_EDGE('',*,*,#2646,.F.);
#3815=ORIENTED_EDGE('',*,*,#2644,.T.);
#3816=ORIENTED_EDGE('',*,*,#2758,.F.);
#3817=ORIENTED_EDGE('',*,*,#2759,.T.);
#3818=ORIENTED_EDGE('',*,*,#2631,.F.);
#3819=ORIENTED_EDGE('',*,*,#2629,.T.);
#3820=ORIENTED_EDGE('',*,*,#2760,.F.);
#3821=ORIENTED_EDGE('',*,*,#2761,.T.);
#3822=ORIENTED_EDGE('',*,*,#2762,.F.);
#3823=ORIENTED_EDGE('',*,*,#2763,.T.);
#3824=ORIENTED_EDGE('',*,*,#2598,.F.);
#3825=ORIENTED_EDGE('',*,*,#2752,.T.);
#3826=ORIENTED_EDGE('',*,*,#2764,.T.);
#3827=ORIENTED_EDGE('',*,*,#2765,.T.);
#3828=ORIENTED_EDGE('',*,*,#2766,.T.);
#3829=ORIENTED_EDGE('',*,*,#2766,.F.);
#3830=ORIENTED_EDGE('',*,*,#2767,.T.);
#3831=ORIENTED_EDGE('',*,*,#2768,.F.);
#3832=ORIENTED_EDGE('',*,*,#2753,.F.);
#3833=ORIENTED_EDGE('',*,*,#2754,.T.);
#3834=ORIENTED_EDGE('',*,*,#2768,.T.);
#3835=ORIENTED_EDGE('',*,*,#2769,.T.);
#3836=ORIENTED_EDGE('',*,*,#2740,.T.);
#3837=ORIENTED_EDGE('',*,*,#2762,.T.);
#3838=ORIENTED_EDGE('',*,*,#2770,.T.);
#3839=ORIENTED_EDGE('',*,*,#2771,.T.);
#3840=ORIENTED_EDGE('',*,*,#2772,.T.);
#3841=ORIENTED_EDGE('',*,*,#2770,.F.);
#3842=ORIENTED_EDGE('',*,*,#2761,.F.);
#3843=ORIENTED_EDGE('',*,*,#2773,.F.);
#3844=ORIENTED_EDGE('',*,*,#2774,.T.);
#3845=ORIENTED_EDGE('',*,*,#2760,.T.);
#3846=ORIENTED_EDGE('',*,*,#2628,.T.);
#3847=ORIENTED_EDGE('',*,*,#2775,.T.);
#3848=ORIENTED_EDGE('',*,*,#2773,.T.);
#3849=ORIENTED_EDGE('',*,*,#2776,.T.);
#3850=ORIENTED_EDGE('',*,*,#2639,.T.);
#3851=ORIENTED_EDGE('',*,*,#2777,.T.);
#3852=ORIENTED_EDGE('',*,*,#2778,.T.);
#3853=ORIENTED_EDGE('',*,*,#2776,.F.);
#3854=ORIENTED_EDGE('',*,*,#2779,.F.);
#3855=ORIENTED_EDGE('',*,*,#2780,.F.);
#3856=ORIENTED_EDGE('',*,*,#2781,.F.);
#3857=ORIENTED_EDGE('',*,*,#2782,.F.);
#3858=ORIENTED_EDGE('',*,*,#2640,.F.);
#3859=ORIENTED_EDGE('',*,*,#2783,.T.);
#3860=ORIENTED_EDGE('',*,*,#2784,.T.);
#3861=ORIENTED_EDGE('',*,*,#2780,.T.);
#3862=ORIENTED_EDGE('',*,*,#2785,.T.);
#3863=ORIENTED_EDGE('',*,*,#2632,.F.);
#3864=ORIENTED_EDGE('',*,*,#2759,.F.);
#3865=ORIENTED_EDGE('',*,*,#2786,.F.);
#3866=ORIENTED_EDGE('',*,*,#2787,.T.);
#3867=ORIENTED_EDGE('',*,*,#2788,.F.);
#3868=ORIENTED_EDGE('',*,*,#2781,.T.);
#3869=ORIENTED_EDGE('',*,*,#2784,.F.);
#3870=ORIENTED_EDGE('',*,*,#2789,.T.);
#3871=ORIENTED_EDGE('',*,*,#2790,.F.);
#3872=ORIENTED_EDGE('',*,*,#2791,.T.);
#3873=ORIENTED_EDGE('',*,*,#2792,.F.);
#3874=ORIENTED_EDGE('',*,*,#2793,.T.);
#3875=ORIENTED_EDGE('',*,*,#2777,.F.);
#3876=ORIENTED_EDGE('',*,*,#2638,.F.);
#3877=ORIENTED_EDGE('',*,*,#2794,.F.);
#3878=ORIENTED_EDGE('',*,*,#2789,.F.);
#3879=ORIENTED_EDGE('',*,*,#2783,.F.);
#3880=ORIENTED_EDGE('',*,*,#2795,.T.);
#3881=ORIENTED_EDGE('',*,*,#2637,.T.);
#3882=ORIENTED_EDGE('',*,*,#2796,.T.);
#3883=ORIENTED_EDGE('',*,*,#2790,.T.);
#3884=ORIENTED_EDGE('',*,*,#2794,.T.);
#3885=ORIENTED_EDGE('',*,*,#2788,.T.);
#3886=ORIENTED_EDGE('',*,*,#2797,.T.);
#3887=ORIENTED_EDGE('',*,*,#2641,.T.);
#3888=ORIENTED_EDGE('',*,*,#2782,.T.);
#3889=ORIENTED_EDGE('',*,*,#2797,.F.);
#3890=ORIENTED_EDGE('',*,*,#2787,.F.);
#3891=ORIENTED_EDGE('',*,*,#2798,.F.);
#3892=ORIENTED_EDGE('',*,*,#2642,.F.);
#3893=ORIENTED_EDGE('',*,*,#2786,.T.);
#3894=ORIENTED_EDGE('',*,*,#2758,.T.);
#3895=ORIENTED_EDGE('',*,*,#2643,.T.);
#3896=ORIENTED_EDGE('',*,*,#2798,.T.);
#3897=ORIENTED_EDGE('',*,*,#2792,.T.);
#3898=ORIENTED_EDGE('',*,*,#2799,.T.);
#3899=ORIENTED_EDGE('',*,*,#2635,.T.);
#3900=ORIENTED_EDGE('',*,*,#2800,.T.);
#3901=ORIENTED_EDGE('',*,*,#2796,.F.);
#3902=ORIENTED_EDGE('',*,*,#2636,.F.);
#3903=ORIENTED_EDGE('',*,*,#2799,.F.);
#3904=ORIENTED_EDGE('',*,*,#2791,.F.);
#3905=ORIENTED_EDGE('',*,*,#2778,.F.);
#3906=ORIENTED_EDGE('',*,*,#2795,.F.);
#3907=ORIENTED_EDGE('',*,*,#2785,.F.);
#3908=ORIENTED_EDGE('',*,*,#2779,.T.);
#3909=ORIENTED_EDGE('',*,*,#2801,.T.);
#3910=ORIENTED_EDGE('',*,*,#2802,.T.);
#3911=ORIENTED_EDGE('',*,*,#2742,.T.);
#3912=ORIENTED_EDGE('',*,*,#2803,.T.);
#3913=ORIENTED_EDGE('',*,*,#2735,.F.);
#3914=ORIENTED_EDGE('',*,*,#2743,.F.);
#3915=ORIENTED_EDGE('',*,*,#2802,.F.);
#3916=ORIENTED_EDGE('',*,*,#2804,.T.);
#3917=ORIENTED_EDGE('',*,*,#2805,.T.);
#3918=ORIENTED_EDGE('',*,*,#2738,.T.);
#3919=ORIENTED_EDGE('',*,*,#2747,.T.);
#3920=ORIENTED_EDGE('',*,*,#2806,.T.);
#3921=ORIENTED_EDGE('',*,*,#2755,.T.);
#3922=ORIENTED_EDGE('',*,*,#2807,.F.);
#3923=ORIENTED_EDGE('',*,*,#2745,.F.);
#3924=ORIENTED_EDGE('',*,*,#2808,.F.);
#3925=ORIENTED_EDGE('',*,*,#2804,.F.);
#3926=ORIENTED_EDGE('',*,*,#2801,.F.);
#3927=ORIENTED_EDGE('',*,*,#2736,.F.);
#3928=ORIENTED_EDGE('',*,*,#2805,.F.);
#3929=ORIENTED_EDGE('',*,*,#2808,.T.);
#3930=ORIENTED_EDGE('',*,*,#2744,.T.);
#3931=ORIENTED_EDGE('',*,*,#2750,.F.);
#3932=ORIENTED_EDGE('',*,*,#2809,.T.);
#3933=ORIENTED_EDGE('',*,*,#2764,.F.);
#3934=ORIENTED_EDGE('',*,*,#2751,.F.);
#3935=ORIENTED_EDGE('',*,*,#2772,.F.);
#3936=ORIENTED_EDGE('',*,*,#2810,.T.);
#3937=ORIENTED_EDGE('',*,*,#2599,.T.);
#3938=ORIENTED_EDGE('',*,*,#2763,.F.);
#3939=ORIENTED_EDGE('',*,*,#2647,.F.);
#3940=ORIENTED_EDGE('',*,*,#2757,.F.);
#3941=ORIENTED_EDGE('',*,*,#2811,.F.);
#3942=ORIENTED_EDGE('',*,*,#2812,.T.);
#3943=ORIENTED_EDGE('',*,*,#2746,.T.);
#3944=ORIENTED_EDGE('',*,*,#2813,.T.);
#3945=ORIENTED_EDGE('',*,*,#2811,.T.);
#3946=ORIENTED_EDGE('',*,*,#2756,.F.);
#3947=ORIENTED_EDGE('',*,*,#2806,.F.);
#3948=ORIENTED_EDGE('',*,*,#2749,.F.);
#3949=ORIENTED_EDGE('',*,*,#2572,.F.);
#3950=ORIENTED_EDGE('',*,*,#2590,.F.);
#3951=ORIENTED_EDGE('',*,*,#2600,.F.);
#3952=ORIENTED_EDGE('',*,*,#2810,.F.);
#3953=ORIENTED_EDGE('',*,*,#2771,.F.);
#3954=ORIENTED_EDGE('',*,*,#2774,.F.);
#3955=ORIENTED_EDGE('',*,*,#2775,.F.);
#3956=ORIENTED_EDGE('',*,*,#2627,.F.);
#3957=ORIENTED_EDGE('',*,*,#2630,.F.);
#3958=ORIENTED_EDGE('',*,*,#2793,.F.);
#3959=ORIENTED_EDGE('',*,*,#2800,.F.);
#3960=ORIENTED_EDGE('',*,*,#2634,.F.);
#3961=ORIENTED_EDGE('',*,*,#2645,.F.);
#3962=ORIENTED_EDGE('',*,*,#2812,.F.);
#3963=ORIENTED_EDGE('',*,*,#2813,.F.);
#3964=ORIENTED_EDGE('',*,*,#2807,.T.);
#3965=ORIENTED_EDGE('',*,*,#2803,.F.);
#3966=ORIENTED_EDGE('',*,*,#2741,.F.);
#3967=ORIENTED_EDGE('',*,*,#2769,.F.);
#3968=ORIENTED_EDGE('',*,*,#2767,.F.);
#3969=ORIENTED_EDGE('',*,*,#2765,.F.);
#3970=ORIENTED_EDGE('',*,*,#2809,.F.);
#3971=ORIENTED_EDGE('',*,*,#2595,.F.);
#3972=ORIENTED_EDGE('',*,*,#2561,.F.);
#3973=ORIENTED_EDGE('',*,*,#2597,.F.);
#3974=ORIENTED_EDGE('',*,*,#2587,.F.);
#3975=ORIENTED_EDGE('',*,*,#2548,.F.);
#3976=ORIENTED_EDGE('',*,*,#2554,.T.);
#3977=ORIENTED_EDGE('',*,*,#2730,.F.);
#3978=ORIENTED_EDGE('',*,*,#2713,.F.);
#3979=ORIENTED_EDGE('',*,*,#2717,.F.);
#3980=ORIENTED_EDGE('',*,*,#2718,.F.);
#3981=ORIENTED_EDGE('',*,*,#2720,.F.);
#3982=ORIENTED_EDGE('',*,*,#2623,.T.);
#3983=ORIENTED_EDGE('',*,*,#2721,.T.);
#3984=ORIENTED_EDGE('',*,*,#2607,.F.);
#3985=ORIENTED_EDGE('',*,*,#2731,.T.);
#3986=ORIENTED_EDGE('',*,*,#2601,.F.);
#3987=ORIENTED_EDGE('',*,*,#2732,.F.);
#3988=ORIENTED_EDGE('',*,*,#2724,.F.);
#3989=ORIENTED_EDGE('',*,*,#2684,.F.);
#3990=ORIENTED_EDGE('',*,*,#2712,.F.);
#3991=ORIENTED_EDGE('',*,*,#2710,.F.);
#3992=ORIENTED_EDGE('',*,*,#2707,.F.);
#3993=ORIENTED_EDGE('',*,*,#2729,.F.);
#3994=ORIENTED_EDGE('',*,*,#2686,.F.);
#3995=ORIENTED_EDGE('',*,*,#2690,.F.);
#3996=ORIENTED_EDGE('',*,*,#2576,.F.);
#3997=ORIENTED_EDGE('',*,*,#2692,.F.);
#3998=ORIENTED_EDGE('',*,*,#2591,.F.);
#3999=ORIENTED_EDGE('',*,*,#2814,.F.);
#4000=ORIENTED_EDGE('',*,*,#2815,.F.);
#4001=ORIENTED_EDGE('',*,*,#2816,.F.);
#4002=ORIENTED_EDGE('',*,*,#2817,.F.);
#4003=ORIENTED_EDGE('',*,*,#2816,.T.);
#4004=ORIENTED_EDGE('',*,*,#2818,.F.);
#4005=ORIENTED_EDGE('',*,*,#2819,.F.);
#4006=ORIENTED_EDGE('',*,*,#2820,.F.);
#4007=ORIENTED_EDGE('',*,*,#2821,.F.);
#4008=ORIENTED_EDGE('',*,*,#2822,.F.);
#4009=ORIENTED_EDGE('',*,*,#2814,.T.);
#4010=ORIENTED_EDGE('',*,*,#2823,.F.);
#4011=ORIENTED_EDGE('',*,*,#2821,.T.);
#4012=ORIENTED_EDGE('',*,*,#2824,.T.);
#4013=ORIENTED_EDGE('',*,*,#2825,.T.);
#4014=ORIENTED_EDGE('',*,*,#2826,.T.);
#4015=ORIENTED_EDGE('',*,*,#2827,.T.);
#4016=ORIENTED_EDGE('',*,*,#2828,.T.);
#4017=ORIENTED_EDGE('',*,*,#2829,.T.);
#4018=ORIENTED_EDGE('',*,*,#2830,.T.);
#4019=ORIENTED_EDGE('',*,*,#2831,.T.);
#4020=ORIENTED_EDGE('',*,*,#2831,.F.);
#4021=ORIENTED_EDGE('',*,*,#2832,.T.);
#4022=ORIENTED_EDGE('',*,*,#2833,.T.);
#4023=ORIENTED_EDGE('',*,*,#2832,.F.);
#4024=ORIENTED_EDGE('',*,*,#2834,.T.);
#4025=ORIENTED_EDGE('',*,*,#2835,.T.);
#4026=ORIENTED_EDGE('',*,*,#2825,.F.);
#4027=ORIENTED_EDGE('',*,*,#2836,.F.);
#4028=ORIENTED_EDGE('',*,*,#2837,.T.);
#4029=ORIENTED_EDGE('',*,*,#2836,.T.);
#4030=ORIENTED_EDGE('',*,*,#2824,.F.);
#4031=ORIENTED_EDGE('',*,*,#2823,.T.);
#4032=ORIENTED_EDGE('',*,*,#2817,.T.);
#4033=ORIENTED_EDGE('',*,*,#2820,.T.);
#4034=ORIENTED_EDGE('',*,*,#2838,.F.);
#4035=ORIENTED_EDGE('',*,*,#2839,.F.);
#4036=ORIENTED_EDGE('',*,*,#2840,.T.);
#4037=ORIENTED_EDGE('',*,*,#2839,.T.);
#4038=ORIENTED_EDGE('',*,*,#2841,.F.);
#4039=ORIENTED_EDGE('',*,*,#2842,.F.);
#4040=ORIENTED_EDGE('',*,*,#2843,.T.);
#4041=ORIENTED_EDGE('',*,*,#2842,.T.);
#4042=ORIENTED_EDGE('',*,*,#2844,.F.);
#4043=ORIENTED_EDGE('',*,*,#2845,.F.);
#4044=ORIENTED_EDGE('',*,*,#2846,.T.);
#4045=ORIENTED_EDGE('',*,*,#2845,.T.);
#4046=ORIENTED_EDGE('',*,*,#2847,.F.);
#4047=ORIENTED_EDGE('',*,*,#2848,.F.);
#4048=ORIENTED_EDGE('',*,*,#2849,.T.);
#4049=ORIENTED_EDGE('',*,*,#2848,.T.);
#4050=ORIENTED_EDGE('',*,*,#2850,.F.);
#4051=ORIENTED_EDGE('',*,*,#2851,.F.);
#4052=ORIENTED_EDGE('',*,*,#2852,.T.);
#4053=ORIENTED_EDGE('',*,*,#2851,.T.);
#4054=ORIENTED_EDGE('',*,*,#2853,.F.);
#4055=ORIENTED_EDGE('',*,*,#2854,.F.);
#4056=ORIENTED_EDGE('',*,*,#2855,.T.);
#4057=ORIENTED_EDGE('',*,*,#2854,.T.);
#4058=ORIENTED_EDGE('',*,*,#2856,.F.);
#4059=ORIENTED_EDGE('',*,*,#2818,.T.);
#4060=ORIENTED_EDGE('',*,*,#2815,.T.);
#4061=ORIENTED_EDGE('',*,*,#2822,.T.);
#4062=ORIENTED_EDGE('',*,*,#2830,.F.);
#4063=ORIENTED_EDGE('',*,*,#2857,.F.);
#4064=ORIENTED_EDGE('',*,*,#2858,.T.);
#4065=ORIENTED_EDGE('',*,*,#2857,.T.);
#4066=ORIENTED_EDGE('',*,*,#2829,.F.);
#4067=ORIENTED_EDGE('',*,*,#2859,.F.);
#4068=ORIENTED_EDGE('',*,*,#2860,.T.);
#4069=ORIENTED_EDGE('',*,*,#2859,.T.);
#4070=ORIENTED_EDGE('',*,*,#2828,.F.);
#4071=ORIENTED_EDGE('',*,*,#2861,.F.);
#4072=ORIENTED_EDGE('',*,*,#2862,.T.);
#4073=ORIENTED_EDGE('',*,*,#2861,.T.);
#4074=ORIENTED_EDGE('',*,*,#2827,.F.);
#4075=ORIENTED_EDGE('',*,*,#2863,.F.);
#4076=ORIENTED_EDGE('',*,*,#2864,.T.);
#4077=ORIENTED_EDGE('',*,*,#2863,.T.);
#4078=ORIENTED_EDGE('',*,*,#2826,.F.);
#4079=ORIENTED_EDGE('',*,*,#2835,.F.);
#4080=ORIENTED_EDGE('',*,*,#2819,.T.);
#4081=ORIENTED_EDGE('',*,*,#2856,.T.);
#4082=ORIENTED_EDGE('',*,*,#2853,.T.);
#4083=ORIENTED_EDGE('',*,*,#2850,.T.);
#4084=ORIENTED_EDGE('',*,*,#2847,.T.);
#4085=ORIENTED_EDGE('',*,*,#2844,.T.);
#4086=ORIENTED_EDGE('',*,*,#2841,.T.);
#4087=ORIENTED_EDGE('',*,*,#2838,.T.);
#4088=ORIENTED_EDGE('',*,*,#2864,.F.);
#4089=ORIENTED_EDGE('',*,*,#2834,.F.);
#4090=ORIENTED_EDGE('',*,*,#2837,.F.);
#4091=ORIENTED_EDGE('',*,*,#2840,.F.);
#4092=ORIENTED_EDGE('',*,*,#2843,.F.);
#4093=ORIENTED_EDGE('',*,*,#2846,.F.);
#4094=ORIENTED_EDGE('',*,*,#2849,.F.);
#4095=ORIENTED_EDGE('',*,*,#2852,.F.);
#4096=ORIENTED_EDGE('',*,*,#2855,.F.);
#4097=ORIENTED_EDGE('',*,*,#2858,.F.);
#4098=ORIENTED_EDGE('',*,*,#2860,.F.);
#4099=ORIENTED_EDGE('',*,*,#2862,.F.);
#4100=ORIENTED_EDGE('',*,*,#2833,.F.);
#4101=ORIENTED_EDGE('',*,*,#2865,.F.);
#4102=ORIENTED_EDGE('',*,*,#2866,.F.);
#4103=ORIENTED_EDGE('',*,*,#2867,.T.);
#4104=ORIENTED_EDGE('',*,*,#2868,.F.);
#4105=ORIENTED_EDGE('',*,*,#2869,.F.);
#4106=ORIENTED_EDGE('',*,*,#2870,.F.);
#4107=ORIENTED_EDGE('',*,*,#2871,.F.);
#4108=ORIENTED_EDGE('',*,*,#2872,.F.);
#4109=ORIENTED_EDGE('',*,*,#2871,.T.);
#4110=ORIENTED_EDGE('',*,*,#2873,.F.);
#4111=ORIENTED_EDGE('',*,*,#2874,.F.);
#4112=ORIENTED_EDGE('',*,*,#2875,.F.);
#4113=ORIENTED_EDGE('',*,*,#2874,.T.);
#4114=ORIENTED_EDGE('',*,*,#2876,.F.);
#4115=ORIENTED_EDGE('',*,*,#2877,.F.);
#4116=ORIENTED_EDGE('',*,*,#2878,.F.);
#4117=ORIENTED_EDGE('',*,*,#2877,.T.);
#4118=ORIENTED_EDGE('',*,*,#2879,.F.);
#4119=ORIENTED_EDGE('',*,*,#2880,.F.);
#4120=ORIENTED_EDGE('',*,*,#2881,.F.);
#4121=ORIENTED_EDGE('',*,*,#2880,.T.);
#4122=ORIENTED_EDGE('',*,*,#2882,.F.);
#4123=ORIENTED_EDGE('',*,*,#2867,.F.);
#4124=ORIENTED_EDGE('',*,*,#2883,.F.);
#4125=ORIENTED_EDGE('',*,*,#2884,.T.);
#4126=ORIENTED_EDGE('',*,*,#2885,.F.);
#4127=ORIENTED_EDGE('',*,*,#2869,.T.);
#4128=ORIENTED_EDGE('',*,*,#2886,.F.);
#4129=ORIENTED_EDGE('',*,*,#2886,.T.);
#4130=ORIENTED_EDGE('',*,*,#2872,.T.);
#4131=ORIENTED_EDGE('',*,*,#2875,.T.);
#4132=ORIENTED_EDGE('',*,*,#2878,.T.);
#4133=ORIENTED_EDGE('',*,*,#2881,.T.);
#4134=ORIENTED_EDGE('',*,*,#2883,.T.);
#4135=ORIENTED_EDGE('',*,*,#2866,.T.);
#4136=ORIENTED_EDGE('',*,*,#2887,.F.);
#4137=ORIENTED_EDGE('',*,*,#2888,.F.);
#4138=ORIENTED_EDGE('',*,*,#2889,.F.);
#4139=ORIENTED_EDGE('',*,*,#2890,.F.);
#4140=ORIENTED_EDGE('',*,*,#2891,.T.);
#4141=ORIENTED_EDGE('',*,*,#2892,.F.);
#4142=ORIENTED_EDGE('',*,*,#2893,.T.);
#4143=ORIENTED_EDGE('',*,*,#2894,.F.);
#4144=ORIENTED_EDGE('',*,*,#2895,.T.);
#4145=ORIENTED_EDGE('',*,*,#2896,.F.);
#4146=ORIENTED_EDGE('',*,*,#2897,.T.);
#4147=ORIENTED_EDGE('',*,*,#2898,.F.);
#4148=ORIENTED_EDGE('',*,*,#2891,.F.);
#4149=ORIENTED_EDGE('',*,*,#2899,.F.);
#4150=ORIENTED_EDGE('',*,*,#2900,.T.);
#4151=ORIENTED_EDGE('',*,*,#2901,.T.);
#4152=ORIENTED_EDGE('',*,*,#2902,.T.);
#4153=ORIENTED_EDGE('',*,*,#2903,.F.);
#4154=ORIENTED_EDGE('',*,*,#2904,.F.);
#4155=ORIENTED_EDGE('',*,*,#2905,.F.);
#4156=ORIENTED_EDGE('',*,*,#2906,.T.);
#4157=ORIENTED_EDGE('',*,*,#2907,.T.);
#4158=ORIENTED_EDGE('',*,*,#2908,.T.);
#4159=ORIENTED_EDGE('',*,*,#2909,.F.);
#4160=ORIENTED_EDGE('',*,*,#2910,.F.);
#4161=ORIENTED_EDGE('',*,*,#2911,.F.);
#4162=ORIENTED_EDGE('',*,*,#2912,.F.);
#4163=ORIENTED_EDGE('',*,*,#2913,.F.);
#4164=ORIENTED_EDGE('',*,*,#2914,.F.);
#4165=ORIENTED_EDGE('',*,*,#2915,.T.);
#4166=ORIENTED_EDGE('',*,*,#2894,.T.);
#4167=ORIENTED_EDGE('',*,*,#2916,.T.);
#4168=ORIENTED_EDGE('',*,*,#2917,.T.);
#4169=ORIENTED_EDGE('',*,*,#2917,.F.);
#4170=ORIENTED_EDGE('',*,*,#2918,.F.);
#4171=ORIENTED_EDGE('',*,*,#2919,.F.);
#4172=ORIENTED_EDGE('',*,*,#2920,.F.);
#4173=ORIENTED_EDGE('',*,*,#2921,.F.);
#4174=ORIENTED_EDGE('',*,*,#2922,.T.);
#4175=ORIENTED_EDGE('',*,*,#2923,.T.);
#4176=ORIENTED_EDGE('',*,*,#2924,.T.);
#4177=ORIENTED_EDGE('',*,*,#2925,.T.);
#4178=ORIENTED_EDGE('',*,*,#2926,.T.);
#4179=ORIENTED_EDGE('',*,*,#2927,.F.);
#4180=ORIENTED_EDGE('',*,*,#2928,.F.);
#4181=ORIENTED_EDGE('',*,*,#2929,.F.);
#4182=ORIENTED_EDGE('',*,*,#2930,.T.);
#4183=ORIENTED_EDGE('',*,*,#2931,.T.);
#4184=ORIENTED_EDGE('',*,*,#2932,.T.);
#4185=ORIENTED_EDGE('',*,*,#2933,.T.);
#4186=ORIENTED_EDGE('',*,*,#2889,.T.);
#4187=ORIENTED_EDGE('',*,*,#2934,.T.);
#4188=ORIENTED_EDGE('',*,*,#2919,.T.);
#4189=ORIENTED_EDGE('',*,*,#2935,.T.);
#4190=ORIENTED_EDGE('',*,*,#2896,.T.);
#4191=ORIENTED_EDGE('',*,*,#2936,.F.);
#4192=ORIENTED_EDGE('',*,*,#2937,.F.);
#4193=ORIENTED_EDGE('',*,*,#2938,.F.);
#4194=ORIENTED_EDGE('',*,*,#2939,.F.);
#4195=ORIENTED_EDGE('',*,*,#2915,.F.);
#4196=ORIENTED_EDGE('',*,*,#2920,.T.);
#4197=ORIENTED_EDGE('',*,*,#2934,.F.);
#4198=ORIENTED_EDGE('',*,*,#2895,.F.);
#4199=ORIENTED_EDGE('',*,*,#2901,.F.);
#4200=ORIENTED_EDGE('',*,*,#2940,.F.);
#4201=ORIENTED_EDGE('',*,*,#2931,.F.);
#4202=ORIENTED_EDGE('',*,*,#2941,.T.);
#4203=ORIENTED_EDGE('',*,*,#2925,.F.);
#4204=ORIENTED_EDGE('',*,*,#2942,.F.);
#4205=ORIENTED_EDGE('',*,*,#2907,.F.);
#4206=ORIENTED_EDGE('',*,*,#2943,.T.);
#4207=ORIENTED_EDGE('',*,*,#2930,.F.);
#4208=ORIENTED_EDGE('',*,*,#2944,.F.);
#4209=ORIENTED_EDGE('',*,*,#2902,.F.);
#4210=ORIENTED_EDGE('',*,*,#2941,.F.);
#4211=ORIENTED_EDGE('',*,*,#2944,.T.);
#4212=ORIENTED_EDGE('',*,*,#2929,.T.);
#4213=ORIENTED_EDGE('',*,*,#2945,.F.);
#4214=ORIENTED_EDGE('',*,*,#2903,.T.);
#4215=ORIENTED_EDGE('',*,*,#2926,.F.);
#4216=ORIENTED_EDGE('',*,*,#2943,.F.);
#4217=ORIENTED_EDGE('',*,*,#2906,.F.);
#4218=ORIENTED_EDGE('',*,*,#2946,.F.);
#4219=ORIENTED_EDGE('',*,*,#2946,.T.);
#4220=ORIENTED_EDGE('',*,*,#2905,.T.);
#4221=ORIENTED_EDGE('',*,*,#2947,.T.);
#4222=ORIENTED_EDGE('',*,*,#2927,.T.);
#4223=ORIENTED_EDGE('',*,*,#2914,.T.);
#4224=ORIENTED_EDGE('',*,*,#2948,.T.);
#4225=ORIENTED_EDGE('',*,*,#2937,.T.);
#4226=ORIENTED_EDGE('',*,*,#2949,.F.);
#4227=ORIENTED_EDGE('',*,*,#2913,.T.);
#4228=ORIENTED_EDGE('',*,*,#2950,.T.);
#4229=ORIENTED_EDGE('',*,*,#2938,.T.);
#4230=ORIENTED_EDGE('',*,*,#2948,.F.);
#4231=ORIENTED_EDGE('',*,*,#2912,.T.);
#4232=ORIENTED_EDGE('',*,*,#2951,.T.);
#4233=ORIENTED_EDGE('',*,*,#2939,.T.);
#4234=ORIENTED_EDGE('',*,*,#2950,.F.);
#4235=ORIENTED_EDGE('',*,*,#2911,.T.);
#4236=ORIENTED_EDGE('',*,*,#2949,.T.);
#4237=ORIENTED_EDGE('',*,*,#2936,.T.);
#4238=ORIENTED_EDGE('',*,*,#2951,.F.);
#4239=ORIENTED_EDGE('',*,*,#2904,.T.);
#4240=ORIENTED_EDGE('',*,*,#2945,.T.);
#4241=ORIENTED_EDGE('',*,*,#2928,.T.);
#4242=ORIENTED_EDGE('',*,*,#2947,.F.);
#4243=ORIENTED_EDGE('',*,*,#2940,.T.);
#4244=ORIENTED_EDGE('',*,*,#2900,.F.);
#4245=ORIENTED_EDGE('',*,*,#2952,.F.);
#4246=ORIENTED_EDGE('',*,*,#2932,.F.);
#4247=ORIENTED_EDGE('',*,*,#2942,.T.);
#4248=ORIENTED_EDGE('',*,*,#2924,.F.);
#4249=ORIENTED_EDGE('',*,*,#2953,.F.);
#4250=ORIENTED_EDGE('',*,*,#2908,.F.);
#4251=ORIENTED_EDGE('',*,*,#2953,.T.);
#4252=ORIENTED_EDGE('',*,*,#2923,.F.);
#4253=ORIENTED_EDGE('',*,*,#2954,.F.);
#4254=ORIENTED_EDGE('',*,*,#2909,.T.);
#4255=ORIENTED_EDGE('',*,*,#2952,.T.);
#4256=ORIENTED_EDGE('',*,*,#2899,.T.);
#4257=ORIENTED_EDGE('',*,*,#2890,.T.);
#4258=ORIENTED_EDGE('',*,*,#2933,.F.);
#4259=ORIENTED_EDGE('',*,*,#2935,.F.);
#4260=ORIENTED_EDGE('',*,*,#2918,.T.);
#4261=ORIENTED_EDGE('',*,*,#2916,.F.);
#4262=ORIENTED_EDGE('',*,*,#2897,.F.);
#4263=ORIENTED_EDGE('',*,*,#2888,.T.);
#4264=ORIENTED_EDGE('',*,*,#2955,.T.);
#4265=ORIENTED_EDGE('',*,*,#2956,.T.);
#4266=ORIENTED_EDGE('',*,*,#2921,.T.);
#4267=ORIENTED_EDGE('',*,*,#2865,.T.);
#4268=ORIENTED_EDGE('',*,*,#2957,.F.);
#4269=ORIENTED_EDGE('',*,*,#2955,.F.);
#4270=ORIENTED_EDGE('',*,*,#2887,.T.);
#4271=ORIENTED_EDGE('',*,*,#2958,.T.);
#4272=ORIENTED_EDGE('',*,*,#2959,.T.);
#4273=ORIENTED_EDGE('',*,*,#2892,.T.);
#4274=ORIENTED_EDGE('',*,*,#2898,.T.);
#4275=ORIENTED_EDGE('',*,*,#2959,.F.);
#4276=ORIENTED_EDGE('',*,*,#2960,.T.);
#4277=ORIENTED_EDGE('',*,*,#2884,.F.);
#4278=ORIENTED_EDGE('',*,*,#2893,.F.);
#4279=ORIENTED_EDGE('',*,*,#2960,.F.);
#4280=ORIENTED_EDGE('',*,*,#2958,.F.);
#4281=ORIENTED_EDGE('',*,*,#2910,.T.);
#4282=ORIENTED_EDGE('',*,*,#2954,.T.);
#4283=ORIENTED_EDGE('',*,*,#2922,.F.);
#4284=ORIENTED_EDGE('',*,*,#2956,.F.);
#4285=ORIENTED_EDGE('',*,*,#2957,.T.);
#4286=ORIENTED_EDGE('',*,*,#2868,.T.);
#4287=ORIENTED_EDGE('',*,*,#2882,.T.);
#4288=ORIENTED_EDGE('',*,*,#2879,.T.);
#4289=ORIENTED_EDGE('',*,*,#2876,.T.);
#4290=ORIENTED_EDGE('',*,*,#2873,.T.);
#4291=ORIENTED_EDGE('',*,*,#2870,.T.);
#4292=ORIENTED_EDGE('',*,*,#2885,.T.);
#4293=ORIENTED_EDGE('',*,*,#2961,.T.);
#4294=ORIENTED_EDGE('',*,*,#2962,.F.);
#4295=ORIENTED_EDGE('',*,*,#2963,.T.);
#4296=ORIENTED_EDGE('',*,*,#2964,.T.);
#4297=ORIENTED_EDGE('',*,*,#2965,.T.);
#4298=ORIENTED_EDGE('',*,*,#2966,.F.);
#4299=ORIENTED_EDGE('',*,*,#2967,.T.);
#4300=ORIENTED_EDGE('',*,*,#2968,.T.);
#4301=ORIENTED_EDGE('',*,*,#2969,.T.);
#4302=ORIENTED_EDGE('',*,*,#2962,.T.);
#4303=ORIENTED_EDGE('',*,*,#2970,.T.);
#4304=ORIENTED_EDGE('',*,*,#2971,.T.);
#4305=ORIENTED_EDGE('',*,*,#2971,.F.);
#4306=ORIENTED_EDGE('',*,*,#2972,.F.);
#4307=ORIENTED_EDGE('',*,*,#2973,.T.);
#4308=ORIENTED_EDGE('',*,*,#2974,.F.);
#4309=ORIENTED_EDGE('',*,*,#2970,.F.);
#4310=ORIENTED_EDGE('',*,*,#2961,.F.);
#4311=ORIENTED_EDGE('',*,*,#2975,.F.);
#4312=ORIENTED_EDGE('',*,*,#2976,.F.);
#4313=ORIENTED_EDGE('',*,*,#2977,.F.);
#4314=ORIENTED_EDGE('',*,*,#2978,.F.);
#4315=ORIENTED_EDGE('',*,*,#2979,.F.);
#4316=ORIENTED_EDGE('',*,*,#2980,.F.);
#4317=ORIENTED_EDGE('',*,*,#2981,.F.);
#4318=ORIENTED_EDGE('',*,*,#2967,.F.);
#4319=ORIENTED_EDGE('',*,*,#2982,.F.);
#4320=ORIENTED_EDGE('',*,*,#2983,.T.);
#4321=ORIENTED_EDGE('',*,*,#2984,.T.);
#4322=ORIENTED_EDGE('',*,*,#2972,.T.);
#4323=ORIENTED_EDGE('',*,*,#2985,.T.);
#4324=ORIENTED_EDGE('',*,*,#2986,.T.);
#4325=ORIENTED_EDGE('',*,*,#2987,.T.);
#4326=ORIENTED_EDGE('',*,*,#2988,.T.);
#4327=ORIENTED_EDGE('',*,*,#2989,.T.);
#4328=ORIENTED_EDGE('',*,*,#2990,.T.);
#4329=ORIENTED_EDGE('',*,*,#2991,.T.);
#4330=ORIENTED_EDGE('',*,*,#2992,.T.);
#4331=ORIENTED_EDGE('',*,*,#2993,.T.);
#4332=ORIENTED_EDGE('',*,*,#2994,.T.);
#4333=ORIENTED_EDGE('',*,*,#2982,.T.);
#4334=ORIENTED_EDGE('',*,*,#2966,.T.);
#4335=ORIENTED_EDGE('',*,*,#2994,.F.);
#4336=ORIENTED_EDGE('',*,*,#2995,.F.);
#4337=ORIENTED_EDGE('',*,*,#2996,.F.);
#4338=ORIENTED_EDGE('',*,*,#2983,.F.);
#4339=ORIENTED_EDGE('',*,*,#2986,.F.);
#4340=ORIENTED_EDGE('',*,*,#2997,.T.);
#4341=ORIENTED_EDGE('',*,*,#2998,.F.);
#4342=ORIENTED_EDGE('',*,*,#2999,.F.);
#4343=ORIENTED_EDGE('',*,*,#2987,.F.);
#4344=ORIENTED_EDGE('',*,*,#2999,.T.);
#4345=ORIENTED_EDGE('',*,*,#3000,.F.);
#4346=ORIENTED_EDGE('',*,*,#3001,.F.);
#4347=ORIENTED_EDGE('',*,*,#2988,.F.);
#4348=ORIENTED_EDGE('',*,*,#3001,.T.);
#4349=ORIENTED_EDGE('',*,*,#3002,.F.);
#4350=ORIENTED_EDGE('',*,*,#3003,.F.);
#4351=ORIENTED_EDGE('',*,*,#2985,.F.);
#4352=ORIENTED_EDGE('',*,*,#3003,.T.);
#4353=ORIENTED_EDGE('',*,*,#3004,.F.);
#4354=ORIENTED_EDGE('',*,*,#2997,.F.);
#4355=ORIENTED_EDGE('',*,*,#2984,.F.);
#4356=ORIENTED_EDGE('',*,*,#2996,.T.);
#4357=ORIENTED_EDGE('',*,*,#3005,.F.);
#4358=ORIENTED_EDGE('',*,*,#2973,.F.);
#4359=ORIENTED_EDGE('',*,*,#2964,.F.);
#4360=ORIENTED_EDGE('',*,*,#3006,.T.);
#4361=ORIENTED_EDGE('',*,*,#3007,.F.);
#4362=ORIENTED_EDGE('',*,*,#2975,.T.);
#4363=ORIENTED_EDGE('',*,*,#2968,.F.);
#4364=ORIENTED_EDGE('',*,*,#2981,.T.);
#4365=ORIENTED_EDGE('',*,*,#3008,.F.);
#4366=ORIENTED_EDGE('',*,*,#3009,.T.);
#4367=ORIENTED_EDGE('',*,*,#3007,.T.);
#4368=ORIENTED_EDGE('',*,*,#3010,.F.);
#4369=ORIENTED_EDGE('',*,*,#3011,.F.);
#4370=ORIENTED_EDGE('',*,*,#2976,.T.);
#4371=ORIENTED_EDGE('',*,*,#3008,.T.);
#4372=ORIENTED_EDGE('',*,*,#2980,.T.);
#4373=ORIENTED_EDGE('',*,*,#3012,.T.);
#4374=ORIENTED_EDGE('',*,*,#3013,.F.);
#4375=ORIENTED_EDGE('',*,*,#3014,.F.);
#4376=ORIENTED_EDGE('',*,*,#3015,.T.);
#4377=ORIENTED_EDGE('',*,*,#2989,.F.);
#4378=ORIENTED_EDGE('',*,*,#3016,.F.);
#4379=ORIENTED_EDGE('',*,*,#3017,.F.);
#4380=ORIENTED_EDGE('',*,*,#3018,.T.);
#4381=ORIENTED_EDGE('',*,*,#2990,.F.);
#4382=ORIENTED_EDGE('',*,*,#3015,.F.);
#4383=ORIENTED_EDGE('',*,*,#3019,.F.);
#4384=ORIENTED_EDGE('',*,*,#3020,.T.);
#4385=ORIENTED_EDGE('',*,*,#2991,.F.);
#4386=ORIENTED_EDGE('',*,*,#3018,.F.);
#4387=ORIENTED_EDGE('',*,*,#3021,.F.);
#4388=ORIENTED_EDGE('',*,*,#3016,.T.);
#4389=ORIENTED_EDGE('',*,*,#2992,.F.);
#4390=ORIENTED_EDGE('',*,*,#3020,.F.);
#4391=ORIENTED_EDGE('',*,*,#2978,.T.);
#4392=ORIENTED_EDGE('',*,*,#3022,.T.);
#4393=ORIENTED_EDGE('',*,*,#3023,.F.);
#4394=ORIENTED_EDGE('',*,*,#3024,.F.);
#4395=ORIENTED_EDGE('',*,*,#2979,.T.);
#4396=ORIENTED_EDGE('',*,*,#3024,.T.);
#4397=ORIENTED_EDGE('',*,*,#3025,.F.);
#4398=ORIENTED_EDGE('',*,*,#3012,.F.);
#4399=ORIENTED_EDGE('',*,*,#2977,.T.);
#4400=ORIENTED_EDGE('',*,*,#3011,.T.);
#4401=ORIENTED_EDGE('',*,*,#3026,.F.);
#4402=ORIENTED_EDGE('',*,*,#3022,.F.);
#4403=ORIENTED_EDGE('',*,*,#2969,.F.);
#4404=ORIENTED_EDGE('',*,*,#2974,.T.);
#4405=ORIENTED_EDGE('',*,*,#3005,.T.);
#4406=ORIENTED_EDGE('',*,*,#2995,.T.);
#4407=ORIENTED_EDGE('',*,*,#2993,.F.);
#4408=ORIENTED_EDGE('',*,*,#2965,.F.);
#4409=ORIENTED_EDGE('',*,*,#3009,.F.);
#4410=ORIENTED_EDGE('',*,*,#3013,.T.);
#4411=ORIENTED_EDGE('',*,*,#3025,.T.);
#4412=ORIENTED_EDGE('',*,*,#3023,.T.);
#4413=ORIENTED_EDGE('',*,*,#3026,.T.);
#4414=ORIENTED_EDGE('',*,*,#3010,.T.);
#4415=ORIENTED_EDGE('',*,*,#3006,.F.);
#4416=ORIENTED_EDGE('',*,*,#2963,.F.);
#4417=ORIENTED_EDGE('',*,*,#3004,.T.);
#4418=ORIENTED_EDGE('',*,*,#3002,.T.);
#4419=ORIENTED_EDGE('',*,*,#3000,.T.);
#4420=ORIENTED_EDGE('',*,*,#2998,.T.);
#4421=ORIENTED_EDGE('',*,*,#3014,.T.);
#4422=ORIENTED_EDGE('',*,*,#3021,.T.);
#4423=ORIENTED_EDGE('',*,*,#3019,.T.);
#4424=ORIENTED_EDGE('',*,*,#3017,.T.);
#4425=PLANE('',#4868);
#4426=PLANE('',#4869);
#4427=PLANE('',#4870);
#4428=PLANE('',#4871);
#4429=PLANE('',#4872);
#4430=PLANE('',#4873);
#4431=PLANE('',#4874);
#4432=PLANE('',#4875);
#4433=PLANE('',#4876);
#4434=PLANE('',#4877);
#4435=PLANE('',#4878);
#4436=PLANE('',#4879);
#4437=PLANE('',#4880);
#4438=PLANE('',#4881);
#4439=PLANE('',#4882);
#4440=PLANE('',#4883);
#4441=PLANE('',#4887);
#4442=PLANE('',#4888);
#4443=PLANE('',#4889);
#4444=PLANE('',#4890);
#4445=PLANE('',#4891);
#4446=PLANE('',#4892);
#4447=PLANE('',#4893);
#4448=PLANE('',#4894);
#4449=PLANE('',#4895);
#4450=PLANE('',#4896);
#4451=PLANE('',#4897);
#4452=PLANE('',#4898);
#4453=PLANE('',#4899);
#4454=PLANE('',#4900);
#4455=PLANE('',#4901);
#4456=PLANE('',#4902);
#4457=PLANE('',#4903);
#4458=PLANE('',#4904);
#4459=PLANE('',#4905);
#4460=PLANE('',#4906);
#4461=PLANE('',#4907);
#4462=PLANE('',#4908);
#4463=PLANE('',#4909);
#4464=PLANE('',#4910);
#4465=PLANE('',#4911);
#4466=PLANE('',#4912);
#4467=PLANE('',#4913);
#4468=PLANE('',#4914);
#4469=PLANE('',#4915);
#4470=PLANE('',#4916);
#4471=PLANE('',#4917);
#4472=PLANE('',#4918);
#4473=PLANE('',#4919);
#4474=PLANE('',#4920);
#4475=PLANE('',#4921);
#4476=PLANE('',#4935);
#4477=PLANE('',#4941);
#4478=PLANE('',#4942);
#4479=PLANE('',#4943);
#4480=PLANE('',#4944);
#4481=PLANE('',#4945);
#4482=PLANE('',#4946);
#4483=PLANE('',#4947);
#4484=PLANE('',#4951);
#4485=PLANE('',#4952);
#4486=PLANE('',#4962);
#4487=PLANE('',#4966);
#4488=PLANE('',#4973);
#4489=PLANE('',#4977);
#4490=PLANE('',#4980);
#4491=PLANE('',#4987);
#4492=PLANE('',#4995);
#4493=PLANE('',#4999);
#4494=PLANE('',#5010);
#4495=PLANE('',#5014);
#4496=PLANE('',#5019);
#4497=PLANE('',#5021);
#4498=PLANE('',#5022);
#4499=PLANE('',#5024);
#4500=PLANE('',#5028);
#4501=PLANE('',#5029);
#4502=PLANE('',#5035);
#4503=PLANE('',#5036);
#4504=PLANE('',#5043);
#4505=PLANE('',#5048);
#4506=PLANE('',#5051);
#4507=PLANE('',#5058);
#4508=PLANE('',#5059);
#4509=PLANE('',#5060);
#4510=PLANE('',#5061);
#4511=PLANE('',#5062);
#4512=PLANE('',#5063);
#4513=PLANE('',#5064);
#4514=PLANE('',#5068);
#4515=PLANE('',#5071);
#4516=PLANE('',#5075);
#4517=PLANE('',#5082);
#4518=PLANE('',#5087);
#4519=PLANE('',#5093);
#4520=PLANE('',#5097);
#4521=PLANE('',#5102);
#4522=PLANE('',#5105);
#4523=PLANE('',#5108);
#4524=PLANE('',#5109);
#4525=PLANE('',#5112);
#4526=PLANE('',#5115);
#4527=PLANE('',#5116);
#4528=PLANE('',#5117);
#4529=PLANE('',#5118);
#4530=PLANE('',#5119);
#4531=PLANE('',#5120);
#4532=PLANE('',#5121);
#4533=PLANE('',#5123);
#4534=PLANE('',#5124);
#4535=PLANE('',#5125);
#4536=PLANE('',#5126);
#4537=PLANE('',#5127);
#4538=PLANE('',#5128);
#4539=PLANE('',#5132);
#4540=PLANE('',#5133);
#4541=PLANE('',#5134);
#4542=PLANE('',#5135);
#4543=PLANE('',#5136);
#4544=PLANE('',#5137);
#4545=PLANE('',#5138);
#4546=PLANE('',#5139);
#4547=PLANE('',#5140);
#4548=PLANE('',#5141);
#4549=PLANE('',#5142);
#4550=PLANE('',#5143);
#4551=PLANE('',#5144);
#4552=PLANE('',#5145);
#4553=PLANE('',#5146);
#4554=PLANE('',#5147);
#4555=PLANE('',#5148);
#4556=PLANE('',#5149);
#4557=PLANE('',#5150);
#4558=PLANE('',#5151);
#4559=PLANE('',#5152);
#4560=PLANE('',#5153);
#4561=PLANE('',#5156);
#4562=PLANE('',#5157);
#4563=PLANE('',#5165);
#4564=PLANE('',#5166);
#4565=PLANE('',#5174);
#4566=PLANE('',#5178);
#4567=PLANE('',#5180);
#4568=PLANE('',#5181);
#4569=PLANE('',#5183);
#4570=PLANE('',#5186);
#4571=PLANE('',#5187);
#4572=PLANE('',#5188);
#4573=PLANE('',#5189);
#4574=PLANE('',#5190);
#4575=PLANE('',#5193);
#4576=PLANE('',#5196);
#4577=PLANE('',#5197);
#4578=PLANE('',#5207);
#4579=PLANE('',#5208);
#4580=PLANE('',#5215);
#4581=PLANE('',#5216);
#4582=PLANE('',#5219);
#4583=PLANE('',#5224);
#4584=PLANE('',#5225);
#4585=PLANE('',#5226);
#4586=PLANE('',#5227);
#4587=PLANE('',#5228);
#4588=PLANE('',#5229);
#4589=PLANE('',#5230);
#4590=PLANE('',#5231);
#4591=PLANE('',#5232);
#4592=PLANE('',#5233);
#4593=PLANE('',#5234);
#4594=PLANE('',#5235);
#4595=ADVANCED_FACE('',(#272),#4425,.F.);
#4596=ADVANCED_FACE('',(#273),#4426,.F.);
#4597=ADVANCED_FACE('',(#274),#4427,.F.);
#4598=ADVANCED_FACE('',(#275),#4428,.F.);
#4599=ADVANCED_FACE('',(#276),#4429,.F.);
#4600=ADVANCED_FACE('',(#277),#4430,.F.);
#4601=ADVANCED_FACE('',(#278),#4431,.F.);
#4602=ADVANCED_FACE('',(#279),#4432,.F.);
#4603=ADVANCED_FACE('',(#280),#4433,.T.);
#4604=ADVANCED_FACE('',(#281),#4434,.T.);
#4605=ADVANCED_FACE('',(#282),#4435,.T.);
#4606=ADVANCED_FACE('',(#283),#4436,.T.);
#4607=ADVANCED_FACE('',(#284),#4437,.T.);
#4608=ADVANCED_FACE('',(#285),#4438,.T.);
#4609=ADVANCED_FACE('',(#286),#4439,.T.);
#4610=ADVANCED_FACE('',(#287),#4440,.T.);
#4611=ADVANCED_FACE('',(#288),#204,.F.);
#4612=ADVANCED_FACE('',(#289,#68),#4441,.F.);
#4613=ADVANCED_FACE('',(#290),#4442,.F.);
#4614=ADVANCED_FACE('',(#291),#4443,.F.);
#4615=ADVANCED_FACE('',(#292),#4444,.T.);
#4616=ADVANCED_FACE('',(#293),#4445,.T.);
#4617=ADVANCED_FACE('',(#294),#4446,.F.);
#4618=ADVANCED_FACE('',(#295),#4447,.T.);
#4619=ADVANCED_FACE('',(#296),#4448,.T.);
#4620=ADVANCED_FACE('',(#297),#4449,.T.);
#4621=ADVANCED_FACE('',(#298),#4450,.F.);
#4622=ADVANCED_FACE('',(#299),#4451,.F.);
#4623=ADVANCED_FACE('',(#300),#4452,.F.);
#4624=ADVANCED_FACE('',(#301),#4453,.F.);
#4625=ADVANCED_FACE('',(#302),#4454,.F.);
#4626=ADVANCED_FACE('',(#303),#4455,.F.);
#4627=ADVANCED_FACE('',(#304),#4456,.F.);
#4628=ADVANCED_FACE('',(#305),#4457,.F.);
#4629=ADVANCED_FACE('',(#306),#4458,.F.);
#4630=ADVANCED_FACE('',(#307),#4459,.F.);
#4631=ADVANCED_FACE('',(#308),#4460,.F.);
#4632=ADVANCED_FACE('',(#309),#4461,.F.);
#4633=ADVANCED_FACE('',(#310),#4462,.T.);
#4634=ADVANCED_FACE('',(#311),#4463,.F.);
#4635=ADVANCED_FACE('',(#312),#4464,.F.);
#4636=ADVANCED_FACE('',(#313),#4465,.F.);
#4637=ADVANCED_FACE('',(#314),#4466,.F.);
#4638=ADVANCED_FACE('',(#315),#4467,.T.);
#4639=ADVANCED_FACE('',(#316,#69),#4468,.F.);
#4640=ADVANCED_FACE('',(#317),#4469,.F.);
#4641=ADVANCED_FACE('',(#318),#4470,.F.);
#4642=ADVANCED_FACE('',(#319),#4471,.F.);
#4643=ADVANCED_FACE('',(#320),#4472,.T.);
#4644=ADVANCED_FACE('',(#321),#4473,.T.);
#4645=ADVANCED_FACE('',(#322),#4474,.T.);
#4646=ADVANCED_FACE('',(#323,#70),#4475,.F.);
#4647=ADVANCED_FACE('',(#324),#205,.T.);
#4648=ADVANCED_FACE('',(#325),#206,.T.);
#4649=ADVANCED_FACE('',(#326),#207,.T.);
#4650=ADVANCED_FACE('',(#327),#208,.T.);
#4651=ADVANCED_FACE('',(#328),#209,.T.);
#4652=ADVANCED_FACE('',(#329),#210,.T.);
#4653=ADVANCED_FACE('',(#330),#26,.F.);
#4654=ADVANCED_FACE('',(#331,#71),#4476,.T.);
#4655=ADVANCED_FACE('',(#332),#211,.F.);
#4656=ADVANCED_FACE('',(#333),#27,.T.);
#4657=ADVANCED_FACE('',(#334),#212,.T.);
#4658=ADVANCED_FACE('',(#335),#21,.T.);
#4659=ADVANCED_FACE('',(#336),#22,.T.);
#4660=ADVANCED_FACE('',(#337),#23,.T.);
#4661=ADVANCED_FACE('',(#338),#24,.T.);
#4662=ADVANCED_FACE('',(#339),#25,.T.);
#4663=ADVANCED_FACE('',(#340),#4477,.F.);
#4664=ADVANCED_FACE('',(#341),#4478,.T.);
#4665=ADVANCED_FACE('',(#342),#4479,.T.);
#4666=ADVANCED_FACE('',(#343),#4480,.T.);
#4667=ADVANCED_FACE('',(#344),#4481,.T.);
#4668=ADVANCED_FACE('',(#345,#72),#4482,.T.);
#4669=ADVANCED_FACE('',(#346,#73),#4483,.F.);
#4670=ADVANCED_FACE('',(#347),#213,.T.);
#4671=ADVANCED_FACE('',(#348),#4484,.T.);
#4672=ADVANCED_FACE('',(#349),#4485,.T.);
#4673=ADVANCED_FACE('',(#350),#214,.T.);
#4674=ADVANCED_FACE('',(#351),#4486,.T.);
#4675=ADVANCED_FACE('',(#352),#215,.T.);
#4676=ADVANCED_FACE('',(#353),#4487,.T.);
#4677=ADVANCED_FACE('',(#354),#216,.T.);
#4678=ADVANCED_FACE('',(#355),#217,.F.);
#4679=ADVANCED_FACE('',(#356),#218,.T.);
#4680=ADVANCED_FACE('',(#357),#4488,.T.);
#4681=ADVANCED_FACE('',(#358),#4489,.T.);
#4682=ADVANCED_FACE('',(#359),#219,.T.);
#4683=ADVANCED_FACE('',(#360),#220,.T.);
#4684=ADVANCED_FACE('',(#361),#4490,.T.);
#4685=ADVANCED_FACE('',(#362),#221,.F.);
#4686=ADVANCED_FACE('',(#363),#222,.F.);
#4687=ADVANCED_FACE('',(#364),#4491,.F.);
#4688=ADVANCED_FACE('',(#365),#223,.F.);
#4689=ADVANCED_FACE('',(#366),#4492,.T.);
#4690=ADVANCED_FACE('',(#367),#224,.F.);
#4691=ADVANCED_FACE('',(#368),#4493,.T.);
#4692=ADVANCED_FACE('',(#369),#225,.F.);
#4693=ADVANCED_FACE('',(#370),#226,.T.);
#4694=ADVANCED_FACE('',(#371),#4494,.F.);
#4695=ADVANCED_FACE('',(#372),#227,.T.);
#4696=ADVANCED_FACE('',(#373),#4495,.F.);
#4697=ADVANCED_FACE('',(#374),#4496,.F.);
#4698=ADVANCED_FACE('',(#375),#228,.T.);
#4699=ADVANCED_FACE('',(#376),#4497,.F.);
#4700=ADVANCED_FACE('',(#377),#4498,.F.);
#4701=ADVANCED_FACE('',(#378),#229,.F.);
#4702=ADVANCED_FACE('',(#379),#4499,.F.);
#4703=ADVANCED_FACE('',(#380),#230,.T.);
#4704=ADVANCED_FACE('',(#381),#4500,.F.);
#4705=ADVANCED_FACE('',(#382),#4501,.F.);
#4706=ADVANCED_FACE('',(#383),#231,.T.);
#4707=ADVANCED_FACE('',(#384),#4502,.T.);
#4708=ADVANCED_FACE('',(#385),#4503,.T.);
#4709=ADVANCED_FACE('',(#386),#232,.T.);
#4710=ADVANCED_FACE('',(#387),#4504,.F.);
#4711=ADVANCED_FACE('',(#388),#233,.T.);
#4712=ADVANCED_FACE('',(#389),#234,.T.);
#4713=ADVANCED_FACE('',(#390),#4505,.F.);
#4714=ADVANCED_FACE('',(#391),#235,.T.);
#4715=ADVANCED_FACE('',(#392),#4506,.F.);
#4716=ADVANCED_FACE('',(#393),#236,.T.);
#4717=ADVANCED_FACE('',(#394),#237,.F.);
#4718=ADVANCED_FACE('',(#395),#238,.F.);
#4719=ADVANCED_FACE('',(#396),#239,.T.);
#4720=ADVANCED_FACE('',(#397),#4507,.T.);
#4721=ADVANCED_FACE('',(#398),#4508,.F.);
#4722=ADVANCED_FACE('',(#399),#4509,.F.);
#4723=ADVANCED_FACE('',(#400),#4510,.F.);
#4724=ADVANCED_FACE('',(#401),#4511,.F.);
#4725=ADVANCED_FACE('',(#402),#4512,.F.);
#4726=ADVANCED_FACE('',(#403),#4513,.F.);
#4727=ADVANCED_FACE('',(#404),#240,.T.);
#4728=ADVANCED_FACE('',(#405),#4514,.T.);
#4729=ADVANCED_FACE('',(#406),#4515,.T.);
#4730=ADVANCED_FACE('',(#407),#241,.T.);
#4731=ADVANCED_FACE('',(#408),#4516,.T.);
#4732=ADVANCED_FACE('',(#409),#242,.T.);
#4733=ADVANCED_FACE('',(#410),#4517,.T.);
#4734=ADVANCED_FACE('',(#411),#243,.T.);
#4735=ADVANCED_FACE('',(#412),#244,.T.);
#4736=ADVANCED_FACE('',(#413),#4518,.T.);
#4737=ADVANCED_FACE('',(#414),#245,.T.);
#4738=ADVANCED_FACE('',(#415),#246,.T.);
#4739=ADVANCED_FACE('',(#416),#4519,.T.);
#4740=ADVANCED_FACE('',(#417),#247,.T.);
#4741=ADVANCED_FACE('',(#418),#4520,.T.);
#4742=ADVANCED_FACE('',(#419),#4521,.T.);
#4743=ADVANCED_FACE('',(#420),#248,.T.);
#4744=ADVANCED_FACE('',(#421),#249,.F.);
#4745=ADVANCED_FACE('',(#422),#4522,.T.);
#4746=ADVANCED_FACE('',(#423),#250,.T.);
#4747=ADVANCED_FACE('',(#424),#251,.F.);
#4748=ADVANCED_FACE('',(#425),#4523,.T.);
#4749=ADVANCED_FACE('',(#426),#4524,.T.);
#4750=ADVANCED_FACE('',(#427),#252,.F.);
#4751=ADVANCED_FACE('',(#428),#4525,.T.);
#4752=ADVANCED_FACE('',(#429),#253,.T.);
#4753=ADVANCED_FACE('',(#430),#4526,.F.);
#4754=ADVANCED_FACE('',(#431),#4527,.T.);
#4755=ADVANCED_FACE('',(#432),#4528,.T.);
#4756=ADVANCED_FACE('',(#433),#4529,.T.);
#4757=ADVANCED_FACE('',(#434),#4530,.T.);
#4758=ADVANCED_FACE('',(#435),#4531,.T.);
#4759=ADVANCED_FACE('',(#436),#4532,.F.);
#4760=ADVANCED_FACE('',(#437),#254,.F.);
#4761=ADVANCED_FACE('',(#438),#4533,.T.);
#4762=ADVANCED_FACE('',(#439),#4534,.T.);
#4763=ADVANCED_FACE('',(#440),#4535,.T.);
#4764=ADVANCED_FACE('',(#441),#4536,.T.);
#4765=ADVANCED_FACE('',(#442),#4537,.T.);
#4766=ADVANCED_FACE('',(#443,#74),#4538,.T.);
#4767=ADVANCED_FACE('',(#444),#255,.F.);
#4768=ADVANCED_FACE('',(#445),#4539,.T.);
#4769=ADVANCED_FACE('',(#446),#4540,.T.);
#4770=ADVANCED_FACE('',(#447),#4541,.T.);
#4771=ADVANCED_FACE('',(#448),#4542,.T.);
#4772=ADVANCED_FACE('',(#449),#4543,.T.);
#4773=ADVANCED_FACE('',(#450),#4544,.T.);
#4774=ADVANCED_FACE('',(#451),#4545,.T.);
#4775=ADVANCED_FACE('',(#452),#4546,.T.);
#4776=ADVANCED_FACE('',(#453),#4547,.T.);
#4777=ADVANCED_FACE('',(#454),#4548,.T.);
#4778=ADVANCED_FACE('',(#455),#4549,.T.);
#4779=ADVANCED_FACE('',(#456),#4550,.T.);
#4780=ADVANCED_FACE('',(#457),#4551,.T.);
#4781=ADVANCED_FACE('',(#458,#75),#4552,.F.);
#4782=ADVANCED_FACE('',(#459),#4553,.T.);
#4783=ADVANCED_FACE('',(#460),#4554,.T.);
#4784=ADVANCED_FACE('',(#461),#4555,.T.);
#4785=ADVANCED_FACE('',(#462),#4556,.T.);
#4786=ADVANCED_FACE('',(#463),#4557,.T.);
#4787=ADVANCED_FACE('',(#464),#4558,.T.);
#4788=ADVANCED_FACE('',(#465),#4559,.T.);
#4789=ADVANCED_FACE('',(#466),#4560,.T.);
#4790=ADVANCED_FACE('',(#467),#4561,.T.);
#4791=ADVANCED_FACE('',(#468,#76,#77),#4562,.F.);
#4792=ADVANCED_FACE('',(#469),#4563,.F.);
#4793=ADVANCED_FACE('',(#470,#78,#79),#4564,.T.);
#4794=ADVANCED_FACE('',(#471),#4565,.T.);
#4795=ADVANCED_FACE('',(#472),#256,.F.);
#4796=ADVANCED_FACE('',(#473),#257,.F.);
#4797=ADVANCED_FACE('',(#474),#258,.T.);
#4798=ADVANCED_FACE('',(#475),#4566,.F.);
#4799=ADVANCED_FACE('',(#476),#259,.T.);
#4800=ADVANCED_FACE('',(#477),#4567,.F.);
#4801=ADVANCED_FACE('',(#478),#4568,.F.);
#4802=ADVANCED_FACE('',(#479),#260,.F.);
#4803=ADVANCED_FACE('',(#480),#4569,.F.);
#4804=ADVANCED_FACE('',(#481),#261,.F.);
#4805=ADVANCED_FACE('',(#482),#262,.T.);
#4806=ADVANCED_FACE('',(#483),#4570,.F.);
#4807=ADVANCED_FACE('',(#484),#4571,.F.);
#4808=ADVANCED_FACE('',(#485),#4572,.T.);
#4809=ADVANCED_FACE('',(#486),#4573,.T.);
#4810=ADVANCED_FACE('',(#487),#4574,.T.);
#4811=ADVANCED_FACE('',(#488),#263,.F.);
#4812=ADVANCED_FACE('',(#489),#4575,.T.);
#4813=ADVANCED_FACE('',(#490),#264,.T.);
#4814=ADVANCED_FACE('',(#491),#4576,.T.);
#4815=ADVANCED_FACE('',(#492),#4577,.T.);
#4816=ADVANCED_FACE('',(#493),#265,.F.);
#4817=ADVANCED_FACE('',(#494),#266,.F.);
#4818=ADVANCED_FACE('',(#495),#267,.T.);
#4819=ADVANCED_FACE('',(#496),#4578,.T.);
#4820=ADVANCED_FACE('',(#497,#80,#81),#4579,.F.);
#4821=ADVANCED_FACE('',(#498),#268,.T.);
#4822=ADVANCED_FACE('',(#499),#4580,.T.);
#4823=ADVANCED_FACE('',(#500),#4581,.T.);
#4824=ADVANCED_FACE('',(#501),#269,.F.);
#4825=ADVANCED_FACE('',(#502),#4582,.T.);
#4826=ADVANCED_FACE('',(#503),#270,.F.);
#4827=ADVANCED_FACE('',(#504),#271,.T.);
#4828=ADVANCED_FACE('',(#505),#4583,.T.);
#4829=ADVANCED_FACE('',(#506),#4584,.T.);
#4830=ADVANCED_FACE('',(#507),#4585,.T.);
#4831=ADVANCED_FACE('',(#508),#4586,.T.);
#4832=ADVANCED_FACE('',(#509),#4587,.F.);
#4833=ADVANCED_FACE('',(#510),#4588,.F.);
#4834=ADVANCED_FACE('',(#511),#4589,.F.);
#4835=ADVANCED_FACE('',(#512),#4590,.F.);
#4836=ADVANCED_FACE('',(#513),#4591,.T.);
#4837=ADVANCED_FACE('',(#514),#4592,.T.);
#4838=ADVANCED_FACE('',(#515),#4593,.T.);
#4839=ADVANCED_FACE('',(#516,#82,#83),#4594,.T.);
#4840=CLOSED_SHELL('',(#4595,#4596,#4597,#4598,#4599,#4600,#4601,#4602,
#4603,#4604,#4605,#4606,#4607,#4608,#4609,#4610,#4611,#4612,#4613,#4614,
#4615,#4616,#4617,#4618,#4619,#4620,#4621,#4622,#4623,#4624,#4625,#4626,
#4627,#4628,#4629,#4630,#4631,#4632,#4633,#4634,#4635,#4636,#4637,#4638,
#4639,#4640,#4641,#4642,#4643,#4644,#4645,#4646));
#4841=CLOSED_SHELL('',(#4647,#4648,#4649,#4650,#4651,#4652,#4653,#4654,
#4655,#4656,#4657,#4658,#4659,#4660,#4661,#4662,#4663,#4664,#4665,#4666,
#4667,#4668,#4669));
#4842=CLOSED_SHELL('',(#4670,#4671,#4672,#4673,#4674,#4675,#4676,#4677,
#4678,#4679,#4680,#4681,#4682,#4683,#4684,#4685,#4686,#4687,#4688,#4689,
#4690,#4691,#4692,#4693,#4694,#4695,#4696,#4697,#4698,#4699,#4700,#4701,
#4702,#4703,#4704,#4705,#4706,#4707,#4708,#4709,#4710,#4711,#4712,#4713,
#4714,#4715,#4716,#4717,#4718,#4719,#4720,#4721,#4722,#4723,#4724,#4725,
#4726,#4727,#4728,#4729,#4730,#4731,#4732,#4733,#4734,#4735,#4736,#4737,
#4738,#4739,#4740,#4741,#4742,#4743,#4744,#4745,#4746,#4747,#4748,#4749,
#4750,#4751,#4752,#4753,#4754,#4755,#4756,#4757,#4758,#4759,#4760,#4761,
#4762));
#4843=CLOSED_SHELL('',(#4763,#4764,#4765,#4766,#4767,#4768,#4769,#4770,
#4771,#4772,#4773,#4774,#4775,#4776,#4777,#4778,#4779,#4780,#4781));
#4844=CLOSED_SHELL('',(#4782,#4783,#4784,#4785,#4786,#4787,#4788,#4789,
#4790,#4791,#4792,#4793,#4794,#4795,#4796,#4797,#4798,#4799,#4800,#4801,
#4802,#4803,#4804,#4805,#4806,#4807,#4808,#4809,#4810,#4811,#4812,#4813,
#4814,#4815));
#4845=CLOSED_SHELL('',(#4816,#4817,#4818,#4819,#4820,#4821,#4822,#4823,
#4824,#4825,#4826,#4827,#4828,#4829,#4830,#4831,#4832,#4833,#4834,#4835,
#4836,#4837,#4838,#4839));
#4846=DERIVED_UNIT_ELEMENT(#4849,1.);
#4847=DERIVED_UNIT_ELEMENT(#8968,-3.);
#4848=DIMENSIONAL_EXPONENTS(0.,1.,0.,0.,0.,0.,0.);
#4849=(
CONVERSION_BASED_UNIT('gram',#4851)
MASS_UNIT()
NAMED_UNIT(#4848)
);
#4850=(
MASS_UNIT()
NAMED_UNIT(*)
SI_UNIT(.KILO.,.GRAM.)
);
#4851=MASS_MEASURE_WITH_UNIT(MASS_MEASURE(0.001),#4850);
#4852=DERIVED_UNIT((#4846,#4847));
#4853=MEASURE_REPRESENTATION_ITEM('density measure',
POSITIVE_RATIO_MEASURE(1.),#4852);
#4854=PROPERTY_DEFINITION_REPRESENTATION(#4859,#4856);
#4855=PROPERTY_DEFINITION_REPRESENTATION(#4860,#4857);
#4856=REPRESENTATION('material name',(#4858),#8965);
#4857=REPRESENTATION('density',(#4853),#8965);
#4858=DESCRIPTIVE_REPRESENTATION_ITEM('Generic','Generic');
#4859=PROPERTY_DEFINITION('material property','material name',#8975);
#4860=PROPERTY_DEFINITION('material property','density of part',#8975);
#4861=DATE_TIME_ROLE('creation_date');
#4862=APPLIED_DATE_AND_TIME_ASSIGNMENT(#4863,#4861,(#8975));
#4863=DATE_AND_TIME(#4864,#4865);
#4864=CALENDAR_DATE(2026,18,3);
#4865=LOCAL_TIME(0,0,0.,#4866);
#4866=COORDINATED_UNIVERSAL_TIME_OFFSET(0,0,.BEHIND.);
#4867=AXIS2_PLACEMENT_3D('',#6517,#5236,#5237);
#4868=AXIS2_PLACEMENT_3D('',#6518,#5238,#5239);
#4869=AXIS2_PLACEMENT_3D('',#6527,#5244,#5245);
#4870=AXIS2_PLACEMENT_3D('',#6533,#5249,#5250);
#4871=AXIS2_PLACEMENT_3D('',#6539,#5254,#5255);
#4872=AXIS2_PLACEMENT_3D('',#6541,#5257,#5258);
#4873=AXIS2_PLACEMENT_3D('',#6550,#5263,#5264);
#4874=AXIS2_PLACEMENT_3D('',#6556,#5268,#5269);
#4875=AXIS2_PLACEMENT_3D('',#6562,#5273,#5274);
#4876=AXIS2_PLACEMENT_3D('',#6564,#5276,#5277);
#4877=AXIS2_PLACEMENT_3D('',#6573,#5282,#5283);
#4878=AXIS2_PLACEMENT_3D('',#6579,#5287,#5288);
#4879=AXIS2_PLACEMENT_3D('',#6585,#5292,#5293);
#4880=AXIS2_PLACEMENT_3D('',#6587,#5295,#5296);
#4881=AXIS2_PLACEMENT_3D('',#6596,#5301,#5302);
#4882=AXIS2_PLACEMENT_3D('',#6602,#5306,#5307);
#4883=AXIS2_PLACEMENT_3D('',#6608,#5311,#5312);
#4884=AXIS2_PLACEMENT_3D('',#6610,#5314,#5315);
#4885=AXIS2_PLACEMENT_3D('',#6612,#5316,#5317);
#4886=AXIS2_PLACEMENT_3D('',#6615,#5319,#5320);
#4887=AXIS2_PLACEMENT_3D('',#6616,#5321,#5322);
#4888=AXIS2_PLACEMENT_3D('',#6625,#5327,#5328);
#4889=AXIS2_PLACEMENT_3D('',#6631,#5332,#5333);
#4890=AXIS2_PLACEMENT_3D('',#6637,#5337,#5338);
#4891=AXIS2_PLACEMENT_3D('',#6647,#5344,#5345);
#4892=AXIS2_PLACEMENT_3D('',#6651,#5348,#5349);
#4893=AXIS2_PLACEMENT_3D('',#6667,#5358,#5359);
#4894=AXIS2_PLACEMENT_3D('',#6670,#5362,#5363);
#4895=AXIS2_PLACEMENT_3D('',#6672,#5365,#5366);
#4896=AXIS2_PLACEMENT_3D('',#6673,#5367,#5368);
#4897=AXIS2_PLACEMENT_3D('',#6682,#5373,#5374);
#4898=AXIS2_PLACEMENT_3D('',#6689,#5379,#5380);
#4899=AXIS2_PLACEMENT_3D('',#6696,#5385,#5386);
#4900=AXIS2_PLACEMENT_3D('',#6714,#5396,#5397);
#4901=AXIS2_PLACEMENT_3D('',#6724,#5403,#5404);
#4902=AXIS2_PLACEMENT_3D('',#6730,#5408,#5409);
#4903=AXIS2_PLACEMENT_3D('',#6736,#5413,#5414);
#4904=AXIS2_PLACEMENT_3D('',#6740,#5417,#5418);
#4905=AXIS2_PLACEMENT_3D('',#6744,#5421,#5422);
#4906=AXIS2_PLACEMENT_3D('',#6748,#5425,#5426);
#4907=AXIS2_PLACEMENT_3D('',#6752,#5429,#5430);
#4908=AXIS2_PLACEMENT_3D('',#6754,#5432,#5433);
#4909=AXIS2_PLACEMENT_3D('',#6772,#5443,#5444);
#4910=AXIS2_PLACEMENT_3D('',#6778,#5448,#5449);
#4911=AXIS2_PLACEMENT_3D('',#6786,#5454,#5455);
#4912=AXIS2_PLACEMENT_3D('',#6792,#5459,#5460);
#4913=AXIS2_PLACEMENT_3D('',#6797,#5464,#5465);
#4914=AXIS2_PLACEMENT_3D('',#6803,#5469,#5470);
#4915=AXIS2_PLACEMENT_3D('',#6810,#5475,#5476);
#4916=AXIS2_PLACEMENT_3D('',#6816,#5481,#5482);
#4917=AXIS2_PLACEMENT_3D('',#6822,#5487,#5488);
#4918=AXIS2_PLACEMENT_3D('',#6824,#5490,#5491);
#4919=AXIS2_PLACEMENT_3D('',#6828,#5494,#5495);
#4920=AXIS2_PLACEMENT_3D('',#6832,#5498,#5499);
#4921=AXIS2_PLACEMENT_3D('',#6834,#5501,#5502);
#4922=AXIS2_PLACEMENT_3D('',#6835,#5503,#5504);
#4923=AXIS2_PLACEMENT_3D('',#6860,#5507,#5508);
#4924=AXIS2_PLACEMENT_3D('',#6862,#5510,#5511);
#4925=AXIS2_PLACEMENT_3D('',#6901,#5513,#5514);
#4926=AXIS2_PLACEMENT_3D('',#6939,#5516,#5517);
#4927=AXIS2_PLACEMENT_3D('',#6973,#5519,#5520);
#4928=AXIS2_PLACEMENT_3D('',#7004,#5522,#5523);
#4929=AXIS2_PLACEMENT_3D('',#7007,#5524,#5525);
#4930=AXIS2_PLACEMENT_3D('',#7008,#5526,#5527);
#4931=AXIS2_PLACEMENT_3D('',#7077,#5530,#5531);
#4932=AXIS2_PLACEMENT_3D('',#7079,#5532,#5533);
#4933=AXIS2_PLACEMENT_3D('',#7083,#5535,#5536);
#4934=AXIS2_PLACEMENT_3D('',#7084,#5537,#5538);
#4935=AXIS2_PLACEMENT_3D('',#7085,#5539,#5540);
#4936=AXIS2_PLACEMENT_3D('',#7087,#5541,#5542);
#4937=AXIS2_PLACEMENT_3D('',#7088,#5543,#5544);
#4938=AXIS2_PLACEMENT_3D('',#7091,#5546,#5547);
#4939=AXIS2_PLACEMENT_3D('',#7092,#5548,#5549);
#4940=AXIS2_PLACEMENT_3D('',#7094,#5551,#5552);
#4941=AXIS2_PLACEMENT_3D('',#7952,#5555,#5556);
#4942=AXIS2_PLACEMENT_3D('',#7953,#5557,#5558);
#4943=AXIS2_PLACEMENT_3D('',#7962,#5563,#5564);
#4944=AXIS2_PLACEMENT_3D('',#7968,#5568,#5569);
#4945=AXIS2_PLACEMENT_3D('',#7974,#5573,#5574);
#4946=AXIS2_PLACEMENT_3D('',#7977,#5577,#5578);
#4947=AXIS2_PLACEMENT_3D('',#7978,#5579,#5580);
#4948=AXIS2_PLACEMENT_3D('',#7979,#5581,#5582);
#4949=AXIS2_PLACEMENT_3D('',#7982,#5583,#5584);
#4950=AXIS2_PLACEMENT_3D('',#7986,#5586,#5587);
#4951=AXIS2_PLACEMENT_3D('',#7988,#5589,#5590);
#4952=AXIS2_PLACEMENT_3D('',#8000,#5597,#5598);
#4953=AXIS2_PLACEMENT_3D('',#8012,#5604,#5605);
#4954=AXIS2_PLACEMENT_3D('',#8014,#5606,#5607);
#4955=AXIS2_PLACEMENT_3D('',#8016,#5608,#5609);
#4956=AXIS2_PLACEMENT_3D('',#8020,#5611,#5612);
#4957=AXIS2_PLACEMENT_3D('',#8022,#5613,#5614);
#4958=AXIS2_PLACEMENT_3D('',#8023,#5615,#5616);
#4959=AXIS2_PLACEMENT_3D('',#8024,#5617,#5618);
#4960=AXIS2_PLACEMENT_3D('',#8026,#5619,#5620);
#4961=AXIS2_PLACEMENT_3D('',#8028,#5621,#5622);
#4962=AXIS2_PLACEMENT_3D('',#8030,#5624,#5625);
#4963=AXIS2_PLACEMENT_3D('',#8040,#5631,#5632);
#4964=AXIS2_PLACEMENT_3D('',#8042,#5633,#5634);
#4965=AXIS2_PLACEMENT_3D('',#8044,#5635,#5636);
#4966=AXIS2_PLACEMENT_3D('',#8046,#5638,#5639);
#4967=AXIS2_PLACEMENT_3D('',#8048,#5641,#5642);
#4968=AXIS2_PLACEMENT_3D('',#8050,#5643,#5644);
#4969=AXIS2_PLACEMENT_3D('',#8052,#5646,#5647);
#4970=AXIS2_PLACEMENT_3D('',#8055,#5649,#5650);
#4971=AXIS2_PLACEMENT_3D('',#8056,#5651,#5652);
#4972=AXIS2_PLACEMENT_3D('',#8059,#5654,#5655);
#4973=AXIS2_PLACEMENT_3D('',#8060,#5656,#5657);
#4974=AXIS2_PLACEMENT_3D('',#8064,#5659,#5660);
#4975=AXIS2_PLACEMENT_3D('',#8066,#5661,#5662);
#4976=AXIS2_PLACEMENT_3D('',#8068,#5663,#5664);
#4977=AXIS2_PLACEMENT_3D('',#8077,#5670,#5671);
#4978=AXIS2_PLACEMENT_3D('',#8079,#5673,#5674);
#4979=AXIS2_PLACEMENT_3D('',#8081,#5676,#5677);
#4980=AXIS2_PLACEMENT_3D('',#8084,#5680,#5681);
#4981=AXIS2_PLACEMENT_3D('',#8090,#5685,#5686);
#4982=AXIS2_PLACEMENT_3D('',#8093,#5687,#5688);
#4983=AXIS2_PLACEMENT_3D('',#8097,#5690,#5691);
#4984=AXIS2_PLACEMENT_3D('',#8099,#5693,#5694);
#4985=AXIS2_PLACEMENT_3D('',#8102,#5695,#5696);
#4986=AXIS2_PLACEMENT_3D('',#8106,#5698,#5699);
#4987=AXIS2_PLACEMENT_3D('',#8118,#5701,#5702);
#4988=AXIS2_PLACEMENT_3D('',#8120,#5703,#5704);
#4989=AXIS2_PLACEMENT_3D('',#8124,#5706,#5707);
#4990=AXIS2_PLACEMENT_3D('',#8132,#5711,#5712);
#4991=AXIS2_PLACEMENT_3D('',#8135,#5714,#5715);
#4992=AXIS2_PLACEMENT_3D('',#8136,#5716,#5717);
#4993=AXIS2_PLACEMENT_3D('',#8151,#5719,#5720);
#4994=AXIS2_PLACEMENT_3D('',#8154,#5722,#5723);
#4995=AXIS2_PLACEMENT_3D('',#8155,#5724,#5725);
#4996=AXIS2_PLACEMENT_3D('',#8164,#5730,#5731);
#4997=AXIS2_PLACEMENT_3D('',#8166,#5732,#5733);
#4998=AXIS2_PLACEMENT_3D('',#8168,#5734,#5735);
#4999=AXIS2_PLACEMENT_3D('',#8170,#5737,#5738);
#5000=AXIS2_PLACEMENT_3D('',#8177,#5741,#5742);
#5001=AXIS2_PLACEMENT_3D('',#8181,#5744,#5745);
#5002=AXIS2_PLACEMENT_3D('',#8189,#5749,#5750);
#5003=AXIS2_PLACEMENT_3D('',#8193,#5752,#5753);
#5004=AXIS2_PLACEMENT_3D('',#8195,#5755,#5756);
#5005=AXIS2_PLACEMENT_3D('',#8197,#5757,#5758);
#5006=AXIS2_PLACEMENT_3D('',#8199,#5759,#5760);
#5007=AXIS2_PLACEMENT_3D('',#8201,#5762,#5763);
#5008=AXIS2_PLACEMENT_3D('',#8203,#5764,#5765);
#5009=AXIS2_PLACEMENT_3D('',#8206,#5767,#5768);
#5010=AXIS2_PLACEMENT_3D('',#8207,#5769,#5770);
#5011=AXIS2_PLACEMENT_3D('',#8211,#5772,#5773);
#5012=AXIS2_PLACEMENT_3D('',#8215,#5776,#5777);
#5013=AXIS2_PLACEMENT_3D('',#8219,#5779,#5780);
#5014=AXIS2_PLACEMENT_3D('',#8221,#5782,#5783);
#5015=AXIS2_PLACEMENT_3D('',#8223,#5784,#5785);
#5016=AXIS2_PLACEMENT_3D('',#8226,#5787,#5788);
#5017=AXIS2_PLACEMENT_3D('',#8230,#5790,#5791);
#5018=AXIS2_PLACEMENT_3D('',#8233,#5793,#5794);
#5019=AXIS2_PLACEMENT_3D('',#8234,#5795,#5796);
#5020=AXIS2_PLACEMENT_3D('',#8237,#5799,#5800);
#5021=AXIS2_PLACEMENT_3D('',#8238,#5801,#5802);
#5022=AXIS2_PLACEMENT_3D('',#8240,#5804,#5805);
#5023=AXIS2_PLACEMENT_3D('',#8242,#5807,#5808);
#5024=AXIS2_PLACEMENT_3D('',#8244,#5810,#5811);
#5025=AXIS2_PLACEMENT_3D('',#8246,#5813,#5814);
#5026=AXIS2_PLACEMENT_3D('',#8249,#5815,#5816);
#5027=AXIS2_PLACEMENT_3D('',#8253,#5818,#5819);
#5028=AXIS2_PLACEMENT_3D('',#8255,#5821,#5822);
#5029=AXIS2_PLACEMENT_3D('',#8265,#5828,#5829);
#5030=AXIS2_PLACEMENT_3D('',#8269,#5831,#5832);
#5031=AXIS2_PLACEMENT_3D('',#8276,#5836,#5837);
#5032=AXIS2_PLACEMENT_3D('',#8277,#5838,#5839);
#5033=AXIS2_PLACEMENT_3D('',#8280,#5840,#5841);
#5034=AXIS2_PLACEMENT_3D('',#8284,#5843,#5844);
#5035=AXIS2_PLACEMENT_3D('',#8286,#5846,#5847);
#5036=AXIS2_PLACEMENT_3D('',#8290,#5851,#5852);
#5037=AXIS2_PLACEMENT_3D('',#8295,#5855,#5856);
#5038=AXIS2_PLACEMENT_3D('',#8299,#5858,#5859);
#5039=AXIS2_PLACEMENT_3D('',#8304,#5862,#5863);
#5040=AXIS2_PLACEMENT_3D('',#8307,#5865,#5866);
#5041=AXIS2_PLACEMENT_3D('',#8313,#5871,#5872);
#5042=AXIS2_PLACEMENT_3D('',#8316,#5873,#5874);
#5043=AXIS2_PLACEMENT_3D('',#8319,#5877,#5878);
#5044=AXIS2_PLACEMENT_3D('',#8323,#5881,#5882);
#5045=AXIS2_PLACEMENT_3D('',#8324,#5883,#5884);
#5046=AXIS2_PLACEMENT_3D('',#8325,#5885,#5886);
#5047=AXIS2_PLACEMENT_3D('',#8328,#5887,#5888);
#5048=AXIS2_PLACEMENT_3D('',#8331,#5891,#5892);
#5049=AXIS2_PLACEMENT_3D('',#8335,#5895,#5896);
#5050=AXIS2_PLACEMENT_3D('',#8337,#5897,#5898);
#5051=AXIS2_PLACEMENT_3D('',#8339,#5900,#5901);
#5052=AXIS2_PLACEMENT_3D('',#8341,#5903,#5904);
#5053=AXIS2_PLACEMENT_3D('',#8343,#5906,#5907);
#5054=AXIS2_PLACEMENT_3D('',#8344,#5908,#5909);
#5055=AXIS2_PLACEMENT_3D('',#8346,#5910,#5911);
#5056=AXIS2_PLACEMENT_3D('',#8348,#5913,#5914);
#5057=AXIS2_PLACEMENT_3D('',#8351,#5916,#5917);
#5058=AXIS2_PLACEMENT_3D('',#8352,#5918,#5919);
#5059=AXIS2_PLACEMENT_3D('',#8356,#5922,#5923);
#5060=AXIS2_PLACEMENT_3D('',#8358,#5925,#5926);
#5061=AXIS2_PLACEMENT_3D('',#8359,#5927,#5928);
#5062=AXIS2_PLACEMENT_3D('',#8361,#5930,#5931);
#5063=AXIS2_PLACEMENT_3D('',#8363,#5933,#5934);
#5064=AXIS2_PLACEMENT_3D('',#8365,#5936,#5937);
#5065=AXIS2_PLACEMENT_3D('',#8367,#5939,#5940);
#5066=AXIS2_PLACEMENT_3D('',#8370,#5941,#5942);
#5067=AXIS2_PLACEMENT_3D('',#8374,#5944,#5945);
#5068=AXIS2_PLACEMENT_3D('',#8376,#5947,#5948);
#5069=AXIS2_PLACEMENT_3D('',#8380,#5950,#5951);
#5070=AXIS2_PLACEMENT_3D('',#8388,#5955,#5956);
#5071=AXIS2_PLACEMENT_3D('',#8390,#5958,#5959);
#5072=AXIS2_PLACEMENT_3D('',#8398,#5964,#5965);
#5073=AXIS2_PLACEMENT_3D('',#8400,#5966,#5967);
#5074=AXIS2_PLACEMENT_3D('',#8402,#5968,#5969);
#5075=AXIS2_PLACEMENT_3D('',#8404,#5971,#5972);
#5076=AXIS2_PLACEMENT_3D('',#8408,#5974,#5975);
#5077=AXIS2_PLACEMENT_3D('',#8411,#5977,#5978);
#5078=AXIS2_PLACEMENT_3D('',#8421,#5984,#5985);
#5079=AXIS2_PLACEMENT_3D('',#8425,#5987,#5988);
#5080=AXIS2_PLACEMENT_3D('',#8427,#5990,#5991);
#5081=AXIS2_PLACEMENT_3D('',#8431,#5993,#5994);
#5082=AXIS2_PLACEMENT_3D('',#8433,#5996,#5997);
#5083=AXIS2_PLACEMENT_3D('',#8437,#6000,#6001);
#5084=AXIS2_PLACEMENT_3D('',#8438,#6002,#6003);
#5085=AXIS2_PLACEMENT_3D('',#8439,#6004,#6005);
#5086=AXIS2_PLACEMENT_3D('',#8443,#6007,#6008);
#5087=AXIS2_PLACEMENT_3D('',#8445,#6010,#6011);
#5088=AXIS2_PLACEMENT_3D('',#8449,#6014,#6015);
#5089=AXIS2_PLACEMENT_3D('',#8450,#6016,#6017);
#5090=AXIS2_PLACEMENT_3D('',#8451,#6018,#6019);
#5091=AXIS2_PLACEMENT_3D('',#8453,#6020,#6021);
#5092=AXIS2_PLACEMENT_3D('',#8455,#6022,#6023);
#5093=AXIS2_PLACEMENT_3D('',#8457,#6025,#6026);
#5094=AXIS2_PLACEMENT_3D('',#8461,#6028,#6029);
#5095=AXIS2_PLACEMENT_3D('',#8465,#6032,#6033);
#5096=AXIS2_PLACEMENT_3D('',#8468,#6034,#6035);
#5097=AXIS2_PLACEMENT_3D('',#8471,#6038,#6039);
#5098=AXIS2_PLACEMENT_3D('',#8473,#6040,#6041);
#5099=AXIS2_PLACEMENT_3D('',#8476,#6043,#6044);
#5100=AXIS2_PLACEMENT_3D('',#8480,#6046,#6047);
#5101=AXIS2_PLACEMENT_3D('',#8484,#6049,#6050);
#5102=AXIS2_PLACEMENT_3D('',#8486,#6052,#6053);
#5103=AXIS2_PLACEMENT_3D('',#8489,#6056,#6057);
#5104=AXIS2_PLACEMENT_3D('',#8491,#6059,#6060);
#5105=AXIS2_PLACEMENT_3D('',#8493,#6062,#6063);
#5106=AXIS2_PLACEMENT_3D('',#8495,#6065,#6066);
#5107=AXIS2_PLACEMENT_3D('',#8496,#6067,#6068);
#5108=AXIS2_PLACEMENT_3D('',#8499,#6071,#6072);
#5109=AXIS2_PLACEMENT_3D('',#8500,#6073,#6074);
#5110=AXIS2_PLACEMENT_3D('',#8501,#6075,#6076);
#5111=AXIS2_PLACEMENT_3D('',#8504,#6077,#6078);
#5112=AXIS2_PLACEMENT_3D('',#8507,#6081,#6082);
#5113=AXIS2_PLACEMENT_3D('',#8511,#6085,#6086);
#5114=AXIS2_PLACEMENT_3D('',#8512,#6087,#6088);
#5115=AXIS2_PLACEMENT_3D('',#8513,#6089,#6090);
#5116=AXIS2_PLACEMENT_3D('',#8516,#6093,#6094);
#5117=AXIS2_PLACEMENT_3D('',#8517,#6095,#6096);
#5118=AXIS2_PLACEMENT_3D('',#8519,#6098,#6099);
#5119=AXIS2_PLACEMENT_3D('',#8521,#6101,#6102);
#5120=AXIS2_PLACEMENT_3D('',#8525,#6105,#6106);
#5121=AXIS2_PLACEMENT_3D('',#8527,#6108,#6109);
#5122=AXIS2_PLACEMENT_3D('',#8528,#6110,#6111);
#5123=AXIS2_PLACEMENT_3D('',#8529,#6112,#6113);
#5124=AXIS2_PLACEMENT_3D('',#8530,#6114,#6115);
#5125=AXIS2_PLACEMENT_3D('',#8531,#6116,#6117);
#5126=AXIS2_PLACEMENT_3D('',#8540,#6122,#6123);
#5127=AXIS2_PLACEMENT_3D('',#8546,#6127,#6128);
#5128=AXIS2_PLACEMENT_3D('',#8552,#6132,#6133);
#5129=AXIS2_PLACEMENT_3D('',#8567,#6141,#6142);
#5130=AXIS2_PLACEMENT_3D('',#8568,#6143,#6144);
#5131=AXIS2_PLACEMENT_3D('',#8571,#6146,#6147);
#5132=AXIS2_PLACEMENT_3D('',#8572,#6148,#6149);
#5133=AXIS2_PLACEMENT_3D('',#8578,#6153,#6154);
#5134=AXIS2_PLACEMENT_3D('',#8584,#6158,#6159);
#5135=AXIS2_PLACEMENT_3D('',#8590,#6163,#6164);
#5136=AXIS2_PLACEMENT_3D('',#8596,#6168,#6169);
#5137=AXIS2_PLACEMENT_3D('',#8602,#6173,#6174);
#5138=AXIS2_PLACEMENT_3D('',#8608,#6178,#6179);
#5139=AXIS2_PLACEMENT_3D('',#8614,#6183,#6184);
#5140=AXIS2_PLACEMENT_3D('',#8619,#6188,#6189);
#5141=AXIS2_PLACEMENT_3D('',#8623,#6192,#6193);
#5142=AXIS2_PLACEMENT_3D('',#8627,#6196,#6197);
#5143=AXIS2_PLACEMENT_3D('',#8631,#6200,#6201);
#5144=AXIS2_PLACEMENT_3D('',#8633,#6203,#6204);
#5145=AXIS2_PLACEMENT_3D('',#8634,#6205,#6206);
#5146=AXIS2_PLACEMENT_3D('',#8635,#6207,#6208);
#5147=AXIS2_PLACEMENT_3D('',#8644,#6213,#6214);
#5148=AXIS2_PLACEMENT_3D('',#8653,#6219,#6220);
#5149=AXIS2_PLACEMENT_3D('',#8659,#6224,#6225);
#5150=AXIS2_PLACEMENT_3D('',#8665,#6229,#6230);
#5151=AXIS2_PLACEMENT_3D('',#8671,#6234,#6235);
#5152=AXIS2_PLACEMENT_3D('',#8674,#6238,#6239);
#5153=AXIS2_PLACEMENT_3D('',#8680,#6243,#6244);
#5154=AXIS2_PLACEMENT_3D('',#8684,#6246,#6247);
#5155=AXIS2_PLACEMENT_3D('',#8692,#6251,#6252);
#5156=AXIS2_PLACEMENT_3D('',#8694,#6254,#6255);
#5157=AXIS2_PLACEMENT_3D('',#8703,#6260,#6261);
#5158=AXIS2_PLACEMENT_3D('',#8711,#6265,#6266);
#5159=AXIS2_PLACEMENT_3D('',#8713,#6267,#6268);
#5160=AXIS2_PLACEMENT_3D('',#8717,#6270,#6271);
#5161=AXIS2_PLACEMENT_3D('',#8721,#6273,#6274);
#5162=AXIS2_PLACEMENT_3D('',#8723,#6275,#6276);
#5163=AXIS2_PLACEMENT_3D('',#8731,#6280,#6281);
#5164=AXIS2_PLACEMENT_3D('',#8735,#6283,#6284);
#5165=AXIS2_PLACEMENT_3D('',#8742,#6289,#6290);
#5166=AXIS2_PLACEMENT_3D('',#8748,#6294,#6295);
#5167=AXIS2_PLACEMENT_3D('',#8758,#6300,#6301);
#5168=AXIS2_PLACEMENT_3D('',#8760,#6302,#6303);
#5169=AXIS2_PLACEMENT_3D('',#8764,#6305,#6306);
#5170=AXIS2_PLACEMENT_3D('',#8768,#6308,#6309);
#5171=AXIS2_PLACEMENT_3D('',#8770,#6310,#6311);
#5172=AXIS2_PLACEMENT_3D('',#8778,#6316,#6317);
#5173=AXIS2_PLACEMENT_3D('',#8782,#6319,#6320);
#5174=AXIS2_PLACEMENT_3D('',#8784,#6322,#6323);
#5175=AXIS2_PLACEMENT_3D('',#8785,#6324,#6325);
#5176=AXIS2_PLACEMENT_3D('',#8788,#6328,#6329);
#5177=AXIS2_PLACEMENT_3D('',#8791,#6332,#6333);
#5178=AXIS2_PLACEMENT_3D('',#8793,#6335,#6336);
#5179=AXIS2_PLACEMENT_3D('',#8795,#6338,#6339);
#5180=AXIS2_PLACEMENT_3D('',#8797,#6341,#6342);
#5181=AXIS2_PLACEMENT_3D('',#8799,#6344,#6345);
#5182=AXIS2_PLACEMENT_3D('',#8802,#6348,#6349);
#5183=AXIS2_PLACEMENT_3D('',#8804,#6351,#6352);
#5184=AXIS2_PLACEMENT_3D('',#8806,#6354,#6355);
#5185=AXIS2_PLACEMENT_3D('',#8807,#6356,#6357);
#5186=AXIS2_PLACEMENT_3D('',#8808,#6358,#6359);
#5187=AXIS2_PLACEMENT_3D('',#8810,#6361,#6362);
#5188=AXIS2_PLACEMENT_3D('',#8812,#6364,#6365);
#5189=AXIS2_PLACEMENT_3D('',#8814,#6367,#6368);
#5190=AXIS2_PLACEMENT_3D('',#8815,#6369,#6370);
#5191=AXIS2_PLACEMENT_3D('',#8816,#6371,#6372);
#5192=AXIS2_PLACEMENT_3D('',#8819,#6374,#6375);
#5193=AXIS2_PLACEMENT_3D('',#8820,#6376,#6377);
#5194=AXIS2_PLACEMENT_3D('',#8822,#6379,#6380);
#5195=AXIS2_PLACEMENT_3D('',#8824,#6381,#6382);
#5196=AXIS2_PLACEMENT_3D('',#8826,#6384,#6385);
#5197=AXIS2_PLACEMENT_3D('',#8828,#6387,#6388);
#5198=AXIS2_PLACEMENT_3D('',#8829,#6389,#6390);
#5199=AXIS2_PLACEMENT_3D('',#8832,#6391,#6392);
#5200=AXIS2_PLACEMENT_3D('',#8836,#6394,#6395);
#5201=AXIS2_PLACEMENT_3D('',#8838,#6397,#6398);
#5202=AXIS2_PLACEMENT_3D('',#8841,#6399,#6400);
#5203=AXIS2_PLACEMENT_3D('',#8845,#6402,#6403);
#5204=AXIS2_PLACEMENT_3D('',#8847,#6405,#6406);
#5205=AXIS2_PLACEMENT_3D('',#8849,#6407,#6408);
#5206=AXIS2_PLACEMENT_3D('',#8851,#6409,#6410);
#5207=AXIS2_PLACEMENT_3D('',#8853,#6412,#6413);
#5208=AXIS2_PLACEMENT_3D('',#8859,#6417,#6418);
#5209=AXIS2_PLACEMENT_3D('',#8874,#6426,#6427);
#5210=AXIS2_PLACEMENT_3D('',#8877,#6429,#6430);
#5211=AXIS2_PLACEMENT_3D('',#8880,#6431,#6432);
#5212=AXIS2_PLACEMENT_3D('',#8884,#6434,#6435);
#5213=AXIS2_PLACEMENT_3D('',#8894,#6441,#6442);
#5214=AXIS2_PLACEMENT_3D('',#8896,#6443,#6444);
#5215=AXIS2_PLACEMENT_3D('',#8898,#6446,#6447);
#5216=AXIS2_PLACEMENT_3D('',#8902,#6450,#6451);
#5217=AXIS2_PLACEMENT_3D('',#8908,#6455,#6456);
#5218=AXIS2_PLACEMENT_3D('',#8910,#6457,#6458);
#5219=AXIS2_PLACEMENT_3D('',#8912,#6460,#6461);
#5220=AXIS2_PLACEMENT_3D('',#8916,#6464,#6465);
#5221=AXIS2_PLACEMENT_3D('',#8917,#6466,#6467);
#5222=AXIS2_PLACEMENT_3D('',#8918,#6468,#6469);
#5223=AXIS2_PLACEMENT_3D('',#8919,#6470,#6471);
#5224=AXIS2_PLACEMENT_3D('',#8920,#6472,#6473);
#5225=AXIS2_PLACEMENT_3D('',#8924,#6476,#6477);
#5226=AXIS2_PLACEMENT_3D('',#8928,#6480,#6481);
#5227=AXIS2_PLACEMENT_3D('',#8932,#6484,#6485);
#5228=AXIS2_PLACEMENT_3D('',#8936,#6488,#6489);
#5229=AXIS2_PLACEMENT_3D('',#8942,#6493,#6494);
#5230=AXIS2_PLACEMENT_3D('',#8946,#6497,#6498);
#5231=AXIS2_PLACEMENT_3D('',#8950,#6501,#6502);
#5232=AXIS2_PLACEMENT_3D('',#8952,#6504,#6505);
#5233=AXIS2_PLACEMENT_3D('',#8958,#6509,#6510);
#5234=AXIS2_PLACEMENT_3D('',#8960,#6512,#6513);
#5235=AXIS2_PLACEMENT_3D('',#8962,#6515,#6516);
#5236=DIRECTION('axis',(0.,0.,1.));
#5237=DIRECTION('refdir',(1.,0.,0.));
#5238=DIRECTION('center_axis',(0.,-1.,0.));
#5239=DIRECTION('ref_axis',(1.,0.,2.00642715293703E-16));
#5240=DIRECTION('',(1.,0.,0.));
#5241=DIRECTION('',(0.,0.,1.));
#5242=DIRECTION('',(1.,0.,2.00642715293703E-16));
#5243=DIRECTION('',(0.,0.,1.));
#5244=DIRECTION('center_axis',(1.,0.,0.));
#5245=DIRECTION('ref_axis',(0.,1.,0.));
#5246=DIRECTION('',(0.,1.,0.));
#5247=DIRECTION('',(0.,0.,1.));
#5248=DIRECTION('',(0.,1.,0.));
#5249=DIRECTION('center_axis',(-1.,0.,0.));
#5250=DIRECTION('ref_axis',(0.,-1.,0.));
#5251=DIRECTION('',(0.,-1.,0.));
#5252=DIRECTION('',(0.,-1.,0.));
#5253=DIRECTION('',(0.,0.,1.));
#5254=DIRECTION('center_axis',(0.,0.,-1.));
#5255=DIRECTION('ref_axis',(-1.,0.,0.));
#5256=DIRECTION('',(-1.,0.,-2.00642715293703E-16));
#5257=DIRECTION('center_axis',(0.,-1.,0.));
#5258=DIRECTION('ref_axis',(1.,0.,2.00642715293703E-16));
#5259=DIRECTION('',(1.,0.,0.));
#5260=DIRECTION('',(0.,0.,1.));
#5261=DIRECTION('',(1.,0.,2.00642715293703E-16));
#5262=DIRECTION('',(0.,0.,1.));
#5263=DIRECTION('center_axis',(1.,0.,0.));
#5264=DIRECTION('ref_axis',(0.,1.,0.));
#5265=DIRECTION('',(0.,1.,0.));
#5266=DIRECTION('',(0.,0.,1.));
#5267=DIRECTION('',(0.,1.,0.));
#5268=DIRECTION('center_axis',(-1.,0.,0.));
#5269=DIRECTION('ref_axis',(0.,-1.,0.));
#5270=DIRECTION('',(0.,-1.,0.));
#5271=DIRECTION('',(0.,-1.,0.));
#5272=DIRECTION('',(0.,0.,1.));
#5273=DIRECTION('center_axis',(0.,0.,-1.));
#5274=DIRECTION('ref_axis',(-1.,0.,0.));
#5275=DIRECTION('',(-1.,0.,-2.00642715293703E-16));
#5276=DIRECTION('center_axis',(0.,1.,0.));
#5277=DIRECTION('ref_axis',(1.,0.,-2.00642715293703E-16));
#5278=DIRECTION('',(-1.,0.,2.00642715293703E-16));
#5279=DIRECTION('',(0.,0.,-1.));
#5280=DIRECTION('',(1.,0.,-2.00642715293703E-16));
#5281=DIRECTION('',(0.,0.,-1.));
#5282=DIRECTION('center_axis',(-1.,0.,0.));
#5283=DIRECTION('ref_axis',(0.,1.,0.));
#5284=DIRECTION('',(0.,-1.,0.));
#5285=DIRECTION('',(0.,1.,0.));
#5286=DIRECTION('',(0.,0.,-1.));
#5287=DIRECTION('center_axis',(1.,0.,0.));
#5288=DIRECTION('ref_axis',(0.,-1.,0.));
#5289=DIRECTION('',(0.,1.,0.));
#5290=DIRECTION('',(0.,0.,-1.));
#5291=DIRECTION('',(0.,-1.,0.));
#5292=DIRECTION('center_axis',(0.,0.,-1.));
#5293=DIRECTION('ref_axis',(-1.,0.,0.));
#5294=DIRECTION('',(-1.,0.,2.00642715293703E-16));
#5295=DIRECTION('center_axis',(0.,1.,0.));
#5296=DIRECTION('ref_axis',(1.,0.,-2.00642715293703E-16));
#5297=DIRECTION('',(-1.,0.,2.00642715293703E-16));
#5298=DIRECTION('',(0.,0.,-1.));
#5299=DIRECTION('',(1.,0.,-2.00642715293703E-16));
#5300=DIRECTION('',(0.,0.,-1.));
#5301=DIRECTION('center_axis',(-1.,0.,0.));
#5302=DIRECTION('ref_axis',(0.,1.,0.));
#5303=DIRECTION('',(0.,-1.,0.));
#5304=DIRECTION('',(0.,1.,0.));
#5305=DIRECTION('',(0.,0.,-1.));
#5306=DIRECTION('center_axis',(1.,0.,0.));
#5307=DIRECTION('ref_axis',(0.,-1.,0.));
#5308=DIRECTION('',(0.,1.,0.));
#5309=DIRECTION('',(0.,0.,-1.));
#5310=DIRECTION('',(0.,-1.,0.));
#5311=DIRECTION('center_axis',(0.,0.,-1.));
#5312=DIRECTION('ref_axis',(-1.,0.,0.));
#5313=DIRECTION('',(-1.,0.,2.00642715293703E-16));
#5314=DIRECTION('center_axis',(0.,-1.,0.));
#5315=DIRECTION('ref_axis',(1.,0.,0.));
#5316=DIRECTION('center_axis',(0.,-1.,0.));
#5317=DIRECTION('ref_axis',(1.,0.,0.));
#5318=DIRECTION('',(0.,-1.,0.));
#5319=DIRECTION('center_axis',(0.,1.,0.));
#5320=DIRECTION('ref_axis',(1.,0.,0.));
#5321=DIRECTION('center_axis',(0.,-1.,0.));
#5322=DIRECTION('ref_axis',(0.,0.,1.));
#5323=DIRECTION('',(-2.77555756156289E-16,0.,-1.));
#5324=DIRECTION('',(-1.,0.,0.));
#5325=DIRECTION('',(0.,0.,1.));
#5326=DIRECTION('',(-1.,0.,0.));
#5327=DIRECTION('center_axis',(0.,0.,-1.));
#5328=DIRECTION('ref_axis',(0.,-1.,0.));
#5329=DIRECTION('',(0.,1.,0.));
#5330=DIRECTION('',(0.,-1.,0.));
#5331=DIRECTION('',(1.,0.,0.));
#5332=DIRECTION('center_axis',(0.,0.,1.));
#5333=DIRECTION('ref_axis',(0.,1.,0.));
#5334=DIRECTION('',(0.,-1.,0.));
#5335=DIRECTION('',(-1.,0.,0.));
#5336=DIRECTION('',(0.,1.,0.));
#5337=DIRECTION('center_axis',(-1.,0.,2.77555756156289E-16));
#5338=DIRECTION('ref_axis',(2.77555756156289E-16,0.,1.));
#5339=DIRECTION('',(2.77555756156289E-16,0.,1.));
#5340=DIRECTION('',(0.,1.,0.));
#5341=DIRECTION('',(-2.77555756156289E-16,0.,-1.));
#5342=DIRECTION('',(0.,1.,0.));
#5343=DIRECTION('',(2.77555756156289E-16,0.,1.));
#5344=DIRECTION('center_axis',(0.,1.,0.));
#5345=DIRECTION('ref_axis',(0.,0.,1.));
#5346=DIRECTION('',(-2.08166817117217E-16,0.,-1.));
#5347=DIRECTION('',(-1.,0.,0.));
#5348=DIRECTION('center_axis',(-1.,0.,0.));
#5349=DIRECTION('ref_axis',(0.,0.,-1.));
#5350=DIRECTION('',(-2.08166817117217E-16,0.,-1.));
#5351=DIRECTION('',(0.,1.,0.));
#5352=DIRECTION('',(2.08166817117217E-16,0.,1.));
#5353=DIRECTION('',(0.,-1.,0.));
#5354=DIRECTION('',(0.,0.,1.));
#5355=DIRECTION('',(0.,-1.,0.));
#5356=DIRECTION('',(2.08166817117217E-16,0.,1.));
#5357=DIRECTION('',(0.,1.,0.));
#5358=DIRECTION('center_axis',(0.,0.,1.));
#5359=DIRECTION('ref_axis',(1.,0.,0.));
#5360=DIRECTION('',(-1.,0.,0.));
#5361=DIRECTION('',(1.,0.,0.));
#5362=DIRECTION('center_axis',(0.,0.,-1.));
#5363=DIRECTION('ref_axis',(-1.,0.,0.));
#5364=DIRECTION('',(1.,0.,0.));
#5365=DIRECTION('center_axis',(0.,1.,0.));
#5366=DIRECTION('ref_axis',(0.,0.,1.));
#5367=DIRECTION('center_axis',(0.,-1.,0.));
#5368=DIRECTION('ref_axis',(0.,0.,-1.));
#5369=DIRECTION('',(-3.17206578464331E-16,0.,-1.));
#5370=DIRECTION('',(-1.,0.,0.));
#5371=DIRECTION('',(2.52323414687536E-16,0.,1.));
#5372=DIRECTION('',(1.,0.,-3.46944695195362E-16));
#5373=DIRECTION('center_axis',(-3.46944695195362E-16,0.,-1.));
#5374=DIRECTION('ref_axis',(1.,0.,-3.46944695195362E-16));
#5375=DIRECTION('',(0.,1.,0.));
#5376=DIRECTION('',(0.,-1.,0.));
#5377=DIRECTION('',(1.,0.,-3.46944695195362E-16));
#5378=DIRECTION('',(-1.,0.,3.46944695195362E-16));
#5379=DIRECTION('center_axis',(0.,0.,1.));
#5380=DIRECTION('ref_axis',(-1.,0.,0.));
#5381=DIRECTION('',(0.,-1.,0.));
#5382=DIRECTION('',(1.,0.,0.));
#5383=DIRECTION('',(-1.,0.,0.));
#5384=DIRECTION('',(0.,1.,0.));
#5385=DIRECTION('center_axis',(-1.,0.,2.52323414687536E-16));
#5386=DIRECTION('ref_axis',(2.52323414687536E-16,0.,1.));
#5387=DIRECTION('',(-2.52323414687536E-16,0.,-1.));
#5388=DIRECTION('',(0.,1.,0.));
#5389=DIRECTION('',(2.46716227694479E-16,0.,1.));
#5390=DIRECTION('',(0.,1.,0.));
#5391=DIRECTION('',(2.46716227694479E-16,0.,1.));
#5392=DIRECTION('',(0.,-1.,0.));
#5393=DIRECTION('',(2.46716227694479E-16,0.,1.));
#5394=DIRECTION('',(0.,-1.,0.));
#5395=DIRECTION('',(-2.52323414687536E-16,0.,-1.));
#5396=DIRECTION('center_axis',(1.,0.,-3.17206578464331E-16));
#5397=DIRECTION('ref_axis',(-3.17206578464331E-16,0.,-1.));
#5398=DIRECTION('',(-3.17206578464331E-16,0.,-1.));
#5399=DIRECTION('',(0.,1.,0.));
#5400=DIRECTION('',(-3.17206578464331E-16,0.,-1.));
#5401=DIRECTION('',(0.,1.,0.));
#5402=DIRECTION('',(-3.17206578464331E-16,0.,-1.));
#5403=DIRECTION('center_axis',(-2.52323414687536E-16,0.,-1.));
#5404=DIRECTION('ref_axis',(0.,-1.,0.));
#5405=DIRECTION('',(0.,-1.,0.));
#5406=DIRECTION('',(1.,0.,-2.52323414687536E-16));
#5407=DIRECTION('',(-1.,0.,2.52323414687536E-16));
#5408=DIRECTION('center_axis',(2.52323414687536E-16,0.,1.));
#5409=DIRECTION('ref_axis',(0.,1.,0.));
#5410=DIRECTION('',(0.,1.,0.));
#5411=DIRECTION('',(-1.,0.,2.52323414687536E-16));
#5412=DIRECTION('',(-1.,0.,2.52323414687536E-16));
#5413=DIRECTION('center_axis',(0.,-1.,0.));
#5414=DIRECTION('ref_axis',(2.46716227694479E-16,0.,1.));
#5415=DIRECTION('',(2.46716227694479E-16,0.,1.));
#5416=DIRECTION('',(-1.,0.,2.52323414687536E-16));
#5417=DIRECTION('center_axis',(2.52323414687536E-16,0.,1.));
#5418=DIRECTION('ref_axis',(0.,1.,0.));
#5419=DIRECTION('',(0.,1.,0.));
#5420=DIRECTION('',(-1.,0.,2.52323414687536E-16));
#5421=DIRECTION('center_axis',(0.,-1.,0.));
#5422=DIRECTION('ref_axis',(2.46716227694479E-16,0.,1.));
#5423=DIRECTION('',(2.46716227694479E-16,0.,1.));
#5424=DIRECTION('',(-1.,0.,2.52323414687536E-16));
#5425=DIRECTION('center_axis',(-2.52323414687536E-16,0.,-1.));
#5426=DIRECTION('ref_axis',(0.,-1.,0.));
#5427=DIRECTION('',(0.,-1.,0.));
#5428=DIRECTION('',(-1.,0.,2.52323414687536E-16));
#5429=DIRECTION('center_axis',(0.,-1.,0.));
#5430=DIRECTION('ref_axis',(2.46716227694479E-16,0.,1.));
#5431=DIRECTION('',(2.46716227694479E-16,0.,1.));
#5432=DIRECTION('center_axis',(0.,1.,0.));
#5433=DIRECTION('ref_axis',(0.,0.,1.));
#5434=DIRECTION('',(-2.46716227694479E-16,0.,-1.));
#5435=DIRECTION('',(-1.,0.,0.));
#5436=DIRECTION('',(4.93432455388958E-16,0.,1.));
#5437=DIRECTION('',(1.,0.,-4.62592926927148E-16));
#5438=DIRECTION('',(4.62592926927148E-16,0.,1.));
#5439=DIRECTION('',(-1.,0.,4.62592926927148E-16));
#5440=DIRECTION('',(4.93432455388958E-16,0.,1.));
#5441=DIRECTION('',(1.,0.,-2.11471052309554E-16));
#5442=DIRECTION('',(-2.46716227694479E-16,0.,-1.));
#5443=DIRECTION('center_axis',(1.,0.,-4.62592926927148E-16));
#5444=DIRECTION('ref_axis',(-4.62592926927148E-16,0.,-1.));
#5445=DIRECTION('',(-4.62592926927148E-16,0.,-1.));
#5446=DIRECTION('',(0.,-1.,0.));
#5447=DIRECTION('',(0.,1.,0.));
#5448=DIRECTION('center_axis',(-4.62592926927148E-16,0.,-1.));
#5449=DIRECTION('ref_axis',(0.,1.,0.));
#5450=DIRECTION('',(-1.,0.,4.62592926927148E-16));
#5451=DIRECTION('',(0.,1.,0.));
#5452=DIRECTION('',(1.,0.,-4.62592926927148E-16));
#5453=DIRECTION('',(0.,-1.,0.));
#5454=DIRECTION('center_axis',(0.,-1.,0.));
#5455=DIRECTION('ref_axis',(-4.93432455388958E-16,0.,-1.));
#5456=DIRECTION('',(4.75809867696496E-16,0.,1.));
#5457=DIRECTION('',(-4.93432455388958E-16,0.,-1.));
#5458=DIRECTION('',(1.,0.,-4.62592926927148E-16));
#5459=DIRECTION('center_axis',(4.62592926927148E-16,0.,1.));
#5460=DIRECTION('ref_axis',(0.,-1.,0.));
#5461=DIRECTION('',(1.,0.,-4.62592926927148E-16));
#5462=DIRECTION('',(0.,1.,0.));
#5463=DIRECTION('',(0.,-1.,0.));
#5464=DIRECTION('center_axis',(-1.,0.,4.93432455388958E-16));
#5465=DIRECTION('ref_axis',(4.93432455388958E-16,0.,1.));
#5466=DIRECTION('',(0.,1.,0.));
#5467=DIRECTION('',(4.93432455388958E-16,0.,1.));
#5468=DIRECTION('',(0.,1.,0.));
#5469=DIRECTION('center_axis',(0.,1.,0.));
#5470=DIRECTION('ref_axis',(0.,0.,1.));
#5471=DIRECTION('',(1.,0.,-2.00642715293703E-16));
#5472=DIRECTION('',(4.75809867696496E-16,0.,1.));
#5473=DIRECTION('',(4.75809867696496E-16,0.,1.));
#5474=DIRECTION('',(-1.,0.,0.));
#5475=DIRECTION('center_axis',(0.,0.,-1.));
#5476=DIRECTION('ref_axis',(-1.,0.,0.));
#5477=DIRECTION('',(-1.,0.,0.));
#5478=DIRECTION('',(0.,1.,0.));
#5479=DIRECTION('',(-1.,0.,0.));
#5480=DIRECTION('',(-1.,0.,0.));
#5481=DIRECTION('center_axis',(2.00642715293703E-16,0.,1.));
#5482=DIRECTION('ref_axis',(1.,0.,-2.00642715293703E-16));
#5483=DIRECTION('',(1.,0.,-2.00642715293703E-16));
#5484=DIRECTION('',(1.,0.,-2.00642715293703E-16));
#5485=DIRECTION('',(0.,1.,0.));
#5486=DIRECTION('',(1.,0.,-2.00642715293703E-16));
#5487=DIRECTION('center_axis',(-1.,0.,4.75809867696496E-16));
#5488=DIRECTION('ref_axis',(4.75809867696496E-16,0.,1.));
#5489=DIRECTION('',(4.75809867696496E-16,0.,1.));
#5490=DIRECTION('center_axis',(2.11471052309554E-16,0.,1.));
#5491=DIRECTION('ref_axis',(1.,0.,-2.11471052309554E-16));
#5492=DIRECTION('',(1.,0.,-2.11471052309554E-16));
#5493=DIRECTION('',(0.,1.,0.));
#5494=DIRECTION('center_axis',(0.,0.,-1.));
#5495=DIRECTION('ref_axis',(-1.,0.,0.));
#5496=DIRECTION('',(-1.,0.,0.));
#5497=DIRECTION('',(0.,1.,0.));
#5498=DIRECTION('center_axis',(1.,0.,-2.46716227694479E-16));
#5499=DIRECTION('ref_axis',(-2.46716227694479E-16,0.,-1.));
#5500=DIRECTION('',(-2.46716227694479E-16,0.,-1.));
#5501=DIRECTION('center_axis',(0.,1.,0.));
#5502=DIRECTION('ref_axis',(0.,0.,1.));
#5503=DIRECTION('center_axis',(0.,1.,0.));
#5504=DIRECTION('ref_axis',(1.,0.,0.));
#5505=DIRECTION('',(0.,-1.,0.));
#5506=DIRECTION('',(0.,-1.,0.));
#5507=DIRECTION('center_axis',(0.,-1.,0.));
#5508=DIRECTION('ref_axis',(1.,0.,0.));
#5509=DIRECTION('',(0.,1.,0.));
#5510=DIRECTION('center_axis',(0.,1.,0.));
#5511=DIRECTION('ref_axis',(1.,0.,0.));
#5512=DIRECTION('',(0.,-1.,0.));
#5513=DIRECTION('center_axis',(0.,1.,0.));
#5514=DIRECTION('ref_axis',(1.,0.,0.));
#5515=DIRECTION('',(0.,-1.,0.));
#5516=DIRECTION('center_axis',(0.,1.,0.));
#5517=DIRECTION('ref_axis',(1.,0.,0.));
#5518=DIRECTION('',(0.,-1.,0.));
#5519=DIRECTION('center_axis',(0.,1.,0.));
#5520=DIRECTION('ref_axis',(1.,0.,0.));
#5521=DIRECTION('',(0.,-1.,0.));
#5522=DIRECTION('center_axis',(0.,1.,0.));
#5523=DIRECTION('ref_axis',(1.,0.,0.));
#5524=DIRECTION('center_axis',(0.,1.,0.));
#5525=DIRECTION('ref_axis',(-1.,0.,0.));
#5526=DIRECTION('center_axis',(0.,1.,0.));
#5527=DIRECTION('ref_axis',(-1.,0.,0.));
#5528=DIRECTION('',(0.,-1.,0.));
#5529=DIRECTION('',(0.,-1.,0.));
#5530=DIRECTION('center_axis',(0.,1.,0.));
#5531=DIRECTION('ref_axis',(-1.,0.,0.));
#5532=DIRECTION('center_axis',(0.,1.,0.));
#5533=DIRECTION('ref_axis',(-1.,0.,0.));
#5534=DIRECTION('',(-0.342020143325669,-0.939692620785908,4.18853873767699E-17));
#5535=DIRECTION('center_axis',(0.,-1.,0.));
#5536=DIRECTION('ref_axis',(-1.,0.,0.));
#5537=DIRECTION('center_axis',(0.,-1.,0.));
#5538=DIRECTION('ref_axis',(-1.,0.,0.));
#5539=DIRECTION('center_axis',(0.,1.,0.));
#5540=DIRECTION('ref_axis',(0.,0.,1.));
#5541=DIRECTION('center_axis',(0.,-1.,0.));
#5542=DIRECTION('ref_axis',(-1.,0.,0.));
#5543=DIRECTION('center_axis',(0.,-1.,0.));
#5544=DIRECTION('ref_axis',(1.,0.,0.));
#5545=DIRECTION('',(0.,-1.,0.));
#5546=DIRECTION('center_axis',(0.,1.,0.));
#5547=DIRECTION('ref_axis',(1.,0.,0.));
#5548=DIRECTION('center_axis',(0.,-1.,0.));
#5549=DIRECTION('ref_axis',(-1.,0.,0.));
#5550=DIRECTION('',(0.707106781186549,-0.707106781186546,-8.65956056235495E-17));
#5551=DIRECTION('center_axis',(0.,1.,0.));
#5552=DIRECTION('ref_axis',(1.,0.,0.));
#5553=DIRECTION('',(-0.948683298050514,-0.316227766016838,0.));
#5554=DIRECTION('',(0.948683298050514,-0.316227766016838,0.));
#5555=DIRECTION('center_axis',(0.,0.,1.));
#5556=DIRECTION('ref_axis',(1.,0.,0.));
#5557=DIRECTION('center_axis',(0.,0.,-1.));
#5558=DIRECTION('ref_axis',(-1.,0.,0.));
#5559=DIRECTION('',(-1.,0.,0.));
#5560=DIRECTION('',(0.,1.,0.));
#5561=DIRECTION('',(-1.,0.,0.));
#5562=DIRECTION('',(0.,1.,0.));
#5563=DIRECTION('center_axis',(1.,0.,0.));
#5564=DIRECTION('ref_axis',(0.,0.,-1.));
#5565=DIRECTION('',(0.,0.,-1.));
#5566=DIRECTION('',(0.,0.,-1.));
#5567=DIRECTION('',(0.,1.,0.));
#5568=DIRECTION('center_axis',(0.,0.,1.));
#5569=DIRECTION('ref_axis',(1.,0.,0.));
#5570=DIRECTION('',(1.,0.,0.));
#5571=DIRECTION('',(1.,0.,0.));
#5572=DIRECTION('',(0.,1.,0.));
#5573=DIRECTION('center_axis',(-1.,0.,3.70074341541719E-16));
#5574=DIRECTION('ref_axis',(3.70074341541719E-16,0.,1.));
#5575=DIRECTION('',(3.70074341541719E-16,0.,1.));
#5576=DIRECTION('',(3.70074341541719E-16,0.,1.));
#5577=DIRECTION('center_axis',(0.,1.,0.));
#5578=DIRECTION('ref_axis',(0.,0.,1.));
#5579=DIRECTION('center_axis',(0.,1.,0.));
#5580=DIRECTION('ref_axis',(0.,0.,1.));
#5581=DIRECTION('center_axis',(0.,1.,0.));
#5582=DIRECTION('ref_axis',(0.707106781186547,0.,-0.707106781186547));
#5583=DIRECTION('center_axis',(0.,-1.,0.));
#5584=DIRECTION('ref_axis',(0.707106781186547,0.,-0.707106781186547));
#5585=DIRECTION('',(0.,-1.,0.));
#5586=DIRECTION('center_axis',(0.,1.,0.));
#5587=DIRECTION('ref_axis',(0.707106781186547,0.,-0.707106781186547));
#5588=DIRECTION('',(0.,1.,0.));
#5589=DIRECTION('center_axis',(0.,-1.,0.));
#5590=DIRECTION('ref_axis',(0.,0.,1.));
#5591=DIRECTION('',(0.,0.,-1.));
#5592=DIRECTION('',(1.,0.,0.));
#5593=DIRECTION('',(0.,0.,1.));
#5594=DIRECTION('',(1.,3.46944695195384E-16,2.11471052309554E-16));
#5595=DIRECTION('',(0.,0.,-1.));
#5596=DIRECTION('',(-1.,0.,0.));
#5597=DIRECTION('center_axis',(1.,0.,0.));
#5598=DIRECTION('ref_axis',(0.,0.,1.));
#5599=DIRECTION('',(0.,0.,1.));
#5600=DIRECTION('',(0.,0.,-1.));
#5601=DIRECTION('',(0.,0.,1.));
#5602=DIRECTION('',(0.,1.,0.));
#5603=DIRECTION('',(0.,0.,-1.));
#5604=DIRECTION('center_axis',(-1.,0.,0.));
#5605=DIRECTION('ref_axis',(0.,-0.720576692122888,-0.693375245281541));
#5606=DIRECTION('center_axis',(-1.,0.,0.));
#5607=DIRECTION('ref_axis',(0.,0.,-1.));
#5608=DIRECTION('center_axis',(-1.,0.,0.));
#5609=DIRECTION('ref_axis',(0.,-0.720576692122896,0.693375245281532));
#5610=DIRECTION('',(0.,0.,-1.));
#5611=DIRECTION('center_axis',(-1.,0.,0.));
#5612=DIRECTION('ref_axis',(0.,-0.720576692122896,-0.693375245281532));
#5613=DIRECTION('center_axis',(-1.,0.,0.));
#5614=DIRECTION('ref_axis',(0.,0.,1.));
#5615=DIRECTION('center_axis',(-1.,0.,0.));
#5616=DIRECTION('ref_axis',(0.,-0.720576692122888,0.693375245281541));
#5617=DIRECTION('center_axis',(0.,-1.,0.));
#5618=DIRECTION('ref_axis',(0.707106781186547,0.,0.707106781186547));
#5619=DIRECTION('center_axis',(0.,1.,0.));
#5620=DIRECTION('ref_axis',(0.707106781186547,0.,0.707106781186547));
#5621=DIRECTION('center_axis',(0.,-1.,0.));
#5622=DIRECTION('ref_axis',(0.707106781186547,0.,0.707106781186547));
#5623=DIRECTION('',(0.,-1.,0.));
#5624=DIRECTION('center_axis',(0.,1.,0.));
#5625=DIRECTION('ref_axis',(0.,0.,-1.));
#5626=DIRECTION('',(-1.,0.,1.85037170770861E-15));
#5627=DIRECTION('',(0.,0.,-1.));
#5628=DIRECTION('',(-1.,-3.70074341541719E-16,2.11471052309554E-16));
#5629=DIRECTION('',(0.,0.,-1.));
#5630=DIRECTION('',(-1.,0.,0.));
#5631=DIRECTION('center_axis',(0.,0.,1.));
#5632=DIRECTION('ref_axis',(0.707106781186547,0.707106781186547,0.));
#5633=DIRECTION('center_axis',(-1.85037170770861E-15,0.,-1.));
#5634=DIRECTION('ref_axis',(0.707106781186547,0.707106781186547,0.));
#5635=DIRECTION('center_axis',(0.,0.,1.));
#5636=DIRECTION('ref_axis',(0.707106781186547,0.707106781186547,0.));
#5637=DIRECTION('',(-5.55111512312578E-16,0.,-1.));
#5638=DIRECTION('center_axis',(1.85037170770861E-15,0.,1.));
#5639=DIRECTION('ref_axis',(-1.,0.,1.85037170770861E-15));
#5640=DIRECTION('',(0.,-1.,0.));
#5641=DIRECTION('center_axis',(-1.,0.,0.));
#5642=DIRECTION('ref_axis',(0.,-0.720576692122888,0.693375245281541));
#5643=DIRECTION('center_axis',(1.,0.,-5.55111512312578E-16));
#5644=DIRECTION('ref_axis',(0.,-0.720576692122888,0.693375245281541));
#5645=DIRECTION('',(-1.,0.,0.));
#5646=DIRECTION('center_axis',(1.,0.,0.));
#5647=DIRECTION('ref_axis',(0.,0.,1.));
#5648=DIRECTION('',(1.,0.,0.));
#5649=DIRECTION('center_axis',(1.,0.,-5.55111512312578E-16));
#5650=DIRECTION('ref_axis',(0.,0.,1.));
#5651=DIRECTION('center_axis',(1.,0.,0.));
#5652=DIRECTION('ref_axis',(0.,-0.720576692122896,-0.693375245281532));
#5653=DIRECTION('',(-1.,0.,0.));
#5654=DIRECTION('center_axis',(1.,0.,-5.55111512312578E-16));
#5655=DIRECTION('ref_axis',(0.,-0.720576692122896,-0.693375245281532));
#5656=DIRECTION('center_axis',(-1.,0.,5.55111512312578E-16));
#5657=DIRECTION('ref_axis',(-5.55111512312578E-16,0.,-1.));
#5658=DIRECTION('',(0.,0.,1.));
#5659=DIRECTION('center_axis',(1.,0.,-5.55111512312578E-16));
#5660=DIRECTION('ref_axis',(0.,-0.720576692122896,0.693375245281532));
#5661=DIRECTION('center_axis',(1.,0.,-5.55111512312578E-16));
#5662=DIRECTION('ref_axis',(0.,0.,-1.));
#5663=DIRECTION('center_axis',(1.,0.,-5.55111512312578E-16));
#5664=DIRECTION('ref_axis',(0.,-0.720576692122888,-0.693375245281541));
#5665=DIRECTION('',(0.,0.,1.));
#5666=DIRECTION('',(0.,1.,0.));
#5667=DIRECTION('',(0.,-1.,0.));
#5668=DIRECTION('',(0.,0.,-1.));
#5669=DIRECTION('',(0.,-1.,0.));
#5670=DIRECTION('center_axis',(0.,-1.,0.));
#5671=DIRECTION('ref_axis',(0.,0.,1.));
#5672=DIRECTION('',(1.,0.,0.));
#5673=DIRECTION('center_axis',(-1.,0.,0.));
#5674=DIRECTION('ref_axis',(0.,-0.720576692122896,0.693375245281532));
#5675=DIRECTION('',(-1.,0.,0.));
#5676=DIRECTION('center_axis',(1.,0.,0.));
#5677=DIRECTION('ref_axis',(0.,-0.720576692122888,-0.693375245281541));
#5678=DIRECTION('',(-1.,0.,0.));
#5679=DIRECTION('',(1.,0.,0.));
#5680=DIRECTION('center_axis',(0.,-1.,0.));
#5681=DIRECTION('ref_axis',(0.,0.,1.));
#5682=DIRECTION('',(-1.,0.,0.));
#5683=DIRECTION('',(0.,0.,1.));
#5684=DIRECTION('',(1.,3.46944695195384E-16,-2.11471052309554E-16));
#5685=DIRECTION('center_axis',(0.,0.,-1.));
#5686=DIRECTION('ref_axis',(-0.997775303139718,0.0666666666666653,0.));
#5687=DIRECTION('center_axis',(0.,0.,-1.));
#5688=DIRECTION('ref_axis',(-0.997775303139718,0.0666666666666653,0.));
#5689=DIRECTION('',(0.,0.,1.));
#5690=DIRECTION('center_axis',(-2.11471052309554E-16,0.,1.));
#5691=DIRECTION('ref_axis',(-0.997775303139718,0.0666666666666653,0.));
#5692=DIRECTION('',(0.,0.,-1.));
#5693=DIRECTION('center_axis',(0.,0.,1.));
#5694=DIRECTION('ref_axis',(0.707106781186547,0.707106781186548,0.));
#5695=DIRECTION('center_axis',(-2.11471052309554E-16,0.,1.));
#5696=DIRECTION('ref_axis',(0.707106781186547,0.707106781186548,0.));
#5697=DIRECTION('',(0.,0.,-1.));
#5698=DIRECTION('center_axis',(0.,0.,-1.));
#5699=DIRECTION('ref_axis',(0.707106781186547,0.707106781186548,0.));
#5700=DIRECTION('',(0.,0.,1.));
#5701=DIRECTION('center_axis',(1.,0.,0.));
#5702=DIRECTION('ref_axis',(0.,1.,0.));
#5703=DIRECTION('center_axis',(1.,0.,0.));
#5704=DIRECTION('ref_axis',(0.,-0.0635221688705699,-0.997980427694841));
#5705=DIRECTION('',(0.,0.991929868123958,-0.126787762515111));
#5706=DIRECTION('center_axis',(-1.,0.,0.));
#5707=DIRECTION('ref_axis',(0.,-0.0340349068519099,0.999420644731527));
#5708=DIRECTION('',(0.,0.981006395535885,0.193975389979476));
#5709=DIRECTION('',(0.,0.109016779076122,-0.994039909601153));
#5710=DIRECTION('',(0.,-0.981006395535885,-0.193975389979476));
#5711=DIRECTION('center_axis',(1.,0.,0.));
#5712=DIRECTION('ref_axis',(0.,-0.0340349068519097,0.999420644731527));
#5713=DIRECTION('',(0.,-0.991929868123958,0.126787762515111));
#5714=DIRECTION('center_axis',(-1.,0.,0.));
#5715=DIRECTION('ref_axis',(1.04294037909163E-16,-0.0635221688705699,-0.997980427694842));
#5716=DIRECTION('center_axis',(0.,0.,1.));
#5717=DIRECTION('ref_axis',(-0.707106781186548,0.707106781186547,0.));
#5718=DIRECTION('',(0.,0.,-1.));
#5719=DIRECTION('center_axis',(0.,0.,-1.));
#5720=DIRECTION('ref_axis',(-0.707106781186548,0.707106781186547,0.));
#5721=DIRECTION('',(0.,0.,1.));
#5722=DIRECTION('center_axis',(-2.11471052309554E-16,0.,1.));
#5723=DIRECTION('ref_axis',(0.707106781186547,0.707106781186548,0.));
#5724=DIRECTION('center_axis',(-1.,0.,0.));
#5725=DIRECTION('ref_axis',(0.,-1.,0.));
#5726=DIRECTION('',(0.,0.,1.));
#5727=DIRECTION('',(0.,-1.,0.));
#5728=DIRECTION('',(0.,0.,-1.));
#5729=DIRECTION('',(0.,-1.,0.));
#5730=DIRECTION('center_axis',(0.,0.,1.));
#5731=DIRECTION('ref_axis',(-0.707106781186547,0.707106781186548,0.));
#5732=DIRECTION('center_axis',(-2.11471052309554E-16,0.,-1.));
#5733=DIRECTION('ref_axis',(-0.707106781186547,0.707106781186548,0.));
#5734=DIRECTION('center_axis',(0.,0.,1.));
#5735=DIRECTION('ref_axis',(0.707106781186547,0.707106781186548,0.));
#5736=DIRECTION('',(0.,0.,-1.));
#5737=DIRECTION('center_axis',(-1.,-1.11022302462516E-15,0.));
#5738=DIRECTION('ref_axis',(1.11022302462516E-15,-1.,-2.34780031315777E-31));
#5739=DIRECTION('',(0.,0.,1.));
#5740=DIRECTION('',(1.11022302462516E-15,-1.,-2.34780031315777E-31));
#5741=DIRECTION('center_axis',(-1.,-1.11022302462516E-15,0.));
#5742=DIRECTION('ref_axis',(1.04294037909163E-16,-0.0635221688705699,0.997980427694842));
#5743=DIRECTION('',(0.,-0.991929868123958,-0.126787762515111));
#5744=DIRECTION('center_axis',(1.,1.11022302462516E-15,0.));
#5745=DIRECTION('ref_axis',(0.,-0.0340349068519097,-0.999420644731527));
#5746=DIRECTION('',(0.,-0.981006395535885,0.193975389979476));
#5747=DIRECTION('',(1.21032938200785E-16,-0.109016779076122,-0.994039909601153));
#5748=DIRECTION('',(0.,0.981006395535885,-0.193975389979476));
#5749=DIRECTION('center_axis',(-1.,-1.11022302462516E-15,0.));
#5750=DIRECTION('ref_axis',(0.,-0.0340349068519097,-0.999420644731527));
#5751=DIRECTION('',(0.,0.991929868123958,0.126787762515111));
#5752=DIRECTION('center_axis',(1.,1.11022302462516E-15,0.));
#5753=DIRECTION('ref_axis',(0.,-0.0635221688705699,0.997980427694841));
#5754=DIRECTION('',(1.11022302462516E-15,-1.,-2.34780031315777E-31));
#5755=DIRECTION('center_axis',(0.,0.,1.));
#5756=DIRECTION('ref_axis',(-0.707106781186548,0.707106781186547,0.));
#5757=DIRECTION('center_axis',(-2.11471052309554E-16,0.,-1.));
#5758=DIRECTION('ref_axis',(-0.707106781186548,0.707106781186547,0.));
#5759=DIRECTION('center_axis',(0.,0.,1.));
#5760=DIRECTION('ref_axis',(0.707106781186547,0.707106781186548,0.));
#5761=DIRECTION('',(0.,0.,-1.));
#5762=DIRECTION('center_axis',(0.,0.109016779076122,-0.994039909601153));
#5763=DIRECTION('ref_axis',(-0.707106781186548,-0.702892360849037,-0.0770865037478424));
#5764=DIRECTION('center_axis',(0.,-0.193975389979476,0.981006395535886));
#5765=DIRECTION('ref_axis',(2.28137652325572E-14,-0.981006395535886,-0.193975389979476));
#5766=DIRECTION('',(0.,-0.109016779076122,0.994039909601153));
#5767=DIRECTION('center_axis',(0.,0.193975389979476,-0.981006395535886));
#5768=DIRECTION('ref_axis',(-4.83928353417879E-16,-0.981006395535886,-0.193975389979476));
#5769=DIRECTION('center_axis',(0.,0.193975389979476,-0.981006395535886));
#5770=DIRECTION('ref_axis',(0.,-0.981006395535885,-0.193975389979476));
#5771=DIRECTION('',(-1.,0.,0.));
#5772=DIRECTION('center_axis',(0.,0.193975389979476,-0.981006395535886));
#5773=DIRECTION('ref_axis',(-2.32285609640582E-14,-0.981006395535886,-0.193975389979476));
#5774=DIRECTION('',(0.,0.981006395535885,0.193975389979476));
#5775=DIRECTION('',(1.,0.,0.));
#5776=DIRECTION('center_axis',(0.,-0.109016779076122,0.994039909601153));
#5777=DIRECTION('ref_axis',(0.707106781186548,-0.702892360849038,-0.0770865037478425));
#5778=DIRECTION('',(0.,0.109016779076122,-0.994039909601153));
#5779=DIRECTION('center_axis',(0.,-0.193975389979476,0.981006395535886));
#5780=DIRECTION('ref_axis',(-2.32285609640582E-14,-0.981006395535886,-0.193975389979476));
#5781=DIRECTION('',(0.,-0.109016779076122,0.994039909601153));
#5782=DIRECTION('center_axis',(-1.,0.,0.));
#5783=DIRECTION('ref_axis',(0.,-1.,0.));
#5784=DIRECTION('center_axis',(1.,0.,0.));
#5785=DIRECTION('ref_axis',(1.04294037909163E-16,-0.0635221688705699,-0.997980427694842));
#5786=DIRECTION('',(0.,0.991929868123958,-0.126787762515111));
#5787=DIRECTION('center_axis',(-1.,0.,0.));
#5788=DIRECTION('ref_axis',(0.,-0.0340349068519097,0.999420644731527));
#5789=DIRECTION('',(0.,-0.981006395535885,-0.193975389979476));
#5790=DIRECTION('center_axis',(1.,0.,0.));
#5791=DIRECTION('ref_axis',(0.,-0.0340349068519099,0.999420644731527));
#5792=DIRECTION('',(0.,-0.991929868123958,0.126787762515111));
#5793=DIRECTION('center_axis',(-1.,0.,0.));
#5794=DIRECTION('ref_axis',(0.,-0.0635221688705699,-0.997980427694841));
#5795=DIRECTION('center_axis',(0.,-0.126787762515111,-0.991929868123958));
#5796=DIRECTION('ref_axis',(0.,-0.991929868123958,0.126787762515111));
#5797=DIRECTION('',(-1.,0.,0.));
#5798=DIRECTION('',(1.,-1.65445346513194E-15,2.11471052309554E-16));
#5799=DIRECTION('center_axis',(-1.,0.,0.));
#5800=DIRECTION('ref_axis',(0.,-0.0340349068519097,0.999420644731527));
#5801=DIRECTION('center_axis',(0.,0.994039909601153,0.109016779076122));
#5802=DIRECTION('ref_axis',(0.,0.109016779076122,-0.994039909601153));
#5803=DIRECTION('',(-1.,0.,0.));
#5804=DIRECTION('center_axis',(0.,-0.193975389979476,0.981006395535886));
#5805=DIRECTION('ref_axis',(0.,0.981006395535885,0.193975389979476));
#5806=DIRECTION('',(-1.,0.,0.));
#5807=DIRECTION('center_axis',(-1.,0.,0.));
#5808=DIRECTION('ref_axis',(0.,-0.0340349068519099,0.999420644731527));
#5809=DIRECTION('',(1.,0.,0.));
#5810=DIRECTION('center_axis',(0.,0.126787762515111,0.991929868123958));
#5811=DIRECTION('ref_axis',(0.,0.991929868123958,-0.126787762515111));
#5812=DIRECTION('',(-1.,0.,0.));
#5813=DIRECTION('center_axis',(0.258138950950325,4.47799698277554E-17,-0.96610780040442));
#5814=DIRECTION('ref_axis',(0.683141377023184,-0.707106781186548,0.182531802705357));
#5815=DIRECTION('center_axis',(-0.258138950950325,0.,0.96610780040442));
#5816=DIRECTION('ref_axis',(0.683141377023184,-0.707106781186548,0.182531802705357));
#5817=DIRECTION('',(-0.258138950950325,-4.47799698277554E-17,0.96610780040442));
#5818=DIRECTION('center_axis',(0.258138950950325,0.,-0.96610780040442));
#5819=DIRECTION('ref_axis',(0.683141377023184,-0.707106781186548,0.182531802705357));
#5820=DIRECTION('',(0.258138950950325,4.47799698277554E-17,-0.96610780040442));
#5821=DIRECTION('center_axis',(-0.258138950950325,0.,0.96610780040442));
#5822=DIRECTION('ref_axis',(-0.96610780040442,0.,-0.258138950950325));
#5823=DIRECTION('',(-0.96610780040442,0.,-0.258138950950325));
#5824=DIRECTION('',(0.,-1.,0.));
#5825=DIRECTION('',(0.96610780040442,0.,0.258138950950325));
#5826=DIRECTION('',(-0.96610780040442,0.,-0.258138950950325));
#5827=DIRECTION('',(0.,-1.,0.));
#5828=DIRECTION('center_axis',(-1.73472347597681E-16,1.,0.));
#5829=DIRECTION('ref_axis',(1.,1.73472347597681E-16,2.11471052309554E-16));
#5830=DIRECTION('',(0.96610780040442,0.,0.258138950950325));
#5831=DIRECTION('center_axis',(1.73472347597681E-16,-1.,0.));
#5832=DIRECTION('ref_axis',(0.13017718616482,0.,-0.991490746402713));
#5833=DIRECTION('',(1.,1.73472347597681E-16,2.11471052309554E-16));
#5834=DIRECTION('',(0.,0.,1.));
#5835=DIRECTION('',(1.,1.73472347597681E-16,2.11471052309554E-16));
#5836=DIRECTION('center_axis',(-1.73472347597681E-16,1.,0.));
#5837=DIRECTION('ref_axis',(0.13017718616482,0.,-0.991490746402713));
#5838=DIRECTION('center_axis',(0.,0.,-1.));
#5839=DIRECTION('ref_axis',(-0.40845380183673,0.912778993932881,0.));
#5840=DIRECTION('center_axis',(0.,0.,1.));
#5841=DIRECTION('ref_axis',(-0.40845380183673,0.912778993932881,0.));
#5842=DIRECTION('',(0.,0.,1.));
#5843=DIRECTION('center_axis',(2.11471052309554E-16,0.,-1.));
#5844=DIRECTION('ref_axis',(-0.40845380183673,0.912778993932881,0.));
#5845=DIRECTION('',(0.,0.,-1.));
#5846=DIRECTION('center_axis',(0.,1.,0.));
#5847=DIRECTION('ref_axis',(0.,0.,-1.));
#5848=DIRECTION('',(-1.,0.,0.));
#5849=DIRECTION('',(-1.,-3.70074341541719E-16,-2.11471052309554E-16));
#5850=DIRECTION('',(1.,0.,0.));
#5851=DIRECTION('center_axis',(-2.11471052309554E-16,0.,1.));
#5852=DIRECTION('ref_axis',(1.,0.,2.11471052309554E-16));
#5853=DIRECTION('',(-1.,1.65445346513194E-15,-2.11471052309554E-16));
#5854=DIRECTION('',(0.,-1.,0.));
#5855=DIRECTION('center_axis',(2.11471052309554E-16,0.,-1.));
#5856=DIRECTION('ref_axis',(-0.707106781186548,-0.707106781186548,0.));
#5857=DIRECTION('',(1.,1.38777878078145E-16,2.11471052309554E-16));
#5858=DIRECTION('center_axis',(2.11471052309554E-16,0.,-1.));
#5859=DIRECTION('ref_axis',(0.707106781186548,-0.707106781186548,0.));
#5860=DIRECTION('',(0.,1.,0.));
#5861=DIRECTION('',(-0.666330983530245,-0.745656100617179,-1.40909714273601E-16));
#5862=DIRECTION('center_axis',(2.11471052309554E-16,0.,-1.));
#5863=DIRECTION('ref_axis',(-0.934252669414753,0.356611763254395,0.));
#5864=DIRECTION('',(0.,-1.,0.));
#5865=DIRECTION('center_axis',(2.11471052309554E-16,0.,-1.));
#5866=DIRECTION('ref_axis',(-0.707106781186548,-0.707106781186547,0.));
#5867=DIRECTION('',(0.,-1.,0.));
#5868=DIRECTION('',(-1.,0.,-2.11471052309554E-16));
#5869=DIRECTION('',(1.,0.,2.92163953848725E-16));
#5870=DIRECTION('',(1.,5.11286919235269E-16,2.11471052309554E-16));
#5871=DIRECTION('center_axis',(0.,0.,-1.));
#5872=DIRECTION('ref_axis',(-0.934252669414753,0.356611763254395,0.));
#5873=DIRECTION('center_axis',(0.,0.,1.));
#5874=DIRECTION('ref_axis',(-0.934252669414753,0.356611763254395,0.));
#5875=DIRECTION('',(0.,0.,1.));
#5876=DIRECTION('',(0.,0.,-1.));
#5877=DIRECTION('center_axis',(1.,0.,0.));
#5878=DIRECTION('ref_axis',(0.,-1.,0.));
#5879=DIRECTION('',(0.,-1.,0.));
#5880=DIRECTION('',(0.,0.,-1.));
#5881=DIRECTION('center_axis',(0.,0.,-1.));
#5882=DIRECTION('ref_axis',(-0.707106781186548,-0.707106781186547,0.));
#5883=DIRECTION('center_axis',(0.,0.,1.));
#5884=DIRECTION('ref_axis',(-0.707106781186548,-0.707106781186547,0.));
#5885=DIRECTION('center_axis',(0.,0.,-1.));
#5886=DIRECTION('ref_axis',(0.707106781186548,-0.707106781186548,0.));
#5887=DIRECTION('center_axis',(0.,0.,1.));
#5888=DIRECTION('ref_axis',(0.707106781186548,-0.707106781186548,0.));
#5889=DIRECTION('',(0.,0.,1.));
#5890=DIRECTION('',(0.,0.,-1.));
#5891=DIRECTION('center_axis',(-1.38777878078145E-16,1.,0.));
#5892=DIRECTION('ref_axis',(1.,1.38777878078145E-16,2.11471052309554E-16));
#5893=DIRECTION('',(0.,0.,1.));
#5894=DIRECTION('',(1.,1.38777878078145E-16,2.11471052309554E-16));
#5895=DIRECTION('center_axis',(0.,0.,-1.));
#5896=DIRECTION('ref_axis',(-0.707106781186548,-0.707106781186548,0.));
#5897=DIRECTION('center_axis',(0.,0.,1.));
#5898=DIRECTION('ref_axis',(-0.707106781186548,-0.707106781186548,0.));
#5899=DIRECTION('',(0.,0.,-1.));
#5900=DIRECTION('center_axis',(1.,0.,0.));
#5901=DIRECTION('ref_axis',(0.,-1.,0.));
#5902=DIRECTION('',(0.,-1.,0.));
#5903=DIRECTION('center_axis',(1.,0.,0.));
#5904=DIRECTION('ref_axis',(0.,-0.0635221688705699,-0.997980427694841));
#5905=DIRECTION('',(1.,0.,0.));
#5906=DIRECTION('center_axis',(1.,-1.65445346513194E-15,2.11471052309554E-16));
#5907=DIRECTION('ref_axis',(1.04294037909163E-16,-0.0635221688705699,-0.997980427694842));
#5908=DIRECTION('center_axis',(0.,-1.,0.));
#5909=DIRECTION('ref_axis',(0.13017718616482,0.,-0.991490746402713));
#5910=DIRECTION('center_axis',(0.,1.,0.));
#5911=DIRECTION('ref_axis',(0.13017718616482,0.,-0.991490746402713));
#5912=DIRECTION('',(0.,1.,0.));
#5913=DIRECTION('center_axis',(0.,1.,0.));
#5914=DIRECTION('ref_axis',(0.13017718616482,0.,-0.991490746402713));
#5915=DIRECTION('',(0.,1.,0.));
#5916=DIRECTION('center_axis',(0.,1.,0.));
#5917=DIRECTION('ref_axis',(0.13017718616482,0.,-0.991490746402713));
#5918=DIRECTION('center_axis',(0.,1.,0.));
#5919=DIRECTION('ref_axis',(0.,0.,1.));
#5920=DIRECTION('',(0.96610780040442,0.,0.258138950950325));
#5921=DIRECTION('',(0.258138950950325,0.,-0.96610780040442));
#5922=DIRECTION('center_axis',(0.258138950950325,0.,-0.96610780040442));
#5923=DIRECTION('ref_axis',(0.96610780040442,0.,0.258138950950325));
#5924=DIRECTION('',(0.,-1.,0.));
#5925=DIRECTION('center_axis',(-0.96610780040442,0.,-0.258138950950325));
#5926=DIRECTION('ref_axis',(0.258138950950325,0.,-0.96610780040442));
#5927=DIRECTION('center_axis',(0.745656100617179,-0.666330983530245,0.));
#5928=DIRECTION('ref_axis',(-0.666330983530245,-0.745656100617179,-1.40909714273601E-16));
#5929=DIRECTION('',(-0.666330983530245,-0.745656100617179,-1.40909714273601E-16));
#5930=DIRECTION('center_axis',(-1.,0.,0.));
#5931=DIRECTION('ref_axis',(0.,1.,0.));
#5932=DIRECTION('',(0.,1.,0.));
#5933=DIRECTION('center_axis',(-5.11286919235269E-16,1.,0.));
#5934=DIRECTION('ref_axis',(1.,5.11286919235269E-16,2.11471052309554E-16));
#5935=DIRECTION('',(-1.,2.64338815386942E-16,0.));
#5936=DIRECTION('center_axis',(0.,1.,0.));
#5937=DIRECTION('ref_axis',(1.,0.,2.92163953848725E-16));
#5938=DIRECTION('',(1.,0.,2.92163953848725E-16));
#5939=DIRECTION('center_axis',(0.258138950950325,4.47799698277554E-17,0.96610780040442));
#5940=DIRECTION('ref_axis',(0.683141377023184,-0.707106781186548,-0.182531802705357));
#5941=DIRECTION('center_axis',(-0.258138950950325,0.,-0.96610780040442));
#5942=DIRECTION('ref_axis',(0.683141377023184,-0.707106781186548,-0.182531802705357));
#5943=DIRECTION('',(-0.258138950950325,-4.47799698277554E-17,-0.96610780040442));
#5944=DIRECTION('center_axis',(0.258138950950325,0.,0.96610780040442));
#5945=DIRECTION('ref_axis',(0.683141377023184,-0.707106781186548,-0.182531802705357));
#5946=DIRECTION('',(0.258138950950325,4.47799698277554E-17,0.96610780040442));
#5947=DIRECTION('center_axis',(1.73472347597681E-16,-1.,0.));
#5948=DIRECTION('ref_axis',(1.,1.73472347597681E-16,-2.11471052309554E-16));
#5949=DIRECTION('',(-0.96610780040442,0.,0.258138950950325));
#5950=DIRECTION('center_axis',(-1.73472347597681E-16,1.,0.));
#5951=DIRECTION('ref_axis',(0.13017718616482,0.,0.991490746402713));
#5952=DIRECTION('',(1.,1.73472347597681E-16,-2.11471052309554E-16));
#5953=DIRECTION('',(0.,0.,1.));
#5954=DIRECTION('',(1.,1.73472347597681E-16,-2.11471052309554E-16));
#5955=DIRECTION('center_axis',(1.73472347597681E-16,-1.,0.));
#5956=DIRECTION('ref_axis',(0.13017718616482,0.,0.991490746402713));
#5957=DIRECTION('',(0.96610780040442,0.,-0.258138950950325));
#5958=DIRECTION('center_axis',(0.258138950950325,0.,0.96610780040442));
#5959=DIRECTION('ref_axis',(-0.96610780040442,0.,0.258138950950325));
#5960=DIRECTION('',(0.,-1.,0.));
#5961=DIRECTION('',(-0.96610780040442,0.,0.258138950950325));
#5962=DIRECTION('',(0.96610780040442,0.,-0.258138950950325));
#5963=DIRECTION('',(0.,1.,0.));
#5964=DIRECTION('center_axis',(0.,0.,1.));
#5965=DIRECTION('ref_axis',(-0.408453801836726,0.912778993932882,0.));
#5966=DIRECTION('center_axis',(0.,0.,-1.));
#5967=DIRECTION('ref_axis',(-0.408453801836726,0.912778993932882,0.));
#5968=DIRECTION('center_axis',(2.11471052309554E-16,0.,1.));
#5969=DIRECTION('ref_axis',(-0.408453801836726,0.912778993932882,0.));
#5970=DIRECTION('',(0.,0.,1.));
#5971=DIRECTION('center_axis',(0.,0.,1.));
#5972=DIRECTION('ref_axis',(0.,1.,0.));
#5973=DIRECTION('',(-0.666330983530245,-0.745656100617179,1.40909714273601E-16));
#5974=DIRECTION('center_axis',(0.,0.,-1.));
#5975=DIRECTION('ref_axis',(-0.934252669414753,0.356611763254393,0.));
#5976=DIRECTION('',(0.,-1.,0.));
#5977=DIRECTION('center_axis',(0.,0.,-1.));
#5978=DIRECTION('ref_axis',(-0.707106781186548,-0.707106781186547,0.));
#5979=DIRECTION('',(0.,-1.,0.));
#5980=DIRECTION('',(1.,0.,-2.92163953848725E-16));
#5981=DIRECTION('',(-3.26536183713281E-16,1.,6.90529503869933E-32));
#5982=DIRECTION('',(-1.,0.,0.));
#5983=DIRECTION('',(0.,1.,0.));
#5984=DIRECTION('center_axis',(0.,0.,-1.));
#5985=DIRECTION('ref_axis',(-0.707106781186548,-0.707106781186548,0.));
#5986=DIRECTION('',(1.,1.38777878078145E-16,-2.11471052309554E-16));
#5987=DIRECTION('center_axis',(0.,0.,-1.));
#5988=DIRECTION('ref_axis',(0.707106781186548,-0.707106781186548,0.));
#5989=DIRECTION('',(0.,1.,0.));
#5990=DIRECTION('center_axis',(0.,0.,1.));
#5991=DIRECTION('ref_axis',(-0.934252669414753,0.356611763254393,0.));
#5992=DIRECTION('',(0.,0.,-1.));
#5993=DIRECTION('center_axis',(2.11471052309554E-16,0.,1.));
#5994=DIRECTION('ref_axis',(-0.934252669414753,0.356611763254393,0.));
#5995=DIRECTION('',(0.,0.,1.));
#5996=DIRECTION('center_axis',(-1.,0.,0.));
#5997=DIRECTION('ref_axis',(0.,-1.,0.));
#5998=DIRECTION('',(0.,-1.,0.));
#5999=DIRECTION('',(0.,0.,-1.));
#6000=DIRECTION('center_axis',(0.,0.,1.));
#6001=DIRECTION('ref_axis',(-0.707106781186548,-0.707106781186547,0.));
#6002=DIRECTION('center_axis',(2.11471052309554E-16,0.,1.));
#6003=DIRECTION('ref_axis',(-0.707106781186548,-0.707106781186547,0.));
#6004=DIRECTION('center_axis',(0.,0.,1.));
#6005=DIRECTION('ref_axis',(0.707106781186548,-0.707106781186548,0.));
#6006=DIRECTION('',(0.,0.,-1.));
#6007=DIRECTION('center_axis',(2.11471052309554E-16,0.,1.));
#6008=DIRECTION('ref_axis',(0.707106781186548,-0.707106781186548,0.));
#6009=DIRECTION('',(0.,0.,1.));
#6010=DIRECTION('center_axis',(1.38777878078145E-16,-1.,0.));
#6011=DIRECTION('ref_axis',(1.,1.38777878078145E-16,-2.11471052309554E-16));
#6012=DIRECTION('',(0.,0.,1.));
#6013=DIRECTION('',(1.,1.38777878078145E-16,-2.11471052309554E-16));
#6014=DIRECTION('center_axis',(0.,0.,1.));
#6015=DIRECTION('ref_axis',(-0.707106781186548,-0.707106781186548,0.));
#6016=DIRECTION('center_axis',(2.11471052309554E-16,0.,1.));
#6017=DIRECTION('ref_axis',(-0.707106781186548,-0.707106781186548,0.));
#6018=DIRECTION('center_axis',(-1.21032938200785E-16,0.109016779076122,
0.994039909601153));
#6019=DIRECTION('ref_axis',(-0.707106781186547,-0.702892360849038,0.0770865037478416));
#6020=DIRECTION('center_axis',(0.,-0.193975389979476,-0.981006395535886));
#6021=DIRECTION('ref_axis',(8.29591463002078E-16,-0.981006395535886,0.193975389979476));
#6022=DIRECTION('center_axis',(0.,0.193975389979476,0.981006395535886));
#6023=DIRECTION('ref_axis',(8.29591463002078E-16,-0.981006395535886,0.193975389979476));
#6024=DIRECTION('',(-1.21032938200785E-16,0.109016779076122,0.994039909601153));
#6025=DIRECTION('center_axis',(0.,0.193975389979476,0.981006395535886));
#6026=DIRECTION('ref_axis',(0.,0.981006395535885,-0.193975389979476));
#6027=DIRECTION('',(-1.,0.,0.));
#6028=DIRECTION('center_axis',(0.,-0.193975389979476,-0.981006395535886));
#6029=DIRECTION('ref_axis',(-6.91326219168399E-17,-0.981006395535886,0.193975389979476));
#6030=DIRECTION('',(0.,-0.981006395535885,0.193975389979476));
#6031=DIRECTION('',(1.,0.,0.));
#6032=DIRECTION('center_axis',(0.,-0.109016779076122,-0.994039909601153));
#6033=DIRECTION('ref_axis',(0.707106781186547,-0.702892360849038,0.0770865037478416));
#6034=DIRECTION('center_axis',(0.,0.193975389979476,0.981006395535886));
#6035=DIRECTION('ref_axis',(-6.91326219168399E-17,-0.981006395535886,0.193975389979476));
#6036=DIRECTION('',(0.,0.109016779076122,0.994039909601153));
#6037=DIRECTION('',(0.,-0.109016779076122,-0.994039909601153));
#6038=DIRECTION('center_axis',(1.,0.,0.));
#6039=DIRECTION('ref_axis',(0.,1.,0.));
#6040=DIRECTION('center_axis',(-1.,0.,0.));
#6041=DIRECTION('ref_axis',(0.,-0.0635221688705699,0.997980427694841));
#6042=DIRECTION('',(0.,-0.991929868123958,-0.126787762515111));
#6043=DIRECTION('center_axis',(1.,0.,0.));
#6044=DIRECTION('ref_axis',(0.,-0.0340349068519097,-0.999420644731527));
#6045=DIRECTION('',(0.,0.981006395535885,-0.193975389979476));
#6046=DIRECTION('center_axis',(-1.,0.,0.));
#6047=DIRECTION('ref_axis',(0.,-0.0340349068519097,-0.999420644731527));
#6048=DIRECTION('',(0.,0.991929868123958,0.126787762515111));
#6049=DIRECTION('center_axis',(1.,0.,0.));
#6050=DIRECTION('ref_axis',(1.04294037909163E-16,-0.0635221688705699,0.997980427694842));
#6051=DIRECTION('',(0.,1.,0.));
#6052=DIRECTION('center_axis',(0.,-0.193975389979476,-0.981006395535886));
#6053=DIRECTION('ref_axis',(0.,-0.981006395535885,0.193975389979476));
#6054=DIRECTION('',(-1.,0.,0.));
#6055=DIRECTION('',(-1.,0.,0.));
#6056=DIRECTION('center_axis',(-1.,0.,0.));
#6057=DIRECTION('ref_axis',(0.,-0.0340349068519097,-0.999420644731527));
#6058=DIRECTION('',(1.,0.,0.));
#6059=DIRECTION('center_axis',(-1.,0.,0.));
#6060=DIRECTION('ref_axis',(0.,-0.0340349068519097,-0.999420644731527));
#6061=DIRECTION('',(-1.,0.,0.));
#6062=DIRECTION('center_axis',(0.,-0.126787762515111,0.991929868123958));
#6063=DIRECTION('ref_axis',(0.,0.991929868123958,0.126787762515111));
#6064=DIRECTION('',(1.,0.,0.));
#6065=DIRECTION('center_axis',(1.,0.,0.));
#6066=DIRECTION('ref_axis',(0.,-0.0635221688705699,0.997980427694841));
#6067=DIRECTION('center_axis',(-1.,1.65445346513194E-15,2.11471052309554E-16));
#6068=DIRECTION('ref_axis',(1.04294037909163E-16,-0.0635221688705699,0.997980427694842));
#6069=DIRECTION('',(-1.,1.65445346513194E-15,2.11471052309554E-16));
#6070=DIRECTION('',(1.,-1.65445346513194E-15,-2.11471052309554E-16));
#6071=DIRECTION('center_axis',(0.,0.126787762515111,-0.991929868123958));
#6072=DIRECTION('ref_axis',(0.,-0.991929868123958,-0.126787762515111));
#6073=DIRECTION('center_axis',(0.,-0.994039909601153,0.109016779076122));
#6074=DIRECTION('ref_axis',(0.,0.109016779076122,0.994039909601153));
#6075=DIRECTION('center_axis',(0.,-1.,0.));
#6076=DIRECTION('ref_axis',(0.13017718616482,0.,0.991490746402713));
#6077=DIRECTION('center_axis',(0.,1.,0.));
#6078=DIRECTION('ref_axis',(0.13017718616482,0.,0.991490746402713));
#6079=DIRECTION('',(0.,-1.,0.));
#6080=DIRECTION('',(0.,1.,0.));
#6081=DIRECTION('center_axis',(-0.258138950950325,0.,-0.96610780040442));
#6082=DIRECTION('ref_axis',(0.96610780040442,0.,-0.258138950950325));
#6083=DIRECTION('',(0.96610780040442,0.,-0.258138950950325));
#6084=DIRECTION('',(0.,-1.,0.));
#6085=DIRECTION('center_axis',(0.,1.,0.));
#6086=DIRECTION('ref_axis',(0.13017718616482,0.,0.991490746402713));
#6087=DIRECTION('center_axis',(0.,1.,0.));
#6088=DIRECTION('ref_axis',(0.13017718616482,0.,0.991490746402713));
#6089=DIRECTION('center_axis',(0.,-1.,0.));
#6090=DIRECTION('ref_axis',(0.,0.,-1.));
#6091=DIRECTION('',(-1.,0.,2.11471052309554E-16));
#6092=DIRECTION('',(0.258138950950325,0.,0.96610780040442));
#6093=DIRECTION('center_axis',(0.96610780040442,0.,-0.258138950950325));
#6094=DIRECTION('ref_axis',(0.258138950950325,0.,0.96610780040442));
#6095=DIRECTION('center_axis',(-0.745656100617179,0.666330983530245,0.));
#6096=DIRECTION('ref_axis',(-0.666330983530245,-0.745656100617179,1.40909714273601E-16));
#6097=DIRECTION('',(-0.666330983530245,-0.745656100617179,1.40909714273601E-16));
#6098=DIRECTION('center_axis',(1.,0.,0.));
#6099=DIRECTION('ref_axis',(0.,1.,0.));
#6100=DIRECTION('',(0.,1.,0.));
#6101=DIRECTION('center_axis',(1.,3.26536183713281E-16,0.));
#6102=DIRECTION('ref_axis',(-3.26536183713281E-16,1.,6.90529503869933E-32));
#6103=DIRECTION('',(0.,0.,1.));
#6104=DIRECTION('',(-3.26536183713281E-16,1.,6.90529503869933E-32));
#6105=DIRECTION('center_axis',(0.,-1.,0.));
#6106=DIRECTION('ref_axis',(1.,0.,-2.92163953848725E-16));
#6107=DIRECTION('',(1.,0.,-2.92163953848725E-16));
#6108=DIRECTION('center_axis',(2.11471052309554E-16,0.,1.));
#6109=DIRECTION('ref_axis',(1.,0.,-2.11471052309554E-16));
#6110=DIRECTION('center_axis',(-1.,0.,0.));
#6111=DIRECTION('ref_axis',(0.,0.,-1.));
#6112=DIRECTION('center_axis',(0.,0.,-1.));
#6113=DIRECTION('ref_axis',(0.,-1.,0.));
#6114=DIRECTION('center_axis',(0.,0.,-1.));
#6115=DIRECTION('ref_axis',(1.,0.,0.));
#6116=DIRECTION('center_axis',(0.210896889790268,-0.977508312945108,0.));
#6117=DIRECTION('ref_axis',(0.977508312945108,0.210896889790268,0.));
#6118=DIRECTION('',(0.,0.,-1.));
#6119=DIRECTION('',(0.977508312945108,0.210896889790268,0.));
#6120=DIRECTION('',(0.,0.,1.));
#6121=DIRECTION('',(-0.977508312945108,-0.210896889790268,0.));
#6122=DIRECTION('center_axis',(-0.977508312945108,-0.210896889790268,0.));
#6123=DIRECTION('ref_axis',(0.210896889790268,-0.977508312945108,0.));
#6124=DIRECTION('',(0.210896889790268,-0.977508312945108,0.));
#6125=DIRECTION('',(0.,0.,1.));
#6126=DIRECTION('',(-0.210896889790268,0.977508312945108,0.));
#6127=DIRECTION('center_axis',(0.977508312945108,0.210896889790268,0.));
#6128=DIRECTION('ref_axis',(-0.210896889790268,0.977508312945108,0.));
#6129=DIRECTION('',(0.,0.,-1.));
#6130=DIRECTION('',(-0.210896889790268,0.977508312945108,0.));
#6131=DIRECTION('',(0.210896889790268,-0.977508312945108,0.));
#6132=DIRECTION('center_axis',(0.,-1.,0.));
#6133=DIRECTION('ref_axis',(0.,0.,-1.));
#6134=DIRECTION('',(1.,0.,0.));
#6135=DIRECTION('',(2.26576127474522E-16,0.,1.));
#6136=DIRECTION('',(-1.,0.,5.55111512312579E-16));
#6137=DIRECTION('',(0.,0.,1.));
#6138=DIRECTION('',(1.,0.,5.55111512312578E-16));
#6139=DIRECTION('',(2.26576127474522E-16,0.,1.));
#6140=DIRECTION('',(-1.,0.,2.00642715293703E-16));
#6141=DIRECTION('center_axis',(0.,1.,0.));
#6142=DIRECTION('ref_axis',(-1.,0.,0.));
#6143=DIRECTION('center_axis',(0.,-1.,0.));
#6144=DIRECTION('ref_axis',(-1.,0.,0.));
#6145=DIRECTION('',(0.,1.,0.));
#6146=DIRECTION('center_axis',(0.,1.,0.));
#6147=DIRECTION('ref_axis',(-1.,0.,0.));
#6148=DIRECTION('center_axis',(1.,0.,-2.26576127474522E-16));
#6149=DIRECTION('ref_axis',(2.26576127474522E-16,0.,1.));
#6150=DIRECTION('',(2.26576127474522E-16,0.,1.));
#6151=DIRECTION('',(0.,-1.,0.));
#6152=DIRECTION('',(0.,-1.,0.));
#6153=DIRECTION('center_axis',(0.,0.,-1.));
#6154=DIRECTION('ref_axis',(1.,0.,0.));
#6155=DIRECTION('',(1.,0.,0.));
#6156=DIRECTION('',(1.,0.,0.));
#6157=DIRECTION('',(0.,-1.,0.));
#6158=DIRECTION('center_axis',(-1.,0.,4.44089209850063E-16));
#6159=DIRECTION('ref_axis',(-4.44089209850063E-16,0.,-1.));
#6160=DIRECTION('',(-4.44089209850063E-16,0.,-1.));
#6161=DIRECTION('',(-4.44089209850063E-16,0.,-1.));
#6162=DIRECTION('',(0.,-1.,0.));
#6163=DIRECTION('center_axis',(2.77555756156289E-16,0.,1.));
#6164=DIRECTION('ref_axis',(-1.,0.,2.77555756156289E-16));
#6165=DIRECTION('',(-1.,0.,2.77555756156289E-16));
#6166=DIRECTION('',(-1.,0.,2.77555756156289E-16));
#6167=DIRECTION('',(0.,-1.,0.));
#6168=DIRECTION('center_axis',(-1.,0.,0.));
#6169=DIRECTION('ref_axis',(0.,0.,-1.));
#6170=DIRECTION('',(0.,0.,-1.));
#6171=DIRECTION('',(0.,0.,-1.));
#6172=DIRECTION('',(0.,-1.,0.));
#6173=DIRECTION('center_axis',(-5.55111512312578E-16,0.,-1.));
#6174=DIRECTION('ref_axis',(1.,0.,-5.55111512312578E-16));
#6175=DIRECTION('',(1.,0.,-5.55111512312578E-16));
#6176=DIRECTION('',(1.,0.,-5.55111512312578E-16));
#6177=DIRECTION('',(0.,-1.,0.));
#6178=DIRECTION('center_axis',(-1.,0.,4.44089209850063E-16));
#6179=DIRECTION('ref_axis',(-4.44089209850063E-16,0.,-1.));
#6180=DIRECTION('',(-4.44089209850063E-16,0.,-1.));
#6181=DIRECTION('',(-4.44089209850063E-16,0.,-1.));
#6182=DIRECTION('',(0.,-1.,0.));
#6183=DIRECTION('center_axis',(2.00642715293703E-16,0.,1.));
#6184=DIRECTION('ref_axis',(-1.,0.,2.00642715293703E-16));
#6185=DIRECTION('',(-1.,0.,2.00642715293703E-16));
#6186=DIRECTION('',(-1.,0.,2.00642715293703E-16));
#6187=DIRECTION('',(0.,-1.,0.));
#6188=DIRECTION('center_axis',(1.,0.,-2.26576127474522E-16));
#6189=DIRECTION('ref_axis',(2.26576127474522E-16,0.,1.));
#6190=DIRECTION('',(2.26576127474522E-16,0.,1.));
#6191=DIRECTION('',(0.,-1.,0.));
#6192=DIRECTION('center_axis',(5.55111512312578E-16,0.,-1.));
#6193=DIRECTION('ref_axis',(1.,0.,5.55111512312578E-16));
#6194=DIRECTION('',(1.,0.,5.55111512312578E-16));
#6195=DIRECTION('',(0.,-1.,0.));
#6196=DIRECTION('center_axis',(1.,0.,0.));
#6197=DIRECTION('ref_axis',(0.,0.,1.));
#6198=DIRECTION('',(0.,0.,1.));
#6199=DIRECTION('',(0.,-1.,0.));
#6200=DIRECTION('center_axis',(5.55111512312579E-16,0.,1.));
#6201=DIRECTION('ref_axis',(-1.,0.,5.55111512312579E-16));
#6202=DIRECTION('',(-1.,0.,5.55111512312579E-16));
#6203=DIRECTION('center_axis',(0.,-1.,0.));
#6204=DIRECTION('ref_axis',(0.,0.,-1.));
#6205=DIRECTION('center_axis',(0.,-1.,0.));
#6206=DIRECTION('ref_axis',(0.,0.,-1.));
#6207=DIRECTION('center_axis',(-0.311487826148343,-0.950250142942046,0.));
#6208=DIRECTION('ref_axis',(0.950250142942046,-0.311487826148343,0.));
#6209=DIRECTION('',(0.,0.,1.));
#6210=DIRECTION('',(-0.950250142942046,0.311487826148343,0.));
#6211=DIRECTION('',(0.,0.,1.));
#6212=DIRECTION('',(0.950250142942046,-0.311487826148343,0.));
#6213=DIRECTION('center_axis',(0.963502113347626,0.267700723896405,0.));
#6214=DIRECTION('ref_axis',(-0.267700723896405,0.963502113347626,0.));
#6215=DIRECTION('',(0.,0.,-1.));
#6216=DIRECTION('',(-0.267700723896405,0.963502113347626,0.));
#6217=DIRECTION('',(0.,0.,1.));
#6218=DIRECTION('',(0.267700723896405,-0.963502113347626,0.));
#6219=DIRECTION('center_axis',(1.,-1.22617050710703E-10,0.));
#6220=DIRECTION('ref_axis',(1.22617050710703E-10,1.,0.));
#6221=DIRECTION('',(1.22617050710703E-10,1.,0.));
#6222=DIRECTION('',(0.,0.,1.));
#6223=DIRECTION('',(-1.22617050710703E-10,-1.,0.));
#6224=DIRECTION('center_axis',(-1.22616731583506E-10,-1.,0.));
#6225=DIRECTION('ref_axis',(1.,-1.22616731583506E-10,0.));
#6226=DIRECTION('',(1.,-1.22616731583506E-10,0.));
#6227=DIRECTION('',(0.,0.,1.));
#6228=DIRECTION('',(-1.,1.22616731583506E-10,0.));
#6229=DIRECTION('center_axis',(-1.,1.23748048771879E-10,0.));
#6230=DIRECTION('ref_axis',(-1.23748048771879E-10,-1.,0.));
#6231=DIRECTION('',(-1.23748048771879E-10,-1.,0.));
#6232=DIRECTION('',(0.,0.,1.));
#6233=DIRECTION('',(1.23748048771879E-10,1.,0.));
#6234=DIRECTION('center_axis',(-0.963502113336156,-0.267700723937685,0.));
#6235=DIRECTION('ref_axis',(0.267700723937685,-0.963502113336156,0.));
#6236=DIRECTION('',(0.267700723937685,-0.963502113336156,0.));
#6237=DIRECTION('',(-0.267700723937685,0.963502113336156,0.));
#6238=DIRECTION('center_axis',(0.311487826148344,0.950250142942046,0.));
#6239=DIRECTION('ref_axis',(-0.950250142942046,0.311487826148343,0.));
#6240=DIRECTION('',(0.,0.,1.));
#6241=DIRECTION('',(-0.950250142942046,0.311487826148343,0.));
#6242=DIRECTION('',(0.950250142942046,-0.311487826148343,0.));
#6243=DIRECTION('center_axis',(0.,0.,-1.));
#6244=DIRECTION('ref_axis',(0.,1.,0.));
#6245=DIRECTION('',(1.,0.,0.));
#6246=DIRECTION('center_axis',(0.,0.,-1.));
#6247=DIRECTION('ref_axis',(-0.707106781186548,0.707106781186548,0.));
#6248=DIRECTION('',(0.,1.,0.));
#6249=DIRECTION('',(1.,0.,0.));
#6250=DIRECTION('',(0.,1.,0.));
#6251=DIRECTION('center_axis',(0.,0.,1.));
#6252=DIRECTION('ref_axis',(-0.707106781186547,0.707106781186548,9.8130778667736E-16));
#6253=DIRECTION('',(1.,0.,0.));
#6254=DIRECTION('center_axis',(0.,0.,-1.));
#6255=DIRECTION('ref_axis',(-1.,0.,0.));
#6256=DIRECTION('',(0.,-1.,0.));
#6257=DIRECTION('',(1.,0.,0.));
#6258=DIRECTION('',(0.,1.,0.));
#6259=DIRECTION('',(-1.,0.,0.));
#6260=DIRECTION('center_axis',(1.,0.,-4.75809867696496E-16));
#6261=DIRECTION('ref_axis',(-4.75809867696496E-16,0.,-1.));
#6262=DIRECTION('',(4.75809867696496E-16,0.,1.));
#6263=DIRECTION('',(-4.75809867696496E-16,0.,-1.));
#6264=DIRECTION('',(0.,-1.,0.));
#6265=DIRECTION('center_axis',(1.,0.,0.));
#6266=DIRECTION('ref_axis',(0.,-0.707106781186548,0.707106781186548));
#6267=DIRECTION('center_axis',(-1.,0.,0.));
#6268=DIRECTION('ref_axis',(0.,0.707106781186548,-0.707106781186548));
#6269=DIRECTION('',(0.,1.,0.));
#6270=DIRECTION('center_axis',(1.,0.,3.17206578464331E-16));
#6271=DIRECTION('ref_axis',(-3.17206578464331E-16,0.,1.));
#6272=DIRECTION('',(-1.10053139679271E-31,-1.,3.46944695195361E-16));
#6273=DIRECTION('center_axis',(-1.,0.,0.));
#6274=DIRECTION('ref_axis',(0.,0.707106781186548,0.707106781186548));
#6275=DIRECTION('center_axis',(1.,0.,0.));
#6276=DIRECTION('ref_axis',(0.,-0.707106781186548,-0.707106781186548));
#6277=DIRECTION('',(0.,1.,0.));
#6278=DIRECTION('',(-4.75809867696496E-16,0.,-1.));
#6279=DIRECTION('',(0.,-1.,0.));
#6280=DIRECTION('center_axis',(-1.,0.,-3.17206578464331E-16));
#6281=DIRECTION('ref_axis',(0.,-1.,0.));
#6282=DIRECTION('',(5.03100067105238E-31,1.,-1.58603289232165E-15));
#6283=DIRECTION('center_axis',(-1.,0.,-3.17206578464331E-16));
#6284=DIRECTION('ref_axis',(-2.70900036133589E-31,1.,8.5401771125012E-16));
#6285=DIRECTION('',(-2.51550033552618E-31,-1.,7.93016446160824E-16));
#6286=DIRECTION('',(4.75809867696496E-16,0.,1.));
#6287=DIRECTION('',(-4.75809867696496E-16,0.,-1.));
#6288=DIRECTION('',(0.,1.,0.));
#6289=DIRECTION('center_axis',(0.,0.,-1.));
#6290=DIRECTION('ref_axis',(-1.,0.,0.));
#6291=DIRECTION('',(-1.,0.,0.));
#6292=DIRECTION('',(0.,-1.,0.));
#6293=DIRECTION('',(1.,0.,0.));
#6294=DIRECTION('center_axis',(1.,0.,0.));
#6295=DIRECTION('ref_axis',(0.,0.,-1.));
#6296=DIRECTION('',(0.,0.,-1.));
#6297=DIRECTION('',(0.,-1.,0.));
#6298=DIRECTION('',(-4.75809867696496E-16,0.,-1.));
#6299=DIRECTION('',(0.,-1.,0.));
#6300=DIRECTION('center_axis',(-1.,0.,0.));
#6301=DIRECTION('ref_axis',(0.,-0.707106781186548,-0.707106781186548));
#6302=DIRECTION('center_axis',(1.,0.,0.));
#6303=DIRECTION('ref_axis',(0.,0.707106781186548,0.707106781186548));
#6304=DIRECTION('',(1.10053139679271E-31,1.,-3.46944695195361E-16));
#6305=DIRECTION('center_axis',(-1.,0.,-3.17206578464331E-16));
#6306=DIRECTION('ref_axis',(-3.17206578464331E-16,0.,1.));
#6307=DIRECTION('',(0.,-1.,0.));
#6308=DIRECTION('center_axis',(1.,0.,0.));
#6309=DIRECTION('ref_axis',(0.,0.707106781186548,-0.707106781186548));
#6310=DIRECTION('center_axis',(-1.,0.,0.));
#6311=DIRECTION('ref_axis',(0.,-0.707106781186548,0.707106781186548));
#6312=DIRECTION('',(0.,1.,0.));
#6313=DIRECTION('',(-4.75809867696496E-16,0.,-1.));
#6314=DIRECTION('',(0.,0.,-1.));
#6315=DIRECTION('',(0.,0.,1.));
#6316=DIRECTION('center_axis',(1.,0.,3.17206578464331E-16));
#6317=DIRECTION('ref_axis',(0.,-1.,0.));
#6318=DIRECTION('',(2.51550033552618E-31,1.,-7.93016446160824E-16));
#6319=DIRECTION('center_axis',(1.,0.,3.17206578464331E-16));
#6320=DIRECTION('ref_axis',(-2.70900036133589E-31,1.,8.5401771125012E-16));
#6321=DIRECTION('',(-5.03100067105238E-31,-1.,1.58603289232165E-15));
#6322=DIRECTION('center_axis',(0.,-1.,0.));
#6323=DIRECTION('ref_axis',(0.,0.,-1.));
#6324=DIRECTION('center_axis',(-1.,0.,0.));
#6325=DIRECTION('ref_axis',(0.,-0.707106781186548,0.707106781186548));
#6326=DIRECTION('',(-1.,0.,0.));
#6327=DIRECTION('',(-1.,0.,-4.62592926927148E-16));
#6328=DIRECTION('center_axis',(1.,0.,0.));
#6329=DIRECTION('ref_axis',(0.,-0.707106781186548,-0.707106781186548));
#6330=DIRECTION('',(1.,0.,0.));
#6331=DIRECTION('',(1.,0.,4.62592926927148E-16));
#6332=DIRECTION('center_axis',(-1.,0.,-4.62592926927148E-16));
#6333=DIRECTION('ref_axis',(0.,0.707106781186548,-0.707106781186548));
#6334=DIRECTION('',(1.,0.,4.62592926927148E-16));
#6335=DIRECTION('center_axis',(-4.62592926927148E-16,0.,1.));
#6336=DIRECTION('ref_axis',(0.,-1.,0.));
#6337=DIRECTION('',(1.,0.,4.62592926927148E-16));
#6338=DIRECTION('center_axis',(-1.,0.,-4.62592926927148E-16));
#6339=DIRECTION('ref_axis',(0.,0.707106781186548,0.707106781186548));
#6340=DIRECTION('',(-1.,0.,-4.62592926927148E-16));
#6341=DIRECTION('center_axis',(4.62592926927148E-16,-3.46944695195361E-16,
-1.));
#6342=DIRECTION('ref_axis',(1.10053139679271E-31,1.,-3.46944695195361E-16));
#6343=DIRECTION('',(1.,0.,4.62592926927148E-16));
#6344=DIRECTION('center_axis',(4.62592926927148E-16,-7.93016446160824E-16,
-1.));
#6345=DIRECTION('ref_axis',(2.51550033552618E-31,1.,-7.93016446160824E-16));
#6346=DIRECTION('',(1.,0.,4.62592926927148E-16));
#6347=DIRECTION('',(1.,0.,4.62592926927148E-16));
#6348=DIRECTION('center_axis',(-1.,0.,-4.62592926927148E-16));
#6349=DIRECTION('ref_axis',(-7.80881316986059E-31,-1.,1.68805286793552E-15));
#6350=DIRECTION('',(1.,0.,4.62592926927148E-16));
#6351=DIRECTION('center_axis',(-4.62592926927148E-16,1.58603289232165E-15,
1.));
#6352=DIRECTION('ref_axis',(-5.03100067105238E-31,-1.,1.58603289232165E-15));
#6353=DIRECTION('',(1.,0.,4.62592926927148E-16));
#6354=DIRECTION('center_axis',(-1.,0.,-4.62592926927148E-16));
#6355=DIRECTION('ref_axis',(3.54213760075656E-31,1.,-7.6571373978539E-16));
#6356=DIRECTION('center_axis',(-1.,0.,-4.62592926927148E-16));
#6357=DIRECTION('ref_axis',(-4.62592926927148E-16,0.,1.));
#6358=DIRECTION('center_axis',(0.,0.,1.));
#6359=DIRECTION('ref_axis',(1.,0.,0.));
#6360=DIRECTION('',(-1.,0.,0.));
#6361=DIRECTION('center_axis',(0.,0.,-1.));
#6362=DIRECTION('ref_axis',(-1.,0.,0.));
#6363=DIRECTION('',(1.,0.,0.));
#6364=DIRECTION('center_axis',(0.,-1.,0.));
#6365=DIRECTION('ref_axis',(-4.75809867696496E-16,0.,-1.));
#6366=DIRECTION('',(1.,0.,0.));
#6367=DIRECTION('center_axis',(0.,-1.,0.));
#6368=DIRECTION('ref_axis',(-4.75809867696496E-16,0.,-1.));
#6369=DIRECTION('center_axis',(0.,1.,0.));
#6370=DIRECTION('ref_axis',(0.,0.,-1.));
#6371=DIRECTION('center_axis',(0.,0.,1.));
#6372=DIRECTION('ref_axis',(-0.707106781186548,0.707106781186548,0.));
#6373=DIRECTION('',(0.,0.,1.));
#6374=DIRECTION('center_axis',(0.,0.,1.));
#6375=DIRECTION('ref_axis',(-0.707106781186548,0.707106781186548,0.));
#6376=DIRECTION('center_axis',(0.,-1.,0.));
#6377=DIRECTION('ref_axis',(0.,0.,-1.));
#6378=DIRECTION('',(1.,0.,0.));
#6379=DIRECTION('center_axis',(4.75809867696496E-16,0.,1.));
#6380=DIRECTION('ref_axis',(-0.707106781186547,0.707106781186548,9.8130778667736E-16));
#6381=DIRECTION('center_axis',(0.,0.,-1.));
#6382=DIRECTION('ref_axis',(-0.707106781186547,0.707106781186548,9.8130778667736E-16));
#6383=DIRECTION('',(-4.75809867696496E-16,0.,-1.));
#6384=DIRECTION('center_axis',(0.,1.,0.));
#6385=DIRECTION('ref_axis',(4.75809867696496E-16,0.,1.));
#6386=DIRECTION('',(1.,0.,0.));
#6387=DIRECTION('center_axis',(0.,0.,1.));
#6388=DIRECTION('ref_axis',(0.,-1.,0.));
#6389=DIRECTION('center_axis',(-1.,0.,0.));
#6390=DIRECTION('ref_axis',(0.,-0.707106781186548,0.707106781186548));
#6391=DIRECTION('center_axis',(1.,0.,-3.17206578464331E-16));
#6392=DIRECTION('ref_axis',(0.,-0.707106781186548,0.707106781186548));
#6393=DIRECTION('',(1.,0.,-4.62592926927148E-16));
#6394=DIRECTION('center_axis',(-1.,0.,0.));
#6395=DIRECTION('ref_axis',(0.,-0.707106781186548,0.707106781186548));
#6396=DIRECTION('',(1.,0.,0.));
#6397=DIRECTION('center_axis',(1.,0.,0.));
#6398=DIRECTION('ref_axis',(0.,-0.707106781186548,-0.707106781186548));
#6399=DIRECTION('center_axis',(-1.,0.,0.));
#6400=DIRECTION('ref_axis',(0.,-0.707106781186548,-0.707106781186548));
#6401=DIRECTION('',(-1.,0.,4.62592926927148E-16));
#6402=DIRECTION('center_axis',(1.,0.,-3.17206578464331E-16));
#6403=DIRECTION('ref_axis',(0.,-0.707106781186548,-0.707106781186548));
#6404=DIRECTION('',(-1.,0.,0.));
#6405=DIRECTION('center_axis',(-1.,0.,4.62592926927148E-16));
#6406=DIRECTION('ref_axis',(0.,0.707106781186548,-0.707106781186548));
#6407=DIRECTION('center_axis',(1.,0.,0.));
#6408=DIRECTION('ref_axis',(0.,0.707106781186548,-0.707106781186548));
#6409=DIRECTION('center_axis',(-1.,0.,3.17206578464331E-16));
#6410=DIRECTION('ref_axis',(0.,0.707106781186548,-0.707106781186548));
#6411=DIRECTION('',(-1.,0.,4.62592926927148E-16));
#6412=DIRECTION('center_axis',(-4.62592926927148E-16,0.,-1.));
#6413=DIRECTION('ref_axis',(0.,-1.,0.));
#6414=DIRECTION('',(0.,1.,0.));
#6415=DIRECTION('',(-1.,0.,4.62592926927148E-16));
#6416=DIRECTION('',(0.,-1.,0.));
#6417=DIRECTION('center_axis',(-1.,0.,3.17206578464331E-16));
#6418=DIRECTION('ref_axis',(3.17206578464331E-16,0.,1.));
#6419=DIRECTION('',(0.,-1.,0.));
#6420=DIRECTION('',(3.17206578464331E-16,0.,1.));
#6421=DIRECTION('',(0.,-1.,0.));
#6422=DIRECTION('',(-3.17206578464331E-16,0.,-1.));
#6423=DIRECTION('',(0.,1.,0.));
#6424=DIRECTION('',(3.17206578464331E-16,0.,1.));
#6425=DIRECTION('',(0.,1.,0.));
#6426=DIRECTION('center_axis',(-1.,0.,3.17206578464331E-16));
#6427=DIRECTION('ref_axis',(0.,0.707106781186548,0.707106781186548));
#6428=DIRECTION('',(1.10053139679271E-31,-1.,3.46944695195361E-16));
#6429=DIRECTION('center_axis',(1.,0.,-3.17206578464331E-16));
#6430=DIRECTION('ref_axis',(3.17206578464331E-16,0.,1.));
#6431=DIRECTION('center_axis',(-1.,0.,3.17206578464331E-16));
#6432=DIRECTION('ref_axis',(0.,-1.,0.));
#6433=DIRECTION('',(2.51550033552618E-31,-1.,7.93016446160824E-16));
#6434=DIRECTION('center_axis',(-1.,0.,3.17206578464331E-16));
#6435=DIRECTION('ref_axis',(2.70900036133589E-31,1.,8.5401771125012E-16));
#6436=DIRECTION('',(-5.03100067105238E-31,1.,-1.58603289232165E-15));
#6437=DIRECTION('',(0.,1.,0.));
#6438=DIRECTION('',(-3.17206578464331E-16,-3.46944695195361E-16,-1.));
#6439=DIRECTION('',(1.056510140921E-31,-1.,3.33066907387547E-16));
#6440=DIRECTION('',(3.17206578464331E-16,0.,1.));
#6441=DIRECTION('center_axis',(-1.,0.,4.62592926927148E-16));
#6442=DIRECTION('ref_axis',(0.,0.707106781186548,0.707106781186548));
#6443=DIRECTION('center_axis',(1.,0.,0.));
#6444=DIRECTION('ref_axis',(0.,0.707106781186548,0.707106781186548));
#6445=DIRECTION('',(1.,0.,-4.62592926927148E-16));
#6446=DIRECTION('center_axis',(4.62592926927148E-16,3.46944695195361E-16,
1.));
#6447=DIRECTION('ref_axis',(-1.10053139679271E-31,1.,-3.46944695195361E-16));
#6448=DIRECTION('',(-1.10053139679271E-31,1.,-3.46944695195361E-16));
#6449=DIRECTION('',(-1.,0.,4.62592926927148E-16));
#6450=DIRECTION('center_axis',(4.62592926927148E-16,7.93016446160824E-16,
1.));
#6451=DIRECTION('ref_axis',(-2.51550033552618E-31,1.,-7.93016446160824E-16));
#6452=DIRECTION('',(-1.,0.,4.62592926927148E-16));
#6453=DIRECTION('',(-2.51550033552618E-31,1.,-7.93016446160824E-16));
#6454=DIRECTION('',(-1.,0.,4.62592926927148E-16));
#6455=DIRECTION('center_axis',(-1.,0.,4.62592926927148E-16));
#6456=DIRECTION('ref_axis',(7.80881316986059E-31,-1.,1.68805286793552E-15));
#6457=DIRECTION('center_axis',(1.,0.,-3.17206578464331E-16));
#6458=DIRECTION('ref_axis',(2.70900036133589E-31,1.,8.5401771125012E-16));
#6459=DIRECTION('',(-1.,0.,4.62592926927148E-16));
#6460=DIRECTION('center_axis',(-4.62592926927148E-16,-1.58603289232165E-15,
-1.));
#6461=DIRECTION('ref_axis',(5.03100067105238E-31,-1.,1.58603289232165E-15));
#6462=DIRECTION('',(5.03100067105238E-31,-1.,1.58603289232165E-15));
#6463=DIRECTION('',(-1.,0.,4.62592926927148E-16));
#6464=DIRECTION('center_axis',(-1.,0.,4.62592926927148E-16));
#6465=DIRECTION('ref_axis',(-3.54213760075656E-31,1.,-7.6571373978539E-16));
#6466=DIRECTION('center_axis',(1.,0.,-3.17206578464331E-16));
#6467=DIRECTION('ref_axis',(0.,-1.,0.));
#6468=DIRECTION('center_axis',(-1.,0.,4.62592926927148E-16));
#6469=DIRECTION('ref_axis',(4.62592926927148E-16,0.,1.));
#6470=DIRECTION('center_axis',(-1.,0.,3.17206578464331E-16));
#6471=DIRECTION('ref_axis',(3.17206578464331E-16,0.,1.));
#6472=DIRECTION('center_axis',(0.,0.,-1.));
#6473=DIRECTION('ref_axis',(-1.,0.,0.));
#6474=DIRECTION('',(0.,1.,0.));
#6475=DIRECTION('',(-1.,0.,0.));
#6476=DIRECTION('center_axis',(0.,0.,1.));
#6477=DIRECTION('ref_axis',(1.,0.,0.));
#6478=DIRECTION('',(1.,0.,0.));
#6479=DIRECTION('',(0.,-1.,0.));
#6480=DIRECTION('center_axis',(0.,-1.,0.));
#6481=DIRECTION('ref_axis',(3.17206578464331E-16,0.,1.));
#6482=DIRECTION('',(3.17206578464331E-16,0.,1.));
#6483=DIRECTION('',(-1.,0.,0.));
#6484=DIRECTION('center_axis',(0.,-1.,0.));
#6485=DIRECTION('ref_axis',(3.17206578464331E-16,0.,1.));
#6486=DIRECTION('',(-1.,0.,0.));
#6487=DIRECTION('',(3.17206578464331E-16,0.,1.));
#6488=DIRECTION('center_axis',(0.,0.,1.));
#6489=DIRECTION('ref_axis',(0.,-1.,0.));
#6490=DIRECTION('',(0.,-1.,0.));
#6491=DIRECTION('',(1.,0.,0.));
#6492=DIRECTION('',(1.,0.,0.));
#6493=DIRECTION('center_axis',(0.,1.,-3.46944695195361E-16));
#6494=DIRECTION('ref_axis',(0.,3.46944695195361E-16,1.));
#6495=DIRECTION('',(0.,3.46944695195361E-16,1.));
#6496=DIRECTION('',(1.,0.,0.));
#6497=DIRECTION('center_axis',(0.,-3.33066907387547E-16,-1.));
#6498=DIRECTION('ref_axis',(0.,1.,-3.33066907387547E-16));
#6499=DIRECTION('',(0.,1.,-3.33066907387547E-16));
#6500=DIRECTION('',(1.,0.,0.));
#6501=DIRECTION('center_axis',(0.,-1.,0.));
#6502=DIRECTION('ref_axis',(0.,0.,-1.));
#6503=DIRECTION('',(0.,0.,-1.));
#6504=DIRECTION('center_axis',(0.,1.,0.));
#6505=DIRECTION('ref_axis',(-3.17206578464331E-16,0.,-1.));
#6506=DIRECTION('',(-1.,0.,0.));
#6507=DIRECTION('',(-3.17206578464331E-16,0.,-1.));
#6508=DIRECTION('',(-1.,0.,0.));
#6509=DIRECTION('center_axis',(0.,0.,1.));
#6510=DIRECTION('ref_axis',(0.,1.,0.));
#6511=DIRECTION('',(0.,1.,0.));
#6512=DIRECTION('center_axis',(0.,0.,-1.));
#6513=DIRECTION('ref_axis',(0.,-1.,0.));
#6514=DIRECTION('',(0.,-1.,0.));
#6515=DIRECTION('center_axis',(-1.,0.,0.));
#6516=DIRECTION('ref_axis',(0.,0.,1.));
#6517=CARTESIAN_POINT('',(0.,0.,0.));
#6518=CARTESIAN_POINT('Origin',(1.55,4.,-3.5));
#6519=CARTESIAN_POINT('',(1.55,4.,-3.5));
#6520=CARTESIAN_POINT('',(3.55,4.,-3.5));
#6521=CARTESIAN_POINT('',(2.7,4.,-3.5));
#6522=CARTESIAN_POINT('',(1.55,4.,-3.));
#6523=CARTESIAN_POINT('',(1.55,4.,-3.5));
#6524=CARTESIAN_POINT('',(3.55,4.,-3.));
#6525=CARTESIAN_POINT('',(1.55,4.,-3.));
#6526=CARTESIAN_POINT('',(3.55,4.,-3.5));
#6527=CARTESIAN_POINT('Origin',(1.55,0.,-3.5));
#6528=CARTESIAN_POINT('',(1.55,0.,-3.5));
#6529=CARTESIAN_POINT('',(1.55,0.,-3.5));
#6530=CARTESIAN_POINT('',(1.55,0.,-3.));
#6531=CARTESIAN_POINT('',(1.55,0.,-3.5));
#6532=CARTESIAN_POINT('',(1.55,0.,-3.));
#6533=CARTESIAN_POINT('Origin',(3.55,4.,-3.5));
#6534=CARTESIAN_POINT('',(3.55,0.,-3.5));
#6535=CARTESIAN_POINT('',(3.55,2.,-3.5));
#6536=CARTESIAN_POINT('',(3.55,0.,-3.));
#6537=CARTESIAN_POINT('',(3.55,5.3837346605798,-3.));
#6538=CARTESIAN_POINT('',(3.55,0.,-3.5));
#6539=CARTESIAN_POINT('Origin',(2.55,2.,-3.));
#6540=CARTESIAN_POINT('',(5.25,0.,-3.));
#6541=CARTESIAN_POINT('Origin',(-4.15,4.,-3.5));
#6542=CARTESIAN_POINT('',(-4.15,4.,-3.5));
#6543=CARTESIAN_POINT('',(-2.85,4.,-3.5));
#6544=CARTESIAN_POINT('',(-0.149999999999999,4.,-3.5));
#6545=CARTESIAN_POINT('',(-4.15,4.,-3.));
#6546=CARTESIAN_POINT('',(-4.15,4.,-3.5));
#6547=CARTESIAN_POINT('',(-2.85,4.,-3.));
#6548=CARTESIAN_POINT('',(-4.15,4.,-3.));
#6549=CARTESIAN_POINT('',(-2.85,4.,-3.5));
#6550=CARTESIAN_POINT('Origin',(-4.15,0.,-3.5));
#6551=CARTESIAN_POINT('',(-4.15,0.,-3.5));
#6552=CARTESIAN_POINT('',(-4.15,0.,-3.5));
#6553=CARTESIAN_POINT('',(-4.15,0.,-3.));
#6554=CARTESIAN_POINT('',(-4.15,0.,-3.5));
#6555=CARTESIAN_POINT('',(-4.15,0.,-3.));
#6556=CARTESIAN_POINT('Origin',(-2.85,4.,-3.5));
#6557=CARTESIAN_POINT('',(-2.85,0.,-3.5));
#6558=CARTESIAN_POINT('',(-2.85,2.,-3.5));
#6559=CARTESIAN_POINT('',(-2.85,0.,-3.));
#6560=CARTESIAN_POINT('',(-2.85,4.,-3.));
#6561=CARTESIAN_POINT('',(-2.85,0.,-3.5));
#6562=CARTESIAN_POINT('Origin',(-3.5,2.,-3.));
#6563=CARTESIAN_POINT('',(5.25,0.,-3.));
#6564=CARTESIAN_POINT('Origin',(1.55,4.,3.5));
#6565=CARTESIAN_POINT('',(3.55,4.,3.5));
#6566=CARTESIAN_POINT('',(1.55,4.,3.5));
#6567=CARTESIAN_POINT('',(-1.45,4.,3.5));
#6568=CARTESIAN_POINT('',(3.55,4.,3.));
#6569=CARTESIAN_POINT('',(3.55,4.,3.5));
#6570=CARTESIAN_POINT('',(1.55,4.,3.));
#6571=CARTESIAN_POINT('',(1.55,4.,3.));
#6572=CARTESIAN_POINT('',(1.55,4.,3.5));
#6573=CARTESIAN_POINT('Origin',(1.55,0.,3.5));
#6574=CARTESIAN_POINT('',(1.55,0.,3.5));
#6575=CARTESIAN_POINT('',(1.55,0.,3.5));
#6576=CARTESIAN_POINT('',(1.55,0.,3.));
#6577=CARTESIAN_POINT('',(1.55,0.,3.));
#6578=CARTESIAN_POINT('',(1.55,0.,3.5));
#6579=CARTESIAN_POINT('Origin',(3.55,4.,3.5));
#6580=CARTESIAN_POINT('',(3.55,0.,3.5));
#6581=CARTESIAN_POINT('',(3.55,2.,3.5));
#6582=CARTESIAN_POINT('',(3.55,0.,3.));
#6583=CARTESIAN_POINT('',(3.55,0.,3.5));
#6584=CARTESIAN_POINT('',(3.55,5.3837346605798,3.));
#6585=CARTESIAN_POINT('Origin',(2.55,2.,3.));
#6586=CARTESIAN_POINT('',(5.25,0.,3.));
#6587=CARTESIAN_POINT('Origin',(-4.15,4.,3.5));
#6588=CARTESIAN_POINT('',(-2.85,4.,3.5));
#6589=CARTESIAN_POINT('',(-4.15,4.,3.5));
#6590=CARTESIAN_POINT('',(-4.3,4.,3.5));
#6591=CARTESIAN_POINT('',(-2.85,4.,3.));
#6592=CARTESIAN_POINT('',(-2.85,4.,3.5));
#6593=CARTESIAN_POINT('',(-4.15,4.,3.));
#6594=CARTESIAN_POINT('',(-4.15,4.,3.));
#6595=CARTESIAN_POINT('',(-4.15,4.,3.5));
#6596=CARTESIAN_POINT('Origin',(-4.15,0.,3.5));
#6597=CARTESIAN_POINT('',(-4.15,0.,3.5));
#6598=CARTESIAN_POINT('',(-4.15,0.,3.5));
#6599=CARTESIAN_POINT('',(-4.15,0.,3.));
#6600=CARTESIAN_POINT('',(-4.15,0.,3.));
#6601=CARTESIAN_POINT('',(-4.15,0.,3.5));
#6602=CARTESIAN_POINT('Origin',(-2.85,4.,3.5));
#6603=CARTESIAN_POINT('',(-2.85,0.,3.5));
#6604=CARTESIAN_POINT('',(-2.85,2.,3.5));
#6605=CARTESIAN_POINT('',(-2.85,0.,3.));
#6606=CARTESIAN_POINT('',(-2.85,0.,3.5));
#6607=CARTESIAN_POINT('',(-2.85,4.,3.));
#6608=CARTESIAN_POINT('Origin',(-3.5,2.,3.));
#6609=CARTESIAN_POINT('',(5.25,0.,3.));
#6610=CARTESIAN_POINT('Origin',(0.35,14.4,0.));
#6611=CARTESIAN_POINT('',(-1.45,9.5,-2.20436423846524E-16));
#6612=CARTESIAN_POINT('Origin',(0.35,9.5,0.));
#6613=CARTESIAN_POINT('',(-1.45,8.,2.20436423846524E-16));
#6614=CARTESIAN_POINT('',(-1.45,14.4,-2.20436423846524E-16));
#6615=CARTESIAN_POINT('Origin',(0.35,8.,0.));
#6616=CARTESIAN_POINT('Origin',(3.35,9.5,-3.));
#6617=CARTESIAN_POINT('',(-2.65,9.5,3.));
#6618=CARTESIAN_POINT('',(-2.65,9.5,-3.));
#6619=CARTESIAN_POINT('',(-2.65,9.5,-3.5));
#6620=CARTESIAN_POINT('',(3.35,9.5,3.));
#6621=CARTESIAN_POINT('',(3.35,9.5,3.));
#6622=CARTESIAN_POINT('',(3.35,9.5,-3.));
#6623=CARTESIAN_POINT('',(3.35,9.5,-0.975));
#6624=CARTESIAN_POINT('',(3.35,9.5,-3.));
#6625=CARTESIAN_POINT('Origin',(3.35,10.,-3.));
#6626=CARTESIAN_POINT('',(-2.65,10.,-3.));
#6627=CARTESIAN_POINT('',(-2.65,9.5,-3.));
#6628=CARTESIAN_POINT('',(3.35,10.,-3.));
#6629=CARTESIAN_POINT('',(3.35,9.5,-3.));
#6630=CARTESIAN_POINT('',(1.85,10.,-3.));
#6631=CARTESIAN_POINT('Origin',(3.35,9.5,3.));
#6632=CARTESIAN_POINT('',(-2.65,10.,3.));
#6633=CARTESIAN_POINT('',(-2.65,9.25,3.));
#6634=CARTESIAN_POINT('',(3.35,10.,3.));
#6635=CARTESIAN_POINT('',(1.85,10.,3.));
#6636=CARTESIAN_POINT('',(3.35,9.25,3.));
#6637=CARTESIAN_POINT('Origin',(-2.65,9.,-4.));
#6638=CARTESIAN_POINT('',(-2.65,10.,-4.));
#6639=CARTESIAN_POINT('',(-2.65,10.,-4.));
#6640=CARTESIAN_POINT('',(-2.65,9.,-4.));
#6641=CARTESIAN_POINT('',(-2.65,9.,-4.));
#6642=CARTESIAN_POINT('',(-2.65,9.,4.));
#6643=CARTESIAN_POINT('',(-2.65,9.,-2.));
#6644=CARTESIAN_POINT('',(-2.65,10.,4.));
#6645=CARTESIAN_POINT('',(-2.65,9.,4.));
#6646=CARTESIAN_POINT('',(-2.65,10.,-4.));
#6647=CARTESIAN_POINT('Origin',(0.35,10.,-5.55111512312578E-16));
#6648=CARTESIAN_POINT('',(3.35,10.,-4.));
#6649=CARTESIAN_POINT('',(3.35,10.,4.));
#6650=CARTESIAN_POINT('',(3.35,10.,-4.));
#6651=CARTESIAN_POINT('Origin',(3.35,9.,1.05));
#6652=CARTESIAN_POINT('',(3.35,10.,4.));
#6653=CARTESIAN_POINT('',(3.35,10.,4.));
#6654=CARTESIAN_POINT('',(3.35,9.,4.));
#6655=CARTESIAN_POINT('',(3.35,9.,4.));
#6656=CARTESIAN_POINT('',(3.35,9.,1.05));
#6657=CARTESIAN_POINT('',(3.35,9.,2.));
#6658=CARTESIAN_POINT('',(3.35,8.,1.05));
#6659=CARTESIAN_POINT('',(3.35,9.,1.05));
#6660=CARTESIAN_POINT('',(3.35,8.,-1.05));
#6661=CARTESIAN_POINT('',(3.35,8.,0.525000000000001));
#6662=CARTESIAN_POINT('',(3.35,9.,-1.05));
#6663=CARTESIAN_POINT('',(3.35,9.,-1.05));
#6664=CARTESIAN_POINT('',(3.35,9.,-4.));
#6665=CARTESIAN_POINT('',(3.35,9.,2.));
#6666=CARTESIAN_POINT('',(3.35,9.,-4.));
#6667=CARTESIAN_POINT('Origin',(-2.65,9.,4.));
#6668=CARTESIAN_POINT('',(-1.325,9.,4.));
#6669=CARTESIAN_POINT('',(-2.65,10.,4.));
#6670=CARTESIAN_POINT('Origin',(3.35,9.,-4.));
#6671=CARTESIAN_POINT('',(1.675,9.,-4.));
#6672=CARTESIAN_POINT('Origin',(0.35,10.,-5.55111512312578E-16));
#6673=CARTESIAN_POINT('Origin',(3.75,7.9,-1.38777878078145E-16));
#6674=CARTESIAN_POINT('',(3.85,7.9,1.05));
#6675=CARTESIAN_POINT('',(3.85,7.9,-1.05));
#6676=CARTESIAN_POINT('',(3.85,7.9,1.75));
#6677=CARTESIAN_POINT('',(4.15,7.9,1.05));
#6678=CARTESIAN_POINT('',(3.35,7.9,1.05));
#6679=CARTESIAN_POINT('',(4.15,7.9,-1.05));
#6680=CARTESIAN_POINT('',(4.15,7.9,1.89242561015651E-17));
#6681=CARTESIAN_POINT('',(4.15,7.9,-1.05));
#6682=CARTESIAN_POINT('Origin',(3.35,9.,-1.05));
#6683=CARTESIAN_POINT('',(3.85,8.,-1.05));
#6684=CARTESIAN_POINT('',(3.85,4.5,-1.05));
#6685=CARTESIAN_POINT('',(4.15,9.,-1.05));
#6686=CARTESIAN_POINT('',(4.15,7.6,-1.05));
#6687=CARTESIAN_POINT('',(1.675,9.,-1.05));
#6688=CARTESIAN_POINT('',(1.525,8.,-1.05));
#6689=CARTESIAN_POINT('Origin',(4.15,9.,1.05));
#6690=CARTESIAN_POINT('',(3.85,8.,1.05));
#6691=CARTESIAN_POINT('',(3.85,4.5,1.05));
#6692=CARTESIAN_POINT('',(1.925,8.,1.05));
#6693=CARTESIAN_POINT('',(4.15,9.,1.05));
#6694=CARTESIAN_POINT('',(2.075,9.,1.05));
#6695=CARTESIAN_POINT('',(4.15,7.6,1.05));
#6696=CARTESIAN_POINT('Origin',(4.15,6.2,2.77555756156289E-16));
#6697=CARTESIAN_POINT('',(4.15,9.,3.));
#6698=CARTESIAN_POINT('',(4.15,9.,1.70318304914086E-16));
#6699=CARTESIAN_POINT('',(4.15,6.,3.));
#6700=CARTESIAN_POINT('',(4.15,9.,3.));
#6701=CARTESIAN_POINT('',(4.15,6.,1.));
#6702=CARTESIAN_POINT('',(4.15,6.,3.));
#6703=CARTESIAN_POINT('',(4.15,3.4,1.));
#6704=CARTESIAN_POINT('',(4.15,6.,1.));
#6705=CARTESIAN_POINT('',(4.15,3.4,-1.));
#6706=CARTESIAN_POINT('',(4.15,3.4,1.));
#6707=CARTESIAN_POINT('',(4.15,6.,-1.));
#6708=CARTESIAN_POINT('',(4.15,3.4,-1.));
#6709=CARTESIAN_POINT('',(4.15,6.,-3.));
#6710=CARTESIAN_POINT('',(4.15,6.,-1.));
#6711=CARTESIAN_POINT('',(4.15,9.,-3.));
#6712=CARTESIAN_POINT('',(4.15,6.,-3.));
#6713=CARTESIAN_POINT('',(4.15,9.,1.70318304914086E-16));
#6714=CARTESIAN_POINT('Origin',(3.85,0.,3.5));
#6715=CARTESIAN_POINT('',(3.85,8.,-3.5));
#6716=CARTESIAN_POINT('',(3.85,8.,-3.5));
#6717=CARTESIAN_POINT('',(3.85,0.,-3.5));
#6718=CARTESIAN_POINT('',(3.85,0.,-3.5));
#6719=CARTESIAN_POINT('',(3.85,0.,3.5));
#6720=CARTESIAN_POINT('',(3.85,0.,1.75));
#6721=CARTESIAN_POINT('',(3.85,8.,3.5));
#6722=CARTESIAN_POINT('',(3.85,0.,3.5));
#6723=CARTESIAN_POINT('',(3.85,8.,-3.5));
#6724=CARTESIAN_POINT('Origin',(5.25,9.,-3.));
#6725=CARTESIAN_POINT('',(5.25,9.,-3.));
#6726=CARTESIAN_POINT('',(5.25,6.,-3.));
#6727=CARTESIAN_POINT('',(5.25,4.5,-3.));
#6728=CARTESIAN_POINT('',(2.625,9.,-3.));
#6729=CARTESIAN_POINT('',(5.25,6.,-3.));
#6730=CARTESIAN_POINT('Origin',(5.25,6.,3.));
#6731=CARTESIAN_POINT('',(5.25,6.,3.));
#6732=CARTESIAN_POINT('',(5.25,9.,3.));
#6733=CARTESIAN_POINT('',(5.25,3.,3.));
#6734=CARTESIAN_POINT('',(5.25,6.,3.));
#6735=CARTESIAN_POINT('',(2.625,9.,3.));
#6736=CARTESIAN_POINT('Origin',(5.25,6.,1.));
#6737=CARTESIAN_POINT('',(5.25,6.,1.));
#6738=CARTESIAN_POINT('',(5.25,6.,2.75));
#6739=CARTESIAN_POINT('',(5.25,6.,1.));
#6740=CARTESIAN_POINT('Origin',(5.25,3.4,1.));
#6741=CARTESIAN_POINT('',(5.25,3.4,1.));
#6742=CARTESIAN_POINT('',(5.25,1.7,1.));
#6743=CARTESIAN_POINT('',(5.25,3.4,1.));
#6744=CARTESIAN_POINT('Origin',(5.25,3.4,-1.));
#6745=CARTESIAN_POINT('',(5.25,3.4,-1.));
#6746=CARTESIAN_POINT('',(5.25,3.4,1.75));
#6747=CARTESIAN_POINT('',(5.25,3.4,-1.));
#6748=CARTESIAN_POINT('Origin',(5.25,6.,-1.));
#6749=CARTESIAN_POINT('',(5.25,6.,-1.));
#6750=CARTESIAN_POINT('',(5.25,3.,-1.));
#6751=CARTESIAN_POINT('',(5.25,6.,-1.));
#6752=CARTESIAN_POINT('Origin',(5.25,6.,-3.));
#6753=CARTESIAN_POINT('',(5.25,6.,0.749999999999999));
#6754=CARTESIAN_POINT('Origin',(0.,9.,1.11022302462516E-15));
#6755=CARTESIAN_POINT('',(5.25,9.,-4.5));
#6756=CARTESIAN_POINT('',(5.25,9.,4.5));
#6757=CARTESIAN_POINT('',(-5.25,9.,-4.5));
#6758=CARTESIAN_POINT('',(5.25,9.,-4.5));
#6759=CARTESIAN_POINT('',(-5.25,9.,-0.999999999999999));
#6760=CARTESIAN_POINT('',(-5.25,9.,-4.5));
#6761=CARTESIAN_POINT('',(-3.45,9.,-1.));
#6762=CARTESIAN_POINT('',(-2.625,9.,-1.));
#6763=CARTESIAN_POINT('',(-3.45,9.,1.));
#6764=CARTESIAN_POINT('',(-3.45,9.,1.49186218934005E-15));
#6765=CARTESIAN_POINT('',(-5.25,9.,1.));
#6766=CARTESIAN_POINT('',(-2.625,9.,1.));
#6767=CARTESIAN_POINT('',(-5.25,9.,4.5));
#6768=CARTESIAN_POINT('',(-5.25,9.,-4.5));
#6769=CARTESIAN_POINT('',(5.25,9.,4.5));
#6770=CARTESIAN_POINT('',(-5.25,9.,4.5));
#6771=CARTESIAN_POINT('',(5.25,9.,4.5));
#6772=CARTESIAN_POINT('Origin',(-3.45,6.15,2.7755575615629E-16));
#6773=CARTESIAN_POINT('',(-3.45,8.,1.));
#6774=CARTESIAN_POINT('',(-3.45,8.,-1.));
#6775=CARTESIAN_POINT('',(-3.45,8.,1.42247325030098E-15));
#6776=CARTESIAN_POINT('',(-3.45,3.3,1.));
#6777=CARTESIAN_POINT('',(-3.45,9.,-1.));
#6778=CARTESIAN_POINT('Origin',(-5.25,3.3,-0.999999999999999));
#6779=CARTESIAN_POINT('',(-4.45,8.,-1.));
#6780=CARTESIAN_POINT('',(-2.775,8.,-1.));
#6781=CARTESIAN_POINT('',(-5.25,3.3,-0.999999999999999));
#6782=CARTESIAN_POINT('',(-5.25,1.65,-0.999999999999999));
#6783=CARTESIAN_POINT('',(-4.45,3.3,-1.));
#6784=CARTESIAN_POINT('',(-5.25,3.3,-0.999999999999999));
#6785=CARTESIAN_POINT('',(-4.45,1.65,-1.));
#6786=CARTESIAN_POINT('Origin',(-5.25,3.3,1.));
#6787=CARTESIAN_POINT('',(-4.45,3.3,1.));
#6788=CARTESIAN_POINT('',(-4.45,3.3,-1.25));
#6789=CARTESIAN_POINT('',(-5.25,3.3,1.));
#6790=CARTESIAN_POINT('',(-5.25,3.3,-1.75));
#6791=CARTESIAN_POINT('',(-5.25,3.3,1.));
#6792=CARTESIAN_POINT('Origin',(-5.25,9.,1.));
#6793=CARTESIAN_POINT('',(-4.45,8.,1.));
#6794=CARTESIAN_POINT('',(-2.775,8.,1.));
#6795=CARTESIAN_POINT('',(-4.45,4.5,1.));
#6796=CARTESIAN_POINT('',(-5.25,4.5,1.));
#6797=CARTESIAN_POINT('Origin',(-5.25,0.,-4.5));
#6798=CARTESIAN_POINT('',(-5.25,0.,-4.5));
#6799=CARTESIAN_POINT('',(-5.25,0.,-4.5));
#6800=CARTESIAN_POINT('',(-5.25,0.,4.5));
#6801=CARTESIAN_POINT('',(-5.25,0.,-4.5));
#6802=CARTESIAN_POINT('',(-5.25,0.,4.5));
#6803=CARTESIAN_POINT('Origin',(-0.3,8.,1.11022302462516E-15));
#6804=CARTESIAN_POINT('',(-4.45,8.,3.5));
#6805=CARTESIAN_POINT('',(3.85,8.,3.5));
#6806=CARTESIAN_POINT('',(-4.45,8.,3.5));
#6807=CARTESIAN_POINT('',(-4.45,8.,-3.5));
#6808=CARTESIAN_POINT('',(-4.45,8.,3.5));
#6809=CARTESIAN_POINT('',(-4.45,8.,-3.5));
#6810=CARTESIAN_POINT('Origin',(3.85,0.,-3.5));
#6811=CARTESIAN_POINT('',(1.925,0.,-3.5));
#6812=CARTESIAN_POINT('',(-4.45,0.,-3.5));
#6813=CARTESIAN_POINT('',(-4.45,0.,-3.5));
#6814=CARTESIAN_POINT('',(1.925,0.,-3.5));
#6815=CARTESIAN_POINT('',(1.925,0.,-3.5));
#6816=CARTESIAN_POINT('Origin',(-4.45,0.,3.5));
#6817=CARTESIAN_POINT('',(-2.225,0.,3.5));
#6818=CARTESIAN_POINT('',(-4.45,0.,3.5));
#6819=CARTESIAN_POINT('',(-2.225,0.,3.5));
#6820=CARTESIAN_POINT('',(-4.45,0.,3.5));
#6821=CARTESIAN_POINT('',(-2.225,0.,3.5));
#6822=CARTESIAN_POINT('Origin',(-4.45,0.,-3.5));
#6823=CARTESIAN_POINT('',(-4.45,0.,-1.75));
#6824=CARTESIAN_POINT('Origin',(-5.25,0.,4.5));
#6825=CARTESIAN_POINT('',(5.25,0.,4.5));
#6826=CARTESIAN_POINT('',(-5.25,0.,4.5));
#6827=CARTESIAN_POINT('',(5.25,0.,4.5));
#6828=CARTESIAN_POINT('Origin',(5.25,0.,-4.5));
#6829=CARTESIAN_POINT('',(5.25,0.,-4.5));
#6830=CARTESIAN_POINT('',(5.25,0.,-4.5));
#6831=CARTESIAN_POINT('',(5.25,0.,-4.5));
#6832=CARTESIAN_POINT('Origin',(5.25,0.,4.5));
#6833=CARTESIAN_POINT('',(5.25,0.,4.5));
#6834=CARTESIAN_POINT('Origin',(0.,0.,1.11022302462516E-15));
#6835=CARTESIAN_POINT('Origin',(0.35,10.,0.));
#6836=CARTESIAN_POINT('',(-2.29975791147648,11.0125022870112,-2.24467896582647E-6));
#6837=CARTESIAN_POINT('',(-2.3,10.9,0.));
#6838=CARTESIAN_POINT('',(-2.3,10.,3.24531401774049E-16));
#6839=CARTESIAN_POINT('',(-2.3,10.7,0.));
#6840=CARTESIAN_POINT('Ctrl Pts',(-2.29975791147648,11.0125022870112,-2.24467896579872E-6));
#6841=CARTESIAN_POINT('Ctrl Pts',(-2.29980347652563,11.0066682291576,-0.194333113195693));
#6842=CARTESIAN_POINT('Ctrl Pts',(-2.23198858556219,10.9879175179845,-0.818851979415657));
#6843=CARTESIAN_POINT('Ctrl Pts',(-1.74683622063346,10.9562496387224,-1.79024598821286));
#6844=CARTESIAN_POINT('Ctrl Pts',(-0.664005035722744,10.9175007779998,-2.5640520419096));
#6845=CARTESIAN_POINT('Ctrl Pts',(0.650894566264003,10.8787487070559,-2.73942631982066));
#6846=CARTESIAN_POINT('Ctrl Pts',(2.32046746706796,10.8270871235886,-2.12969453823026));
#6847=CARTESIAN_POINT('Ctrl Pts',(3.01111302370484,10.7883264241742,-0.865789670275868));
#6848=CARTESIAN_POINT('Ctrl Pts',(2.99936433993849,10.7583405819986,0.138994665102444));
#6849=CARTESIAN_POINT('Ctrl Pts',(2.97870171752108,10.7499583534173,0.416494588739551));
#6850=CARTESIAN_POINT('Ctrl Pts',(2.84747621500234,10.7343648420543,0.956829225463775));
#6851=CARTESIAN_POINT('Ctrl Pts',(2.3411720606632,10.7072518518292,1.96251035320954));
#6852=CARTESIAN_POINT('Ctrl Pts',(1.32315098998117,10.6995650462834,2.58968697411001));
#6853=CARTESIAN_POINT('Ctrl Pts',(0.488803837541357,10.7000540458661,2.64859210158088));
#6854=CARTESIAN_POINT('Ctrl Pts',(-0.485739319607165,10.6999645706467,2.65933885289599));
#6855=CARTESIAN_POINT('Ctrl Pts',(-1.85216807495174,10.70002262247,1.94509021040554));
#6856=CARTESIAN_POINT('Ctrl Pts',(-2.3,10.7,0.555014702134197));
#6857=CARTESIAN_POINT('Ctrl Pts',(-2.3,10.7,0.));
#6858=CARTESIAN_POINT('',(-2.3,10.,3.24531401774049E-16));
#6859=CARTESIAN_POINT('',(-2.3,10.,3.24531401774049E-16));
#6860=CARTESIAN_POINT('Origin',(0.35,10.,0.));
#6861=CARTESIAN_POINT('',(-2.3,10.,0.));
#6862=CARTESIAN_POINT('Origin',(0.35,10.,0.));
#6863=CARTESIAN_POINT('',(-2.29986082552964,11.5124999999904,-2.53029130068102E-5));
#6864=CARTESIAN_POINT('',(-2.29975791045125,11.2125024178254,2.1127044524949E-6));
#6865=CARTESIAN_POINT('',(-2.3,10.,3.24531401774049E-16));
#6866=CARTESIAN_POINT('Ctrl Pts',(-2.29986082552964,11.5124999999904,-2.53029130069596E-5));
#6867=CARTESIAN_POINT('Ctrl Pts',(-2.29994937543027,11.507916666655,-0.152678171754579));
#6868=CARTESIAN_POINT('Ctrl Pts',(-2.25032904813464,11.4904166666541,-0.735477113368277));
#6869=CARTESIAN_POINT('Ctrl Pts',(-1.82858539657565,11.460000000085,-1.68988436455232));
#6870=CARTESIAN_POINT('Ctrl Pts',(-0.784515548626539,11.421249999855,-2.51267290970816));
#6871=CARTESIAN_POINT('Ctrl Pts',(0.523123998730524,11.3825000003131,-2.75172167175566));
#6872=CARTESIAN_POINT('Ctrl Pts',(1.79049021683829,11.3437499994661,-2.35066707823589));
#6873=CARTESIAN_POINT('Ctrl Pts',(2.72320666656812,11.305000001153,-1.40351043224066));
#6874=CARTESIAN_POINT('Ctrl Pts',(3.1038649112669,11.2662499980338,-0.129867798613168));
#6875=CARTESIAN_POINT('Ctrl Pts',(2.84476009726573,11.2275000042461,1.17393972367752));
#6876=CARTESIAN_POINT('Ctrl Pts',(2.00530622043268,11.1887499927594,2.20467766601358));
#6877=CARTESIAN_POINT('Ctrl Pts',(0.781334714246421,11.1500000156368,2.72320659971526));
#6878=CARTESIAN_POINT('Ctrl Pts',(-0.543050300812023,11.1112499733358,2.60830649408617));
#6879=CARTESIAN_POINT('Ctrl Pts',(-1.65981263279366,11.0725000575837,1.88736977098117));
#6880=CARTESIAN_POINT('Ctrl Pts',(-2.21155999584892,11.0395832585928,0.9021405319222));
#6881=CARTESIAN_POINT('Ctrl Pts',(-2.29970915463513,11.0195833643983,0.23586649671493));
#6882=CARTESIAN_POINT('Ctrl Pts',(-2.29975792787858,11.012500054801,-7.65989877046964E-5));
#6883=CARTESIAN_POINT('Ctrl Pts',(-2.3,10.9,0.));
#6884=CARTESIAN_POINT('Ctrl Pts',(-2.3,10.9,0.555014702134197));
#6885=CARTESIAN_POINT('Ctrl Pts',(-1.85216807495174,10.90002262247,1.94509021040554));
#6886=CARTESIAN_POINT('Ctrl Pts',(-0.485739319607165,10.8999645706467,2.65933885289599));
#6887=CARTESIAN_POINT('Ctrl Pts',(0.488803837541357,10.9000540458661,2.64859210158088));
#6888=CARTESIAN_POINT('Ctrl Pts',(1.32315098998117,10.8995650462834,2.58968697411001));
#6889=CARTESIAN_POINT('Ctrl Pts',(2.3411720606632,10.9072518518292,1.96251035320954));
#6890=CARTESIAN_POINT('Ctrl Pts',(2.84747621500234,10.9343648420543,0.956829225463775));
#6891=CARTESIAN_POINT('Ctrl Pts',(2.97870171752108,10.9499583534173,0.416494588739551));
#6892=CARTESIAN_POINT('Ctrl Pts',(2.99936433993849,10.9583405819986,0.138994665102444));
#6893=CARTESIAN_POINT('Ctrl Pts',(3.01111302370484,10.9883264241742,-0.865789670275868));
#6894=CARTESIAN_POINT('Ctrl Pts',(2.32046746706796,11.0270871235885,-2.12969453823026));
#6895=CARTESIAN_POINT('Ctrl Pts',(0.650894566264003,11.0787487070559,-2.73942631982066));
#6896=CARTESIAN_POINT('Ctrl Pts',(-0.664005035722744,11.1175007779998,-2.5640520419096));
#6897=CARTESIAN_POINT('Ctrl Pts',(-1.74683622063346,11.1562496387224,-1.79024598821286));
#6898=CARTESIAN_POINT('Ctrl Pts',(-2.23198925359919,11.18791756159,-0.818850641841768));
#6899=CARTESIAN_POINT('Ctrl Pts',(-2.29980379193155,11.2066683163671,-0.194330208557734));
#6900=CARTESIAN_POINT('Ctrl Pts',(-2.29975791045125,11.2125024178254,2.1127044524949E-6));
#6901=CARTESIAN_POINT('Origin',(0.35,10.,0.));
#6902=CARTESIAN_POINT('',(-2.29993183036723,12.0125,-0.000101289354392262));
#6903=CARTESIAN_POINT('',(-2.29986082552964,11.7124999999904,-2.53029130069249E-5));
#6904=CARTESIAN_POINT('',(-2.3,10.,3.24531401774049E-16));
#6905=CARTESIAN_POINT('Ctrl Pts',(-2.29993183036723,12.0125,-0.00010128935439226));
#6906=CARTESIAN_POINT('Ctrl Pts',(-2.300205249227,12.0091666666667,-0.111090448799116));
#6907=CARTESIAN_POINT('Ctrl Pts',(-2.26759015316149,11.9929166666667,-0.652079601355224));
#6908=CARTESIAN_POINT('Ctrl Pts',(-1.90495476917489,11.96375,-1.58529131492767));
#6909=CARTESIAN_POINT('Ctrl Pts',(-0.902097044132928,11.9250000000001,-2.45662684278078));
#6910=CARTESIAN_POINT('Ctrl Pts',(0.393481745013471,11.8862499999999,-2.7565950908958));
#6911=CARTESIAN_POINT('Ctrl Pts',(1.67815839685352,11.8475000000001,-2.41612291070877));
#6912=CARTESIAN_POINT('Ctrl Pts',(2.65429960705988,11.8087499999998,-1.51358327744434));
#6913=CARTESIAN_POINT('Ctrl Pts',(3.09487923827261,11.7700000000004,-0.259516581869246));
#6914=CARTESIAN_POINT('Ctrl Pts',(2.89708118494819,11.7312499999993,1.05505202984248));
#6915=CARTESIAN_POINT('Ctrl Pts',(2.10747569625583,11.6925000000017,2.12441718740968));
#6916=CARTESIAN_POINT('Ctrl Pts',(0.909072431551869,11.6537499999971,2.69965256052815));
#6917=CARTESIAN_POINT('Ctrl Pts',(-0.419225119521176,11.6150000000063,2.64768183782109));
#6918=CARTESIAN_POINT('Ctrl Pts',(-1.56858075065699,11.5762499999893,1.97982402809113));
#6919=CARTESIAN_POINT('Ctrl Pts',(-2.18899145051189,11.5420833333524,0.985406452303127));
#6920=CARTESIAN_POINT('Ctrl Pts',(-2.29969982571032,11.5208333333275,0.277525367708029));
#6921=CARTESIAN_POINT('Ctrl Pts',(-2.29986082552964,11.5124999999904,-2.53029130069596E-5));
#6922=CARTESIAN_POINT('Ctrl Pts',(-2.29975792787858,11.212500054801,-7.65989877046964E-5));
#6923=CARTESIAN_POINT('Ctrl Pts',(-2.29970915463513,11.2195833643983,0.23586649671493));
#6924=CARTESIAN_POINT('Ctrl Pts',(-2.21155999584892,11.2395832585928,0.9021405319222));
#6925=CARTESIAN_POINT('Ctrl Pts',(-1.65981263279366,11.2725000575837,1.88736977098117));
#6926=CARTESIAN_POINT('Ctrl Pts',(-0.543050300812023,11.3112499733358,2.60830649408617));
#6927=CARTESIAN_POINT('Ctrl Pts',(0.781334714246421,11.3500000156368,2.72320659971526));
#6928=CARTESIAN_POINT('Ctrl Pts',(2.00530622043268,11.3887499927594,2.20467766601358));
#6929=CARTESIAN_POINT('Ctrl Pts',(2.84476009726573,11.4275000042462,1.17393972367752));
#6930=CARTESIAN_POINT('Ctrl Pts',(3.1038649112669,11.4662499980338,-0.129867798613168));
#6931=CARTESIAN_POINT('Ctrl Pts',(2.72320666656812,11.505000001153,-1.40351043224066));
#6932=CARTESIAN_POINT('Ctrl Pts',(1.79049021683829,11.5437499994661,-2.35066707823589));
#6933=CARTESIAN_POINT('Ctrl Pts',(0.523123998730524,11.5825000003131,-2.75172167175566));
#6934=CARTESIAN_POINT('Ctrl Pts',(-0.784515548626539,11.621249999855,-2.51267290970816));
#6935=CARTESIAN_POINT('Ctrl Pts',(-1.82858539657565,11.660000000085,-1.68988436455232));
#6936=CARTESIAN_POINT('Ctrl Pts',(-2.25032904813464,11.6904166666541,-0.735477113368277));
#6937=CARTESIAN_POINT('Ctrl Pts',(-2.29994937543027,11.707916666655,-0.152678171754579));
#6938=CARTESIAN_POINT('Ctrl Pts',(-2.29986082552964,11.7124999999904,-2.53029130069596E-5));
#6939=CARTESIAN_POINT('Origin',(0.35,10.,0.));
#6940=CARTESIAN_POINT('',(-2.30041327397009,12.5125,0.000198645145121092));
#6941=CARTESIAN_POINT('',(-2.29993183036723,12.2125,-0.000101289354392312));
#6942=CARTESIAN_POINT('',(-2.3,10.,3.24531401774049E-16));
#6943=CARTESIAN_POINT('Ctrl Pts',(-2.30041327397009,12.5125,0.000198645145120949));
#6944=CARTESIAN_POINT('Ctrl Pts',(-2.29940303974567,12.4975,-0.499066300899478));
#6945=CARTESIAN_POINT('Ctrl Pts',(-1.99022203893234,12.4652777777778,-1.57273237420143));
#6946=CARTESIAN_POINT('Ctrl Pts',(-0.641234343766897,12.4158333333333,-2.66522963404185));
#6947=CARTESIAN_POINT('Ctrl Pts',(1.17196421959487,12.3641666666667,-2.72207028256269));
#6948=CARTESIAN_POINT('Ctrl Pts',(2.65056415459177,12.3125,-1.67150511670268));
#6949=CARTESIAN_POINT('Ctrl Pts',(3.19279304551507,12.2608333333333,0.0596075695658208));
#6950=CARTESIAN_POINT('Ctrl Pts',(2.57865680730882,12.2091666666667,1.76624506630258));
#6951=CARTESIAN_POINT('Ctrl Pts',(1.05680687911493,12.1575,2.75413457853774));
#6952=CARTESIAN_POINT('Ctrl Pts',(-0.751523713611138,12.1058333333333,2.62157153757327));
#6953=CARTESIAN_POINT('Ctrl Pts',(-2.02543031559182,12.0575,1.49891446931271));
#6954=CARTESIAN_POINT('Ctrl Pts',(-2.29879258511822,12.0263888888889,0.462353541665275));
#6955=CARTESIAN_POINT('Ctrl Pts',(-2.29993183036723,12.0125,-0.00010128935439226));
#6956=CARTESIAN_POINT('Ctrl Pts',(-2.29986082552964,11.7124999999904,-2.53029130069596E-5));
#6957=CARTESIAN_POINT('Ctrl Pts',(-2.29969982571032,11.7208333333275,0.277525367708029));
#6958=CARTESIAN_POINT('Ctrl Pts',(-2.18899145051189,11.7420833333524,0.985406452303127));
#6959=CARTESIAN_POINT('Ctrl Pts',(-1.56858075065699,11.7762499999893,1.97982402809113));
#6960=CARTESIAN_POINT('Ctrl Pts',(-0.419225119521176,11.8150000000063,2.64768183782109));
#6961=CARTESIAN_POINT('Ctrl Pts',(0.909072431551869,11.8537499999971,2.69965256052815));
#6962=CARTESIAN_POINT('Ctrl Pts',(2.10747569625583,11.8925000000017,2.12441718740968));
#6963=CARTESIAN_POINT('Ctrl Pts',(2.89708118494819,11.9312499999992,1.05505202984248));
#6964=CARTESIAN_POINT('Ctrl Pts',(3.09487923827261,11.9700000000004,-0.259516581869246));
#6965=CARTESIAN_POINT('Ctrl Pts',(2.65429960705988,12.0087499999998,-1.51358327744434));
#6966=CARTESIAN_POINT('Ctrl Pts',(1.67815839685352,12.0475000000001,-2.41612291070877));
#6967=CARTESIAN_POINT('Ctrl Pts',(0.393481745013471,12.0862499999999,-2.7565950908958));
#6968=CARTESIAN_POINT('Ctrl Pts',(-0.902097044132928,12.1250000000001,-2.45662684278078));
#6969=CARTESIAN_POINT('Ctrl Pts',(-1.90495476917489,12.16375,-1.58529131492767));
#6970=CARTESIAN_POINT('Ctrl Pts',(-2.26759015316149,12.1929166666667,-0.652079601355224));
#6971=CARTESIAN_POINT('Ctrl Pts',(-2.300205249227,12.2091666666667,-0.111090448799116));
#6972=CARTESIAN_POINT('Ctrl Pts',(-2.29993183036723,12.2125,-0.00010128935439226));
#6973=CARTESIAN_POINT('Origin',(0.35,10.,0.));
#6974=CARTESIAN_POINT('',(-2.29938465874229,13.0125,7.61867086481262E-5));
#6975=CARTESIAN_POINT('',(-2.30041327397009,12.7125,0.000198645145120802));
#6976=CARTESIAN_POINT('',(-2.3,10.,3.24531401774049E-16));
#6977=CARTESIAN_POINT('Ctrl Pts',(-2.29938465874229,13.0125,7.61867086481946E-5));
#6978=CARTESIAN_POINT('Ctrl Pts',(-2.29918015705733,13.0030555555556,-0.314613964355354));
#6979=CARTESIAN_POINT('Ctrl Pts',(-2.14327891195697,12.9763888888889,-1.20332925345817));
#6980=CARTESIAN_POINT('Ctrl Pts',(-1.17368841321464,12.9325,-2.40102030116636));
#6981=CARTESIAN_POINT('Ctrl Pts',(0.587817917873108,12.8808333333333,-2.83350215373138));
#6982=CARTESIAN_POINT('Ctrl Pts',(2.25276284301881,12.8291666666667,-2.1131701430916));
#6983=CARTESIAN_POINT('Ctrl Pts',(3.14314064889934,12.7775,-0.532824535057734));
#6984=CARTESIAN_POINT('Ctrl Pts',(2.89700796281771,12.7258333333333,1.26433690274027));
#6985=CARTESIAN_POINT('Ctrl Pts',(1.61433120910695,12.6741666666667,2.54699320679659));
#6986=CARTESIAN_POINT('Ctrl Pts',(-0.182825873585277,12.6225,2.79317104288574));
#6987=CARTESIAN_POINT('Ctrl Pts',(-1.76315616214145,12.5708333333333,1.90270303311103));
#6988=CARTESIAN_POINT('Ctrl Pts',(-2.27442580799995,12.5341666666667,0.721254435304718));
#6989=CARTESIAN_POINT('Ctrl Pts',(-2.30056293829964,12.5147222222222,0.0741638223369083));
#6990=CARTESIAN_POINT('Ctrl Pts',(-2.30041327397009,12.5125,0.000198645145120949));
#6991=CARTESIAN_POINT('Ctrl Pts',(-2.29993183036723,12.2125,-0.00010128935439226));
#6992=CARTESIAN_POINT('Ctrl Pts',(-2.29879258511822,12.2263888888889,0.462353541665275));
#6993=CARTESIAN_POINT('Ctrl Pts',(-2.02543031559182,12.2575,1.49891446931271));
#6994=CARTESIAN_POINT('Ctrl Pts',(-0.751523713611138,12.3058333333334,2.62157153757327));
#6995=CARTESIAN_POINT('Ctrl Pts',(1.05680687911493,12.3575,2.75413457853774));
#6996=CARTESIAN_POINT('Ctrl Pts',(2.57865680730882,12.4091666666667,1.76624506630258));
#6997=CARTESIAN_POINT('Ctrl Pts',(3.19279304551507,12.4608333333333,0.0596075695658208));
#6998=CARTESIAN_POINT('Ctrl Pts',(2.65056415459177,12.5125,-1.67150511670268));
#6999=CARTESIAN_POINT('Ctrl Pts',(1.17196421959487,12.5641666666667,-2.72207028256269));
#7000=CARTESIAN_POINT('Ctrl Pts',(-0.641234343766897,12.6158333333333,-2.66522963404185));
#7001=CARTESIAN_POINT('Ctrl Pts',(-1.99022203893234,12.6652777777778,-1.57273237420143));
#7002=CARTESIAN_POINT('Ctrl Pts',(-2.29940303974567,12.6975,-0.499066300899478));
#7003=CARTESIAN_POINT('Ctrl Pts',(-2.30041327397009,12.7125,0.000198645145120949));
#7004=CARTESIAN_POINT('Origin',(0.35,10.,0.));
#7005=CARTESIAN_POINT('',(3.,14.15,-3.24531401774049E-16));
#7006=CARTESIAN_POINT('',(-2.3,14.15,3.24531401774049E-16));
#7007=CARTESIAN_POINT('Origin',(0.35,14.15,0.));
#7008=CARTESIAN_POINT('Origin',(0.35,14.15,0.));
#7009=CARTESIAN_POINT('',(-2.30017632641308,13.7125,9.60630287830111E-6));
#7010=CARTESIAN_POINT('',(-2.3,10.,3.24531401774049E-16));
#7011=CARTESIAN_POINT('',(1.16889503509363,14.0625,-2.52029976818215));
#7012=CARTESIAN_POINT('Ctrl Pts',(-2.30017632641307,13.7125,9.60630287819703E-6));
#7013=CARTESIAN_POINT('Ctrl Pts',(-2.30018028294701,13.7129166666667,0.0138823213459308));
#7014=CARTESIAN_POINT('Ctrl Pts',(-2.29676484633011,13.72625,0.457807450800714));
#7015=CARTESIAN_POINT('Ctrl Pts',(-2.06611246377937,13.7525,1.32827808625081));
#7016=CARTESIAN_POINT('Ctrl Pts',(-1.16362005917189,13.79125,2.30425578622972));
#7017=CARTESIAN_POINT('Ctrl Pts',(0.0905313470399987,13.83,2.74493380822848));
#7018=CARTESIAN_POINT('Ctrl Pts',(1.40502739490827,13.86875,2.54705640737786));
#7019=CARTESIAN_POINT('Ctrl Pts',(2.47443552818639,13.9075,1.75750835847948));
#7020=CARTESIAN_POINT('Ctrl Pts',(3.04963762712922,13.94625,0.559023835998872));
#7021=CARTESIAN_POINT('Ctrl Pts',(2.99770446545054,13.985,-0.769123251511607));
#7022=CARTESIAN_POINT('Ctrl Pts',(2.32979031688212,14.02375,-1.9187679410006));
#7023=CARTESIAN_POINT('Ctrl Pts',(1.5779790556495,14.0495833333333,-2.3873803124894));
#7024=CARTESIAN_POINT('Ctrl Pts',(1.16889503509363,14.0625,-2.52029976818215));
#7025=CARTESIAN_POINT('',(1.16649206580029,13.9680273777243,-2.52107927411919));
#7026=CARTESIAN_POINT('Ctrl Pts',(1.16889503509363,14.0625,-2.52029976818215));
#7027=CARTESIAN_POINT('Ctrl Pts',(1.16846501678313,14.0457700804892,-2.52043948960097));
#7028=CARTESIAN_POINT('Ctrl Pts',(1.16803739277071,14.0290396840973,-2.52057831139817));
#7029=CARTESIAN_POINT('Ctrl Pts',(1.16723695680543,13.9975490904599,-2.52083793846537));
#7030=CARTESIAN_POINT('Ctrl Pts',(1.16686360169344,13.9827881550615,-2.52095894624699));
#7031=CARTESIAN_POINT('Ctrl Pts',(1.16649206580029,13.9680273777243,-2.52107927411919));
#7032=CARTESIAN_POINT('',(1.17157096870838,13.9678670105218,-2.51942873353859));
#7033=CARTESIAN_POINT('Ctrl Pts',(1.16649206580029,13.9680273777243,-2.52107927411919));
#7034=CARTESIAN_POINT('Ctrl Pts',(1.1672821696105,13.9680024382215,-2.52082338629416));
#7035=CARTESIAN_POINT('Ctrl Pts',(1.16807215309658,13.9679774987315,-2.52056712707092));
#7036=CARTESIAN_POINT('Ctrl Pts',(1.16976515814937,13.967924042992,-2.52001706090545));
#7037=CARTESIAN_POINT('Ctrl Pts',(1.17066814252055,13.9678955267577,-2.51972313987511));
#7038=CARTESIAN_POINT('Ctrl Pts',(1.17157096870812,13.9678670105213,-2.51942873353783));
#7039=CARTESIAN_POINT('',(1.16889503509363,13.8625,-2.52029976818215));
#7040=CARTESIAN_POINT('Ctrl Pts',(1.17157096870814,13.9678670105213,-2.51942873353782));
#7041=CARTESIAN_POINT('Ctrl Pts',(1.17113514936443,13.9504986802784,-2.5195708516758));
#7042=CARTESIAN_POINT('Ctrl Pts',(1.17069674455063,13.933129969012,-2.51971368781968));
#7043=CARTESIAN_POINT('Ctrl Pts',(1.16980492455269,13.8980079403092,-2.52000399016341));
#7044=CARTESIAN_POINT('Ctrl Pts',(1.16935136787982,13.8802536876838,-2.52015149667188));
#7045=CARTESIAN_POINT('Ctrl Pts',(1.16889503509363,13.8625,-2.52029976818215));
#7046=CARTESIAN_POINT('',(-2.30017632641308,13.5125,9.60630289698783E-6));
#7047=CARTESIAN_POINT('Ctrl Pts',(1.16889503509363,13.8625,-2.52029976818215));
#7048=CARTESIAN_POINT('Ctrl Pts',(1.5779790556495,13.8495833333333,-2.3873803124894));
#7049=CARTESIAN_POINT('Ctrl Pts',(2.32979031688212,13.82375,-1.9187679410006));
#7050=CARTESIAN_POINT('Ctrl Pts',(2.99770446545054,13.785,-0.769123251511607));
#7051=CARTESIAN_POINT('Ctrl Pts',(3.04963762712922,13.74625,0.559023835998872));
#7052=CARTESIAN_POINT('Ctrl Pts',(2.47443552818639,13.7075,1.75750835847948));
#7053=CARTESIAN_POINT('Ctrl Pts',(1.40502739490827,13.66875,2.54705640737786));
#7054=CARTESIAN_POINT('Ctrl Pts',(0.0905313470399987,13.63,2.74493380822848));
#7055=CARTESIAN_POINT('Ctrl Pts',(-1.16362005917189,13.59125,2.30425578622972));
#7056=CARTESIAN_POINT('Ctrl Pts',(-2.06611246377937,13.5525,1.32827808625081));
#7057=CARTESIAN_POINT('Ctrl Pts',(-2.29676484633011,13.52625,0.457807450800714));
#7058=CARTESIAN_POINT('Ctrl Pts',(-2.30018028294701,13.5129166666667,0.0138823213459308));
#7059=CARTESIAN_POINT('Ctrl Pts',(-2.30017632641307,13.5125,9.60630287819703E-6));
#7060=CARTESIAN_POINT('',(-2.29938465874229,13.2125,7.61867086480905E-5));
#7061=CARTESIAN_POINT('',(-2.3,10.,3.24531401774049E-16));
#7062=CARTESIAN_POINT('Ctrl Pts',(-2.29938465874229,13.2125,7.61867086481946E-5));
#7063=CARTESIAN_POINT('Ctrl Pts',(-2.29955307189461,13.2202777777778,0.259232781702527));
#7064=CARTESIAN_POINT('Ctrl Pts',(-2.18017526752609,13.2452777777778,1.09209839365136));
#7065=CARTESIAN_POINT('Ctrl Pts',(-1.32103675036306,13.2875,2.3005365843127));
#7066=CARTESIAN_POINT('Ctrl Pts',(0.409105565217929,13.3391666666667,2.84297353359536));
#7067=CARTESIAN_POINT('Ctrl Pts',(2.11702087034131,13.3908333333333,2.22846379534216));
#7068=CARTESIAN_POINT('Ctrl Pts',(3.02078649173507,13.4381944444444,0.834060223402388));
#7069=CARTESIAN_POINT('Ctrl Pts',(3.03019076938881,13.48125,-0.643862564454682));
#7070=CARTESIAN_POINT('Ctrl Pts',(2.41850994437893,13.52,-1.82318574499448));
#7071=CARTESIAN_POINT('Ctrl Pts',(1.32435072551101,13.55875,-2.57902503676726));
#7072=CARTESIAN_POINT('Ctrl Pts',(0.00452627707295431,13.5975,-2.73537790023004));
#7073=CARTESIAN_POINT('Ctrl Pts',(-1.23528987585732,13.63625,-2.25559991308415));
#7074=CARTESIAN_POINT('Ctrl Pts',(-2.09725554318916,13.6745833333334,-1.26250765071637));
#7075=CARTESIAN_POINT('Ctrl Pts',(-2.30005763039494,13.7,-0.41617184498887));
#7076=CARTESIAN_POINT('Ctrl Pts',(-2.30017632641307,13.7125,9.60630287819703E-6));
#7077=CARTESIAN_POINT('Origin',(0.35,14.0565653225682,0.));
#7078=CARTESIAN_POINT('',(2.4,14.4,-2.51052593825207E-16));
#7079=CARTESIAN_POINT('Origin',(0.35,14.4,0.));
#7080=CARTESIAN_POINT('',(2.15,13.7131306451363,2.20436423846524E-16));
#7081=CARTESIAN_POINT('',(2.275,14.0565653225682,-2.35744508835865E-16));
#7082=CARTESIAN_POINT('',(-1.45,13.7131306451363,-2.20436423846524E-16));
#7083=CARTESIAN_POINT('Origin',(0.35,13.7131306451363,0.));
#7084=CARTESIAN_POINT('Origin',(0.35,13.7131306451363,0.));
#7085=CARTESIAN_POINT('Origin',(0.35,14.4,0.));
#7086=CARTESIAN_POINT('',(2.75,14.4,2.93915231795365E-16));
#7087=CARTESIAN_POINT('Origin',(0.35,14.4,0.));
#7088=CARTESIAN_POINT('Origin',(0.35,14.4,0.));
#7089=CARTESIAN_POINT('',(-1.45,9.5,2.20436423846524E-16));
#7090=CARTESIAN_POINT('',(-1.45,14.4,-2.20436423846524E-16));
#7091=CARTESIAN_POINT('Origin',(0.35,9.5,0.));
#7092=CARTESIAN_POINT('Origin',(0.35,14.275,0.));
#7093=CARTESIAN_POINT('',(2.875,14.275,-3.09223316784707E-16));
#7094=CARTESIAN_POINT('Origin',(0.35,10.,0.));
#7095=CARTESIAN_POINT('Ctrl Pts',(-2.30017632641307,13.5125,9.60630287819703E-6));
#7096=CARTESIAN_POINT('Ctrl Pts',(-2.30005763039494,13.5,-0.41617184498887));
#7097=CARTESIAN_POINT('Ctrl Pts',(-2.09725554318916,13.4745833333333,-1.26250765071637));
#7098=CARTESIAN_POINT('Ctrl Pts',(-1.23528987585732,13.43625,-2.25559991308415));
#7099=CARTESIAN_POINT('Ctrl Pts',(0.00452627707295431,13.3975,-2.73537790023004));
#7100=CARTESIAN_POINT('Ctrl Pts',(1.32435072551101,13.35875,-2.57902503676726));
#7101=CARTESIAN_POINT('Ctrl Pts',(2.41850994437893,13.32,-1.82318574499448));
#7102=CARTESIAN_POINT('Ctrl Pts',(3.03019076938881,13.28125,-0.643862564454682));
#7103=CARTESIAN_POINT('Ctrl Pts',(3.02078649173507,13.2381944444445,0.834060223402388));
#7104=CARTESIAN_POINT('Ctrl Pts',(2.11702087034131,13.1908333333333,2.22846379534216));
#7105=CARTESIAN_POINT('Ctrl Pts',(0.409105565217929,13.1391666666667,2.84297353359536));
#7106=CARTESIAN_POINT('Ctrl Pts',(-1.32103675036306,13.0875,2.3005365843127));
#7107=CARTESIAN_POINT('Ctrl Pts',(-2.18017526752609,13.0452777777778,1.09209839365136));
#7108=CARTESIAN_POINT('Ctrl Pts',(-2.29955307189461,13.0202777777778,0.259232781702527));
#7109=CARTESIAN_POINT('Ctrl Pts',(-2.29938465874229,13.0125,7.61867086481946E-5));
#7110=CARTESIAN_POINT('Ctrl Pts',(-2.30041327397009,12.7125,0.000198645145120949));
#7111=CARTESIAN_POINT('Ctrl Pts',(-2.30056293829964,12.7147222222222,0.0741638223369083));
#7112=CARTESIAN_POINT('Ctrl Pts',(-2.27442580799995,12.7341666666667,0.721254435304718));
#7113=CARTESIAN_POINT('Ctrl Pts',(-1.76315616214145,12.7708333333333,1.90270303311103));
#7114=CARTESIAN_POINT('Ctrl Pts',(-0.182825873585277,12.8225,2.79317104288574));
#7115=CARTESIAN_POINT('Ctrl Pts',(1.61433120910695,12.8741666666667,2.54699320679659));
#7116=CARTESIAN_POINT('Ctrl Pts',(2.89700796281771,12.9258333333333,1.26433690274027));
#7117=CARTESIAN_POINT('Ctrl Pts',(3.14314064889934,12.9775,-0.532824535057734));
#7118=CARTESIAN_POINT('Ctrl Pts',(2.25276284301881,13.0291666666667,-2.1131701430916));
#7119=CARTESIAN_POINT('Ctrl Pts',(0.587817917873108,13.0808333333333,-2.83350215373138));
#7120=CARTESIAN_POINT('Ctrl Pts',(-1.17368841321464,13.1325,-2.40102030116636));
#7121=CARTESIAN_POINT('Ctrl Pts',(-2.14327891195697,13.1763888888889,-1.20332925345817));
#7122=CARTESIAN_POINT('Ctrl Pts',(-2.29918015705733,13.2030555555556,-0.314613964355354));
#7123=CARTESIAN_POINT('Ctrl Pts',(-2.29938465874229,13.2125,7.61867086481946E-5));
#7124=CARTESIAN_POINT('Ctrl Pts',(1.26160013340612,13.9625,-2.8056167230707));
#7125=CARTESIAN_POINT('Ctrl Pts',(1.25915489571531,13.9941124267172,-2.79533147145519));
#7126=CARTESIAN_POINT('Ctrl Pts',(1.2567096580245,14.0257248534345,-2.78504621983968));
#7127=CARTESIAN_POINT('Ctrl Pts',(1.25426442033369,14.0573372801517,-2.77476096822417));
#7128=CARTESIAN_POINT('Ctrl Pts',(1.23069843396862,13.9291666666667,-2.71051107144118));
#7129=CARTESIAN_POINT('Ctrl Pts',(1.22828075055022,13.9607783915246,-2.7002171128927));
#7130=CARTESIAN_POINT('Ctrl Pts',(1.22586304380857,13.9923901179325,-2.68992316137915));
#7131=CARTESIAN_POINT('Ctrl Pts',(1.22344536039017,14.0240018427905,-2.67962920283066));
#7132=CARTESIAN_POINT('Ctrl Pts',(1.19979673453113,13.8958333333333,-2.61540541981166));
#7133=CARTESIAN_POINT('Ctrl Pts',(1.1974093646625,13.9274442522611,-2.60510189426218));
#7134=CARTESIAN_POINT('Ctrl Pts',(1.19502196941256,13.9590551729042,-2.59479837635836));
#7135=CARTESIAN_POINT('Ctrl Pts',(1.19263459954393,13.990666091832,-2.58449485080888));
#7136=CARTESIAN_POINT('Ctrl Pts',(1.16889503509363,13.8625,-2.52029976818215));
#7137=CARTESIAN_POINT('Ctrl Pts',(1.1665417953569,13.8941099522096,-2.50998549190312));
#7138=CARTESIAN_POINT('Ctrl Pts',(1.16418855562017,13.9257199044192,-2.49967121562409));
#7139=CARTESIAN_POINT('Ctrl Pts',(1.16183531588345,13.9573298566288,-2.48935693934505));
#7140=CARTESIAN_POINT('',(1.21526425078731,14.0151474910042,-2.65435995235629));
#7141=CARTESIAN_POINT('Ctrl Pts',(1.17157096555127,13.9678670107356,-2.51942873449106));
#7142=CARTESIAN_POINT('Ctrl Pts',(1.18613300879293,13.9836272694773,-2.56440654752618));
#7143=CARTESIAN_POINT('Ctrl Pts',(1.20069754245335,13.9993874240043,-2.60938358790112));
#7144=CARTESIAN_POINT('Ctrl Pts',(1.21526423070965,14.0151474923487,-2.65435995841137));
#7145=CARTESIAN_POINT('',(1.26160013340612,13.9625,-2.8056167230707));
#7146=CARTESIAN_POINT('Ctrl Pts',(1.21526423070894,14.015147492348,-2.65435995840918));
#7147=CARTESIAN_POINT('Ctrl Pts',(1.23066439365686,13.9976092874535,-2.70476757222464));
#7148=CARTESIAN_POINT('Ctrl Pts',(1.24612637617907,13.9800428182646,-2.75523509112365));
#7149=CARTESIAN_POINT('Ctrl Pts',(1.26160013340612,13.9625,-2.80561672307069));
#7150=CARTESIAN_POINT('Ctrl Pts',(1.26160013340612,13.9625,-2.8056167230707));
#7151=CARTESIAN_POINT('Ctrl Pts',(1.23069843396862,13.9291666666667,-2.71051107144118));
#7152=CARTESIAN_POINT('Ctrl Pts',(1.19979673453113,13.8958333333333,-2.61540541981166));
#7153=CARTESIAN_POINT('Ctrl Pts',(1.16889503509363,13.8625,-2.52029976818215));
#7154=CARTESIAN_POINT('Ctrl Pts',(1.21526449531359,14.0151474836741,-2.6543598726484));
#7155=CARTESIAN_POINT('Ctrl Pts',(1.21348136184831,14.0152009418559,-2.65494113598567));
#7156=CARTESIAN_POINT('Ctrl Pts',(1.21169764266528,14.0152544000377,-2.65552060252475));
#7157=CARTESIAN_POINT('Ctrl Pts',(1.20991334138682,14.0153078582195,-2.65609827108886));
#7158=CARTESIAN_POINT('Ctrl Pts',(1.20069780730057,13.9993874150274,-2.60938350214638));
#7159=CARTESIAN_POINT('Ctrl Pts',(1.19894488785145,13.9994408732091,-2.60995497994296));
#7160=CARTESIAN_POINT('Ctrl Pts',(1.19719139254433,13.9994943313909,-2.61052469138428));
#7161=CARTESIAN_POINT('Ctrl Pts',(1.19543732494171,13.9995477895727,-2.61109263531862));
#7162=CARTESIAN_POINT('Ctrl Pts',(1.18613325645919,13.9836272613657,-2.56440646703163));
#7163=CARTESIAN_POINT('Ctrl Pts',(1.18441055147245,13.9836807195475,-2.56496816072237));
#7164=CARTESIAN_POINT('Ctrl Pts',(1.18268728048676,13.9837341777293,-2.56552811850376));
#7165=CARTESIAN_POINT('Ctrl Pts',(1.18096344700331,13.9837876359111,-2.56608633924408));
#7166=CARTESIAN_POINT('Ctrl Pts',(1.17157120079286,13.9678670031789,-2.51942865781988));
#7167=CARTESIAN_POINT('Ctrl Pts',(1.16987871078823,13.9679204613607,-2.51998056908004));
#7168=CARTESIAN_POINT('Ctrl Pts',(1.16818566464287,13.9679739195425,-2.5205307748801));
#7169=CARTESIAN_POINT('Ctrl Pts',(1.16649206579495,13.9680273777243,-2.5210792741027));
#7170=CARTESIAN_POINT('',(1.21272259615714,14.0152236777035,-2.65518713134184));
#7171=CARTESIAN_POINT('Ctrl Pts',(1.16649206579495,13.9680273777243,-2.5210792741027));
#7172=CARTESIAN_POINT('Ctrl Pts',(1.17469340017718,13.9763806193768,-2.54481322615983));
#7173=CARTESIAN_POINT('Ctrl Pts',(1.18286642211746,13.9847152467769,-2.56849504814749));
#7174=CARTESIAN_POINT('Ctrl Pts',(1.19100362349616,13.9930237860034,-2.59210378188232));
#7175=CARTESIAN_POINT('Ctrl Pts',(1.19824356003617,14.0004161674796,-2.61310925121693));
#7176=CARTESIAN_POINT('Ctrl Pts',(1.20548436802612,14.0078174867392,-2.63414088446445));
#7177=CARTESIAN_POINT('Ctrl Pts',(1.21272259615709,14.0152236777035,-2.65518713134172));
#7178=CARTESIAN_POINT('Ctrl Pts',(1.21272259615714,14.0152236777035,-2.65518713134184));
#7179=CARTESIAN_POINT('Ctrl Pts',(1.21356994630547,14.0151982821366,-2.65491181058904));
#7180=CARTESIAN_POINT('Ctrl Pts',(1.21441716461055,14.0151728865712,-2.65463608422961));
#7181=CARTESIAN_POINT('Ctrl Pts',(1.21526425078732,14.0151474910042,-2.65435995235629));
#7182=CARTESIAN_POINT('Ctrl Pts',(-2.3,10.9,0.));
#7183=CARTESIAN_POINT('Ctrl Pts',(-2.3,10.9,0.555014702134197));
#7184=CARTESIAN_POINT('Ctrl Pts',(-1.85216807495174,10.90002262247,1.94509021040554));
#7185=CARTESIAN_POINT('Ctrl Pts',(-0.485739319607165,10.8999645706467,2.65933885289599));
#7186=CARTESIAN_POINT('Ctrl Pts',(0.488803837541357,10.9000540458661,2.64859210158088));
#7187=CARTESIAN_POINT('Ctrl Pts',(1.32315098998117,10.8995650462834,2.58968697411001));
#7188=CARTESIAN_POINT('Ctrl Pts',(2.3411720606632,10.9072518518292,1.96251035320954));
#7189=CARTESIAN_POINT('Ctrl Pts',(2.84747621500234,10.9343648420543,0.956829225463775));
#7190=CARTESIAN_POINT('Ctrl Pts',(2.97870171752108,10.9499583534173,0.416494588739551));
#7191=CARTESIAN_POINT('Ctrl Pts',(2.99936433993849,10.9583405819986,0.138994665102444));
#7192=CARTESIAN_POINT('Ctrl Pts',(3.01111302370484,10.9883264241742,-0.865789670275868));
#7193=CARTESIAN_POINT('Ctrl Pts',(2.32046746706796,11.0270871235885,-2.12969453823026));
#7194=CARTESIAN_POINT('Ctrl Pts',(0.650894566264003,11.0787487070559,-2.73942631982066));
#7195=CARTESIAN_POINT('Ctrl Pts',(-0.664005035722744,11.1175007779998,-2.5640520419096));
#7196=CARTESIAN_POINT('Ctrl Pts',(-1.74683622063346,11.1562496387224,-1.79024598821286));
#7197=CARTESIAN_POINT('Ctrl Pts',(-2.34049556006608,11.1950002120329,-0.601594407227441));
#7198=CARTESIAN_POINT('Ctrl Pts',(-2.30933800955491,11.2337499018096,0.72754294525352));
#7199=CARTESIAN_POINT('Ctrl Pts',(-1.65981263279366,11.2725000575837,1.88736977098117));
#7200=CARTESIAN_POINT('Ctrl Pts',(-0.543050300812023,11.3112499733358,2.60830649408617));
#7201=CARTESIAN_POINT('Ctrl Pts',(0.781334714246421,11.3500000156368,2.72320659971526));
#7202=CARTESIAN_POINT('Ctrl Pts',(2.00530622043268,11.3887499927594,2.20467766601358));
#7203=CARTESIAN_POINT('Ctrl Pts',(2.84476009726573,11.4275000042462,1.17393972367752));
#7204=CARTESIAN_POINT('Ctrl Pts',(3.1038649112669,11.4662499980338,-0.129867798613168));
#7205=CARTESIAN_POINT('Ctrl Pts',(2.72320666656812,11.505000001153,-1.40351043224066));
#7206=CARTESIAN_POINT('Ctrl Pts',(1.79049021683829,11.5437499994661,-2.35066707823589));
#7207=CARTESIAN_POINT('Ctrl Pts',(0.523123998730524,11.5825000003131,-2.75172167175566));
#7208=CARTESIAN_POINT('Ctrl Pts',(-0.784515548626539,11.621249999855,-2.51267290970816));
#7209=CARTESIAN_POINT('Ctrl Pts',(-1.82858539657565,11.660000000085,-1.68988436455232));
#7210=CARTESIAN_POINT('Ctrl Pts',(-2.36587525404121,11.6987499999606,-0.473995674687719));
#7211=CARTESIAN_POINT('Ctrl Pts',(-2.27221727610218,11.7375000000231,0.852008972624247));
#7212=CARTESIAN_POINT('Ctrl Pts',(-1.56858075065699,11.7762499999893,1.97982402809113));
#7213=CARTESIAN_POINT('Ctrl Pts',(-0.419225119521176,11.8150000000063,2.64768183782109));
#7214=CARTESIAN_POINT('Ctrl Pts',(0.909072431551869,11.8537499999971,2.69965256052815));
#7215=CARTESIAN_POINT('Ctrl Pts',(2.10747569625583,11.8925000000017,2.12441718740968));
#7216=CARTESIAN_POINT('Ctrl Pts',(2.89708118494819,11.9312499999992,1.05505202984248));
#7217=CARTESIAN_POINT('Ctrl Pts',(3.09487923827261,11.9700000000004,-0.259516581869246));
#7218=CARTESIAN_POINT('Ctrl Pts',(2.65429960705988,12.0087499999998,-1.51358327744434));
#7219=CARTESIAN_POINT('Ctrl Pts',(1.67815839685352,12.0475000000001,-2.41612291070877));
#7220=CARTESIAN_POINT('Ctrl Pts',(0.393481745013471,12.0862499999999,-2.7565950908958));
#7221=CARTESIAN_POINT('Ctrl Pts',(-0.902097044132928,12.1250000000001,-2.45662684278078));
#7222=CARTESIAN_POINT('Ctrl Pts',(-1.90495476917489,12.16375,-1.58529131492767));
#7223=CARTESIAN_POINT('Ctrl Pts',(-2.44027366934559,12.2068055555556,-0.207693071082635));
#7224=CARTESIAN_POINT('Ctrl Pts',(-2.11328594331463,12.2541666666666,1.42148984391543));
#7225=CARTESIAN_POINT('Ctrl Pts',(-0.751523713611138,12.3058333333334,2.62157153757327));
#7226=CARTESIAN_POINT('Ctrl Pts',(1.05680687911493,12.3575,2.75413457853774));
#7227=CARTESIAN_POINT('Ctrl Pts',(2.57865680730882,12.4091666666667,1.76624506630258));
#7228=CARTESIAN_POINT('Ctrl Pts',(3.19279304551507,12.4608333333333,0.0596075695658208));
#7229=CARTESIAN_POINT('Ctrl Pts',(2.65056415459177,12.5125,-1.67150511670268));
#7230=CARTESIAN_POINT('Ctrl Pts',(1.17196421959487,12.5641666666667,-2.72207028256269));
#7231=CARTESIAN_POINT('Ctrl Pts',(-0.641234343766897,12.6158333333333,-2.66522963404185));
#7232=CARTESIAN_POINT('Ctrl Pts',(-2.05085069938921,12.6675,-1.52363137375916));
#7233=CARTESIAN_POINT('Ctrl Pts',(-2.4835815722148,12.7191666666667,0.237934554383949));
#7234=CARTESIAN_POINT('Ctrl Pts',(-1.76315616214145,12.7708333333333,1.90270303311103));
#7235=CARTESIAN_POINT('Ctrl Pts',(-0.182825873585277,12.8225,2.79317104288574));
#7236=CARTESIAN_POINT('Ctrl Pts',(1.61433120910695,12.8741666666667,2.54699320679659));
#7237=CARTESIAN_POINT('Ctrl Pts',(2.89700796281771,12.9258333333333,1.26433690274027));
#7238=CARTESIAN_POINT('Ctrl Pts',(3.14314064889934,12.9775,-0.532824535057734));
#7239=CARTESIAN_POINT('Ctrl Pts',(2.25276284301881,13.0291666666667,-2.1131701430916));
#7240=CARTESIAN_POINT('Ctrl Pts',(0.587817917873108,13.0808333333333,-2.83350215373138));
#7241=CARTESIAN_POINT('Ctrl Pts',(-1.17368841321464,13.1325,-2.40102030116636));
#7242=CARTESIAN_POINT('Ctrl Pts',(-2.31510507629105,13.1841666666667,-0.991080207028872));
#7243=CARTESIAN_POINT('Ctrl Pts',(-2.37235098847046,13.2358333333333,0.82178985100343));
#7244=CARTESIAN_POINT('Ctrl Pts',(-1.32103675036306,13.2875,2.3005365843127));
#7245=CARTESIAN_POINT('Ctrl Pts',(0.409105565217929,13.3391666666667,2.84297353359536));
#7246=CARTESIAN_POINT('Ctrl Pts',(2.11702087034131,13.3908333333333,2.22846379534216));
#7247=CARTESIAN_POINT('Ctrl Pts',(3.02078649173507,13.4381944444444,0.834060223402388));
#7248=CARTESIAN_POINT('Ctrl Pts',(3.03019076938881,13.48125,-0.643862564454682));
#7249=CARTESIAN_POINT('Ctrl Pts',(2.41850994437893,13.52,-1.82318574499448));
#7250=CARTESIAN_POINT('Ctrl Pts',(1.32435072551101,13.55875,-2.57902503676726));
#7251=CARTESIAN_POINT('Ctrl Pts',(0.00452627707295431,13.5975,-2.73537790023004));
#7252=CARTESIAN_POINT('Ctrl Pts',(-1.23528987585732,13.63625,-2.25559991308415));
#7253=CARTESIAN_POINT('Ctrl Pts',(-2.10662473522537,13.675,-1.25171316960369));
#7254=CARTESIAN_POINT('Ctrl Pts',(-2.40659931421142,13.71375,0.0432976243959028));
#7255=CARTESIAN_POINT('Ctrl Pts',(-2.06611246377937,13.7525,1.32827808625081));
#7256=CARTESIAN_POINT('Ctrl Pts',(-1.16362005917189,13.79125,2.30425578622972));
#7257=CARTESIAN_POINT('Ctrl Pts',(0.0905313470399987,13.83,2.74493380822848));
#7258=CARTESIAN_POINT('Ctrl Pts',(1.40502739490827,13.86875,2.54705640737786));
#7259=CARTESIAN_POINT('Ctrl Pts',(2.47443552818639,13.9075,1.75750835847948));
#7260=CARTESIAN_POINT('Ctrl Pts',(3.04963762712922,13.94625,0.559023835998872));
#7261=CARTESIAN_POINT('Ctrl Pts',(2.99770446545054,13.985,-0.769123251511607));
#7262=CARTESIAN_POINT('Ctrl Pts',(2.32979031688212,14.02375,-1.9187679410006));
#7263=CARTESIAN_POINT('Ctrl Pts',(1.5779790556495,14.0495833333333,-2.3873803124894));
#7264=CARTESIAN_POINT('Ctrl Pts',(1.16889503509363,14.0625,-2.52029976818215));
#7265=CARTESIAN_POINT('Ctrl Pts',(-2.4,10.8666666666667,0.));
#7266=CARTESIAN_POINT('Ctrl Pts',(-2.40001423458899,10.8666666666667,0.575832880837035));
#7267=CARTESIAN_POINT('Ctrl Pts',(-1.93525034052694,10.8666892891367,2.01858548744148));
#7268=CARTESIAN_POINT('Ctrl Pts',(-0.517291933424327,10.8666312373133,2.75967551953081));
#7269=CARTESIAN_POINT('Ctrl Pts',(0.494050076062924,10.8667207125328,2.74852375126942));
#7270=CARTESIAN_POINT('Ctrl Pts',(1.3598547671946,10.8662317129501,2.68743585573675));
#7271=CARTESIAN_POINT('Ctrl Pts',(2.41633275096327,10.8739185184958,2.03656119513143));
#7272=CARTESIAN_POINT('Ctrl Pts',(2.94170373272137,10.901031508721,0.99293627113228));
#7273=CARTESIAN_POINT('Ctrl Pts',(3.0779275511562,10.916625020084,0.432206726889445));
#7274=CARTESIAN_POINT('Ctrl Pts',(3.09929205885142,10.9250072486653,0.144260865182035));
#7275=CARTESIAN_POINT('Ctrl Pts',(3.11169996197389,10.9549930908408,-0.898547285524316));
#7276=CARTESIAN_POINT('Ctrl Pts',(2.39472372842778,10.9937537902552,-2.21000560008968));
#7277=CARTESIAN_POINT('Ctrl Pts',(0.662282818495288,11.0454153737226,-2.84282100453277));
#7278=CARTESIAN_POINT('Ctrl Pts',(-0.702287492747459,11.0841674446665,-2.66079516645896));
#7279=CARTESIAN_POINT('Ctrl Pts',(-1.82595596745962,11.1229163053891,-1.85780898387389));
#7280=CARTESIAN_POINT('Ctrl Pts',(-2.44202466396654,11.1616668786996,-0.624292767681415));
#7281=CARTESIAN_POINT('Ctrl Pts',(-2.40969149705188,11.2004165684762,0.754997225902293));
#7282=CARTESIAN_POINT('Ctrl Pts',(-1.73565287720285,11.2391667242504,1.95858909762919));
#7283=CARTESIAN_POINT('Ctrl Pts',(-0.576750887813816,11.2779166400025,2.70673610368305));
#7284=CARTESIAN_POINT('Ctrl Pts',(0.797610577857444,11.3166666823035,2.8259652645464));
#7285=CARTESIAN_POINT('Ctrl Pts',(2.06777276124085,11.355416659426,2.28787569872539));
#7286=CARTESIAN_POINT('Ctrl Pts',(2.93889826926445,11.3941666709128,1.21823764826359));
#7287=CARTESIAN_POINT('Ctrl Pts',(3.20778775141159,11.4329166647005,-0.134768642199652));
#7288=CARTESIAN_POINT('Ctrl Pts',(2.81275814596701,11.4716666678197,-1.45647102936107));
#7289=CARTESIAN_POINT('Ctrl Pts',(1.8448501135728,11.5104166661328,-2.43937438463706));
#7290=CARTESIAN_POINT('Ctrl Pts',(0.529656722286234,11.5491666669798,-2.85555619741583));
#7291=CARTESIAN_POINT('Ctrl Pts',(-0.827328846407331,11.5879166665217,-2.60749383885585));
#7292=CARTESIAN_POINT('Ctrl Pts',(-1.9107929809999,11.6266666667517,-1.75365111655176));
#7293=CARTESIAN_POINT('Ctrl Pts',(-2.46836444202625,11.6654166666273,-0.491882878865866));
#7294=CARTESIAN_POINT('Ctrl Pts',(-2.37116504362812,11.7041666666898,0.884158994211577));
#7295=CARTESIAN_POINT('Ctrl Pts',(-1.64098236340369,11.742916666656,2.05453681890477));
#7296=CARTESIAN_POINT('Ctrl Pts',(-0.448251388590648,11.7816666666729,2.74759045124418));
#7297=CARTESIAN_POINT('Ctrl Pts',(0.930170238671405,11.8204166666638,2.80152960167797));
#7298=CARTESIAN_POINT('Ctrl Pts',(2.17379288004335,11.8591666666684,2.20458069249344));
#7299=CARTESIAN_POINT('Ctrl Pts',(2.99320059011644,11.8979166666659,1.09486672423005));
#7300=CARTESIAN_POINT('Ctrl Pts',(3.19845647732052,11.936666666667,-0.269309617732242));
#7301=CARTESIAN_POINT('Ctrl Pts',(2.74125622688896,11.9754166666665,-1.57070071160946));
#7302=CARTESIAN_POINT('Ctrl Pts',(1.72827601348035,12.0141666666668,-2.50729455785158));
#7303=CARTESIAN_POINT('Ctrl Pts',(0.395123589660232,12.0529166666666,-2.86062058741867));
#7304=CARTESIAN_POINT('Ctrl Pts',(-0.949346676325213,12.0916666666667,-2.54932633210672));
#7305=CARTESIAN_POINT('Ctrl Pts',(-1.9900463106804,12.1304166666666,-1.64511553138196));
#7306=CARTESIAN_POINT('Ctrl Pts',(-2.54557075457348,12.1734722222223,-0.215529760515138));
#7307=CARTESIAN_POINT('Ctrl Pts',(-2.20623472739693,12.2208333333333,1.4751321649088));
#7308=CARTESIAN_POINT('Ctrl Pts',(-0.793093294618442,12.2725,2.72049488818519));
#7309=CARTESIAN_POINT('Ctrl Pts',(1.08348009920371,12.3241666666667,2.85806670583615));
#7310=CARTESIAN_POINT('Ctrl Pts',(2.66275617310624,12.3758333333334,1.8328963110172));
#7311=CARTESIAN_POINT('Ctrl Pts',(3.30006947897758,12.4275,0.0618547606514487));
#7312=CARTESIAN_POINT('Ctrl Pts',(2.73737549875,12.4791666666667,-1.73457654388949));
#7313=CARTESIAN_POINT('Ctrl Pts',(1.20298358370099,12.5308333333333,-2.82479282685776));
#7314=CARTESIAN_POINT('Ctrl Pts',(-0.678640132379771,12.5825,-2.76580367057382));
#7315=CARTESIAN_POINT('Ctrl Pts',(-2.14144841871258,12.6341666666667,-1.58112708759492));
#7316=CARTESIAN_POINT('Ctrl Pts',(-2.59050931950985,12.6858333333334,0.246913321868844));
#7317=CARTESIAN_POINT('Ctrl Pts',(-1.84289777460652,12.7375,1.97450303914954));
#7318=CARTESIAN_POINT('Ctrl Pts',(-0.202932513287949,12.7891666666667,2.89857373961137));
#7319=CARTESIAN_POINT('Ctrl Pts',(1.66204174014223,12.8408333333333,2.64310600941915));
#7320=CARTESIAN_POINT('Ctrl Pts',(2.99312156328562,12.8925,1.31204787898448));
#7321=CARTESIAN_POINT('Ctrl Pts',(3.24854186175311,12.9441666666667,-0.552931453360241));
#7322=CARTESIAN_POINT('Ctrl Pts',(2.32456563825713,12.9958333333333,-2.19291152730988));
#7323=CARTESIAN_POINT('Ctrl Pts',(0.596791532552713,13.0475,-2.94043015111337));
#7324=CARTESIAN_POINT('Ctrl Pts',(-1.23118541760863,13.0991666666667,-2.49162001534729));
#7325=CARTESIAN_POINT('Ctrl Pts',(-2.41567543007669,13.1508333333333,-1.02848191631542));
#7326=CARTESIAN_POINT('Ctrl Pts',(-2.47508055666869,13.2025,0.8528015803176));
#7327=CARTESIAN_POINT('Ctrl Pts',(-1.38409685908121,13.2541666666667,2.38735114512414));
#7328=CARTESIAN_POINT('Ctrl Pts',(0.411339884945101,13.3058333333333,2.9502529598416));
#7329=CARTESIAN_POINT('Ctrl Pts',(2.18369538105989,13.3575,2.31255582420109));
#7330=CARTESIAN_POINT('Ctrl Pts',(3.12157416469575,13.4048611111111,0.865536399743536));
#7331=CARTESIAN_POINT('Ctrl Pts',(3.13132957536836,13.4479166666667,-0.668161607515876));
#7332=CARTESIAN_POINT('Ctrl Pts',(2.49656666095042,13.4866666666667,-1.89198139540359));
#7333=CARTESIAN_POINT('Ctrl Pts',(1.3611182443468,13.5254166666667,-2.67635058642295));
#7334=CARTESIAN_POINT('Ctrl Pts',(-0.00850881418432136,13.5641666666667,
-2.83859522630321));
#7335=CARTESIAN_POINT('Ctrl Pts',(-1.29511471973289,13.6029166666667,-2.3407199113659));
#7336=CARTESIAN_POINT('Ctrl Pts',(-2.1993235252976,13.6416666666667,-1.29894566284257));
#7337=CARTESIAN_POINT('Ctrl Pts',(-2.51062555151609,13.6804166666666,0.0449315400268842));
#7338=CARTESIAN_POINT('Ctrl Pts',(-2.15728281771078,13.7191666666667,1.37839971838042));
#7339=CARTESIAN_POINT('Ctrl Pts',(-1.22073975462793,13.7579166666667,2.39121194835444));
#7340=CARTESIAN_POINT('Ctrl Pts',(0.0807405451808486,13.7966666666667,2.84851155045213));
#7341=CARTESIAN_POINT('Ctrl Pts',(1.44484096251138,13.8354166666667,2.64317597442794));
#7342=CARTESIAN_POINT('Ctrl Pts',(2.55459991950011,13.8741666666667,1.82382452002078));
#7343=CARTESIAN_POINT('Ctrl Pts',(3.1515138886225,13.9129166666667,0.580123677460442));
#7344=CARTESIAN_POINT('Ctrl Pts',(3.09761429662605,13.9516666666667,-0.79815400353697));
#7345=CARTESIAN_POINT('Ctrl Pts',(2.40450103196612,13.9904166666667,-1.99116112431982));
#7346=CARTESIAN_POINT('Ctrl Pts',(1.62431989952838,14.01625,-2.47749221818475));
#7347=CARTESIAN_POINT('Ctrl Pts',(1.19979673453113,14.0291666666667,-2.61540541981166));
#7348=CARTESIAN_POINT('Ctrl Pts',(-2.5,10.8333333333333,0.));
#7349=CARTESIAN_POINT('Ctrl Pts',(-2.49998576541101,10.8333333333333,0.597028376503155));
#7350=CARTESIAN_POINT('Ctrl Pts',(-2.01838785559749,10.8333559558033,2.09179382511362));
#7351=CARTESIAN_POINT('Ctrl Pts',(-0.548798704236097,10.83329790398,2.8600594148909));
#7352=CARTESIAN_POINT('Ctrl Pts',(0.499271241005604,10.8333873791994,2.84850106716565));
#7353=CARTESIAN_POINT('Ctrl Pts',(1.39661524936938,10.8328983796168,2.78511020275988));
#7354=CARTESIAN_POINT('Ctrl Pts',(2.49142707534387,10.8405851851625,2.11063049466988));
#7355=CARTESIAN_POINT('Ctrl Pts',(3.03598185369867,10.8676981753877,1.02904246947042));
#7356=CARTESIAN_POINT('Ctrl Pts',(3.17706475756759,10.8832916867506,0.447932781390361));
#7357=CARTESIAN_POINT('Ctrl Pts',(3.19936465950916,10.8916739153319,0.149463710128791));
#7358=CARTESIAN_POINT('Ctrl Pts',(3.21178416359106,10.9216597575075,-0.931045979964318));
#7359=CARTESIAN_POINT('Ctrl Pts',(2.46928299443281,10.9604204569219,-2.29048097126483));
#7360=CARTESIAN_POINT('Ctrl Pts',(0.67356984983619,11.0120820403893,-2.94615536942787));
#7361=CARTESIAN_POINT('Ctrl Pts',(-0.740515601610037,11.0508341113331,-2.75757895984056));
#7362=CARTESIAN_POINT('Ctrl Pts',(-1.90509415916204,11.0895829720558,-1.92535234970801));
#7363=CARTESIAN_POINT('Ctrl Pts',(-2.54355085919196,11.1283335453663,-0.647001074006761));
#7364=CARTESIAN_POINT('Ctrl Pts',(-2.51004165521511,11.1670832351429,0.782452016897599));
#7365=CARTESIAN_POINT('Ctrl Pts',(-1.81149834681395,11.205833390917,2.02981494670838));
#7366=CARTESIAN_POINT('Ctrl Pts',(-0.610449747864423,11.2445833066692,2.80515686495189));
#7367=CARTESIAN_POINT('Ctrl Pts',(0.81388919564443,11.2833333489701,2.92873547447453));
#7368=CARTESIAN_POINT('Ctrl Pts',(2.13023283665463,11.3220833260927,2.37106578417122));
#7369=CARTESIAN_POINT('Ctrl Pts',(3.03304759665558,11.3608333375795,1.26254063573419));
#7370=CARTESIAN_POINT('Ctrl Pts',(3.31170036296375,11.3995833313671,-0.139668969964025));
#7371=CARTESIAN_POINT('Ctrl Pts',(2.90232009281845,11.4383333344864,-1.50943780858146));
#7372=CARTESIAN_POINT('Ctrl Pts',(1.89920468427415,11.4770833327994,-2.52807302597463));
#7373=CARTESIAN_POINT('Ctrl Pts',(0.536190218427326,11.5158333336465,-2.95940280704896));
#7374=CARTESIAN_POINT('Ctrl Pts',(-0.870137973331771,11.5545833331884,-2.70230551750856));
#7375=CARTESIAN_POINT('Ctrl Pts',(-1.99301012119769,11.5933333334184,-1.81742527646446));
#7376=CARTESIAN_POINT('Ctrl Pts',(-2.57084364198536,11.632083333294,-0.509768358210069));
#7377=CARTESIAN_POINT('Ctrl Pts',(-2.47012429455008,11.6708333333564,0.91631279699438));
#7378=CARTESIAN_POINT('Ctrl Pts',(-1.71337695873939,11.7095833333226,2.12924225932555));
#7379=CARTESIAN_POINT('Ctrl Pts',(-0.477280939454102,11.7483333333396,2.84751079094379));
#7380=CARTESIAN_POINT('Ctrl Pts',(0.951265843098583,11.7870833333304,2.90339656396644));
#7381=CARTESIAN_POINT('Ctrl Pts',(2.24011802525198,11.825833333335,2.28475374127796));
#7382=CARTESIAN_POINT('Ctrl Pts',(3.08931059317029,11.8645833333326,1.1346771878899));
#7383=CARTESIAN_POINT('Ctrl Pts',(3.30204304506689,11.9033333333337,-0.279102781689563));
#7384=CARTESIAN_POINT('Ctrl Pts',(2.8282070936904,11.9420833333331,-1.62781489355594));
#7385=CARTESIAN_POINT('Ctrl Pts',(1.77839833458745,11.9808333333335,-2.59847461194809));
#7386=CARTESIAN_POINT('Ctrl Pts',(0.396762362066347,12.0195833333333,-2.96463696315359));
#7387=CARTESIAN_POINT('Ctrl Pts',(-0.996594247125505,12.0583333333334,-2.64203605263757));
#7388=CARTESIAN_POINT('Ctrl Pts',(-2.07514112606652,12.0970833333333,-1.70493403978595));
#7389=CARTESIAN_POINT('Ctrl Pts',(-2.65085662215682,12.1401388888889,-0.223368804791561));
#7390=CARTESIAN_POINT('Ctrl Pts',(-2.29919971885285,12.1875,1.52877090147852));
#7391=CARTESIAN_POINT('Ctrl Pts',(-0.834654930371135,12.2391666666667,2.8194298704602));
#7392=CARTESIAN_POINT('Ctrl Pts',(1.11014953213351,12.2908333333333,2.96199127145114));
#7393=CARTESIAN_POINT('Ctrl Pts',(2.74685821215012,12.3425,1.89954609324486));
#7394=CARTESIAN_POINT('Ctrl Pts',(3.40734223984672,12.3941666666667,0.0641084052234926));
#7395=CARTESIAN_POINT('Ctrl Pts',(2.82419403548166,12.4458333333333,-1.79766068385958));
#7396=CARTESIAN_POINT('Ctrl Pts',(1.23399740865044,12.4975,-2.92750663818039));
#7397=CARTESIAN_POINT('Ctrl Pts',(-0.716043763882352,12.5491666666667,-2.86637970702406));
#7398=CARTESIAN_POINT('Ctrl Pts',(-2.23204739886462,12.6008333333334,-1.63862223053765));
#7399=CARTESIAN_POINT('Ctrl Pts',(-2.69743664441576,12.6525,0.255891774187803));
#7400=CARTESIAN_POINT('Ctrl Pts',(-1.92263977557917,12.7041666666667,2.04630337044358));
#7401=CARTESIAN_POINT('Ctrl Pts',(-0.223039144099809,12.7558333333333,3.00397638875094));
#7402=CARTESIAN_POINT('Ctrl Pts',(1.70975251306491,12.8075,2.73921925777363));
#7403=CARTESIAN_POINT('Ctrl Pts',(3.08923488644236,12.8591666666667,1.35975840605156));
#7404=CARTESIAN_POINT('Ctrl Pts',(3.35394403780777,12.9108333333333,-0.573037375441008));
#7405=CARTESIAN_POINT('Ctrl Pts',(2.39636716208451,12.9625,-2.27265556752521));
#7406=CARTESIAN_POINT('Ctrl Pts',(0.605767086348949,13.0141666666667,-3.04734798507369));
#7407=CARTESIAN_POINT('Ctrl Pts',(-1.28868443673174,13.0658333333333,-2.58223420598539));
#7408=CARTESIAN_POINT('Ctrl Pts',(-2.51624473114213,13.1175,-1.06587625702861));
#7409=CARTESIAN_POINT('Ctrl Pts',(-2.57781209821228,13.1691666666667,0.883810935010403));
#7410=CARTESIAN_POINT('Ctrl Pts',(-1.44715061338414,13.2208333333334,2.47416012738572));
#7411=CARTESIAN_POINT('Ctrl Pts',(0.413562441553169,13.2725,3.05754016775615));
#7412=CARTESIAN_POINT('Ctrl Pts',(2.25038645815193,13.3241666666667,2.39665068671064));
#7413=CARTESIAN_POINT('Ctrl Pts',(3.222352006518,13.3715277777778,0.897005959144531));
#7414=CARTESIAN_POINT('Ctrl Pts',(3.23246978635894,13.4145833333334,-0.69245362302987));
#7415=CARTESIAN_POINT('Ctrl Pts',(2.57462416490694,13.4533333333333,-1.96078848081117));
#7416=CARTESIAN_POINT('Ctrl Pts',(1.39788706239346,13.4920833333333,-2.77366458561354));
#7417=CARTESIAN_POINT('Ctrl Pts',(-0.0215488644539634,13.5308333333333,
-2.94182599682443));
#7418=CARTESIAN_POINT('Ctrl Pts',(-1.35493181038069,13.5695833333333,-2.42583084835909));
#7419=CARTESIAN_POINT('Ctrl Pts',(-2.29203440574469,13.6083333333333,-1.34618405405578));
#7420=CARTESIAN_POINT('Ctrl Pts',(-2.6146409237986,13.6470833333333,0.0465653266210614));
#7421=CARTESIAN_POINT('Ctrl Pts',(-2.24846427555883,13.6858333333333,1.42852755822507));
#7422=CARTESIAN_POINT('Ctrl Pts',(-1.27785357796173,13.7245833333333,2.47815876971591));
#7423=CARTESIAN_POINT('Ctrl Pts',(0.0709483391300908,13.7633333333333,2.95210328957786));
#7424=CARTESIAN_POINT('Ctrl Pts',(1.48465089087967,13.8020833333333,2.73928284871017));
#7425=CARTESIAN_POINT('Ctrl Pts',(2.63477327213905,13.8408333333333,1.89015540733208));
#7426=CARTESIAN_POINT('Ctrl Pts',(3.25338071965056,13.8795833333333,0.601209711820191));
#7427=CARTESIAN_POINT('Ctrl Pts',(3.19753476243923,13.9183333333333,-0.827163056261142));
#7428=CARTESIAN_POINT('Ctrl Pts',(2.47920680748289,13.9570833333333,-2.06359376987011));
#7429=CARTESIAN_POINT('Ctrl Pts',(1.6706547086366,13.9829166666667,-2.56753787613247));
#7430=CARTESIAN_POINT('Ctrl Pts',(1.23069843396862,13.9958333333333,-2.71051107144118));
#7431=CARTESIAN_POINT('Ctrl Pts',(-2.6,10.8,0.));
#7432=CARTESIAN_POINT('Ctrl Pts',(-2.6,10.8,0.617846555205993));
#7433=CARTESIAN_POINT('Ctrl Pts',(-2.10147012117269,10.80002262247,2.16528910214956));
#7434=CARTESIAN_POINT('Ctrl Pts',(-0.580351318053259,10.7999645706467,2.96039608152572));
#7435=CARTESIAN_POINT('Ctrl Pts',(0.504517479527171,10.8000540458661,2.94843271685419));
#7436=CARTESIAN_POINT('Ctrl Pts',(1.43331902658281,10.7995650462834,2.88285908438662));
#7437=CARTESIAN_POINT('Ctrl Pts',(2.56658776564394,10.8072518518292,2.18468133659176));
#7438=CARTESIAN_POINT('Ctrl Pts',(3.1302093714177,10.8343648420543,1.06514951513892));
#7439=CARTESIAN_POINT('Ctrl Pts',(3.27629059120271,10.8499583534173,0.463644919540255));
#7440=CARTESIAN_POINT('Ctrl Pts',(3.29929237842209,10.8583405819986,0.154729910208382));
#7441=CARTESIAN_POINT('Ctrl Pts',(3.31237110186011,10.8883264241742,-0.963803595212765));
#7442=CARTESIAN_POINT('Ctrl Pts',(2.54353925579263,10.9270871235885,-2.37079203312425));
#7443=CARTESIAN_POINT('Ctrl Pts',(0.684958102067475,10.9787487070559,-3.04955005413998));
#7444=CARTESIAN_POINT('Ctrl Pts',(-0.778798058634752,11.0175007779998,-2.85432208438992));
#7445=CARTESIAN_POINT('Ctrl Pts',(-1.9842139059882,11.0562496387224,-1.99291534536904));
#7446=CARTESIAN_POINT('Ctrl Pts',(-2.64507996309242,11.0950002120329,-0.669699434460735));
#7447=CARTESIAN_POINT('Ctrl Pts',(-2.61039514271208,11.1337499018096,0.809906297546372));
#7448=CARTESIAN_POINT('Ctrl Pts',(-1.88733859122313,11.1725000575837,2.1010342733564));
#7449=CARTESIAN_POINT('Ctrl Pts',(-0.644150334866216,11.2112499733358,2.90358647454876));
#7450=CARTESIAN_POINT('Ctrl Pts',(0.830165059255452,11.2500000156368,3.03149413930567));
#7451=CARTESIAN_POINT('Ctrl Pts',(2.1926993774628,11.2887499927594,2.45426381688304));
#7452=CARTESIAN_POINT('Ctrl Pts',(3.1271857686543,11.3275000042462,1.30683856032026));
#7453=CARTESIAN_POINT('Ctrl Pts',(3.41562320310844,11.3662499980338,-0.144569813550508));
#7454=CARTESIAN_POINT('Ctrl Pts',(2.99187157221734,11.4050000011531,-1.56239840570187));
#7455=CARTESIAN_POINT('Ctrl Pts',(1.95356458100866,11.4437499994661,-2.6167803323758));
#7456=CARTESIAN_POINT('Ctrl Pts',(0.542722941983036,11.4825000003131,-3.06323733270913));
#7457=CARTESIAN_POINT('Ctrl Pts',(-0.912951271112562,11.521249999855,-2.79712644665625));
#7458=CARTESIAN_POINT('Ctrl Pts',(-2.07521770562195,11.560000000085,-1.8811920284639));
#7459=CARTESIAN_POINT('Ctrl Pts',(-2.6733328299704,11.5987499999606,-0.527655562388216));
#7460=CARTESIAN_POINT('Ctrl Pts',(-2.56907206207601,11.6375000000231,0.948462818581709));
#7461=CARTESIAN_POINT('Ctrl Pts',(-1.78577857148609,11.6762499999893,2.20395505013918));
#7462=CARTESIAN_POINT('Ctrl Pts',(-0.506307208523573,11.7150000000063,2.94741940436688));
#7463=CARTESIAN_POINT('Ctrl Pts',(0.972363650218119,11.7537499999971,3.00527360511625));
#7464=CARTESIAN_POINT('Ctrl Pts',(2.30643520903951,11.7925000000017,2.36491724636172));
#7465=CARTESIAN_POINT('Ctrl Pts',(3.18542999833855,11.8312499999992,1.17449188227748));
#7466=CARTESIAN_POINT('Ctrl Pts',(3.4056202841148,11.8700000000004,-0.288895817552559));
#7467=CARTESIAN_POINT('Ctrl Pts',(2.91516371351948,11.9087499999998,-1.68493232772105));
#7468=CARTESIAN_POINT('Ctrl Pts',(1.82851595121429,11.9475000000001,-2.6896462590909));
#7469=CARTESIAN_POINT('Ctrl Pts',(0.398404206713109,11.9862499999999,-3.06866245967646));
#7470=CARTESIAN_POINT('Ctrl Pts',(-1.04384387931779,12.025,-2.73473554196351));
#7471=CARTESIAN_POINT('Ctrl Pts',(-2.16023266757204,12.06375,-1.76475825624024));
#7472=CARTESIAN_POINT('Ctrl Pts',(-2.75615370738471,12.1068055555556,-0.231205494224064));
#7473=CARTESIAN_POINT('Ctrl Pts',(-2.39214850293515,12.1541666666667,1.58241322247189));
#7474=CARTESIAN_POINT('Ctrl Pts',(-0.876224511378439,12.2058333333333,2.91835322107213));
#7475=CARTESIAN_POINT('Ctrl Pts',(1.13682275222229,12.2575,3.06592339874956));
#7476=CARTESIAN_POINT('Ctrl Pts',(2.83095757794755,12.3091666666667,1.96619733795948));
#7477=CARTESIAN_POINT('Ctrl Pts',(3.51461867330923,12.3608333333333,0.0663555963091205));
#7478=CARTESIAN_POINT('Ctrl Pts',(2.91100537963989,12.4125,-1.86073211104638));
#7479=CARTESIAN_POINT('Ctrl Pts',(1.26501677275655,12.4641666666667,-3.03022918247545));
#7480=CARTESIAN_POINT('Ctrl Pts',(-0.753449552495227,12.5158333333333,-2.96695374355603));
#7481=CARTESIAN_POINT('Ctrl Pts',(-2.32264511818799,12.5675,-1.69611794437341));
#7482=CARTESIAN_POINT('Ctrl Pts',(-2.80436439171082,12.6191666666666,0.264870541672698));
#7483=CARTESIAN_POINT('Ctrl Pts',(-2.00238138804425,12.6708333333334,2.11810337648209));
#7484=CARTESIAN_POINT('Ctrl Pts',(-0.243145783802481,12.7225,3.10937908547658));
#7485=CARTESIAN_POINT('Ctrl Pts',(1.75746304410019,12.7741666666667,2.8353320603962));
#7486=CARTESIAN_POINT('Ctrl Pts',(3.18534848691028,12.8258333333333,1.40746938229577));
#7487=CARTESIAN_POINT('Ctrl Pts',(3.45934525066154,12.8775,-0.593144293743514));
#7488=CARTESIAN_POINT('Ctrl Pts',(2.46816995732283,12.9291666666667,-2.35239695174349));
#7489=CARTESIAN_POINT('Ctrl Pts',(0.614740701028555,12.9808333333333,-3.15427598245568));
#7490=CARTESIAN_POINT('Ctrl Pts',(-1.34618144112573,13.0325,-2.67283392016633));
#7491=CARTESIAN_POINT('Ctrl Pts',(-2.61681508492777,13.0841666666667,-1.10327796631516));
#7492=CARTESIAN_POINT('Ctrl Pts',(-2.68054166641051,13.1358333333333,0.914822664324572));
#7493=CARTESIAN_POINT('Ctrl Pts',(-1.51021072210228,13.1875,2.56097468819716));
#7494=CARTESIAN_POINT('Ctrl Pts',(0.415796761280341,13.2391666666666,3.16481959400239));
#7495=CARTESIAN_POINT('Ctrl Pts',(2.31706096887051,13.2908333333334,2.48074271556957));
#7496=CARTESIAN_POINT('Ctrl Pts',(3.32313967947867,13.3381944444444,0.928482135485678));
#7497=CARTESIAN_POINT('Ctrl Pts',(3.33360859233849,13.38125,-0.716752666091063));
#7498=CARTESIAN_POINT('Ctrl Pts',(2.65268088147843,13.42,-2.02958413122027));
#7499=CARTESIAN_POINT('Ctrl Pts',(1.43465458122924,13.45875,-2.87099013526922));
#7500=CARTESIAN_POINT('Ctrl Pts',(-0.034583955711239,13.4975,-3.0450433228976));
#7501=CARTESIAN_POINT('Ctrl Pts',(-1.41475665425626,13.53625,-2.51095084664085));
#7502=CARTESIAN_POINT('Ctrl Pts',(-2.38473319581692,13.575,-1.39341654729467));
#7503=CARTESIAN_POINT('Ctrl Pts',(-2.71866716110327,13.61375,0.0481992422520427));
#7504=CARTESIAN_POINT('Ctrl Pts',(-2.33963462949024,13.6525,1.47864919035468));
#7505=CARTESIAN_POINT('Ctrl Pts',(-1.33497327341777,13.69125,2.56511493184063));
#7506=CARTESIAN_POINT('Ctrl Pts',(0.0611575372709407,13.73,3.05568103180152));
#7507=CARTESIAN_POINT('Ctrl Pts',(1.52446445848279,13.76875,2.83540241576026));
#7508=CARTESIAN_POINT('Ctrl Pts',(2.71493766345277,13.8075,1.95647156887339));
#7509=CARTESIAN_POINT('Ctrl Pts',(3.35525698114385,13.84625,0.622309553281761));
#7510=CARTESIAN_POINT('Ctrl Pts',(3.29744459361474,13.885,-0.856193808286505));
#7511=CARTESIAN_POINT('Ctrl Pts',(2.55391752256689,13.92375,-2.13598695318934));
#7512=CARTESIAN_POINT('Ctrl Pts',(1.71699555251548,13.9495833333333,-2.65764978182782));
#7513=CARTESIAN_POINT('Ctrl Pts',(1.26160013340612,13.9625,-2.8056167230707));
#7514=CARTESIAN_POINT('Ctrl Pts',(1.16889503509363,14.0625,-2.52029976818215));
#7515=CARTESIAN_POINT('Ctrl Pts',(1.1835042221148,14.0467412259012,-2.56526222256871));
#7516=CARTESIAN_POINT('Ctrl Pts',(1.19811340913597,14.0309824518023,-2.61022467695528));
#7517=CARTESIAN_POINT('Ctrl Pts',(1.21272259615714,14.0152236777035,-2.65518713134184));
#7518=CARTESIAN_POINT('',(-2.6,10.8,0.));
#7519=CARTESIAN_POINT('',(-2.3,10.9,0.));
#7520=CARTESIAN_POINT('Ctrl Pts',(-2.6,10.8,0.));
#7521=CARTESIAN_POINT('Ctrl Pts',(-2.6,10.8,0.617846555205993));
#7522=CARTESIAN_POINT('Ctrl Pts',(-2.10147012117269,10.80002262247,2.16528910214956));
#7523=CARTESIAN_POINT('Ctrl Pts',(-0.580351318053259,10.7999645706467,2.96039608152572));
#7524=CARTESIAN_POINT('Ctrl Pts',(0.504517479527171,10.8000540458661,2.94843271685419));
#7525=CARTESIAN_POINT('Ctrl Pts',(1.43331902658281,10.7995650462834,2.88285908438662));
#7526=CARTESIAN_POINT('Ctrl Pts',(2.56658776564394,10.8072518518292,2.18468133659176));
#7527=CARTESIAN_POINT('Ctrl Pts',(3.1302093714177,10.8343648420543,1.06514951513892));
#7528=CARTESIAN_POINT('Ctrl Pts',(3.27629059120271,10.8499583534173,0.463644919540255));
#7529=CARTESIAN_POINT('Ctrl Pts',(3.29929237842209,10.8583405819986,0.154729910208382));
#7530=CARTESIAN_POINT('Ctrl Pts',(3.31237110186011,10.8883264241742,-0.963803595212765));
#7531=CARTESIAN_POINT('Ctrl Pts',(2.54353925579263,10.9270871235885,-2.37079203312425));
#7532=CARTESIAN_POINT('Ctrl Pts',(0.684958102067475,10.9787487070559,-3.04955005413998));
#7533=CARTESIAN_POINT('Ctrl Pts',(-0.778798058634752,11.0175007779998,-2.85432208438992));
#7534=CARTESIAN_POINT('Ctrl Pts',(-1.9842139059882,11.0562496387224,-1.99291534536904));
#7535=CARTESIAN_POINT('Ctrl Pts',(-2.64507996309242,11.0950002120329,-0.669699434460735));
#7536=CARTESIAN_POINT('Ctrl Pts',(-2.61039514271208,11.1337499018096,0.809906297546372));
#7537=CARTESIAN_POINT('Ctrl Pts',(-1.88733859122313,11.1725000575837,2.1010342733564));
#7538=CARTESIAN_POINT('Ctrl Pts',(-0.644150334866216,11.2112499733358,2.90358647454876));
#7539=CARTESIAN_POINT('Ctrl Pts',(0.830165059255452,11.2500000156368,3.03149413930567));
#7540=CARTESIAN_POINT('Ctrl Pts',(2.1926993774628,11.2887499927594,2.45426381688304));
#7541=CARTESIAN_POINT('Ctrl Pts',(3.1271857686543,11.3275000042462,1.30683856032026));
#7542=CARTESIAN_POINT('Ctrl Pts',(3.41562320310844,11.3662499980338,-0.144569813550508));
#7543=CARTESIAN_POINT('Ctrl Pts',(2.99187157221734,11.4050000011531,-1.56239840570187));
#7544=CARTESIAN_POINT('Ctrl Pts',(1.95356458100866,11.4437499994661,-2.6167803323758));
#7545=CARTESIAN_POINT('Ctrl Pts',(0.542722941983036,11.4825000003131,-3.06323733270913));
#7546=CARTESIAN_POINT('Ctrl Pts',(-0.912951271112562,11.521249999855,-2.79712644665625));
#7547=CARTESIAN_POINT('Ctrl Pts',(-2.07521770562195,11.560000000085,-1.8811920284639));
#7548=CARTESIAN_POINT('Ctrl Pts',(-2.6733328299704,11.5987499999606,-0.527655562388216));
#7549=CARTESIAN_POINT('Ctrl Pts',(-2.56907206207601,11.6375000000231,0.948462818581709));
#7550=CARTESIAN_POINT('Ctrl Pts',(-1.78577857148609,11.6762499999893,2.20395505013918));
#7551=CARTESIAN_POINT('Ctrl Pts',(-0.506307208523573,11.7150000000063,2.94741940436688));
#7552=CARTESIAN_POINT('Ctrl Pts',(0.972363650218119,11.7537499999971,3.00527360511625));
#7553=CARTESIAN_POINT('Ctrl Pts',(2.30643520903951,11.7925000000017,2.36491724636172));
#7554=CARTESIAN_POINT('Ctrl Pts',(3.18542999833855,11.8312499999992,1.17449188227748));
#7555=CARTESIAN_POINT('Ctrl Pts',(3.4056202841148,11.8700000000004,-0.288895817552559));
#7556=CARTESIAN_POINT('Ctrl Pts',(2.91516371351948,11.9087499999998,-1.68493232772105));
#7557=CARTESIAN_POINT('Ctrl Pts',(1.82851595121429,11.9475000000001,-2.6896462590909));
#7558=CARTESIAN_POINT('Ctrl Pts',(0.398404206713109,11.9862499999999,-3.06866245967646));
#7559=CARTESIAN_POINT('Ctrl Pts',(-1.04384387931779,12.025,-2.73473554196351));
#7560=CARTESIAN_POINT('Ctrl Pts',(-2.16023266757204,12.06375,-1.76475825624024));
#7561=CARTESIAN_POINT('Ctrl Pts',(-2.75615370738471,12.1068055555556,-0.231205494224064));
#7562=CARTESIAN_POINT('Ctrl Pts',(-2.39214850293515,12.1541666666667,1.58241322247189));
#7563=CARTESIAN_POINT('Ctrl Pts',(-0.876224511378439,12.2058333333333,2.91835322107213));
#7564=CARTESIAN_POINT('Ctrl Pts',(1.13682275222229,12.2575,3.06592339874956));
#7565=CARTESIAN_POINT('Ctrl Pts',(2.83095757794755,12.3091666666667,1.96619733795948));
#7566=CARTESIAN_POINT('Ctrl Pts',(3.51461867330923,12.3608333333333,0.0663555963091205));
#7567=CARTESIAN_POINT('Ctrl Pts',(2.91100537963989,12.4125,-1.86073211104638));
#7568=CARTESIAN_POINT('Ctrl Pts',(1.26501677275655,12.4641666666667,-3.03022918247545));
#7569=CARTESIAN_POINT('Ctrl Pts',(-0.753449552495227,12.5158333333333,-2.96695374355603));
#7570=CARTESIAN_POINT('Ctrl Pts',(-2.32264511818799,12.5675,-1.69611794437341));
#7571=CARTESIAN_POINT('Ctrl Pts',(-2.80436439171082,12.6191666666666,0.264870541672698));
#7572=CARTESIAN_POINT('Ctrl Pts',(-2.00238138804425,12.6708333333334,2.11810337648209));
#7573=CARTESIAN_POINT('Ctrl Pts',(-0.243145783802481,12.7225,3.10937908547658));
#7574=CARTESIAN_POINT('Ctrl Pts',(1.75746304410019,12.7741666666667,2.8353320603962));
#7575=CARTESIAN_POINT('Ctrl Pts',(3.18534848691028,12.8258333333333,1.40746938229577));
#7576=CARTESIAN_POINT('Ctrl Pts',(3.45934525066154,12.8775,-0.593144293743514));
#7577=CARTESIAN_POINT('Ctrl Pts',(2.46816995732283,12.9291666666667,-2.35239695174349));
#7578=CARTESIAN_POINT('Ctrl Pts',(0.614740701028555,12.9808333333333,-3.15427598245568));
#7579=CARTESIAN_POINT('Ctrl Pts',(-1.34618144112573,13.0325,-2.67283392016633));
#7580=CARTESIAN_POINT('Ctrl Pts',(-2.61681508492777,13.0841666666667,-1.10327796631516));
#7581=CARTESIAN_POINT('Ctrl Pts',(-2.68054166641051,13.1358333333333,0.914822664324572));
#7582=CARTESIAN_POINT('Ctrl Pts',(-1.51021072210228,13.1875,2.56097468819716));
#7583=CARTESIAN_POINT('Ctrl Pts',(0.415796761280341,13.2391666666666,3.16481959400239));
#7584=CARTESIAN_POINT('Ctrl Pts',(2.31706096887051,13.2908333333334,2.48074271556957));
#7585=CARTESIAN_POINT('Ctrl Pts',(3.32313967947867,13.3381944444444,0.928482135485678));
#7586=CARTESIAN_POINT('Ctrl Pts',(3.33360859233849,13.38125,-0.716752666091063));
#7587=CARTESIAN_POINT('Ctrl Pts',(2.65268088147843,13.42,-2.02958413122027));
#7588=CARTESIAN_POINT('Ctrl Pts',(1.43465458122924,13.45875,-2.87099013526922));
#7589=CARTESIAN_POINT('Ctrl Pts',(-0.034583955711239,13.4975,-3.0450433228976));
#7590=CARTESIAN_POINT('Ctrl Pts',(-1.41475665425626,13.53625,-2.51095084664085));
#7591=CARTESIAN_POINT('Ctrl Pts',(-2.38473319581692,13.575,-1.39341654729467));
#7592=CARTESIAN_POINT('Ctrl Pts',(-2.71866716110327,13.61375,0.0481992422520427));
#7593=CARTESIAN_POINT('Ctrl Pts',(-2.33963462949024,13.6525,1.47864919035468));
#7594=CARTESIAN_POINT('Ctrl Pts',(-1.33497327341777,13.69125,2.56511493184063));
#7595=CARTESIAN_POINT('Ctrl Pts',(0.0611575372709407,13.73,3.05568103180152));
#7596=CARTESIAN_POINT('Ctrl Pts',(1.52446445848279,13.76875,2.83540241576026));
#7597=CARTESIAN_POINT('Ctrl Pts',(2.71493766345277,13.8075,1.95647156887339));
#7598=CARTESIAN_POINT('Ctrl Pts',(3.35525698114385,13.84625,0.622309553281761));
#7599=CARTESIAN_POINT('Ctrl Pts',(3.29744459361474,13.885,-0.856193808286505));
#7600=CARTESIAN_POINT('Ctrl Pts',(2.55391752256689,13.92375,-2.13598695318934));
#7601=CARTESIAN_POINT('Ctrl Pts',(1.71699555251548,13.9495833333333,-2.65764978182782));
#7602=CARTESIAN_POINT('Ctrl Pts',(1.26160013340612,13.9625,-2.8056167230707));
#7603=CARTESIAN_POINT('Ctrl Pts',(1.16889503509363,14.0625,-2.52029976818215));
#7604=CARTESIAN_POINT('Ctrl Pts',(1.16516625926515,14.034158334809,-2.51157792411821));
#7605=CARTESIAN_POINT('Ctrl Pts',(1.16143748343667,14.005816669618,-2.50285608005426));
#7606=CARTESIAN_POINT('Ctrl Pts',(1.15770870760819,13.9774750044269,-2.49413423599032));
#7607=CARTESIAN_POINT('Ctrl Pts',(1.18350422263536,14.0467412253397,-2.56526222417082));
#7608=CARTESIAN_POINT('Ctrl Pts',(1.17978983266173,14.0183991501611,-2.5565355621638));
#7609=CARTESIAN_POINT('Ctrl Pts',(1.1760754439484,13.9900570748941,-2.54780889971631));
#7610=CARTESIAN_POINT('Ctrl Pts',(1.17236105397476,13.9617149997155,-2.5390822377093));
#7611=CARTESIAN_POINT('Ctrl Pts',(1.19811341017708,14.0309824506793,-2.61022468015948));
#7612=CARTESIAN_POINT('Ctrl Pts',(1.1944126405728,14.0026399982336,-2.60149346039884));
#7613=CARTESIAN_POINT('Ctrl Pts',(1.19071187217821,13.9742975457039,-2.59276224021566));
#7614=CARTESIAN_POINT('Ctrl Pts',(1.18701110257394,13.9459550932582,-2.58403102045502));
#7615=CARTESIAN_POINT('Ctrl Pts',(1.2127225977188,14.0152236760189,-2.65518713614815));
#7616=CARTESIAN_POINT('Ctrl Pts',(1.20903479372796,13.9868808728536,-2.6464515806815));
#7617=CARTESIAN_POINT('Ctrl Pts',(1.20534698973711,13.9585380696883,-2.63771602521485));
#7618=CARTESIAN_POINT('Ctrl Pts',(1.20165918574627,13.9301952665229,-2.62898046974819));
#7619=CARTESIAN_POINT('Ctrl Pts',(-2.6,10.8,0.));
#7620=CARTESIAN_POINT('Ctrl Pts',(-2.6,10.8,0.617846555205993));
#7621=CARTESIAN_POINT('Ctrl Pts',(-2.10147012117269,10.80002262247,2.16528910214956));
#7622=CARTESIAN_POINT('Ctrl Pts',(-0.580351318053259,10.7999645706467,2.96039608152572));
#7623=CARTESIAN_POINT('Ctrl Pts',(0.504517479527171,10.8000540458661,2.94843271685419));
#7624=CARTESIAN_POINT('Ctrl Pts',(1.43331902658281,10.7995650462834,2.88285908438662));
#7625=CARTESIAN_POINT('Ctrl Pts',(2.56658776564394,10.8072518518292,2.18468133659176));
#7626=CARTESIAN_POINT('Ctrl Pts',(3.1302093714177,10.8343648420543,1.06514951513892));
#7627=CARTESIAN_POINT('Ctrl Pts',(3.27629059120271,10.8499583534173,0.463644919540255));
#7628=CARTESIAN_POINT('Ctrl Pts',(3.29929237842209,10.8583405819986,0.154729910208382));
#7629=CARTESIAN_POINT('Ctrl Pts',(3.31237110186011,10.8883264241742,-0.963803595212765));
#7630=CARTESIAN_POINT('Ctrl Pts',(2.54353925579263,10.9270871235885,-2.37079203312425));
#7631=CARTESIAN_POINT('Ctrl Pts',(0.684958102067475,10.9787487070559,-3.04955005413998));
#7632=CARTESIAN_POINT('Ctrl Pts',(-0.778798058634752,11.0175007779998,-2.85432208438992));
#7633=CARTESIAN_POINT('Ctrl Pts',(-1.9842139059882,11.0562496387224,-1.99291534536904));
#7634=CARTESIAN_POINT('Ctrl Pts',(-2.64507996309242,11.0950002120329,-0.669699434460735));
#7635=CARTESIAN_POINT('Ctrl Pts',(-2.61039514271208,11.1337499018096,0.809906297546372));
#7636=CARTESIAN_POINT('Ctrl Pts',(-1.88733859122313,11.1725000575837,2.1010342733564));
#7637=CARTESIAN_POINT('Ctrl Pts',(-0.644150334866216,11.2112499733358,2.90358647454876));
#7638=CARTESIAN_POINT('Ctrl Pts',(0.830165059255452,11.2500000156368,3.03149413930567));
#7639=CARTESIAN_POINT('Ctrl Pts',(2.1926993774628,11.2887499927594,2.45426381688304));
#7640=CARTESIAN_POINT('Ctrl Pts',(3.1271857686543,11.3275000042462,1.30683856032026));
#7641=CARTESIAN_POINT('Ctrl Pts',(3.41562320310844,11.3662499980338,-0.144569813550508));
#7642=CARTESIAN_POINT('Ctrl Pts',(2.99187157221734,11.4050000011531,-1.56239840570187));
#7643=CARTESIAN_POINT('Ctrl Pts',(1.95356458100866,11.4437499994661,-2.6167803323758));
#7644=CARTESIAN_POINT('Ctrl Pts',(0.542722941983036,11.4825000003131,-3.06323733270913));
#7645=CARTESIAN_POINT('Ctrl Pts',(-0.912951271112562,11.521249999855,-2.79712644665625));
#7646=CARTESIAN_POINT('Ctrl Pts',(-2.07521770562195,11.560000000085,-1.8811920284639));
#7647=CARTESIAN_POINT('Ctrl Pts',(-2.6733328299704,11.5987499999606,-0.527655562388216));
#7648=CARTESIAN_POINT('Ctrl Pts',(-2.56907206207601,11.6375000000231,0.948462818581709));
#7649=CARTESIAN_POINT('Ctrl Pts',(-1.78577857148609,11.6762499999893,2.20395505013918));
#7650=CARTESIAN_POINT('Ctrl Pts',(-0.506307208523573,11.7150000000063,2.94741940436688));
#7651=CARTESIAN_POINT('Ctrl Pts',(0.972363650218119,11.7537499999971,3.00527360511625));
#7652=CARTESIAN_POINT('Ctrl Pts',(2.30643520903951,11.7925000000017,2.36491724636172));
#7653=CARTESIAN_POINT('Ctrl Pts',(3.18542999833855,11.8312499999992,1.17449188227748));
#7654=CARTESIAN_POINT('Ctrl Pts',(3.4056202841148,11.8700000000004,-0.288895817552559));
#7655=CARTESIAN_POINT('Ctrl Pts',(2.91516371351948,11.9087499999998,-1.68493232772105));
#7656=CARTESIAN_POINT('Ctrl Pts',(1.82851595121429,11.9475000000001,-2.6896462590909));
#7657=CARTESIAN_POINT('Ctrl Pts',(0.398404206713109,11.9862499999999,-3.06866245967646));
#7658=CARTESIAN_POINT('Ctrl Pts',(-1.04384387931779,12.025,-2.73473554196351));
#7659=CARTESIAN_POINT('Ctrl Pts',(-2.16023266757204,12.06375,-1.76475825624024));
#7660=CARTESIAN_POINT('Ctrl Pts',(-2.75615370738471,12.1068055555556,-0.231205494224064));
#7661=CARTESIAN_POINT('Ctrl Pts',(-2.39214850293515,12.1541666666667,1.58241322247189));
#7662=CARTESIAN_POINT('Ctrl Pts',(-0.876224511378439,12.2058333333333,2.91835322107213));
#7663=CARTESIAN_POINT('Ctrl Pts',(1.13682275222229,12.2575,3.06592339874956));
#7664=CARTESIAN_POINT('Ctrl Pts',(2.83095757794755,12.3091666666667,1.96619733795948));
#7665=CARTESIAN_POINT('Ctrl Pts',(3.51461867330923,12.3608333333333,0.0663555963091205));
#7666=CARTESIAN_POINT('Ctrl Pts',(2.91100537963989,12.4125,-1.86073211104638));
#7667=CARTESIAN_POINT('Ctrl Pts',(1.26501677275655,12.4641666666667,-3.03022918247545));
#7668=CARTESIAN_POINT('Ctrl Pts',(-0.753449552495227,12.5158333333333,-2.96695374355603));
#7669=CARTESIAN_POINT('Ctrl Pts',(-2.32264511818799,12.5675,-1.69611794437341));
#7670=CARTESIAN_POINT('Ctrl Pts',(-2.80436439171082,12.6191666666666,0.264870541672698));
#7671=CARTESIAN_POINT('Ctrl Pts',(-2.00238138804425,12.6708333333334,2.11810337648209));
#7672=CARTESIAN_POINT('Ctrl Pts',(-0.243145783802481,12.7225,3.10937908547658));
#7673=CARTESIAN_POINT('Ctrl Pts',(1.75746304410019,12.7741666666667,2.8353320603962));
#7674=CARTESIAN_POINT('Ctrl Pts',(3.18534848691028,12.8258333333333,1.40746938229577));
#7675=CARTESIAN_POINT('Ctrl Pts',(3.45934525066154,12.8775,-0.593144293743514));
#7676=CARTESIAN_POINT('Ctrl Pts',(2.46816995732283,12.9291666666667,-2.35239695174349));
#7677=CARTESIAN_POINT('Ctrl Pts',(0.614740701028555,12.9808333333333,-3.15427598245568));
#7678=CARTESIAN_POINT('Ctrl Pts',(-1.34618144112573,13.0325,-2.67283392016633));
#7679=CARTESIAN_POINT('Ctrl Pts',(-2.61681508492777,13.0841666666667,-1.10327796631516));
#7680=CARTESIAN_POINT('Ctrl Pts',(-2.68054166641051,13.1358333333333,0.914822664324572));
#7681=CARTESIAN_POINT('Ctrl Pts',(-1.51021072210228,13.1875,2.56097468819716));
#7682=CARTESIAN_POINT('Ctrl Pts',(0.415796761280341,13.2391666666666,3.16481959400239));
#7683=CARTESIAN_POINT('Ctrl Pts',(2.31706096887051,13.2908333333334,2.48074271556957));
#7684=CARTESIAN_POINT('Ctrl Pts',(3.32313967947867,13.3381944444444,0.928482135485678));
#7685=CARTESIAN_POINT('Ctrl Pts',(3.33360859233849,13.38125,-0.716752666091063));
#7686=CARTESIAN_POINT('Ctrl Pts',(2.65268088147843,13.42,-2.02958413122027));
#7687=CARTESIAN_POINT('Ctrl Pts',(1.43465458122924,13.45875,-2.87099013526922));
#7688=CARTESIAN_POINT('Ctrl Pts',(-0.034583955711239,13.4975,-3.0450433228976));
#7689=CARTESIAN_POINT('Ctrl Pts',(-1.41475665425626,13.53625,-2.51095084664085));
#7690=CARTESIAN_POINT('Ctrl Pts',(-2.38473319581692,13.575,-1.39341654729467));
#7691=CARTESIAN_POINT('Ctrl Pts',(-2.71866716110327,13.61375,0.0481992422520427));
#7692=CARTESIAN_POINT('Ctrl Pts',(-2.33963462949024,13.6525,1.47864919035468));
#7693=CARTESIAN_POINT('Ctrl Pts',(-1.33497327341777,13.69125,2.56511493184063));
#7694=CARTESIAN_POINT('Ctrl Pts',(0.0611575372709407,13.73,3.05568103180152));
#7695=CARTESIAN_POINT('Ctrl Pts',(1.52446445848279,13.76875,2.83540241576026));
#7696=CARTESIAN_POINT('Ctrl Pts',(2.71493766345277,13.8075,1.95647156887339));
#7697=CARTESIAN_POINT('Ctrl Pts',(3.35525698114385,13.84625,0.622309553281761));
#7698=CARTESIAN_POINT('Ctrl Pts',(3.29744459361474,13.885,-0.856193808286505));
#7699=CARTESIAN_POINT('Ctrl Pts',(2.55391752256689,13.92375,-2.13598695318934));
#7700=CARTESIAN_POINT('Ctrl Pts',(1.71699555251548,13.9495833333333,-2.65764978182782));
#7701=CARTESIAN_POINT('Ctrl Pts',(1.26160013340612,13.9625,-2.8056167230707));
#7702=CARTESIAN_POINT('Ctrl Pts',(-2.5,10.7666666666667,0.));
#7703=CARTESIAN_POINT('Ctrl Pts',(-2.49998576541101,10.7666666666667,0.597028376503155));
#7704=CARTESIAN_POINT('Ctrl Pts',(-2.01838785559749,10.7666892891367,2.09179382511362));
#7705=CARTESIAN_POINT('Ctrl Pts',(-0.548798704236097,10.7666312373133,2.8600594148909));
#7706=CARTESIAN_POINT('Ctrl Pts',(0.499271241005604,10.7667207125328,2.84850106716565));
#7707=CARTESIAN_POINT('Ctrl Pts',(1.39661524936938,10.7662317129501,2.78511020275988));
#7708=CARTESIAN_POINT('Ctrl Pts',(2.49142707534387,10.7739185184958,2.11063049466988));
#7709=CARTESIAN_POINT('Ctrl Pts',(3.03598185369867,10.801031508721,1.02904246947042));
#7710=CARTESIAN_POINT('Ctrl Pts',(3.17706475756759,10.816625020084,0.447932781390361));
#7711=CARTESIAN_POINT('Ctrl Pts',(3.19936465950916,10.8250072486653,0.149463710128791));
#7712=CARTESIAN_POINT('Ctrl Pts',(3.21178416359106,10.8549930908408,-0.931045979964318));
#7713=CARTESIAN_POINT('Ctrl Pts',(2.46928299443281,10.8937537902552,-2.29048097126483));
#7714=CARTESIAN_POINT('Ctrl Pts',(0.67356984983619,10.9454153737226,-2.94615536942787));
#7715=CARTESIAN_POINT('Ctrl Pts',(-0.740515601610037,10.9841674446665,-2.75757895984056));
#7716=CARTESIAN_POINT('Ctrl Pts',(-1.90509415916204,11.0229163053891,-1.92535234970801));
#7717=CARTESIAN_POINT('Ctrl Pts',(-2.54355085919196,11.0616668786996,-0.647001074006761));
#7718=CARTESIAN_POINT('Ctrl Pts',(-2.51004165521511,11.1004165684763,0.782452016897599));
#7719=CARTESIAN_POINT('Ctrl Pts',(-1.81149834681395,11.1391667242503,2.02981494670838));
#7720=CARTESIAN_POINT('Ctrl Pts',(-0.610449747864423,11.1779166400025,2.80515686495189));
#7721=CARTESIAN_POINT('Ctrl Pts',(0.81388919564443,11.2166666823035,2.92873547447453));
#7722=CARTESIAN_POINT('Ctrl Pts',(2.13023283665463,11.255416659426,2.37106578417122));
#7723=CARTESIAN_POINT('Ctrl Pts',(3.03304759665558,11.2941666709128,1.26254063573419));
#7724=CARTESIAN_POINT('Ctrl Pts',(3.31170036296375,11.3329166647005,-0.139668969964025));
#7725=CARTESIAN_POINT('Ctrl Pts',(2.90232009281845,11.3716666678197,-1.50943780858146));
#7726=CARTESIAN_POINT('Ctrl Pts',(1.89920468427415,11.4104166661327,-2.52807302597463));
#7727=CARTESIAN_POINT('Ctrl Pts',(0.536190218427326,11.4491666669798,-2.95940280704896));
#7728=CARTESIAN_POINT('Ctrl Pts',(-0.870137973331771,11.4879166665217,-2.70230551750856));
#7729=CARTESIAN_POINT('Ctrl Pts',(-1.99301012119769,11.5266666667517,-1.81742527646446));
#7730=CARTESIAN_POINT('Ctrl Pts',(-2.57084364198536,11.5654166666273,-0.509768358210069));
#7731=CARTESIAN_POINT('Ctrl Pts',(-2.47012429455008,11.6041666666898,0.91631279699438));
#7732=CARTESIAN_POINT('Ctrl Pts',(-1.71337695873939,11.642916666656,2.12924225932555));
#7733=CARTESIAN_POINT('Ctrl Pts',(-0.477280939454102,11.6816666666729,2.84751079094379));
#7734=CARTESIAN_POINT('Ctrl Pts',(0.951265843098583,11.7204166666638,2.90339656396644));
#7735=CARTESIAN_POINT('Ctrl Pts',(2.24011802525198,11.7591666666684,2.28475374127796));
#7736=CARTESIAN_POINT('Ctrl Pts',(3.08931059317029,11.7979166666659,1.1346771878899));
#7737=CARTESIAN_POINT('Ctrl Pts',(3.30204304506689,11.8366666666671,-0.279102781689563));
#7738=CARTESIAN_POINT('Ctrl Pts',(2.8282070936904,11.8754166666665,-1.62781489355594));
#7739=CARTESIAN_POINT('Ctrl Pts',(1.77839833458745,11.9141666666668,-2.59847461194809));
#7740=CARTESIAN_POINT('Ctrl Pts',(0.396762362066347,11.9529166666666,-2.96463696315359));
#7741=CARTESIAN_POINT('Ctrl Pts',(-0.996594247125505,11.9916666666667,-2.64203605263757));
#7742=CARTESIAN_POINT('Ctrl Pts',(-2.07514112606652,12.0304166666667,-1.70493403978595));
#7743=CARTESIAN_POINT('Ctrl Pts',(-2.65085662215682,12.0734722222222,-0.223368804791561));
#7744=CARTESIAN_POINT('Ctrl Pts',(-2.29919971885285,12.1208333333333,1.52877090147852));
#7745=CARTESIAN_POINT('Ctrl Pts',(-0.834654930371135,12.1725,2.8194298704602));
#7746=CARTESIAN_POINT('Ctrl Pts',(1.11014953213351,12.2241666666667,2.96199127145114));
#7747=CARTESIAN_POINT('Ctrl Pts',(2.74685821215012,12.2758333333333,1.89954609324486));
#7748=CARTESIAN_POINT('Ctrl Pts',(3.40734223984672,12.3275,0.0641084052234926));
#7749=CARTESIAN_POINT('Ctrl Pts',(2.82419403548166,12.3791666666667,-1.79766068385958));
#7750=CARTESIAN_POINT('Ctrl Pts',(1.23399740865044,12.4308333333333,-2.92750663818039));
#7751=CARTESIAN_POINT('Ctrl Pts',(-0.716043763882352,12.4825,-2.86637970702406));
#7752=CARTESIAN_POINT('Ctrl Pts',(-2.23204739886462,12.5341666666667,-1.63862223053765));
#7753=CARTESIAN_POINT('Ctrl Pts',(-2.69743664441576,12.5858333333333,0.255891774187803));
#7754=CARTESIAN_POINT('Ctrl Pts',(-1.92263977557917,12.6375,2.04630337044358));
#7755=CARTESIAN_POINT('Ctrl Pts',(-0.223039144099809,12.6891666666667,3.00397638875094));
#7756=CARTESIAN_POINT('Ctrl Pts',(1.70975251306491,12.7408333333333,2.73921925777363));
#7757=CARTESIAN_POINT('Ctrl Pts',(3.08923488644236,12.7925,1.35975840605156));
#7758=CARTESIAN_POINT('Ctrl Pts',(3.35394403780777,12.8441666666667,-0.573037375441008));
#7759=CARTESIAN_POINT('Ctrl Pts',(2.39636716208451,12.8958333333334,-2.27265556752521));
#7760=CARTESIAN_POINT('Ctrl Pts',(0.605767086348949,12.9475,-3.04734798507369));
#7761=CARTESIAN_POINT('Ctrl Pts',(-1.28868443673174,12.9991666666667,-2.58223420598539));
#7762=CARTESIAN_POINT('Ctrl Pts',(-2.51624473114213,13.0508333333333,-1.06587625702861));
#7763=CARTESIAN_POINT('Ctrl Pts',(-2.57781209821228,13.1025,0.883810935010403));
#7764=CARTESIAN_POINT('Ctrl Pts',(-1.44715061338414,13.1541666666667,2.47416012738572));
#7765=CARTESIAN_POINT('Ctrl Pts',(0.413562441553169,13.2058333333333,3.05754016775615));
#7766=CARTESIAN_POINT('Ctrl Pts',(2.25038645815193,13.2575,2.39665068671064));
#7767=CARTESIAN_POINT('Ctrl Pts',(3.222352006518,13.3048611111111,0.897005959144531));
#7768=CARTESIAN_POINT('Ctrl Pts',(3.23246978635894,13.3479166666667,-0.69245362302987));
#7769=CARTESIAN_POINT('Ctrl Pts',(2.57462416490694,13.3866666666667,-1.96078848081117));
#7770=CARTESIAN_POINT('Ctrl Pts',(1.39788706239346,13.4254166666667,-2.77366458561354));
#7771=CARTESIAN_POINT('Ctrl Pts',(-0.0215488644539634,13.4641666666667,
-2.94182599682443));
#7772=CARTESIAN_POINT('Ctrl Pts',(-1.35493181038069,13.5029166666667,-2.42583084835909));
#7773=CARTESIAN_POINT('Ctrl Pts',(-2.29203440574469,13.5416666666667,-1.34618405405578));
#7774=CARTESIAN_POINT('Ctrl Pts',(-2.6146409237986,13.5804166666667,0.0465653266210614));
#7775=CARTESIAN_POINT('Ctrl Pts',(-2.24846427555883,13.6191666666667,1.42852755822507));
#7776=CARTESIAN_POINT('Ctrl Pts',(-1.27785357796173,13.6579166666667,2.47815876971591));
#7777=CARTESIAN_POINT('Ctrl Pts',(0.0709483391300908,13.6966666666667,2.95210328957786));
#7778=CARTESIAN_POINT('Ctrl Pts',(1.48465089087967,13.7354166666667,2.73928284871017));
#7779=CARTESIAN_POINT('Ctrl Pts',(2.63477327213905,13.7741666666667,1.89015540733208));
#7780=CARTESIAN_POINT('Ctrl Pts',(3.25338071965056,13.8129166666667,0.601209711820191));
#7781=CARTESIAN_POINT('Ctrl Pts',(3.19753476243923,13.8516666666667,-0.827163056261142));
#7782=CARTESIAN_POINT('Ctrl Pts',(2.47920680748289,13.8904166666667,-2.06359376987011));
#7783=CARTESIAN_POINT('Ctrl Pts',(1.6706547086366,13.91625,-2.56753787613247));
#7784=CARTESIAN_POINT('Ctrl Pts',(1.23069843396862,13.9291666666667,-2.71051107144118));
#7785=CARTESIAN_POINT('Ctrl Pts',(-2.4,10.7333333333333,0.));
#7786=CARTESIAN_POINT('Ctrl Pts',(-2.40001423458899,10.7333333333333,0.575832880837035));
#7787=CARTESIAN_POINT('Ctrl Pts',(-1.93525034052694,10.7333559558033,2.01858548744148));
#7788=CARTESIAN_POINT('Ctrl Pts',(-0.517291933424327,10.73329790398,2.75967551953081));
#7789=CARTESIAN_POINT('Ctrl Pts',(0.494050076062924,10.7333873791994,2.74852375126942));
#7790=CARTESIAN_POINT('Ctrl Pts',(1.3598547671946,10.7328983796168,2.68743585573675));
#7791=CARTESIAN_POINT('Ctrl Pts',(2.41633275096327,10.7405851851625,2.03656119513143));
#7792=CARTESIAN_POINT('Ctrl Pts',(2.94170373272137,10.7676981753877,0.99293627113228));
#7793=CARTESIAN_POINT('Ctrl Pts',(3.0779275511562,10.7832916867506,0.432206726889445));
#7794=CARTESIAN_POINT('Ctrl Pts',(3.09929205885142,10.7916739153319,0.144260865182035));
#7795=CARTESIAN_POINT('Ctrl Pts',(3.11169996197389,10.8216597575075,-0.898547285524316));
#7796=CARTESIAN_POINT('Ctrl Pts',(2.39472372842778,10.8604204569219,-2.21000560008968));
#7797=CARTESIAN_POINT('Ctrl Pts',(0.662282818495288,10.9120820403893,-2.84282100453277));
#7798=CARTESIAN_POINT('Ctrl Pts',(-0.702287492747459,10.9508341113331,-2.66079516645896));
#7799=CARTESIAN_POINT('Ctrl Pts',(-1.82595596745962,10.9895829720557,-1.85780898387389));
#7800=CARTESIAN_POINT('Ctrl Pts',(-2.44202466396654,11.0283335453663,-0.624292767681415));
#7801=CARTESIAN_POINT('Ctrl Pts',(-2.40969149705188,11.0670832351429,0.754997225902293));
#7802=CARTESIAN_POINT('Ctrl Pts',(-1.73565287720285,11.105833390917,1.95858909762919));
#7803=CARTESIAN_POINT('Ctrl Pts',(-0.576750887813816,11.1445833066692,2.70673610368305));
#7804=CARTESIAN_POINT('Ctrl Pts',(0.797610577857444,11.1833333489701,2.8259652645464));
#7805=CARTESIAN_POINT('Ctrl Pts',(2.06777276124085,11.2220833260927,2.28787569872539));
#7806=CARTESIAN_POINT('Ctrl Pts',(2.93889826926445,11.2608333375795,1.21823764826359));
#7807=CARTESIAN_POINT('Ctrl Pts',(3.20778775141159,11.2995833313672,-0.134768642199652));
#7808=CARTESIAN_POINT('Ctrl Pts',(2.81275814596701,11.3383333344864,-1.45647102936107));
#7809=CARTESIAN_POINT('Ctrl Pts',(1.8448501135728,11.3770833327994,-2.43937438463706));
#7810=CARTESIAN_POINT('Ctrl Pts',(0.529656722286234,11.4158333336464,-2.85555619741583));
#7811=CARTESIAN_POINT('Ctrl Pts',(-0.827328846407331,11.4545833331884,-2.60749383885585));
#7812=CARTESIAN_POINT('Ctrl Pts',(-1.9107929809999,11.4933333334184,-1.75365111655176));
#7813=CARTESIAN_POINT('Ctrl Pts',(-2.46836444202625,11.532083333294,-0.491882878865866));
#7814=CARTESIAN_POINT('Ctrl Pts',(-2.37116504362812,11.5708333333564,0.884158994211577));
#7815=CARTESIAN_POINT('Ctrl Pts',(-1.64098236340369,11.6095833333226,2.05453681890477));
#7816=CARTESIAN_POINT('Ctrl Pts',(-0.448251388590648,11.6483333333396,2.74759045124418));
#7817=CARTESIAN_POINT('Ctrl Pts',(0.930170238671405,11.6870833333305,2.80152960167797));
#7818=CARTESIAN_POINT('Ctrl Pts',(2.17379288004335,11.725833333335,2.20458069249344));
#7819=CARTESIAN_POINT('Ctrl Pts',(2.99320059011644,11.7645833333326,1.09486672423005));
#7820=CARTESIAN_POINT('Ctrl Pts',(3.19845647732052,11.8033333333337,-0.269309617732242));
#7821=CARTESIAN_POINT('Ctrl Pts',(2.74125622688896,11.8420833333331,-1.57070071160946));
#7822=CARTESIAN_POINT('Ctrl Pts',(1.72827601348035,11.8808333333335,-2.50729455785158));
#7823=CARTESIAN_POINT('Ctrl Pts',(0.395123589660232,11.9195833333333,-2.86062058741867));
#7824=CARTESIAN_POINT('Ctrl Pts',(-0.949346676325213,11.9583333333334,-2.54932633210672));
#7825=CARTESIAN_POINT('Ctrl Pts',(-1.9900463106804,11.9970833333333,-1.64511553138196));
#7826=CARTESIAN_POINT('Ctrl Pts',(-2.54557075457348,12.0401388888889,-0.215529760515138));
#7827=CARTESIAN_POINT('Ctrl Pts',(-2.20623472739693,12.0875,1.4751321649088));
#7828=CARTESIAN_POINT('Ctrl Pts',(-0.793093294618442,12.1391666666667,2.72049488818519));
#7829=CARTESIAN_POINT('Ctrl Pts',(1.08348009920371,12.1908333333333,2.85806670583615));
#7830=CARTESIAN_POINT('Ctrl Pts',(2.66275617310624,12.2425,1.8328963110172));
#7831=CARTESIAN_POINT('Ctrl Pts',(3.30006947897758,12.2941666666667,0.0618547606514487));
#7832=CARTESIAN_POINT('Ctrl Pts',(2.73737549875,12.3458333333334,-1.73457654388949));
#7833=CARTESIAN_POINT('Ctrl Pts',(1.20298358370099,12.3975,-2.82479282685776));
#7834=CARTESIAN_POINT('Ctrl Pts',(-0.678640132379771,12.4491666666667,-2.76580367057382));
#7835=CARTESIAN_POINT('Ctrl Pts',(-2.14144841871258,12.5008333333333,-1.58112708759492));
#7836=CARTESIAN_POINT('Ctrl Pts',(-2.59050931950985,12.5525,0.246913321868844));
#7837=CARTESIAN_POINT('Ctrl Pts',(-1.84289777460652,12.6041666666667,1.97450303914954));
#7838=CARTESIAN_POINT('Ctrl Pts',(-0.202932513287949,12.6558333333333,2.89857373961137));
#7839=CARTESIAN_POINT('Ctrl Pts',(1.66204174014223,12.7075,2.64310600941915));
#7840=CARTESIAN_POINT('Ctrl Pts',(2.99312156328562,12.7591666666667,1.31204787898448));
#7841=CARTESIAN_POINT('Ctrl Pts',(3.24854186175311,12.8108333333333,-0.552931453360241));
#7842=CARTESIAN_POINT('Ctrl Pts',(2.32456563825713,12.8625,-2.19291152730988));
#7843=CARTESIAN_POINT('Ctrl Pts',(0.596791532552713,12.9141666666667,-2.94043015111337));
#7844=CARTESIAN_POINT('Ctrl Pts',(-1.23118541760863,12.9658333333333,-2.49162001534729));
#7845=CARTESIAN_POINT('Ctrl Pts',(-2.41567543007669,13.0175,-1.02848191631542));
#7846=CARTESIAN_POINT('Ctrl Pts',(-2.47508055666869,13.0691666666667,0.8528015803176));
#7847=CARTESIAN_POINT('Ctrl Pts',(-1.38409685908121,13.1208333333333,2.38735114512414));
#7848=CARTESIAN_POINT('Ctrl Pts',(0.411339884945101,13.1725,2.9502529598416));
#7849=CARTESIAN_POINT('Ctrl Pts',(2.18369538105989,13.2241666666667,2.31255582420109));
#7850=CARTESIAN_POINT('Ctrl Pts',(3.12157416469575,13.2715277777778,0.865536399743536));
#7851=CARTESIAN_POINT('Ctrl Pts',(3.13132957536836,13.3145833333333,-0.668161607515876));
#7852=CARTESIAN_POINT('Ctrl Pts',(2.49656666095042,13.3533333333334,-1.89198139540359));
#7853=CARTESIAN_POINT('Ctrl Pts',(1.3611182443468,13.3920833333333,-2.67635058642295));
#7854=CARTESIAN_POINT('Ctrl Pts',(-0.00850881418432136,13.4308333333333,
-2.83859522630321));
#7855=CARTESIAN_POINT('Ctrl Pts',(-1.29511471973289,13.4695833333333,-2.3407199113659));
#7856=CARTESIAN_POINT('Ctrl Pts',(-2.1993235252976,13.5083333333334,-1.29894566284257));
#7857=CARTESIAN_POINT('Ctrl Pts',(-2.51062555151609,13.5470833333333,0.0449315400268842));
#7858=CARTESIAN_POINT('Ctrl Pts',(-2.15728281771078,13.5858333333334,1.37839971838042));
#7859=CARTESIAN_POINT('Ctrl Pts',(-1.22073975462793,13.6245833333333,2.39121194835444));
#7860=CARTESIAN_POINT('Ctrl Pts',(0.0807405451808486,13.6633333333334,2.84851155045213));
#7861=CARTESIAN_POINT('Ctrl Pts',(1.44484096251138,13.7020833333333,2.64317597442794));
#7862=CARTESIAN_POINT('Ctrl Pts',(2.55459991950011,13.7408333333334,1.82382452002078));
#7863=CARTESIAN_POINT('Ctrl Pts',(3.1515138886225,13.7795833333333,0.580123677460442));
#7864=CARTESIAN_POINT('Ctrl Pts',(3.09761429662605,13.8183333333334,-0.79815400353697));
#7865=CARTESIAN_POINT('Ctrl Pts',(2.40450103196612,13.8570833333333,-1.99116112431982));
#7866=CARTESIAN_POINT('Ctrl Pts',(1.62431989952838,13.8829166666667,-2.47749221818475));
#7867=CARTESIAN_POINT('Ctrl Pts',(1.19979673453113,13.8958333333333,-2.61540541981166));
#7868=CARTESIAN_POINT('Ctrl Pts',(-2.3,10.7,0.));
#7869=CARTESIAN_POINT('Ctrl Pts',(-2.3,10.7,0.555014702134197));
#7870=CARTESIAN_POINT('Ctrl Pts',(-1.85216807495174,10.70002262247,1.94509021040554));
#7871=CARTESIAN_POINT('Ctrl Pts',(-0.485739319607165,10.6999645706467,2.65933885289599));
#7872=CARTESIAN_POINT('Ctrl Pts',(0.488803837541357,10.7000540458661,2.64859210158088));
#7873=CARTESIAN_POINT('Ctrl Pts',(1.32315098998117,10.6995650462834,2.58968697411001));
#7874=CARTESIAN_POINT('Ctrl Pts',(2.3411720606632,10.7072518518292,1.96251035320954));
#7875=CARTESIAN_POINT('Ctrl Pts',(2.84747621500234,10.7343648420543,0.956829225463775));
#7876=CARTESIAN_POINT('Ctrl Pts',(2.97870171752108,10.7499583534173,0.416494588739551));
#7877=CARTESIAN_POINT('Ctrl Pts',(2.99936433993849,10.7583405819986,0.138994665102444));
#7878=CARTESIAN_POINT('Ctrl Pts',(3.01111302370484,10.7883264241742,-0.865789670275868));
#7879=CARTESIAN_POINT('Ctrl Pts',(2.32046746706796,10.8270871235886,-2.12969453823026));
#7880=CARTESIAN_POINT('Ctrl Pts',(0.650894566264003,10.8787487070559,-2.73942631982066));
#7881=CARTESIAN_POINT('Ctrl Pts',(-0.664005035722744,10.9175007779998,-2.5640520419096));
#7882=CARTESIAN_POINT('Ctrl Pts',(-1.74683622063346,10.9562496387224,-1.79024598821286));
#7883=CARTESIAN_POINT('Ctrl Pts',(-2.34049556006608,10.995000212033,-0.601594407227441));
#7884=CARTESIAN_POINT('Ctrl Pts',(-2.30933800955491,11.0337499018096,0.72754294525352));
#7885=CARTESIAN_POINT('Ctrl Pts',(-1.65981263279366,11.0725000575837,1.88736977098117));
#7886=CARTESIAN_POINT('Ctrl Pts',(-0.543050300812023,11.1112499733358,2.60830649408617));
#7887=CARTESIAN_POINT('Ctrl Pts',(0.781334714246421,11.1500000156368,2.72320659971526));
#7888=CARTESIAN_POINT('Ctrl Pts',(2.00530622043268,11.1887499927594,2.20467766601358));
#7889=CARTESIAN_POINT('Ctrl Pts',(2.84476009726573,11.2275000042461,1.17393972367752));
#7890=CARTESIAN_POINT('Ctrl Pts',(3.1038649112669,11.2662499980338,-0.129867798613168));
#7891=CARTESIAN_POINT('Ctrl Pts',(2.72320666656812,11.305000001153,-1.40351043224066));
#7892=CARTESIAN_POINT('Ctrl Pts',(1.79049021683829,11.3437499994661,-2.35066707823589));
#7893=CARTESIAN_POINT('Ctrl Pts',(0.523123998730524,11.3825000003131,-2.75172167175566));
#7894=CARTESIAN_POINT('Ctrl Pts',(-0.784515548626539,11.421249999855,-2.51267290970816));
#7895=CARTESIAN_POINT('Ctrl Pts',(-1.82858539657565,11.460000000085,-1.68988436455232));
#7896=CARTESIAN_POINT('Ctrl Pts',(-2.36587525404121,11.4987499999606,-0.473995674687719));
#7897=CARTESIAN_POINT('Ctrl Pts',(-2.27221727610218,11.5375000000231,0.852008972624247));
#7898=CARTESIAN_POINT('Ctrl Pts',(-1.56858075065699,11.5762499999893,1.97982402809113));
#7899=CARTESIAN_POINT('Ctrl Pts',(-0.419225119521176,11.6150000000063,2.64768183782109));
#7900=CARTESIAN_POINT('Ctrl Pts',(0.909072431551869,11.6537499999971,2.69965256052815));
#7901=CARTESIAN_POINT('Ctrl Pts',(2.10747569625583,11.6925000000017,2.12441718740968));
#7902=CARTESIAN_POINT('Ctrl Pts',(2.89708118494819,11.7312499999993,1.05505202984248));
#7903=CARTESIAN_POINT('Ctrl Pts',(3.09487923827261,11.7700000000004,-0.259516581869246));
#7904=CARTESIAN_POINT('Ctrl Pts',(2.65429960705988,11.8087499999998,-1.51358327744434));
#7905=CARTESIAN_POINT('Ctrl Pts',(1.67815839685352,11.8475000000001,-2.41612291070877));
#7906=CARTESIAN_POINT('Ctrl Pts',(0.393481745013471,11.8862499999999,-2.7565950908958));
#7907=CARTESIAN_POINT('Ctrl Pts',(-0.902097044132928,11.9250000000001,-2.45662684278078));
#7908=CARTESIAN_POINT('Ctrl Pts',(-1.90495476917489,11.96375,-1.58529131492767));
#7909=CARTESIAN_POINT('Ctrl Pts',(-2.44027366934559,12.0068055555556,-0.207693071082635));
#7910=CARTESIAN_POINT('Ctrl Pts',(-2.11328594331463,12.0541666666667,1.42148984391543));
#7911=CARTESIAN_POINT('Ctrl Pts',(-0.751523713611138,12.1058333333333,2.62157153757327));
#7912=CARTESIAN_POINT('Ctrl Pts',(1.05680687911493,12.1575,2.75413457853774));
#7913=CARTESIAN_POINT('Ctrl Pts',(2.57865680730882,12.2091666666667,1.76624506630258));
#7914=CARTESIAN_POINT('Ctrl Pts',(3.19279304551507,12.2608333333333,0.0596075695658208));
#7915=CARTESIAN_POINT('Ctrl Pts',(2.65056415459177,12.3125,-1.67150511670268));
#7916=CARTESIAN_POINT('Ctrl Pts',(1.17196421959487,12.3641666666667,-2.72207028256269));
#7917=CARTESIAN_POINT('Ctrl Pts',(-0.641234343766897,12.4158333333333,-2.66522963404185));
#7918=CARTESIAN_POINT('Ctrl Pts',(-2.05085069938921,12.4675,-1.52363137375916));
#7919=CARTESIAN_POINT('Ctrl Pts',(-2.4835815722148,12.5191666666667,0.237934554383949));
#7920=CARTESIAN_POINT('Ctrl Pts',(-1.76315616214145,12.5708333333333,1.90270303311103));
#7921=CARTESIAN_POINT('Ctrl Pts',(-0.182825873585277,12.6225,2.79317104288574));
#7922=CARTESIAN_POINT('Ctrl Pts',(1.61433120910695,12.6741666666667,2.54699320679659));
#7923=CARTESIAN_POINT('Ctrl Pts',(2.89700796281771,12.7258333333333,1.26433690274027));
#7924=CARTESIAN_POINT('Ctrl Pts',(3.14314064889934,12.7775,-0.532824535057734));
#7925=CARTESIAN_POINT('Ctrl Pts',(2.25276284301881,12.8291666666667,-2.1131701430916));
#7926=CARTESIAN_POINT('Ctrl Pts',(0.587817917873108,12.8808333333333,-2.83350215373138));
#7927=CARTESIAN_POINT('Ctrl Pts',(-1.17368841321464,12.9325,-2.40102030116636));
#7928=CARTESIAN_POINT('Ctrl Pts',(-2.31510507629105,12.9841666666667,-0.991080207028872));
#7929=CARTESIAN_POINT('Ctrl Pts',(-2.37235098847046,13.0358333333333,0.82178985100343));
#7930=CARTESIAN_POINT('Ctrl Pts',(-1.32103675036306,13.0875,2.3005365843127));
#7931=CARTESIAN_POINT('Ctrl Pts',(0.409105565217929,13.1391666666667,2.84297353359536));
#7932=CARTESIAN_POINT('Ctrl Pts',(2.11702087034131,13.1908333333333,2.22846379534216));
#7933=CARTESIAN_POINT('Ctrl Pts',(3.02078649173507,13.2381944444445,0.834060223402388));
#7934=CARTESIAN_POINT('Ctrl Pts',(3.03019076938881,13.28125,-0.643862564454682));
#7935=CARTESIAN_POINT('Ctrl Pts',(2.41850994437893,13.32,-1.82318574499448));
#7936=CARTESIAN_POINT('Ctrl Pts',(1.32435072551101,13.35875,-2.57902503676726));
#7937=CARTESIAN_POINT('Ctrl Pts',(0.00452627707295431,13.3975,-2.73537790023004));
#7938=CARTESIAN_POINT('Ctrl Pts',(-1.23528987585732,13.43625,-2.25559991308415));
#7939=CARTESIAN_POINT('Ctrl Pts',(-2.10662473522537,13.475,-1.25171316960369));
#7940=CARTESIAN_POINT('Ctrl Pts',(-2.40659931421142,13.51375,0.0432976243959028));
#7941=CARTESIAN_POINT('Ctrl Pts',(-2.06611246377937,13.5525,1.32827808625081));
#7942=CARTESIAN_POINT('Ctrl Pts',(-1.16362005917189,13.59125,2.30425578622972));
#7943=CARTESIAN_POINT('Ctrl Pts',(0.0905313470399987,13.63,2.74493380822848));
#7944=CARTESIAN_POINT('Ctrl Pts',(1.40502739490827,13.66875,2.54705640737786));
#7945=CARTESIAN_POINT('Ctrl Pts',(2.47443552818639,13.7075,1.75750835847948));
#7946=CARTESIAN_POINT('Ctrl Pts',(3.04963762712922,13.74625,0.559023835998872));
#7947=CARTESIAN_POINT('Ctrl Pts',(2.99770446545054,13.785,-0.769123251511607));
#7948=CARTESIAN_POINT('Ctrl Pts',(2.32979031688212,13.82375,-1.9187679410006));
#7949=CARTESIAN_POINT('Ctrl Pts',(1.5779790556495,13.8495833333333,-2.3873803124894));
#7950=CARTESIAN_POINT('Ctrl Pts',(1.16889503509363,13.8625,-2.52029976818215));
#7951=CARTESIAN_POINT('',(-2.6,10.8,0.));
#7952=CARTESIAN_POINT('Origin',(-2.43418861169916,10.7974341649025,0.));
#7953=CARTESIAN_POINT('Origin',(3.35,9.5,-3.));
#7954=CARTESIAN_POINT('',(3.35,9.5,-3.));
#7955=CARTESIAN_POINT('',(-2.65,9.5,-3.));
#7956=CARTESIAN_POINT('',(3.35,9.5,-3.));
#7957=CARTESIAN_POINT('',(-2.65,10.,-3.));
#7958=CARTESIAN_POINT('',(-2.65,9.5,-3.));
#7959=CARTESIAN_POINT('',(3.35,10.,-3.));
#7960=CARTESIAN_POINT('',(3.35,10.,-3.));
#7961=CARTESIAN_POINT('',(3.35,9.5,-3.));
#7962=CARTESIAN_POINT('Origin',(3.35,9.5,3.));
#7963=CARTESIAN_POINT('',(3.35,9.5,3.));
#7964=CARTESIAN_POINT('',(3.35,9.5,3.));
#7965=CARTESIAN_POINT('',(3.35,10.,3.));
#7966=CARTESIAN_POINT('',(3.35,10.,3.));
#7967=CARTESIAN_POINT('',(3.35,9.5,3.));
#7968=CARTESIAN_POINT('Origin',(-2.65,9.5,3.));
#7969=CARTESIAN_POINT('',(-2.65,9.5,3.));
#7970=CARTESIAN_POINT('',(-2.65,9.5,3.));
#7971=CARTESIAN_POINT('',(-2.65,10.,3.));
#7972=CARTESIAN_POINT('',(-2.65,10.,3.));
#7973=CARTESIAN_POINT('',(-2.65,9.5,3.));
#7974=CARTESIAN_POINT('Origin',(-2.65,9.5,-3.));
#7975=CARTESIAN_POINT('',(-2.65,9.5,-3.));
#7976=CARTESIAN_POINT('',(-2.65,10.,-3.));
#7977=CARTESIAN_POINT('Origin',(0.349999999999999,10.,0.));
#7978=CARTESIAN_POINT('Origin',(0.349999999999999,9.5,0.));
#7979=CARTESIAN_POINT('Origin',(5.25,7.85,-4.5));
#7980=CARTESIAN_POINT('',(5.25,7.7,-4.8));
#7981=CARTESIAN_POINT('',(5.55,7.7,-4.5));
#7982=CARTESIAN_POINT('Origin',(5.25,7.7,-4.5));
#7983=CARTESIAN_POINT('',(5.55,0.299999999999999,-4.5));
#7984=CARTESIAN_POINT('',(5.55,7.85,-4.5));
#7985=CARTESIAN_POINT('',(5.25,0.299999999999999,-4.8));
#7986=CARTESIAN_POINT('Origin',(5.25,0.299999999999999,-4.5));
#7987=CARTESIAN_POINT('',(5.25,7.85,-4.8));
#7988=CARTESIAN_POINT('Origin',(5.55,0.299999999999999,-4.8));
#7989=CARTESIAN_POINT('',(5.55,0.299999999999999,-2.81961524227066));
#7990=CARTESIAN_POINT('',(5.55,0.299999999999999,4.8));
#7991=CARTESIAN_POINT('',(5.25,0.299999999999999,-2.81961524227066));
#7992=CARTESIAN_POINT('',(5.55,0.299999999999999,-2.81961524227066));
#7993=CARTESIAN_POINT('',(5.25,0.299999999999999,-4.5));
#7994=CARTESIAN_POINT('',(5.25,0.299999999999999,4.8));
#7995=CARTESIAN_POINT('',(5.15000000000001,0.299999999999999,-4.5));
#7996=CARTESIAN_POINT('',(5.15000000000001,0.299999999999999,-4.5));
#7997=CARTESIAN_POINT('',(5.15000000000001,0.299999999999999,-4.8));
#7998=CARTESIAN_POINT('',(5.15000000000001,0.299999999999999,-4.5));
#7999=CARTESIAN_POINT('',(5.55,0.299999999999999,-4.8));
#8000=CARTESIAN_POINT('Origin',(5.55,8.,-3.));
#8001=CARTESIAN_POINT('',(5.55,7.7,-3.));
#8002=CARTESIAN_POINT('',(5.55,7.7,-4.8));
#8003=CARTESIAN_POINT('',(5.55,7.7,3.));
#8004=CARTESIAN_POINT('',(5.55,7.7,-1.5));
#8005=CARTESIAN_POINT('',(5.55,7.7,4.5));
#8006=CARTESIAN_POINT('',(5.55,7.7,-4.8));
#8007=CARTESIAN_POINT('',(5.55,0.299999999999999,4.5));
#8008=CARTESIAN_POINT('',(5.55,4.15,4.5));
#8009=CARTESIAN_POINT('',(5.55,0.299999999999999,2.81961524227066));
#8010=CARTESIAN_POINT('',(5.55,0.299999999999999,4.8));
#8011=CARTESIAN_POINT('',(5.55,0.319230769230768,2.79963004064487));
#8012=CARTESIAN_POINT('Origin',(5.55,0.319999999999999,2.81961524227066));
#8013=CARTESIAN_POINT('',(5.55,0.319230769230768,1.80036995935513));
#8014=CARTESIAN_POINT('Origin',(5.55,0.299999999999999,2.3));
#8015=CARTESIAN_POINT('',(5.55,0.299999999999999,1.78038475772934));
#8016=CARTESIAN_POINT('Origin',(5.55,0.319999999999999,1.78038475772934));
#8017=CARTESIAN_POINT('',(5.55,0.299999999999999,-1.78038475772934));
#8018=CARTESIAN_POINT('',(5.55,0.299999999999999,4.8));
#8019=CARTESIAN_POINT('',(5.55,0.319230769230768,-1.80036995935513));
#8020=CARTESIAN_POINT('Origin',(5.55,0.319999999999999,-1.78038475772934));
#8021=CARTESIAN_POINT('',(5.55,0.319230769230768,-2.79963004064487));
#8022=CARTESIAN_POINT('Origin',(5.55,0.299999999999999,-2.3));
#8023=CARTESIAN_POINT('Origin',(5.55,0.319999999999999,-2.81961524227066));
#8024=CARTESIAN_POINT('Origin',(5.25,4.15,4.5));
#8025=CARTESIAN_POINT('',(5.25,0.299999999999999,4.8));
#8026=CARTESIAN_POINT('Origin',(5.25,0.299999999999999,4.5));
#8027=CARTESIAN_POINT('',(5.25,7.7,4.8));
#8028=CARTESIAN_POINT('Origin',(5.25,7.7,4.5));
#8029=CARTESIAN_POINT('',(5.25,4.15,4.8));
#8030=CARTESIAN_POINT('Origin',(5.55,7.7,4.8));
#8031=CARTESIAN_POINT('',(5.25,7.7,3.));
#8032=CARTESIAN_POINT('',(5.55,7.7,3.));
#8033=CARTESIAN_POINT('',(5.25,7.7,4.5));
#8034=CARTESIAN_POINT('',(5.25,7.7,-4.8));
#8035=CARTESIAN_POINT('',(-0.70525162119728,7.7,4.5));
#8036=CARTESIAN_POINT('',(5.25,7.7,4.5));
#8037=CARTESIAN_POINT('',(-0.70525162119728,7.7,4.8));
#8038=CARTESIAN_POINT('',(-0.705251621197281,7.7,4.65));
#8039=CARTESIAN_POINT('',(5.55,7.7,4.8));
#8040=CARTESIAN_POINT('Origin',(5.25,7.7,-1.5));
#8041=CARTESIAN_POINT('',(5.25,8.,3.));
#8042=CARTESIAN_POINT('Origin',(5.25,7.7,3.));
#8043=CARTESIAN_POINT('',(5.25,8.,-3.));
#8044=CARTESIAN_POINT('Origin',(5.25,7.7,-3.));
#8045=CARTESIAN_POINT('',(5.25,8.,3.));
#8046=CARTESIAN_POINT('Origin',(5.55,8.,3.));
#8047=CARTESIAN_POINT('',(5.25,8.,3.));
#8048=CARTESIAN_POINT('Origin',(5.55,0.319999999999999,-2.81961524227066));
#8049=CARTESIAN_POINT('',(5.25,0.319230769230768,-2.79963004064487));
#8050=CARTESIAN_POINT('Origin',(5.25,0.319999999999999,-2.81961524227066));
#8051=CARTESIAN_POINT('',(5.55,0.319230769230768,-2.79963004064487));
#8052=CARTESIAN_POINT('Origin',(5.55,0.299999999999999,-2.3));
#8053=CARTESIAN_POINT('',(5.25,0.319230769230768,-1.80036995935513));
#8054=CARTESIAN_POINT('',(5.55,0.319230769230768,-1.80036995935513));
#8055=CARTESIAN_POINT('Origin',(5.25,0.299999999999999,-2.3));
#8056=CARTESIAN_POINT('Origin',(5.55,0.319999999999999,-1.78038475772934));
#8057=CARTESIAN_POINT('',(5.25,0.299999999999999,-1.78038475772934));
#8058=CARTESIAN_POINT('',(5.55,0.299999999999999,-1.78038475772934));
#8059=CARTESIAN_POINT('Origin',(5.25,0.319999999999999,-1.78038475772934));
#8060=CARTESIAN_POINT('Origin',(5.25,8.,3.));
#8061=CARTESIAN_POINT('',(5.25,0.299999999999999,1.78038475772934));
#8062=CARTESIAN_POINT('',(5.25,0.299999999999999,4.8));
#8063=CARTESIAN_POINT('',(5.25,0.319230769230768,1.80036995935513));
#8064=CARTESIAN_POINT('Origin',(5.25,0.319999999999999,1.78038475772934));
#8065=CARTESIAN_POINT('',(5.25,0.319230769230768,2.79963004064487));
#8066=CARTESIAN_POINT('Origin',(5.25,0.299999999999999,2.3));
#8067=CARTESIAN_POINT('',(5.25,0.299999999999999,2.81961524227066));
#8068=CARTESIAN_POINT('Origin',(5.25,0.319999999999999,2.81961524227066));
#8069=CARTESIAN_POINT('',(5.25,0.299999999999999,4.5));
#8070=CARTESIAN_POINT('',(5.25,0.299999999999999,4.8));
#8071=CARTESIAN_POINT('',(5.25,5.6,4.5));
#8072=CARTESIAN_POINT('',(5.25,7.7,-3.));
#8073=CARTESIAN_POINT('',(5.25,8.,-3.));
#8074=CARTESIAN_POINT('',(5.25,7.7,-4.5));
#8075=CARTESIAN_POINT('',(5.25,7.7,-4.8));
#8076=CARTESIAN_POINT('',(5.25,5.6,-4.5));
#8077=CARTESIAN_POINT('Origin',(5.55,0.299999999999999,-4.8));
#8078=CARTESIAN_POINT('',(5.55,0.299999999999999,1.78038475772934));
#8079=CARTESIAN_POINT('Origin',(5.55,0.319999999999999,1.78038475772934));
#8080=CARTESIAN_POINT('',(5.55,0.319230769230768,1.80036995935513));
#8081=CARTESIAN_POINT('Origin',(5.55,0.319999999999999,2.81961524227066));
#8082=CARTESIAN_POINT('',(5.55,0.299999999999999,2.81961524227066));
#8083=CARTESIAN_POINT('',(5.55,0.319230769230768,2.79963004064487));
#8084=CARTESIAN_POINT('Origin',(5.55,0.299999999999999,-4.8));
#8085=CARTESIAN_POINT('',(5.15000000000001,0.299999999999999,4.8));
#8086=CARTESIAN_POINT('',(5.55,0.299999999999999,4.8));
#8087=CARTESIAN_POINT('',(5.15000000000001,0.299999999999999,4.5));
#8088=CARTESIAN_POINT('',(5.15000000000001,0.299999999999999,4.5));
#8089=CARTESIAN_POINT('',(5.15000000000001,0.299999999999999,4.5));
#8090=CARTESIAN_POINT('Origin',(-0.201668522645208,-0.049999999999999,-4.5));
#8091=CARTESIAN_POINT('',(-0.949999999999997,0.,-4.8));
#8092=CARTESIAN_POINT('',(-0.201668522645209,0.700000000000002,-4.8));
#8093=CARTESIAN_POINT('Origin',(-0.201668522645208,-0.049999999999999,-4.8));
#8094=CARTESIAN_POINT('',(-0.201668522645209,0.700000000000001,-4.5));
#8095=CARTESIAN_POINT('',(-0.201668522645209,0.700000000000001,-4.5));
#8096=CARTESIAN_POINT('',(-0.949999999999997,0.,-4.5));
#8097=CARTESIAN_POINT('Origin',(-0.201668522645208,-0.049999999999999,-4.5));
#8098=CARTESIAN_POINT('',(-0.949999999999997,0.,-4.5));
#8099=CARTESIAN_POINT('Origin',(-0.199999999999995,-0.0499999999999987,
-4.65));
#8100=CARTESIAN_POINT('',(0.548816924834258,-0.00789046329187405,-4.5));
#8101=CARTESIAN_POINT('',(-0.199999999999995,0.700000000000001,-4.5));
#8102=CARTESIAN_POINT('Origin',(-0.199999999999995,-0.0499999999999987,
-4.5));
#8103=CARTESIAN_POINT('',(-0.199999999999995,0.700000000000002,-4.8));
#8104=CARTESIAN_POINT('',(-0.199999999999995,0.700000000000001,-4.65));
#8105=CARTESIAN_POINT('',(0.549646810830549,-0.0269856781200239,-4.8));
#8106=CARTESIAN_POINT('Origin',(-0.199999999999995,-0.0499999999999987,
-4.8));
#8107=CARTESIAN_POINT('',(0.550000000000005,-0.0499999999999987,-4.79998675852033));
#8108=CARTESIAN_POINT('Ctrl Pts',(0.549646810830554,-0.0269856781201843,
-4.8));
#8109=CARTESIAN_POINT('Ctrl Pts',(0.549883439000812,-0.0346933809199067,
-4.8));
#8110=CARTESIAN_POINT('Ctrl Pts',(0.550000000000005,-0.0423674065991425,
-4.79999554147421));
#8111=CARTESIAN_POINT('Ctrl Pts',(0.550000000000005,-0.0499999999999978,
-4.79998675852033));
#8112=CARTESIAN_POINT('',(0.55000000000001,-0.0499999999999987,-4.49995566962382));
#8113=CARTESIAN_POINT('',(0.550000000000005,-0.0499999999999987,-4.65));
#8114=CARTESIAN_POINT('Ctrl Pts',(0.550000000000006,-0.05,-4.49995566962382));
#8115=CARTESIAN_POINT('Ctrl Pts',(0.550000000000006,-0.0360860069167229,
-4.49998496527888));
#8116=CARTESIAN_POINT('Ctrl Pts',(0.549612266915012,-0.0220337110608892,
-4.5));
#8117=CARTESIAN_POINT('Ctrl Pts',(0.548816924834258,-0.00789046329187401,
-4.5));
#8118=CARTESIAN_POINT('Origin',(0.550000000000005,-5.21419961067178,-4.8));
#8119=CARTESIAN_POINT('',(0.550000000000005,-2.56274092842224,-4.63859736247916));
#8120=CARTESIAN_POINT('Origin',(0.550000000000005,-0.0269856781200239,15.2));
#8121=CARTESIAN_POINT('',(0.550000000000005,-3.10327235807907,-4.56950702379936));
#8122=CARTESIAN_POINT('',(0.550000000000005,-4.28854489154567,-4.41800634081956));
#8123=CARTESIAN_POINT('',(0.550000000000005,-3.74479866306824,-4.59135396897551));
#8124=CARTESIAN_POINT('Origin',(0.550000000000005,-3.35684788310929,-6.55336676004728));
#8125=CARTESIAN_POINT('',(0.550000000000005,-4.30767820538716,-4.70265271201086));
#8126=CARTESIAN_POINT('',(0.550000000000005,-4.99930737446825,-4.83940924938328));
#8127=CARTESIAN_POINT('',(0.550000000000005,-4.34050449677235,-4.40333508404924));
#8128=CARTESIAN_POINT('',(0.550000000000005,-4.32185450127518,-4.57339000582529));
#8129=CARTESIAN_POINT('',(0.550000000000005,-3.75514320055053,-4.28759100100328));
#8130=CARTESIAN_POINT('',(0.550000000000005,-4.34648168486858,-4.40451695951633));
#8131=CARTESIAN_POINT('',(0.550000000000005,-3.11361689556136,-4.26574405582714));
#8132=CARTESIAN_POINT('Origin',(0.550000000000005,-3.36719242059158,-6.24960379207505));
#8133=CARTESIAN_POINT('',(0.550000000000005,-2.54364571359407,-4.33859736247915));
#8134=CARTESIAN_POINT('',(0.550000000000005,-3.19607779041324,-4.25520396353912));
#8135=CARTESIAN_POINT('Origin',(0.55000000000001,-0.00789046329185734,15.5));
#8136=CARTESIAN_POINT('Origin',(2.40000000000001,-0.0499999999999988,-4.65));
#8137=CARTESIAN_POINT('',(1.65,-0.0499999999999988,-4.49995566962382));
#8138=CARTESIAN_POINT('',(1.65118307516575,-0.00789046329187242,-4.5));
#8139=CARTESIAN_POINT('Ctrl Pts',(1.65118307516564,-0.00789046329388588,
-4.5));
#8140=CARTESIAN_POINT('Ctrl Pts',(1.65038773321053,-0.0220337088292582,
-4.5));
#8141=CARTESIAN_POINT('Ctrl Pts',(1.65000000000001,-0.0360860044695801,
-4.49998496528403));
#8142=CARTESIAN_POINT('Ctrl Pts',(1.65000000000001,-0.0499999999999982,
-4.49995566962382));
#8143=CARTESIAN_POINT('',(1.65000000000001,-0.0499999999999988,-4.79998675852033));
#8144=CARTESIAN_POINT('',(1.65000000000001,-0.0499999999999988,-4.65));
#8145=CARTESIAN_POINT('',(1.6503531892331,-0.0269856760471849,-4.8));
#8146=CARTESIAN_POINT('Ctrl Pts',(1.65000000000001,-0.0499999999999988,
-4.79998675852033));
#8147=CARTESIAN_POINT('Ctrl Pts',(1.65000000000001,-0.0423674059149477,
-4.79999554147499));
#8148=CARTESIAN_POINT('Ctrl Pts',(1.6501165610201,-0.0346933795440676,-4.8000000000008));
#8149=CARTESIAN_POINT('Ctrl Pts',(1.65035318923309,-0.0269856760473451,
-4.8));
#8150=CARTESIAN_POINT('',(3.15,-0.0499999999999988,-4.8));
#8151=CARTESIAN_POINT('Origin',(2.40000000000001,-0.0499999999999988,-4.8));
#8152=CARTESIAN_POINT('',(3.15,-0.0499999999999988,-4.5));
#8153=CARTESIAN_POINT('',(3.15,-0.0499999999999989,-4.5));
#8154=CARTESIAN_POINT('Origin',(2.4,-0.0499999999999989,-4.5));
#8155=CARTESIAN_POINT('Origin',(3.15,0.700000000000002,4.5));
#8156=CARTESIAN_POINT('',(3.15,0.200000000000001,4.5));
#8157=CARTESIAN_POINT('',(3.15,0.200000000000001,4.8));
#8158=CARTESIAN_POINT('',(3.15,0.200000000000001,4.5));
#8159=CARTESIAN_POINT('',(3.15,-1.2,4.5));
#8160=CARTESIAN_POINT('',(3.15,0.700000000000002,4.5));
#8161=CARTESIAN_POINT('',(3.15,-1.2,4.8));
#8162=CARTESIAN_POINT('',(3.15,-1.2,4.5));
#8163=CARTESIAN_POINT('',(3.15,0.700000000000002,4.8));
#8164=CARTESIAN_POINT('Origin',(2.65000000000001,0.200000000000001,4.5));
#8165=CARTESIAN_POINT('',(2.15000000000001,0.200000000000001,4.5));
#8166=CARTESIAN_POINT('Origin',(2.65000000000001,0.200000000000001,4.5));
#8167=CARTESIAN_POINT('',(2.15000000000001,0.200000000000001,4.8));
#8168=CARTESIAN_POINT('Origin',(2.65000000000001,0.200000000000001,4.8));
#8169=CARTESIAN_POINT('',(2.15000000000001,0.200000000000001,4.5));
#8170=CARTESIAN_POINT('Origin',(0.0500000000000034,0.700000000000002,4.5));
#8171=CARTESIAN_POINT('',(0.0500000000000039,0.200000000000002,4.5));
#8172=CARTESIAN_POINT('',(0.0500000000000039,0.200000000000002,4.8));
#8173=CARTESIAN_POINT('',(0.0500000000000039,0.200000000000002,4.5));
#8174=CARTESIAN_POINT('',(0.0500000000000042,-0.00789046329185653,4.5));
#8175=CARTESIAN_POINT('',(0.0500000000000034,0.700000000000002,4.5));
#8176=CARTESIAN_POINT('',(0.050000000000005,-2.54364571359407,4.33859736247915));
#8177=CARTESIAN_POINT('Origin',(0.0499999999999981,-0.00789046329185651,
-15.5));
#8178=CARTESIAN_POINT('',(0.050000000000005,-3.11361689556136,4.26574405582714));
#8179=CARTESIAN_POINT('',(0.050000000000005,-3.4361560038068,4.22451733892688));
#8180=CARTESIAN_POINT('',(0.050000000000005,-3.75514320055053,4.28759100100328));
#8181=CARTESIAN_POINT('Origin',(0.0500000000000034,-3.36719242059158,6.24960379207506));
#8182=CARTESIAN_POINT('',(0.050000000000005,-3.84818270215951,4.3059877960601));
#8183=CARTESIAN_POINT('',(0.050000000000005,-4.83282629138519,4.50068237203838));
#8184=CARTESIAN_POINT('',(0.050000000000005,-3.81535641077431,4.60530542402172));
#8185=CARTESIAN_POINT('',(0.0500000000000084,-3.80594548064376,4.69111643601014));
#8186=CARTESIAN_POINT('',(0.050000000000005,-3.74479866306824,4.59135396897551));
#8187=CARTESIAN_POINT('',(0.050000000000005,-3.42581146632452,4.5282803068991));
#8188=CARTESIAN_POINT('',(0.050000000000005,-3.10327235807907,4.56950702379937));
#8189=CARTESIAN_POINT('Origin',(0.0500000000000034,-3.35684788310929,6.55336676004728));
#8190=CARTESIAN_POINT('',(0.050000000000005,-2.56274092842225,4.63859736247915));
#8191=CARTESIAN_POINT('',(0.050000000000005,-1.3,4.8));
#8192=CARTESIAN_POINT('',(0.0500000000000042,-0.0269856781200405,4.8));
#8193=CARTESIAN_POINT('Origin',(0.0500000000000034,-0.0269856781200405,
-15.2));
#8194=CARTESIAN_POINT('',(0.0500000000000034,0.700000000000002,4.8));
#8195=CARTESIAN_POINT('Origin',(-0.449999999999997,0.200000000000001,4.5));
#8196=CARTESIAN_POINT('',(-0.949999999999997,0.200000000000001,4.5));
#8197=CARTESIAN_POINT('Origin',(-0.449999999999997,0.200000000000001,4.5));
#8198=CARTESIAN_POINT('',(-0.949999999999997,0.200000000000001,4.8));
#8199=CARTESIAN_POINT('Origin',(-0.449999999999996,0.200000000000001,4.8));
#8200=CARTESIAN_POINT('',(-0.949999999999997,0.200000000000001,4.5));
#8201=CARTESIAN_POINT('Origin',(1.05000000000001,-4.32185450127518,-4.57339000582529));
#8202=CARTESIAN_POINT('',(1.05000000000001,-4.8,-4.8));
#8203=CARTESIAN_POINT('Origin',(1.05000000000001,-4.30767820538716,-4.70265271201086));
#8204=CARTESIAN_POINT('',(1.05000000000001,-4.83282629138519,-4.50068237203838));
#8205=CARTESIAN_POINT('',(1.05000000000001,-4.81887445607576,-4.62789839536335));
#8206=CARTESIAN_POINT('Origin',(1.05000000000001,-4.34050449677235,-4.40333508404924));
#8207=CARTESIAN_POINT('Origin',(2.15000000000001,-3.4361560038068,-4.22451733892688));
#8208=CARTESIAN_POINT('',(1.15000000000001,-4.83282629138519,-4.50068237203838));
#8209=CARTESIAN_POINT('',(2.15000000000001,-4.83282629138519,-4.50068237203838));
#8210=CARTESIAN_POINT('',(1.65000000000001,-4.34050449677235,-4.40333508404924));
#8211=CARTESIAN_POINT('Origin',(1.15000000000001,-4.34050449677235,-4.40333508404924));
#8212=CARTESIAN_POINT('',(1.65000000000001,-3.75514320055053,-4.28759100100328));
#8213=CARTESIAN_POINT('',(1.65000000000001,-1.50064705317397,-3.84180719023036));
#8214=CARTESIAN_POINT('',(2.15000000000001,-3.75514320055053,-4.28759100100328));
#8215=CARTESIAN_POINT('Origin',(1.15000000000001,-4.28671038106166,-4.89384212683018));
#8216=CARTESIAN_POINT('',(1.15000000000001,-4.8,-4.8));
#8217=CARTESIAN_POINT('',(1.15000000000001,-4.78373033586223,-4.94835051636824));
#8218=CARTESIAN_POINT('',(1.65000000000001,-4.30767820538716,-4.70265271201086));
#8219=CARTESIAN_POINT('Origin',(1.15000000000001,-4.30767820538716,-4.70265271201086));
#8220=CARTESIAN_POINT('',(1.65000000000001,-4.28671038106166,-4.89384212683018));
#8221=CARTESIAN_POINT('Origin',(1.65000000000001,0.700000000000001,-4.8));
#8222=CARTESIAN_POINT('',(1.65000000000001,-2.54364571359407,-4.33859736247915));
#8223=CARTESIAN_POINT('Origin',(1.65,-0.00789046329185916,15.5));
#8224=CARTESIAN_POINT('',(1.65000000000001,-3.11361689556136,-4.26574405582714));
#8225=CARTESIAN_POINT('',(1.65000000000001,-0.286513768753421,-4.62710234472046));
#8226=CARTESIAN_POINT('Origin',(1.65000000000001,-3.36719242059158,-6.24960379207505));
#8227=CARTESIAN_POINT('',(1.65000000000001,-3.74479866306824,-4.59135396897551));
#8228=CARTESIAN_POINT('',(1.65000000000001,-2.15347274277365,-4.27669948009731));
#8229=CARTESIAN_POINT('',(1.65000000000001,-3.10327235807907,-4.56950702379936));
#8230=CARTESIAN_POINT('Origin',(1.65000000000001,-3.35684788310929,-6.55336676004728));
#8231=CARTESIAN_POINT('',(1.65000000000001,-2.56274092842224,-4.63859736247916));
#8232=CARTESIAN_POINT('',(1.65000000000001,-1.37898086988585,-4.7899047220009));
#8233=CARTESIAN_POINT('Origin',(1.65000000000001,-0.0269856781200239,15.2));
#8234=CARTESIAN_POINT('Origin',(2.15000000000001,-1.2789135928142,-4.50025451277542));
#8235=CARTESIAN_POINT('',(2.15000000000001,-3.11361689556136,-4.26574405582714));
#8236=CARTESIAN_POINT('',(1.15,-2.54364571359407,-4.33859736247915));
#8237=CARTESIAN_POINT('Origin',(2.15000000000001,-3.36719242059158,-6.24960379207505));
#8238=CARTESIAN_POINT('Origin',(2.15000000000001,-4.83282629138519,-4.50068237203838));
#8239=CARTESIAN_POINT('',(2.15000000000001,-4.8,-4.8));
#8240=CARTESIAN_POINT('Origin',(2.15000000000001,-4.8,-4.8));
#8241=CARTESIAN_POINT('',(2.15000000000001,-3.74479866306824,-4.59135396897551));
#8242=CARTESIAN_POINT('Origin',(2.15000000000001,-3.35684788310929,-6.55336676004728));
#8243=CARTESIAN_POINT('',(2.15000000000001,-3.10327235807907,-4.56950702379936));
#8244=CARTESIAN_POINT('Origin',(2.15000000000001,-3.42581146632452,-4.5282803068991));
#8245=CARTESIAN_POINT('',(3.85,-2.56274092842224,-4.63859736247916));
#8246=CARTESIAN_POINT('Origin',(-1.21184239319054,-0.899999999999999,-3.77647617144002));
#8247=CARTESIAN_POINT('',(-1.06574553853517,-1.,-4.32325654060741));
#8248=CARTESIAN_POINT('',(-0.969134758494728,-0.899999999999999,-4.29744264551238));
#8249=CARTESIAN_POINT('Origin',(-1.06574553853517,-0.899999999999999,-4.32325654060741));
#8250=CARTESIAN_POINT('',(-1.04657644377983,-0.899999999999999,-4.00761030539105));
#8251=CARTESIAN_POINT('',(-1.1152316131501,-0.899999999999999,-3.75066227634499));
#8252=CARTESIAN_POINT('',(-1.14318722382027,-1.,-4.03342420048609));
#8253=CARTESIAN_POINT('Origin',(-1.14318722382027,-0.899999999999999,-4.03342420048609));
#8254=CARTESIAN_POINT('',(-1.21184239319054,-0.999999999999999,-3.77647617144002));
#8255=CARTESIAN_POINT('Origin',(-0.969134758494728,0.,-4.29744264551238));
#8256=CARTESIAN_POINT('',(-2.21577726295063,-1.,-4.6305390020221));
#8257=CARTESIAN_POINT('',(-0.969134758494729,-1.,-4.29744264551238));
#8258=CARTESIAN_POINT('',(-2.21577726295063,0.,-4.6305390020221));
#8259=CARTESIAN_POINT('',(-2.21577726295063,3.85,-4.6305390020221));
#8260=CARTESIAN_POINT('',(-1.72722352998521,0.,-4.5));
#8261=CARTESIAN_POINT('',(-1.87215887113216,0.,-4.53872596505653));
#8262=CARTESIAN_POINT('',(-0.969134758494728,0.,-4.29744264551238));
#8263=CARTESIAN_POINT('',(-0.969134758494729,0.,-4.29744264551238));
#8264=CARTESIAN_POINT('',(-0.969134758494728,0.,-4.29744264551238));
#8265=CARTESIAN_POINT('Origin',(-4.95,-1.,-4.5));
#8266=CARTESIAN_POINT('',(-2.25516558401276,-1.,-4.3305390020221));
#8267=CARTESIAN_POINT('',(-2.92744168528509,-1.,-4.51016765987867));
#8268=CARTESIAN_POINT('',(-3.54586033876438,-1.,-4.5));
#8269=CARTESIAN_POINT('Origin',(-3.54586033876438,-1.,0.499999999999999));
#8270=CARTESIAN_POINT('',(-4.85,-1.,-4.5));
#8271=CARTESIAN_POINT('',(-4.95,-1.,-4.5));
#8272=CARTESIAN_POINT('',(-4.85,-1.,-4.8));
#8273=CARTESIAN_POINT('',(-4.85,-1.,-4.5));
#8274=CARTESIAN_POINT('',(-3.50647201770225,-1.,-4.8));
#8275=CARTESIAN_POINT('',(-4.95,-1.,-4.8));
#8276=CARTESIAN_POINT('Origin',(-3.50647201770225,-1.,0.199999999999999));
#8277=CARTESIAN_POINT('Origin',(-0.705251621197281,7.6,0.15));
#8278=CARTESIAN_POINT('',(-0.705251621197281,7.7,-4.8));
#8279=CARTESIAN_POINT('',(-0.779817231259,7.66663309835302,-4.8));
#8280=CARTESIAN_POINT('Origin',(-0.705251621197281,7.6,-4.8));
#8281=CARTESIAN_POINT('',(-0.779817231259,7.66663309835302,-4.5));
#8282=CARTESIAN_POINT('',(-0.779817231258999,7.66663309835302,0.15));
#8283=CARTESIAN_POINT('',(-0.705251621197281,7.7,-4.5));
#8284=CARTESIAN_POINT('Origin',(-0.705251621197281,7.6,-4.5));
#8285=CARTESIAN_POINT('',(-0.705251621197281,7.7,0.15));
#8286=CARTESIAN_POINT('Origin',(5.55,7.7,4.8));
#8287=CARTESIAN_POINT('',(5.55,7.7,-4.8));
#8288=CARTESIAN_POINT('',(5.25,7.7,-4.5));
#8289=CARTESIAN_POINT('',(5.25,7.7,-3.));
#8290=CARTESIAN_POINT('Origin',(0.150000000000001,3.2,-4.5));
#8291=CARTESIAN_POINT('',(1.15,-0.00789046329185833,-4.5));
#8292=CARTESIAN_POINT('',(3.15,-1.2,-4.5));
#8293=CARTESIAN_POINT('',(3.15,0.700000000000002,-4.5));
#8294=CARTESIAN_POINT('',(3.25000000000001,-1.3,-4.5));
#8295=CARTESIAN_POINT('Origin',(3.25000000000001,-1.2,-4.5));
#8296=CARTESIAN_POINT('',(5.05000000000001,-1.3,-4.5));
#8297=CARTESIAN_POINT('',(3.15,-1.3,-4.5));
#8298=CARTESIAN_POINT('',(5.15000000000001,-1.2,-4.5));
#8299=CARTESIAN_POINT('Origin',(5.05000000000001,-1.2,-4.5));
#8300=CARTESIAN_POINT('',(5.15000000000001,-1.3,-4.5));
#8301=CARTESIAN_POINT('',(-4.92456561006171,3.02846229350236,-4.5));
#8302=CARTESIAN_POINT('',(-0.750000000000002,7.7,-4.5));
#8303=CARTESIAN_POINT('',(-4.95,2.96182919514934,-4.5));
#8304=CARTESIAN_POINT('Origin',(-4.85,2.96182919514934,-4.5));
#8305=CARTESIAN_POINT('',(-4.95,-0.9,-4.5));
#8306=CARTESIAN_POINT('',(-4.95,3.,-4.5));
#8307=CARTESIAN_POINT('Origin',(-4.85,-0.9,-4.5));
#8308=CARTESIAN_POINT('',(-3.54586033876438,0.,-4.5));
#8309=CARTESIAN_POINT('',(-3.54586033876438,1.6,-4.5));
#8310=CARTESIAN_POINT('',(-0.899144110944955,0.,-4.5));
#8311=CARTESIAN_POINT('',(-2.85,0.,-4.5));
#8312=CARTESIAN_POINT('',(-2.85,0.7,-4.5));
#8313=CARTESIAN_POINT('Origin',(-4.85,2.96182919514934,-4.5));
#8314=CARTESIAN_POINT('',(-4.92456561006171,3.02846229350236,-4.8));
#8315=CARTESIAN_POINT('',(-4.95,2.96182919514934,-4.8));
#8316=CARTESIAN_POINT('Origin',(-4.85,2.96182919514934,-4.8));
#8317=CARTESIAN_POINT('',(-4.95,2.96182919514934,-4.5));
#8318=CARTESIAN_POINT('',(-4.92456561006171,3.02846229350236,-4.5));
#8319=CARTESIAN_POINT('Origin',(-4.95,3.,-4.5));
#8320=CARTESIAN_POINT('',(-4.95,-0.9,-4.8));
#8321=CARTESIAN_POINT('',(-4.95,3.,-4.8));
#8322=CARTESIAN_POINT('',(-4.95,-0.9,-4.5));
#8323=CARTESIAN_POINT('Origin',(-4.85,-0.9,-4.5));
#8324=CARTESIAN_POINT('Origin',(-4.85,-0.9,-4.8));
#8325=CARTESIAN_POINT('Origin',(5.05000000000001,-1.2,-4.5));
#8326=CARTESIAN_POINT('',(5.05000000000001,-1.3,-4.8));
#8327=CARTESIAN_POINT('',(5.15000000000001,-1.2,-4.8));
#8328=CARTESIAN_POINT('Origin',(5.05000000000001,-1.2,-4.8));
#8329=CARTESIAN_POINT('',(5.15000000000001,-1.2,-4.5));
#8330=CARTESIAN_POINT('',(5.05000000000001,-1.3,-4.5));
#8331=CARTESIAN_POINT('Origin',(3.15,-1.3,-4.5));
#8332=CARTESIAN_POINT('',(3.25000000000001,-1.3,-4.8));
#8333=CARTESIAN_POINT('',(3.25000000000001,-1.3,-4.5));
#8334=CARTESIAN_POINT('',(3.15,-1.3,-4.8));
#8335=CARTESIAN_POINT('Origin',(3.25000000000001,-1.2,-4.5));
#8336=CARTESIAN_POINT('',(3.15,-1.2,-4.8));
#8337=CARTESIAN_POINT('Origin',(3.25000000000001,-1.2,-4.8));
#8338=CARTESIAN_POINT('',(3.15,-1.2,-4.5));
#8339=CARTESIAN_POINT('Origin',(3.15,0.700000000000002,-4.5));
#8340=CARTESIAN_POINT('',(3.15,0.700000000000002,-4.8));
#8341=CARTESIAN_POINT('Origin',(3.85,-0.0269856781200239,15.2));
#8342=CARTESIAN_POINT('',(3.85,-0.0269856781200239,-4.8));
#8343=CARTESIAN_POINT('Origin',(1.15,-0.00789046329185833,15.5));
#8344=CARTESIAN_POINT('Origin',(-3.54586033876438,1.6,0.499999999999999));
#8345=CARTESIAN_POINT('',(-2.25516558401276,0.,-4.3305390020221));
#8346=CARTESIAN_POINT('Origin',(-3.54586033876438,0.,0.499999999999999));
#8347=CARTESIAN_POINT('',(-2.25516558401276,1.6,-4.3305390020221));
#8348=CARTESIAN_POINT('Origin',(-3.50647201770225,3.85,0.199999999999999));
#8349=CARTESIAN_POINT('',(-3.50647201770225,0.,-4.8));
#8350=CARTESIAN_POINT('',(-3.50647201770225,3.85,-4.8));
#8351=CARTESIAN_POINT('Origin',(-3.50647201770225,0.,0.199999999999999));
#8352=CARTESIAN_POINT('Origin',(-1.94828822188991,0.,-4.40380515269553));
#8353=CARTESIAN_POINT('',(-1.04657644377983,0.,-4.00761030539105));
#8354=CARTESIAN_POINT('',(-2.92744168528509,0.,-4.51016765987867));
#8355=CARTESIAN_POINT('',(-1.04657644377983,0.,-4.00761030539105));
#8356=CARTESIAN_POINT('Origin',(-2.92744168528509,0.,-4.51016765987867));
#8357=CARTESIAN_POINT('',(-1.04657644377983,0.,-4.00761030539105));
#8358=CARTESIAN_POINT('Origin',(-1.04657644377983,0.,-4.00761030539105));
#8359=CARTESIAN_POINT('Origin',(-0.750000000000002,7.7,-4.5));
#8360=CARTESIAN_POINT('',(-0.750000000000002,7.7,-4.8));
#8361=CARTESIAN_POINT('Origin',(5.15000000000001,-1.3,-4.5));
#8362=CARTESIAN_POINT('',(5.15000000000001,-1.3,-4.8));
#8363=CARTESIAN_POINT('Origin',(-0.949999999999997,0.700000000000001,-4.5));
#8364=CARTESIAN_POINT('',(3.05,0.700000000000001,-4.8));
#8365=CARTESIAN_POINT('Origin',(-2.85,0.,-4.5));
#8366=CARTESIAN_POINT('',(-2.85,0.,-4.8));
#8367=CARTESIAN_POINT('Origin',(-1.21184239319054,-0.899999999999999,3.77647617144002));
#8368=CARTESIAN_POINT('',(-0.969134758494728,-0.899999999999999,4.29744264551238));
#8369=CARTESIAN_POINT('',(-1.06574553853517,-1.,4.32325654060741));
#8370=CARTESIAN_POINT('Origin',(-1.06574553853517,-0.899999999999999,4.32325654060741));
#8371=CARTESIAN_POINT('',(-1.14318722382027,-1.,4.03342420048609));
#8372=CARTESIAN_POINT('',(-1.21184239319054,-0.999999999999999,3.77647617144002));
#8373=CARTESIAN_POINT('',(-1.04657644377983,-0.899999999999999,4.00761030539105));
#8374=CARTESIAN_POINT('Origin',(-1.14318722382027,-0.899999999999999,4.03342420048609));
#8375=CARTESIAN_POINT('',(-1.1152316131501,-0.899999999999999,3.75066227634499));
#8376=CARTESIAN_POINT('Origin',(-4.95,-1.,4.5));
#8377=CARTESIAN_POINT('',(-2.21577726295062,-1.,4.6305390020221));
#8378=CARTESIAN_POINT('',(-0.969134758494729,-1.,4.29744264551238));
#8379=CARTESIAN_POINT('',(-3.50647201770225,-1.,4.8));
#8380=CARTESIAN_POINT('Origin',(-3.50647201770225,-1.,-0.2));
#8381=CARTESIAN_POINT('',(-4.85,-1.,4.8));
#8382=CARTESIAN_POINT('',(-4.95,-1.,4.8));
#8383=CARTESIAN_POINT('',(-4.85,-1.,4.5));
#8384=CARTESIAN_POINT('',(-4.85,-1.,4.5));
#8385=CARTESIAN_POINT('',(-3.54586033876438,-1.,4.5));
#8386=CARTESIAN_POINT('',(-4.95,-1.,4.5));
#8387=CARTESIAN_POINT('',(-2.25516558401276,-1.,4.3305390020221));
#8388=CARTESIAN_POINT('Origin',(-3.54586033876438,-1.,-0.499999999999999));
#8389=CARTESIAN_POINT('',(-2.92744168528509,-1.,4.51016765987867));
#8390=CARTESIAN_POINT('Origin',(-0.969134758494728,0.,4.29744264551238));
#8391=CARTESIAN_POINT('',(-0.969134758494728,0.,4.29744264551238));
#8392=CARTESIAN_POINT('',(-0.969134758494728,0.,4.29744264551238));
#8393=CARTESIAN_POINT('',(-1.72722352998521,0.,4.5));
#8394=CARTESIAN_POINT('',(-0.969134758494729,0.,4.29744264551238));
#8395=CARTESIAN_POINT('',(-2.21577726295062,0.,4.6305390020221));
#8396=CARTESIAN_POINT('',(-1.87215887113216,0.,4.53872596505653));
#8397=CARTESIAN_POINT('',(-2.21577726295062,0.15,4.6305390020221));
#8398=CARTESIAN_POINT('Origin',(-0.705251621197281,7.6,4.65));
#8399=CARTESIAN_POINT('',(-0.779817231258999,7.66663309835303,4.8));
#8400=CARTESIAN_POINT('Origin',(-0.705251621197281,7.6,4.8));
#8401=CARTESIAN_POINT('',(-0.779817231258999,7.66663309835303,4.5));
#8402=CARTESIAN_POINT('Origin',(-0.705251621197281,7.6,4.5));
#8403=CARTESIAN_POINT('',(-0.779817231258999,7.66663309835303,4.65));
#8404=CARTESIAN_POINT('Origin',(5.55,0.299999999999999,4.8));
#8405=CARTESIAN_POINT('',(-4.92456561006171,3.02846229350236,4.8));
#8406=CARTESIAN_POINT('',(-0.750000000000002,7.7,4.8));
#8407=CARTESIAN_POINT('',(-4.95,2.96182919514934,4.8));
#8408=CARTESIAN_POINT('Origin',(-4.85,2.96182919514934,4.8));
#8409=CARTESIAN_POINT('',(-4.95,-0.9,4.8));
#8410=CARTESIAN_POINT('',(-4.95,3.,4.8));
#8411=CARTESIAN_POINT('Origin',(-4.85,-0.9,4.8));
#8412=CARTESIAN_POINT('',(-3.50647201770225,0.,4.8));
#8413=CARTESIAN_POINT('',(-3.50647201770225,0.15,4.8));
#8414=CARTESIAN_POINT('',(-0.949999999999997,0.,4.8));
#8415=CARTESIAN_POINT('',(-2.85,0.,4.8));
#8416=CARTESIAN_POINT('',(-0.949999999999996,-0.999999999999999,4.8));
#8417=CARTESIAN_POINT('',(2.15000000000001,-0.0269856781200406,4.8));
#8418=CARTESIAN_POINT('',(3.85,-0.0269856781200405,4.8));
#8419=CARTESIAN_POINT('',(2.15000000000001,-1.3,4.8));
#8420=CARTESIAN_POINT('',(3.25000000000001,-1.3,4.8));
#8421=CARTESIAN_POINT('Origin',(3.25000000000001,-1.2,4.8));
#8422=CARTESIAN_POINT('',(5.05000000000001,-1.3,4.8));
#8423=CARTESIAN_POINT('',(3.15,-1.3,4.8));
#8424=CARTESIAN_POINT('',(5.15000000000001,-1.2,4.8));
#8425=CARTESIAN_POINT('Origin',(5.05000000000001,-1.2,4.8));
#8426=CARTESIAN_POINT('',(5.15000000000001,-1.3,4.8));
#8427=CARTESIAN_POINT('Origin',(-4.85,2.96182919514934,4.5));
#8428=CARTESIAN_POINT('',(-4.92456561006171,3.02846229350236,4.5));
#8429=CARTESIAN_POINT('',(-4.92456561006171,3.02846229350236,4.5));
#8430=CARTESIAN_POINT('',(-4.95,2.96182919514934,4.5));
#8431=CARTESIAN_POINT('Origin',(-4.85,2.96182919514934,4.5));
#8432=CARTESIAN_POINT('',(-4.95,2.96182919514934,4.5));
#8433=CARTESIAN_POINT('Origin',(-4.95,3.,4.5));
#8434=CARTESIAN_POINT('',(-4.95,-0.9,4.5));
#8435=CARTESIAN_POINT('',(-4.95,3.,4.5));
#8436=CARTESIAN_POINT('',(-4.95,-0.9,4.5));
#8437=CARTESIAN_POINT('Origin',(-4.85,-0.9,4.5));
#8438=CARTESIAN_POINT('Origin',(-4.85,-0.9,4.5));
#8439=CARTESIAN_POINT('Origin',(5.05000000000001,-1.2,4.5));
#8440=CARTESIAN_POINT('',(5.05000000000001,-1.3,4.5));
#8441=CARTESIAN_POINT('',(5.05000000000001,-1.3,4.5));
#8442=CARTESIAN_POINT('',(5.15000000000001,-1.2,4.5));
#8443=CARTESIAN_POINT('Origin',(5.05000000000001,-1.2,4.5));
#8444=CARTESIAN_POINT('',(5.15000000000001,-1.2,4.5));
#8445=CARTESIAN_POINT('Origin',(3.15,-1.3,4.5));
#8446=CARTESIAN_POINT('',(3.25000000000001,-1.3,4.5));
#8447=CARTESIAN_POINT('',(3.25000000000001,-1.3,4.5));
#8448=CARTESIAN_POINT('',(3.15,-1.3,4.5));
#8449=CARTESIAN_POINT('Origin',(3.25000000000001,-1.2,4.5));
#8450=CARTESIAN_POINT('Origin',(3.25000000000001,-1.2,4.5));
#8451=CARTESIAN_POINT('Origin',(1.05000000000001,-3.80594548064376,4.69111643601014));
#8452=CARTESIAN_POINT('',(1.05000000000001,-4.8,4.8));
#8453=CARTESIAN_POINT('Origin',(1.05000000000001,-3.81535641077431,4.60530542402172));
#8454=CARTESIAN_POINT('',(1.05000000000001,-4.83282629138519,4.50068237203838));
#8455=CARTESIAN_POINT('Origin',(1.05000000000001,-3.84818270215951,4.3059877960601));
#8456=CARTESIAN_POINT('',(1.05000000000001,-4.79998539024491,4.80013321508626));
#8457=CARTESIAN_POINT('Origin',(2.15000000000001,-4.8,4.8));
#8458=CARTESIAN_POINT('',(1.15000000000001,-4.8,4.8));
#8459=CARTESIAN_POINT('',(2.15000000000001,-4.8,4.8));
#8460=CARTESIAN_POINT('',(2.15000000000001,-3.81535641077431,4.60530542402172));
#8461=CARTESIAN_POINT('Origin',(1.15000000000001,-3.81535641077431,4.60530542402172));
#8462=CARTESIAN_POINT('',(2.15000000000001,-3.74479866306824,4.59135396897551));
#8463=CARTESIAN_POINT('',(2.15000000000001,-3.42581146632452,4.5282803068991));
#8464=CARTESIAN_POINT('',(2.15000000000001,-3.74479866306824,4.59135396897551));
#8465=CARTESIAN_POINT('Origin',(1.15000000000001,-3.81783013876389,4.5827494067923));
#8466=CARTESIAN_POINT('',(1.15000000000001,-4.83282629138519,4.50068237203838));
#8467=CARTESIAN_POINT('',(2.15000000000001,-3.84818270215951,4.3059877960601));
#8468=CARTESIAN_POINT('Origin',(1.15000000000001,-3.84818270215951,4.3059877960601));
#8469=CARTESIAN_POINT('',(2.15000000000001,-3.81783013876389,4.5827494067923));
#8470=CARTESIAN_POINT('',(1.15000000000001,-4.81187004836504,4.69176618586843));
#8471=CARTESIAN_POINT('Origin',(2.15000000000001,-1.3,4.5));
#8472=CARTESIAN_POINT('',(2.15000000000001,-2.56274092842225,4.63859736247915));
#8473=CARTESIAN_POINT('Origin',(2.15000000000001,-0.0269856781200405,-15.2));
#8474=CARTESIAN_POINT('',(2.15000000000001,-3.10327235807907,4.56950702379937));
#8475=CARTESIAN_POINT('',(2.15000000000001,-1.3,4.8));
#8476=CARTESIAN_POINT('Origin',(2.15000000000001,-3.35684788310929,6.55336676004728));
#8477=CARTESIAN_POINT('',(2.15000000000001,-3.75514320055053,4.28759100100328));
#8478=CARTESIAN_POINT('',(2.15000000000001,-4.83282629138519,4.50068237203838));
#8479=CARTESIAN_POINT('',(2.15000000000001,-3.11361689556136,4.26574405582714));
#8480=CARTESIAN_POINT('Origin',(2.15000000000001,-3.36719242059158,6.24960379207506));
#8481=CARTESIAN_POINT('',(2.15000000000001,-2.54364571359407,4.33859736247915));
#8482=CARTESIAN_POINT('',(2.15000000000001,-3.4361560038068,4.22451733892688));
#8483=CARTESIAN_POINT('',(2.15000000000001,-0.00789046329185999,4.5));
#8484=CARTESIAN_POINT('Origin',(2.15,-0.00789046329185998,-15.5));
#8485=CARTESIAN_POINT('',(2.15000000000001,-1.3,4.5));
#8486=CARTESIAN_POINT('Origin',(2.15000000000001,-3.4361560038068,4.22451733892688));
#8487=CARTESIAN_POINT('',(2.15000000000001,-3.75514320055053,4.28759100100328));
#8488=CARTESIAN_POINT('',(2.15000000000001,-4.83282629138519,4.50068237203838));
#8489=CARTESIAN_POINT('Origin',(2.15000000000001,-3.36719242059158,6.24960379207506));
#8490=CARTESIAN_POINT('',(2.15000000000001,-3.11361689556136,4.26574405582714));
#8491=CARTESIAN_POINT('Origin',(2.15000000000001,-3.35684788310929,6.55336676004728));
#8492=CARTESIAN_POINT('',(2.15000000000001,-3.10327235807907,4.56950702379937));
#8493=CARTESIAN_POINT('Origin',(2.15000000000001,-3.42581146632452,4.5282803068991));
#8494=CARTESIAN_POINT('',(3.85,-2.56274092842225,4.63859736247916));
#8495=CARTESIAN_POINT('Origin',(3.85,-0.0269856781200405,-15.2));
#8496=CARTESIAN_POINT('Origin',(1.15,-0.00789046329185833,-15.5));
#8497=CARTESIAN_POINT('',(1.15,-2.54364571359407,4.33859736247915));
#8498=CARTESIAN_POINT('',(1.15,-0.00789046329185833,4.5));
#8499=CARTESIAN_POINT('Origin',(2.15000000000001,-1.2789135928142,4.50025451277542));
#8500=CARTESIAN_POINT('Origin',(2.15000000000001,-4.83282629138519,4.50068237203838));
#8501=CARTESIAN_POINT('Origin',(-3.54586033876438,1.6,-0.499999999999999));
#8502=CARTESIAN_POINT('',(-3.54586033876438,0.,4.5));
#8503=CARTESIAN_POINT('',(-2.25516558401276,0.,4.3305390020221));
#8504=CARTESIAN_POINT('Origin',(-3.54586033876438,0.,-0.499999999999999));
#8505=CARTESIAN_POINT('',(-2.25516558401276,1.6,4.3305390020221));
#8506=CARTESIAN_POINT('',(-3.54586033876438,1.6,4.5));
#8507=CARTESIAN_POINT('Origin',(-2.92744168528509,0.,4.51016765987867));
#8508=CARTESIAN_POINT('',(-1.04657644377983,0.,4.00761030539105));
#8509=CARTESIAN_POINT('',(-2.92744168528509,0.,4.51016765987867));
#8510=CARTESIAN_POINT('',(-1.04657644377983,0.,4.00761030539105));
#8511=CARTESIAN_POINT('Origin',(-3.50647201770225,0.15,-0.2));
#8512=CARTESIAN_POINT('Origin',(-3.50647201770225,0.,-0.2));
#8513=CARTESIAN_POINT('Origin',(-1.94828822188991,0.,4.40380515269553));
#8514=CARTESIAN_POINT('',(-0.899144110944955,0.,4.5));
#8515=CARTESIAN_POINT('',(-1.04657644377983,0.,4.00761030539105));
#8516=CARTESIAN_POINT('Origin',(-1.04657644377983,0.,4.00761030539105));
#8517=CARTESIAN_POINT('Origin',(-0.750000000000002,7.7,4.5));
#8518=CARTESIAN_POINT('',(-0.750000000000002,7.7,4.5));
#8519=CARTESIAN_POINT('Origin',(5.15000000000001,-1.3,4.5));
#8520=CARTESIAN_POINT('',(5.15000000000001,-1.3,4.5));
#8521=CARTESIAN_POINT('Origin',(-0.949999999999997,0.,4.5));
#8522=CARTESIAN_POINT('',(-0.949999999999997,0.,4.5));
#8523=CARTESIAN_POINT('',(-0.949999999999997,0.,4.5));
#8524=CARTESIAN_POINT('',(-0.949999999999996,-0.999999999999999,4.5));
#8525=CARTESIAN_POINT('Origin',(-2.85,0.,4.5));
#8526=CARTESIAN_POINT('',(-2.85,0.,4.5));
#8527=CARTESIAN_POINT('Origin',(0.150000000000001,3.2,4.5));
#8528=CARTESIAN_POINT('Origin',(5.55,0.299999999999999,2.3));
#8529=CARTESIAN_POINT('Origin',(5.55,7.7,-4.8));
#8530=CARTESIAN_POINT('Origin',(5.25,8.,-3.));
#8531=CARTESIAN_POINT('Origin',(-0.759540371284794,2.25438708384299,0.));
#8532=CARTESIAN_POINT('',(-0.466287877401261,2.31765615078007,3.5));
#8533=CARTESIAN_POINT('',(-0.466287877401261,2.31765615078007,-3.5));
#8534=CARTESIAN_POINT('',(-0.466287877401261,2.31765615078007,0.));
#8535=CARTESIAN_POINT('',(-0.759540371284794,2.25438708384299,3.5));
#8536=CARTESIAN_POINT('',(-0.759540371284794,2.25438708384299,3.5));
#8537=CARTESIAN_POINT('',(-0.759540371284794,2.25438708384299,-3.5));
#8538=CARTESIAN_POINT('',(-0.759540371284794,2.25438708384299,0.));
#8539=CARTESIAN_POINT('',(-0.759540371284794,2.25438708384299,-3.5));
#8540=CARTESIAN_POINT('Origin',(-1.93442841245045,7.7,0.));
#8541=CARTESIAN_POINT('',(-1.93442841245045,7.7,3.5));
#8542=CARTESIAN_POINT('',(-1.93442841245045,7.7,3.5));
#8543=CARTESIAN_POINT('',(-1.93442841245045,7.7,-3.5));
#8544=CARTESIAN_POINT('',(-1.93442841245045,7.7,5.55111512312578E-16));
#8545=CARTESIAN_POINT('',(-1.93442841245045,7.7,-3.5));
#8546=CARTESIAN_POINT('Origin',(-0.466287877401261,2.31765615078007,0.));
#8547=CARTESIAN_POINT('',(-1.62752565159706,7.7,3.5));
#8548=CARTESIAN_POINT('',(-1.62752565159706,7.7,-3.5));
#8549=CARTESIAN_POINT('',(-1.62752565159706,7.7,5.55111512312578E-16));
#8550=CARTESIAN_POINT('',(-0.466287877401261,2.31765615078007,3.5));
#8551=CARTESIAN_POINT('',(-0.466287877401261,2.31765615078007,-3.5));
#8552=CARTESIAN_POINT('Origin',(-0.3,7.7,1.11022302462516E-15));
#8553=CARTESIAN_POINT('',(3.85,7.7,-3.5));
#8554=CARTESIAN_POINT('',(-4.45,7.7,-3.5));
#8555=CARTESIAN_POINT('',(3.85,7.7,-1.05));
#8556=CARTESIAN_POINT('',(3.85,7.7,-3.5));
#8557=CARTESIAN_POINT('',(3.35,7.7,-1.05));
#8558=CARTESIAN_POINT('',(3.85,7.7,-1.05));
#8559=CARTESIAN_POINT('',(3.35,7.7,1.05));
#8560=CARTESIAN_POINT('',(3.35,7.7,-1.05));
#8561=CARTESIAN_POINT('',(3.85,7.7,1.05));
#8562=CARTESIAN_POINT('',(3.35,7.7,1.05));
#8563=CARTESIAN_POINT('',(3.85,7.7,3.5));
#8564=CARTESIAN_POINT('',(3.85,7.7,1.05));
#8565=CARTESIAN_POINT('',(3.85,7.7,3.5));
#8566=CARTESIAN_POINT('',(2.15,7.7,2.77555756156289E-16));
#8567=CARTESIAN_POINT('Origin',(0.35,7.7,0.));
#8568=CARTESIAN_POINT('Origin',(0.35,8.,0.));
#8569=CARTESIAN_POINT('',(2.15,8.,2.20436423846524E-16));
#8570=CARTESIAN_POINT('',(2.15,8.,2.20436423846524E-16));
#8571=CARTESIAN_POINT('Origin',(0.35,8.,0.));
#8572=CARTESIAN_POINT('Origin',(3.85,8.,-3.5));
#8573=CARTESIAN_POINT('',(3.85,8.,-3.5));
#8574=CARTESIAN_POINT('',(3.85,8.,-1.05));
#8575=CARTESIAN_POINT('',(3.85,8.,-3.5));
#8576=CARTESIAN_POINT('',(3.85,8.,-1.05));
#8577=CARTESIAN_POINT('',(3.85,8.,-3.5));
#8578=CARTESIAN_POINT('Origin',(-4.45,8.,-3.5));
#8579=CARTESIAN_POINT('',(-4.45,8.,-3.5));
#8580=CARTESIAN_POINT('',(-4.45,8.,-3.5));
#8581=CARTESIAN_POINT('',(-4.45,7.7,-3.5));
#8582=CARTESIAN_POINT('',(-4.45,7.7,-3.5));
#8583=CARTESIAN_POINT('',(-4.45,8.,-3.5));
#8584=CARTESIAN_POINT('Origin',(-4.45,8.,-1.));
#8585=CARTESIAN_POINT('',(-4.45,8.,-1.));
#8586=CARTESIAN_POINT('',(-4.45,8.,-1.));
#8587=CARTESIAN_POINT('',(-4.45,7.7,-1.));
#8588=CARTESIAN_POINT('',(-4.45,7.7,-1.));
#8589=CARTESIAN_POINT('',(-4.45,8.,-1.));
#8590=CARTESIAN_POINT('Origin',(-3.45,8.,-1.));
#8591=CARTESIAN_POINT('',(-3.45,8.,-1.));
#8592=CARTESIAN_POINT('',(-3.45,8.,-1.));
#8593=CARTESIAN_POINT('',(-3.45,7.7,-1.));
#8594=CARTESIAN_POINT('',(-3.45,7.7,-1.));
#8595=CARTESIAN_POINT('',(-3.45,8.,-1.));
#8596=CARTESIAN_POINT('Origin',(-3.45,8.,1.));
#8597=CARTESIAN_POINT('',(-3.45,8.,1.));
#8598=CARTESIAN_POINT('',(-3.45,8.,1.));
#8599=CARTESIAN_POINT('',(-3.45,7.7,1.));
#8600=CARTESIAN_POINT('',(-3.45,7.7,1.));
#8601=CARTESIAN_POINT('',(-3.45,8.,1.));
#8602=CARTESIAN_POINT('Origin',(-4.45,8.,1.));
#8603=CARTESIAN_POINT('',(-4.45,8.,1.));
#8604=CARTESIAN_POINT('',(-4.45,8.,1.));
#8605=CARTESIAN_POINT('',(-4.45,7.7,1.));
#8606=CARTESIAN_POINT('',(-4.45,7.7,1.));
#8607=CARTESIAN_POINT('',(-4.45,8.,1.));
#8608=CARTESIAN_POINT('Origin',(-4.45,8.,3.5));
#8609=CARTESIAN_POINT('',(-4.45,8.,3.5));
#8610=CARTESIAN_POINT('',(-4.45,8.,3.5));
#8611=CARTESIAN_POINT('',(-4.45,7.7,3.5));
#8612=CARTESIAN_POINT('',(-4.45,7.7,3.5));
#8613=CARTESIAN_POINT('',(-4.45,8.,3.5));
#8614=CARTESIAN_POINT('Origin',(3.85,8.,3.5));
#8615=CARTESIAN_POINT('',(3.85,8.,3.5));
#8616=CARTESIAN_POINT('',(3.85,8.,3.5));
#8617=CARTESIAN_POINT('',(3.85,7.7,3.5));
#8618=CARTESIAN_POINT('',(3.85,8.,3.5));
#8619=CARTESIAN_POINT('Origin',(3.85,8.,1.05));
#8620=CARTESIAN_POINT('',(3.85,8.,1.05));
#8621=CARTESIAN_POINT('',(3.85,8.,1.05));
#8622=CARTESIAN_POINT('',(3.85,8.,1.05));
#8623=CARTESIAN_POINT('Origin',(3.35,8.,1.05));
#8624=CARTESIAN_POINT('',(3.35,8.,1.05));
#8625=CARTESIAN_POINT('',(3.35,8.,1.05));
#8626=CARTESIAN_POINT('',(3.35,8.,1.05));
#8627=CARTESIAN_POINT('Origin',(3.35,8.,-1.05));
#8628=CARTESIAN_POINT('',(3.35,8.,-1.05));
#8629=CARTESIAN_POINT('',(3.35,8.,-1.05));
#8630=CARTESIAN_POINT('',(3.35,8.,-1.05));
#8631=CARTESIAN_POINT('Origin',(3.85,8.,-1.05));
#8632=CARTESIAN_POINT('',(3.85,8.,-1.05));
#8633=CARTESIAN_POINT('Origin',(-0.3,7.7,1.11022302462516E-15));
#8634=CARTESIAN_POINT('Origin',(-0.3,8.,1.11022302462516E-15));
#8635=CARTESIAN_POINT('Origin',(-3.24344634765386,7.11492495693077,0.));
#8636=CARTESIAN_POINT('',(-3.19791505793306,7.1,-3.5));
#8637=CARTESIAN_POINT('',(-3.19791505793306,7.1,3.5));
#8638=CARTESIAN_POINT('',(-3.19791505793306,7.1,1.75));
#8639=CARTESIAN_POINT('',(-2.56588109757739,6.89282204183249,-3.5));
#8640=CARTESIAN_POINT('',(-3.24344634765386,7.11492495693077,-3.5));
#8641=CARTESIAN_POINT('',(-2.56588109757739,6.89282204183249,3.5));
#8642=CARTESIAN_POINT('',(-2.56588109757739,6.89282204183249,0.));
#8643=CARTESIAN_POINT('',(-3.24344634765386,7.11492495693077,3.5));
#8644=CARTESIAN_POINT('Origin',(-1.58281156060987,4.47523583995411,0.));
#8645=CARTESIAN_POINT('',(-2.31982350238909,7.12787178778037,3.5));
#8646=CARTESIAN_POINT('',(-2.31982350238909,7.12787178778037,-3.5));
#8647=CARTESIAN_POINT('',(-2.31982350238909,7.12787178778037,0.));
#8648=CARTESIAN_POINT('',(-1.58281156060987,4.47523583995411,3.5));
#8649=CARTESIAN_POINT('',(-1.58281156060987,4.47523583995411,3.5));
#8650=CARTESIAN_POINT('',(-1.58281156060987,4.47523583995411,-3.5));
#8651=CARTESIAN_POINT('',(-1.58281156060987,4.47523583995411,0.));
#8652=CARTESIAN_POINT('',(-1.58281156060987,4.47523583995411,-3.5));
#8653=CARTESIAN_POINT('Origin',(-1.5828115610292,1.0553692400208,0.));
#8654=CARTESIAN_POINT('',(-1.5828115610292,1.0553692400208,3.5));
#8655=CARTESIAN_POINT('',(-1.58281156115861,0.,3.5));
#8656=CARTESIAN_POINT('',(-1.5828115610292,1.0553692400208,-3.5));
#8657=CARTESIAN_POINT('',(-1.5828115610292,1.0553692400208,0.));
#8658=CARTESIAN_POINT('',(-1.58281156115861,0.,-3.5));
#8659=CARTESIAN_POINT('Origin',(-1.88281156102801,1.05536924005759,0.));
#8660=CARTESIAN_POINT('',(-1.88281156102801,1.05536924005759,3.5));
#8661=CARTESIAN_POINT('',(-1.88281156102801,1.05536924005759,3.5));
#8662=CARTESIAN_POINT('',(-1.88281156102801,1.05536924005759,-3.5));
#8663=CARTESIAN_POINT('',(-1.88281156102801,1.05536924005759,0.));
#8664=CARTESIAN_POINT('',(-1.88281156102801,1.05536924005759,-3.5));
#8665=CARTESIAN_POINT('Origin',(-1.88281156060987,4.4343343218779,0.));
#8666=CARTESIAN_POINT('',(-1.88281156060987,4.4343343218779,3.5));
#8667=CARTESIAN_POINT('',(-1.88281156060987,4.4343343218779,3.5));
#8668=CARTESIAN_POINT('',(-1.88281156060987,4.4343343218779,-3.5));
#8669=CARTESIAN_POINT('',(-1.88281156060987,4.4343343218779,0.));
#8670=CARTESIAN_POINT('',(-1.88281156060987,4.4343343218779,-3.5));
#8671=CARTESIAN_POINT('Origin',(-2.56588109757739,6.89282204183249,0.));
#8672=CARTESIAN_POINT('',(-2.56588109757739,6.89282204183249,3.5));
#8673=CARTESIAN_POINT('',(-2.56588109757739,6.89282204183249,-3.5));
#8674=CARTESIAN_POINT('Origin',(-2.31982350238909,7.12787178778037,0.));
#8675=CARTESIAN_POINT('',(-3.15,7.4,-3.50000000005821));
#8676=CARTESIAN_POINT('',(-3.15,7.4,3.5));
#8677=CARTESIAN_POINT('',(-3.15,7.4,-3.50000000005821));
#8678=CARTESIAN_POINT('',(-2.31982350238909,7.12787178778037,3.5));
#8679=CARTESIAN_POINT('',(-2.31982350238909,7.12787178778037,-3.5));
#8680=CARTESIAN_POINT('Origin',(-4.45,0.,-3.5));
#8681=CARTESIAN_POINT('',(-3.75,7.1,-3.50000000005821));
#8682=CARTESIAN_POINT('',(-4.15,7.1,-3.50000000005821));
#8683=CARTESIAN_POINT('',(-4.15,6.7,-3.5));
#8684=CARTESIAN_POINT('Origin',(-3.75,6.7,-3.5));
#8685=CARTESIAN_POINT('',(-4.15,0.,-3.5));
#8686=CARTESIAN_POINT('',(-4.15,0.,-3.5));
#8687=CARTESIAN_POINT('',(-4.45,0.,-3.5));
#8688=CARTESIAN_POINT('',(-4.45,0.,-3.5));
#8689=CARTESIAN_POINT('',(-4.45,7.,-3.5));
#8690=CARTESIAN_POINT('',(-4.45,0.,-3.5));
#8691=CARTESIAN_POINT('',(-4.05,7.4,-3.50000000005821));
#8692=CARTESIAN_POINT('Origin',(-4.05,7.,-3.5));
#8693=CARTESIAN_POINT('',(-4.45,7.4,-3.50000000005821));
#8694=CARTESIAN_POINT('Origin',(-4.3,2.0361572095384,1.89999999997401));
#8695=CARTESIAN_POINT('',(-4.45,3.1861572095384,1.89999999997401));
#8696=CARTESIAN_POINT('',(-4.45,0.886157209538402,1.89999999997401));
#8697=CARTESIAN_POINT('',(-4.45,2.8680786047692,1.89999999997401));
#8698=CARTESIAN_POINT('',(-4.15,3.1861572095384,1.89999999997401));
#8699=CARTESIAN_POINT('',(-4.15,3.1861572095384,1.89999999997401));
#8700=CARTESIAN_POINT('',(-4.15,0.886157209538402,1.89999999997401));
#8701=CARTESIAN_POINT('',(-4.15,2.8680786047692,1.89999999997401));
#8702=CARTESIAN_POINT('',(-4.45,0.886157209538402,1.89999999997401));
#8703=CARTESIAN_POINT('Origin',(-4.45,3.7,-2.91028312560115E-11));
#8704=CARTESIAN_POINT('',(-4.45,7.,3.5));
#8705=CARTESIAN_POINT('',(-4.45,7.,-1.75000000004365));
#8706=CARTESIAN_POINT('',(-4.45,0.,-0.8));
#8707=CARTESIAN_POINT('',(-4.45,0.,3.5));
#8708=CARTESIAN_POINT('',(-4.45,-2.2,-0.8));
#8709=CARTESIAN_POINT('',(-4.45,-2.3,-0.8));
#8710=CARTESIAN_POINT('',(-4.45,-2.3,-0.899999999970895));
#8711=CARTESIAN_POINT('Origin',(-4.45,-2.2,-0.9));
#8712=CARTESIAN_POINT('',(-4.45,-2.4,-0.999999999970895));
#8713=CARTESIAN_POINT('Origin',(-4.45,-2.4,-0.899999999970895));
#8714=CARTESIAN_POINT('',(-4.45,-3.9,-0.999999999970895));
#8715=CARTESIAN_POINT('',(-4.45,-3.9,-0.999999999970895));
#8716=CARTESIAN_POINT('',(-4.45,-3.9,1.0000000000291));
#8717=CARTESIAN_POINT('Origin',(-4.45,-3.9,2.91044965905485E-11));
#8718=CARTESIAN_POINT('',(-4.45,-2.4,1.0000000000291));
#8719=CARTESIAN_POINT('',(-4.45,-2.3,1.0000000000291));
#8720=CARTESIAN_POINT('',(-4.45,-2.3,0.900000000029104));
#8721=CARTESIAN_POINT('Origin',(-4.45,-2.4,0.900000000029104));
#8722=CARTESIAN_POINT('',(-4.45,-2.2,0.8));
#8723=CARTESIAN_POINT('Origin',(-4.45,-2.2,0.9));
#8724=CARTESIAN_POINT('',(-4.45,0.,0.8));
#8725=CARTESIAN_POINT('',(-4.45,-2.3,0.8));
#8726=CARTESIAN_POINT('',(-4.45,0.,3.5));
#8727=CARTESIAN_POINT('',(-4.45,0.,3.5));
#8728=CARTESIAN_POINT('',(-4.45,8.,3.5));
#8729=CARTESIAN_POINT('',(-4.45,-3.12154274065625,0.650000000029103));
#8730=CARTESIAN_POINT('',(-4.45,-3.12154274065625,-0.649999999970896));
#8731=CARTESIAN_POINT('Origin',(-4.45,-3.12154274065625,2.91039414790362E-11));
#8732=CARTESIAN_POINT('',(-4.45,-3.82154274065625,0.650000000029105));
#8733=CARTESIAN_POINT('',(-4.45,-3.82154274065625,0.650000000029105));
#8734=CARTESIAN_POINT('',(-4.45,-3.82154274065626,-0.649999999970895));
#8735=CARTESIAN_POINT('Origin',(-4.45,-3.82154274065625,2.91056068135731E-11));
#8736=CARTESIAN_POINT('',(-4.45,-3.12154274065625,-0.649999999970896));
#8737=CARTESIAN_POINT('',(-4.45,3.1861572095384,-1.89999999997401));
#8738=CARTESIAN_POINT('',(-4.45,3.1861572095384,0.799999999972456));
#8739=CARTESIAN_POINT('',(-4.45,0.886157209538402,-1.89999999997401));
#8740=CARTESIAN_POINT('',(-4.45,0.886157209538402,0.799999999972456));
#8741=CARTESIAN_POINT('',(-4.45,2.8680786047692,-1.89999999997401));
#8742=CARTESIAN_POINT('Origin',(-4.3,2.0361572095384,-1.89999999997401));
#8743=CARTESIAN_POINT('',(-4.15,0.886157209538402,-1.89999999997401));
#8744=CARTESIAN_POINT('',(-4.45,0.886157209538402,-1.89999999997401));
#8745=CARTESIAN_POINT('',(-4.15,3.1861572095384,-1.89999999997401));
#8746=CARTESIAN_POINT('',(-4.15,2.8680786047692,-1.89999999997401));
#8747=CARTESIAN_POINT('',(-4.15,3.1861572095384,-1.89999999997401));
#8748=CARTESIAN_POINT('Origin',(-4.15,3.7,-2.91028312560115E-11));
#8749=CARTESIAN_POINT('',(-4.15,6.7,3.5));
#8750=CARTESIAN_POINT('',(-4.15,6.7,1.74999999998545));
#8751=CARTESIAN_POINT('',(-4.15,0.,3.5));
#8752=CARTESIAN_POINT('',(-4.15,8.,3.5));
#8753=CARTESIAN_POINT('',(-4.15,0.,0.8));
#8754=CARTESIAN_POINT('',(-4.15,0.,3.5));
#8755=CARTESIAN_POINT('',(-4.15,-2.2,0.8));
#8756=CARTESIAN_POINT('',(-4.15,0.,0.8));
#8757=CARTESIAN_POINT('',(-4.15,-2.3,0.900000000029105));
#8758=CARTESIAN_POINT('Origin',(-4.15,-2.2,0.9));
#8759=CARTESIAN_POINT('',(-4.15,-2.4,1.0000000000291));
#8760=CARTESIAN_POINT('Origin',(-4.15,-2.4,0.900000000029104));
#8761=CARTESIAN_POINT('',(-4.15,-3.9,1.0000000000291));
#8762=CARTESIAN_POINT('',(-4.15,-2.3,1.0000000000291));
#8763=CARTESIAN_POINT('',(-4.15,-3.9,-0.999999999970895));
#8764=CARTESIAN_POINT('Origin',(-4.15,-3.9,2.91046353684266E-11));
#8765=CARTESIAN_POINT('',(-4.15,-2.4,-0.999999999970895));
#8766=CARTESIAN_POINT('',(-4.15,-3.9,-0.999999999970895));
#8767=CARTESIAN_POINT('',(-4.15,-2.3,-0.899999999970895));
#8768=CARTESIAN_POINT('Origin',(-4.15,-2.4,-0.899999999970895));
#8769=CARTESIAN_POINT('',(-4.15,-2.2,-0.8));
#8770=CARTESIAN_POINT('Origin',(-4.15,-2.2,-0.9));
#8771=CARTESIAN_POINT('',(-4.15,0.,-0.8));
#8772=CARTESIAN_POINT('',(-4.15,0.,-0.8));
#8773=CARTESIAN_POINT('',(-4.15,0.,3.5));
#8774=CARTESIAN_POINT('',(-4.15,3.1861572095384,-0.800000000001559));
#8775=CARTESIAN_POINT('',(-4.15,0.886157209538402,0.799999999972455));
#8776=CARTESIAN_POINT('',(-4.15,-3.12154274065625,-0.649999999970895));
#8777=CARTESIAN_POINT('',(-4.15,-3.12154274065625,0.650000000029104));
#8778=CARTESIAN_POINT('Origin',(-4.15,-3.12154274065625,2.91040802569142E-11));
#8779=CARTESIAN_POINT('',(-4.15,-3.82154274065626,-0.649999999970895));
#8780=CARTESIAN_POINT('',(-4.15,-3.12154274065625,-0.649999999970895));
#8781=CARTESIAN_POINT('',(-4.15,-3.82154274065625,0.650000000029105));
#8782=CARTESIAN_POINT('Origin',(-4.15,-3.82154274065625,2.91057455914512E-11));
#8783=CARTESIAN_POINT('',(-4.15,-3.82154274065625,0.650000000029105));
#8784=CARTESIAN_POINT('Origin',(-4.3,3.1861572095384,2.59861576701326E-11));
#8785=CARTESIAN_POINT('Origin',(-4.375,-2.2,-0.9));
#8786=CARTESIAN_POINT('',(-4.375,-2.2,-0.8));
#8787=CARTESIAN_POINT('',(-4.45,-2.3,-0.899999999970895));
#8788=CARTESIAN_POINT('Origin',(-4.375,-2.2,0.9));
#8789=CARTESIAN_POINT('',(-4.375,-2.2,0.8));
#8790=CARTESIAN_POINT('',(-4.45,-2.3,0.900000000029104));
#8791=CARTESIAN_POINT('Origin',(-4.45,-2.4,-0.899999999970895));
#8792=CARTESIAN_POINT('',(-4.45,-2.4,-0.999999999970895));
#8793=CARTESIAN_POINT('Origin',(-4.45,-2.3,-0.999999999970895));
#8794=CARTESIAN_POINT('',(-4.45,-3.9,-0.999999999970895));
#8795=CARTESIAN_POINT('Origin',(-4.45,-2.4,0.900000000029104));
#8796=CARTESIAN_POINT('',(-4.45,-2.4,1.0000000000291));
#8797=CARTESIAN_POINT('Origin',(-4.45,-3.9,1.0000000000291));
#8798=CARTESIAN_POINT('',(-4.45,-3.9,1.0000000000291));
#8799=CARTESIAN_POINT('Origin',(-4.45,-3.82154274065626,-0.649999999970895));
#8800=CARTESIAN_POINT('',(-4.45,-3.82154274065626,-0.649999999970895));
#8801=CARTESIAN_POINT('',(-4.45,-3.12154274065625,-0.649999999970896));
#8802=CARTESIAN_POINT('Origin',(-4.45,-3.82154274065625,2.91056068135731E-11));
#8803=CARTESIAN_POINT('',(-4.45,-3.82154274065625,0.650000000029105));
#8804=CARTESIAN_POINT('Origin',(-4.45,-3.12154274065625,0.650000000029103));
#8805=CARTESIAN_POINT('',(-4.45,-3.12154274065625,0.650000000029103));
#8806=CARTESIAN_POINT('Origin',(-4.45,-3.12154274065625,2.91039414790362E-11));
#8807=CARTESIAN_POINT('Origin',(-4.45,-3.9,2.91044965905485E-11));
#8808=CARTESIAN_POINT('Origin',(-4.3,-1.15,-0.8));
#8809=CARTESIAN_POINT('',(-4.375,0.,-0.8));
#8810=CARTESIAN_POINT('Origin',(-4.3,-1.15,0.8));
#8811=CARTESIAN_POINT('',(-4.375,0.,0.8));
#8812=CARTESIAN_POINT('Origin',(-4.45,0.,3.5));
#8813=CARTESIAN_POINT('',(-4.45,0.,3.5));
#8814=CARTESIAN_POINT('Origin',(-4.45,0.,3.5));
#8815=CARTESIAN_POINT('Origin',(-4.15,0.886157209538402,1.60000000002599));
#8816=CARTESIAN_POINT('Origin',(-3.75,6.7,1.74999999998545));
#8817=CARTESIAN_POINT('',(-3.75,7.1,3.5));
#8818=CARTESIAN_POINT('',(-3.75,7.1,1.74999999998545));
#8819=CARTESIAN_POINT('Origin',(-3.75,6.7,3.5));
#8820=CARTESIAN_POINT('Origin',(-4.15,7.1,3.5));
#8821=CARTESIAN_POINT('',(-4.15,7.1,3.5));
#8822=CARTESIAN_POINT('Origin',(-4.05,7.,-1.75000000004365));
#8823=CARTESIAN_POINT('',(-4.05,7.4,3.5));
#8824=CARTESIAN_POINT('Origin',(-4.05,7.,3.5));
#8825=CARTESIAN_POINT('',(-4.05,7.4,-1.75000000004365));
#8826=CARTESIAN_POINT('Origin',(-4.45,7.4,-3.50000000005821));
#8827=CARTESIAN_POINT('',(-4.45,7.4,3.5));
#8828=CARTESIAN_POINT('Origin',(-4.45,7.4,3.5));
#8829=CARTESIAN_POINT('Origin',(3.775,-2.2,-0.9));
#8830=CARTESIAN_POINT('',(3.85,-2.2,-0.8));
#8831=CARTESIAN_POINT('',(3.85,-2.3,-0.899999999970895));
#8832=CARTESIAN_POINT('Origin',(3.85,-2.2,-0.9));
#8833=CARTESIAN_POINT('',(3.55,-2.3,-0.899999999970895));
#8834=CARTESIAN_POINT('',(3.85,-2.3,-0.899999999970895));
#8835=CARTESIAN_POINT('',(3.55,-2.2,-0.8));
#8836=CARTESIAN_POINT('Origin',(3.55,-2.2,-0.9));
#8837=CARTESIAN_POINT('',(3.775,-2.2,-0.8));
#8838=CARTESIAN_POINT('Origin',(3.775,-2.2,0.9));
#8839=CARTESIAN_POINT('',(3.55,-2.2,0.8));
#8840=CARTESIAN_POINT('',(3.55,-2.3,0.900000000029105));
#8841=CARTESIAN_POINT('Origin',(3.55,-2.2,0.9));
#8842=CARTESIAN_POINT('',(3.85,-2.3,0.900000000029104));
#8843=CARTESIAN_POINT('',(3.85,-2.3,0.900000000029104));
#8844=CARTESIAN_POINT('',(3.85,-2.2,0.8));
#8845=CARTESIAN_POINT('Origin',(3.85,-2.2,0.9));
#8846=CARTESIAN_POINT('',(3.775,-2.2,0.8));
#8847=CARTESIAN_POINT('Origin',(3.85,-2.4,-0.899999999970895));
#8848=CARTESIAN_POINT('',(3.55,-2.4,-0.999999999970895));
#8849=CARTESIAN_POINT('Origin',(3.55,-2.4,-0.899999999970895));
#8850=CARTESIAN_POINT('',(3.85,-2.4,-0.999999999970895));
#8851=CARTESIAN_POINT('Origin',(3.85,-2.4,-0.899999999970895));
#8852=CARTESIAN_POINT('',(3.85,-2.4,-0.999999999970895));
#8853=CARTESIAN_POINT('Origin',(3.85,-2.3,-0.999999999970895));
#8854=CARTESIAN_POINT('',(3.85,-3.9,-0.999999999970895));
#8855=CARTESIAN_POINT('',(3.85,-3.9,-0.999999999970895));
#8856=CARTESIAN_POINT('',(3.55,-3.9,-0.999999999970895));
#8857=CARTESIAN_POINT('',(3.85,-3.9,-0.999999999970895));
#8858=CARTESIAN_POINT('',(3.55,-3.9,-0.999999999970895));
#8859=CARTESIAN_POINT('Origin',(3.85,2.6918673302899,2.91044965905485E-11));
#8860=CARTESIAN_POINT('',(3.85,0.,-0.8));
#8861=CARTESIAN_POINT('',(3.85,-2.3,-0.8));
#8862=CARTESIAN_POINT('',(3.85,0.,-3.5));
#8863=CARTESIAN_POINT('',(3.85,0.,-4.5));
#8864=CARTESIAN_POINT('',(3.85,5.3837346605798,-3.5));
#8865=CARTESIAN_POINT('',(3.85,8.,-3.5));
#8866=CARTESIAN_POINT('',(3.85,5.3837346605798,3.50000000005821));
#8867=CARTESIAN_POINT('',(3.85,5.3837346605798,3.50000000005821));
#8868=CARTESIAN_POINT('',(3.85,0.,3.50000000005821));
#8869=CARTESIAN_POINT('',(3.85,0.,3.50000000005821));
#8870=CARTESIAN_POINT('',(3.85,0.,0.8));
#8871=CARTESIAN_POINT('',(3.85,0.,-4.5));
#8872=CARTESIAN_POINT('',(3.85,-2.3,0.8));
#8873=CARTESIAN_POINT('',(3.85,-2.4,1.0000000000291));
#8874=CARTESIAN_POINT('Origin',(3.85,-2.4,0.900000000029104));
#8875=CARTESIAN_POINT('',(3.85,-3.9,1.0000000000291));
#8876=CARTESIAN_POINT('',(3.85,-2.3,1.0000000000291));
#8877=CARTESIAN_POINT('Origin',(3.85,-3.9,2.91044965905485E-11));
#8878=CARTESIAN_POINT('',(3.85,-3.12154274065625,0.650000000029103));
#8879=CARTESIAN_POINT('',(3.85,-3.12154274065625,-0.649999999970896));
#8880=CARTESIAN_POINT('Origin',(3.85,-3.12154274065625,2.91039414790362E-11));
#8881=CARTESIAN_POINT('',(3.85,-3.82154274065626,-0.649999999970895));
#8882=CARTESIAN_POINT('',(3.85,-3.12154274065625,-0.649999999970896));
#8883=CARTESIAN_POINT('',(3.85,-3.82154274065625,0.650000000029105));
#8884=CARTESIAN_POINT('Origin',(3.85,-3.82154274065625,2.91056068135731E-11));
#8885=CARTESIAN_POINT('',(3.85,-3.82154274065625,0.650000000029105));
#8886=CARTESIAN_POINT('',(3.85,0.886157209538402,1.60000000002599));
#8887=CARTESIAN_POINT('',(3.85,3.3861572095384,1.60000000002599));
#8888=CARTESIAN_POINT('',(3.85,3.03901226991415,1.60000000002599));
#8889=CARTESIAN_POINT('',(3.85,3.3861572095384,-1.59999999997401));
#8890=CARTESIAN_POINT('',(3.85,3.3861572095384,-0.799999999972455));
#8891=CARTESIAN_POINT('',(3.85,0.886157209538402,-1.59999999997401));
#8892=CARTESIAN_POINT('',(3.85,1.78901226991415,-1.59999999997401));
#8893=CARTESIAN_POINT('',(3.85,0.886157209538402,0.800000000027546));
#8894=CARTESIAN_POINT('Origin',(3.85,-2.4,0.900000000029104));
#8895=CARTESIAN_POINT('',(3.55,-2.4,1.0000000000291));
#8896=CARTESIAN_POINT('Origin',(3.55,-2.4,0.900000000029104));
#8897=CARTESIAN_POINT('',(3.85,-2.4,1.0000000000291));
#8898=CARTESIAN_POINT('Origin',(3.85,-3.9,1.0000000000291));
#8899=CARTESIAN_POINT('',(3.55,-3.9,1.0000000000291));
#8900=CARTESIAN_POINT('',(3.55,-2.3,1.0000000000291));
#8901=CARTESIAN_POINT('',(3.85,-3.9,1.0000000000291));
#8902=CARTESIAN_POINT('Origin',(3.85,-3.82154274065626,-0.649999999970895));
#8903=CARTESIAN_POINT('',(3.55,-3.12154274065625,-0.649999999970895));
#8904=CARTESIAN_POINT('',(3.85,-3.12154274065625,-0.649999999970896));
#8905=CARTESIAN_POINT('',(3.55,-3.82154274065626,-0.649999999970895));
#8906=CARTESIAN_POINT('',(3.55,-3.12154274065625,-0.649999999970895));
#8907=CARTESIAN_POINT('',(3.85,-3.82154274065626,-0.649999999970895));
#8908=CARTESIAN_POINT('Origin',(3.85,-3.82154274065625,2.91056068135731E-11));
#8909=CARTESIAN_POINT('',(3.55,-3.82154274065625,0.650000000029105));
#8910=CARTESIAN_POINT('Origin',(3.55,-3.82154274065625,2.91057455914512E-11));
#8911=CARTESIAN_POINT('',(3.85,-3.82154274065625,0.650000000029105));
#8912=CARTESIAN_POINT('Origin',(3.85,-3.12154274065625,0.650000000029103));
#8913=CARTESIAN_POINT('',(3.55,-3.12154274065625,0.650000000029104));
#8914=CARTESIAN_POINT('',(3.55,-3.82154274065625,0.650000000029105));
#8915=CARTESIAN_POINT('',(3.85,-3.12154274065625,0.650000000029103));
#8916=CARTESIAN_POINT('Origin',(3.85,-3.12154274065625,2.91039414790362E-11));
#8917=CARTESIAN_POINT('Origin',(3.55,-3.12154274065625,2.91040802569142E-11));
#8918=CARTESIAN_POINT('Origin',(3.85,-3.9,2.91044965905485E-11));
#8919=CARTESIAN_POINT('Origin',(3.55,-3.9,2.91046353684266E-11));
#8920=CARTESIAN_POINT('Origin',(3.7,-1.15,-0.8));
#8921=CARTESIAN_POINT('',(3.55,0.,-0.8));
#8922=CARTESIAN_POINT('',(3.55,0.,-0.8));
#8923=CARTESIAN_POINT('',(3.775,0.,-0.8));
#8924=CARTESIAN_POINT('Origin',(3.7,-1.15,0.8));
#8925=CARTESIAN_POINT('',(3.55,0.,0.8));
#8926=CARTESIAN_POINT('',(3.775,0.,0.8));
#8927=CARTESIAN_POINT('',(3.55,0.,0.8));
#8928=CARTESIAN_POINT('Origin',(3.85,0.,-3.5));
#8929=CARTESIAN_POINT('',(3.55,0.,-3.5));
#8930=CARTESIAN_POINT('',(3.55,0.,-4.5));
#8931=CARTESIAN_POINT('',(3.85,0.,-3.5));
#8932=CARTESIAN_POINT('Origin',(3.85,0.,-3.5));
#8933=CARTESIAN_POINT('',(3.55,0.,3.50000000005821));
#8934=CARTESIAN_POINT('',(3.85,0.,3.50000000005821));
#8935=CARTESIAN_POINT('',(3.55,0.,-4.5));
#8936=CARTESIAN_POINT('Origin',(3.55,3.3861572095384,1.60000000002599));
#8937=CARTESIAN_POINT('',(3.55,3.3861572095384,1.60000000002599));
#8938=CARTESIAN_POINT('',(3.55,0.886157209538402,1.60000000002599));
#8939=CARTESIAN_POINT('',(3.55,3.03901226991415,1.60000000002599));
#8940=CARTESIAN_POINT('',(3.55,3.3861572095384,1.60000000002599));
#8941=CARTESIAN_POINT('',(3.55,0.886157209538402,1.60000000002599));
#8942=CARTESIAN_POINT('Origin',(3.55,3.3861572095384,-1.59999999997401));
#8943=CARTESIAN_POINT('',(3.55,3.3861572095384,-1.59999999997401));
#8944=CARTESIAN_POINT('',(3.55,3.3861572095384,-0.799999999972455));
#8945=CARTESIAN_POINT('',(3.55,3.3861572095384,-1.59999999997401));
#8946=CARTESIAN_POINT('Origin',(3.55,0.886157209538402,-1.59999999997401));
#8947=CARTESIAN_POINT('',(3.55,0.886157209538402,-1.59999999997401));
#8948=CARTESIAN_POINT('',(3.55,1.78901226991415,-1.59999999997401));
#8949=CARTESIAN_POINT('',(3.55,0.886157209538402,-1.59999999997401));
#8950=CARTESIAN_POINT('Origin',(3.55,0.886157209538402,1.60000000002599));
#8951=CARTESIAN_POINT('',(3.55,0.886157209538402,0.800000000027546));
#8952=CARTESIAN_POINT('Origin',(3.85,5.3837346605798,3.50000000005821));
#8953=CARTESIAN_POINT('',(3.55,5.3837346605798,-3.5));
#8954=CARTESIAN_POINT('',(3.85,5.3837346605798,-3.5));
#8955=CARTESIAN_POINT('',(3.55,5.3837346605798,3.50000000005821));
#8956=CARTESIAN_POINT('',(3.55,5.3837346605798,3.50000000005821));
#8957=CARTESIAN_POINT('',(3.85,5.3837346605798,3.50000000005821));
#8958=CARTESIAN_POINT('Origin',(3.85,0.,3.50000000005821));
#8959=CARTESIAN_POINT('',(3.55,0.,3.50000000005821));
#8960=CARTESIAN_POINT('Origin',(3.85,5.3837346605798,-3.5));
#8961=CARTESIAN_POINT('',(3.55,8.,-3.5));
#8962=CARTESIAN_POINT('Origin',(3.55,2.6918673302899,2.91044965905485E-11));
#8963=UNCERTAINTY_MEASURE_WITH_UNIT(LENGTH_MEASURE(0.01),#8967,
'DISTANCE_ACCURACY_VALUE',
'Maximum model space distance between geometric entities at asserted c
onnectivities');
#8964=UNCERTAINTY_MEASURE_WITH_UNIT(LENGTH_MEASURE(0.01),#8967,
'DISTANCE_ACCURACY_VALUE',
'Maximum model space distance between geometric entities at asserted c
onnectivities');
#8965=(
GEOMETRIC_REPRESENTATION_CONTEXT(3)
GLOBAL_UNCERTAINTY_ASSIGNED_CONTEXT((#8963))
GLOBAL_UNIT_ASSIGNED_CONTEXT((#8967,#8969,#8970))
REPRESENTATION_CONTEXT('','3D')
);
#8966=(
GEOMETRIC_REPRESENTATION_CONTEXT(3)
GLOBAL_UNCERTAINTY_ASSIGNED_CONTEXT((#8964))
GLOBAL_UNIT_ASSIGNED_CONTEXT((#8967,#8969,#8970))
REPRESENTATION_CONTEXT('','3D')
);
#8967=(
LENGTH_UNIT()
NAMED_UNIT(*)
SI_UNIT(.MILLI.,.METRE.)
);
#8968=(
LENGTH_UNIT()
NAMED_UNIT(*)
SI_UNIT(.CENTI.,.METRE.)
);
#8969=(
NAMED_UNIT(*)
PLANE_ANGLE_UNIT()
SI_UNIT($,.RADIAN.)
);
#8970=(
NAMED_UNIT(*)
SI_UNIT($,.STERADIAN.)
SOLID_ANGLE_UNIT()
);
#8971=SHAPE_DEFINITION_REPRESENTATION(#8972,#8973);
#8972=PRODUCT_DEFINITION_SHAPE('',$,#8975);
#8973=SHAPE_REPRESENTATION('',(#4867),#8965);
#8974=PRODUCT_DEFINITION_CONTEXT('part definition',#8979,'design');
#8975=PRODUCT_DEFINITION('B7','PJ301BM_3.5mmJackSocket',#8976,#8974);
#8976=PRODUCT_DEFINITION_FORMATION('',$,#8981);
#8977=PRODUCT_RELATED_PRODUCT_CATEGORY('PJ301BM_3.5mmJackSocket',
'PJ301BM_3.5mmJackSocket',(#8981));
#8978=APPLICATION_PROTOCOL_DEFINITION('international standard',
'automotive_design',2009,#8979);
#8979=APPLICATION_CONTEXT(
'Core Data for Automotive Mechanical Design Process');
#8980=PRODUCT_CONTEXT('part definition',#8979,'mechanical');
#8981=PRODUCT('B7','PJ301BM_3.5mmJackSocket',$,(#8980));
#8982=PRESENTATION_STYLE_ASSIGNMENT((#8985));
#8983=PRESENTATION_STYLE_ASSIGNMENT((#8986));
#8984=PRESENTATION_STYLE_ASSIGNMENT((#8987));
#8985=SURFACE_STYLE_USAGE(.BOTH.,#8994);
#8986=SURFACE_STYLE_USAGE(.BOTH.,#8995);
#8987=SURFACE_STYLE_USAGE(.BOTH.,#8996);
#8988=SURFACE_STYLE_RENDERING_WITH_PROPERTIES($,#9006,(#8991));
#8989=SURFACE_STYLE_RENDERING_WITH_PROPERTIES($,#9007,(#8992));
#8990=SURFACE_STYLE_RENDERING_WITH_PROPERTIES($,#9008,(#8993));
#8991=SURFACE_STYLE_TRANSPARENT(0.);
#8992=SURFACE_STYLE_TRANSPARENT(0.);
#8993=SURFACE_STYLE_TRANSPARENT(0.);
#8994=SURFACE_SIDE_STYLE('',(#8997,#8988));
#8995=SURFACE_SIDE_STYLE('',(#8998,#8989));
#8996=SURFACE_SIDE_STYLE('',(#8999,#8990));
#8997=SURFACE_STYLE_FILL_AREA(#9000);
#8998=SURFACE_STYLE_FILL_AREA(#9001);
#8999=SURFACE_STYLE_FILL_AREA(#9002);
#9000=FILL_AREA_STYLE('',(#9003));
#9001=FILL_AREA_STYLE('',(#9004));
#9002=FILL_AREA_STYLE('',(#9005));
#9003=FILL_AREA_STYLE_COLOUR('',#9006);
#9004=FILL_AREA_STYLE_COLOUR('',#9007);
#9005=FILL_AREA_STYLE_COLOUR('',#9008);
#9006=COLOUR_RGB('',0.749019607843137,0.749019607843137,0.749019607843137);
#9007=COLOUR_RGB('',0.0196078431372549,0.0196078431372549,0.0196078431372549);
#9008=COLOUR_RGB('',0.956862745098039,0.956862745098039,0.956862745098039);
ENDSEC;
END-ISO-10303-21;
