ISO-10303-21;
HEADER;
/* Generated by software containing ST-Developer
 * from STEP Tools, Inc. (www.steptools.com) 
 */

FILE_DESCRIPTION(
/* description */ (''),
/* implementation_level */ '2;1');

FILE_NAME(
/* name */ 'KN8F_BlackPlasticKnob.step',
/* time_stamp */ '2026-05-29T10:27:03+02:00',
/* author */ ('tomma'),
/* organization */ (''),
/* preprocessor_version */ 'ST-DEVELOPER v20',
/* originating_system */ 'Autodesk Inventor 2025',
/* authorisation */ '');

FILE_SCHEMA (('AUTOMOTIVE_DESIGN { 1 0 10303 214 3 1 1 }'));
ENDSEC;

DATA;
#10=MECHANICAL_DESIGN_GEOMETRIC_PRESENTATION_REPRESENTATION('',(#13,#14,
#15,#16),#9196);
#11=SHAPE_REPRESENTATION_RELATIONSHIP('SRR','None',#9203,#12);
#12=ADVANCED_BREP_SHAPE_REPRESENTATION('',(#17,#18,#19,#20),#9195);
#13=STYLED_ITEM('',(#9213),#17);
#14=STYLED_ITEM('',(#9214),#18);
#15=STYLED_ITEM('',(#9215),#19);
#16=STYLED_ITEM('',(#9215),#20);
#17=MANIFOLD_SOLID_BREP('Solid1',#3479);
#18=MANIFOLD_SOLID_BREP('Solid2',#3480);
#19=MANIFOLD_SOLID_BREP('Solid3',#3481);
#20=MANIFOLD_SOLID_BREP('Solid3',#3482);
#21=TOROIDAL_SURFACE('',#3546,5.13815692144732,0.1);
#22=TOROIDAL_SURFACE('',#3551,5.13815692144732,0.1);
#23=TOROIDAL_SURFACE('',#3571,6.73824548220869,0.1);
#24=TOROIDAL_SURFACE('',#3585,7.45356061463879,0.1);
#25=TOROIDAL_SURFACE('',#3592,6.94704228060674,0.1);
#26=TOROIDAL_SURFACE('',#3602,5.7566022213081,0.1);
#27=TOROIDAL_SURFACE('',#3608,6.65505247116804,0.1);
#28=TOROIDAL_SURFACE('',#3614,5.7566022213081,0.1);
#29=TOROIDAL_SURFACE('',#3620,6.65505247116804,0.1);
#30=TOROIDAL_SURFACE('',#3626,5.7566022213081,0.1);
#31=TOROIDAL_SURFACE('',#3632,6.65505247116804,0.1);
#32=TOROIDAL_SURFACE('',#3638,5.7566022213081,0.1);
#33=TOROIDAL_SURFACE('',#3644,6.65505247116804,0.1);
#34=TOROIDAL_SURFACE('',#3650,5.7566022213081,0.1);
#35=TOROIDAL_SURFACE('',#3654,5.7566022213081,0.1);
#36=TOROIDAL_SURFACE('',#3660,6.65505247116804,0.1);
#37=TOROIDAL_SURFACE('',#3666,5.7566022213081,0.1);
#38=TOROIDAL_SURFACE('',#3672,6.65505247116804,0.1);
#39=TOROIDAL_SURFACE('',#3678,5.7566022213081,0.1);
#40=TOROIDAL_SURFACE('',#3684,6.65505247116804,0.1);
#41=TOROIDAL_SURFACE('',#3690,5.7566022213081,0.1);
#42=TOROIDAL_SURFACE('',#3696,6.65505247116804,0.1);
#43=TOROIDAL_SURFACE('',#3702,5.7566022213081,0.1);
#44=TOROIDAL_SURFACE('',#3707,5.19004249681095,0.1);
#45=TOROIDAL_SURFACE('',#3713,7.73779805901306,0.1);
#46=CYLINDRICAL_SURFACE('',#3544,1.5);
#47=CYLINDRICAL_SURFACE('',#3568,0.1);
#48=CYLINDRICAL_SURFACE('',#3576,0.1);
#49=CYLINDRICAL_SURFACE('',#3704,0.1);
#50=CYLINDRICAL_SURFACE('',#3712,0.1);
#51=CYLINDRICAL_SURFACE('',#3717,0.3);
#52=CYLINDRICAL_SURFACE('',#3718,0.3);
#53=CYLINDRICAL_SURFACE('',#3722,0.3);
#54=CYLINDRICAL_SURFACE('',#3723,0.3);
#55=CYLINDRICAL_SURFACE('',#3727,0.3);
#56=CYLINDRICAL_SURFACE('',#3728,0.3);
#57=CYLINDRICAL_SURFACE('',#3732,0.3);
#58=CYLINDRICAL_SURFACE('',#3733,0.3);
#59=CYLINDRICAL_SURFACE('',#3737,0.3);
#60=CYLINDRICAL_SURFACE('',#3741,0.3);
#61=CYLINDRICAL_SURFACE('',#3753,0.3);
#62=CYLINDRICAL_SURFACE('',#3755,0.3);
#63=CYLINDRICAL_SURFACE('',#3757,0.3);
#64=CYLINDRICAL_SURFACE('',#3759,0.3);
#65=CYLINDRICAL_SURFACE('',#3760,0.3);
#66=CYLINDRICAL_SURFACE('',#3761,0.3);
#67=CYLINDRICAL_SURFACE('',#3762,0.3);
#68=CYLINDRICAL_SURFACE('',#3764,0.3);
#69=CYLINDRICAL_SURFACE('',#3783,1.5);
#70=CYLINDRICAL_SURFACE('',#3786,1.5);
#71=CYLINDRICAL_SURFACE('',#3788,1.5);
#72=CYLINDRICAL_SURFACE('',#3790,1.5);
#73=CYLINDRICAL_SURFACE('',#3796,1.48);
#74=CYLINDRICAL_SURFACE('',#3799,1.48);
#75=CYLINDRICAL_SURFACE('',#3801,1.48);
#76=CYLINDRICAL_SURFACE('',#3803,1.48);
#77=CYLINDRICAL_SURFACE('',#3804,1.5);
#78=CYLINDRICAL_SURFACE('',#3807,1.5);
#79=CYLINDRICAL_SURFACE('',#3809,1.5);
#80=CYLINDRICAL_SURFACE('',#3811,1.5);
#81=CYLINDRICAL_SURFACE('',#3827,1.4);
#82=CYLINDRICAL_SURFACE('',#3828,3.75);
#83=CYLINDRICAL_SURFACE('',#3831,4.85);
#84=FACE_BOUND('',#602,.T.);
#85=FACE_BOUND('',#738,.T.);
#86=FACE_BOUND('',#743,.T.);
#87=FACE_BOUND('',#793,.T.);
#88=FACE_BOUND('',#816,.T.);
#89=FACE_BOUND('',#818,.T.);
#90=LINE('',#5207,#185);
#91=LINE('',#5212,#186);
#92=LINE('',#5256,#187);
#93=LINE('',#5279,#188);
#94=LINE('',#5311,#189);
#95=LINE('',#5313,#190);
#96=LINE('',#5315,#191);
#97=LINE('',#5328,#192);
#98=LINE('',#5329,#193);
#99=LINE('',#5360,#194);
#100=LINE('',#5362,#195);
#101=LINE('',#5378,#196);
#102=LINE('',#5379,#197);
#103=LINE('',#5380,#198);
#104=LINE('',#5418,#199);
#105=LINE('',#5419,#200);
#106=LINE('',#5513,#201);
#107=LINE('',#5514,#202);
#108=LINE('',#7268,#203);
#109=LINE('',#7269,#204);
#110=LINE('',#7364,#205);
#111=LINE('',#7365,#206);
#112=LINE('',#7456,#207);
#113=LINE('',#7471,#208);
#114=LINE('',#7485,#209);
#115=LINE('',#7633,#210);
#116=LINE('',#7639,#211);
#117=LINE('',#7654,#212);
#118=LINE('',#7668,#213);
#119=LINE('',#7816,#214);
#120=LINE('',#7822,#215);
#121=LINE('',#7837,#216);
#122=LINE('',#7851,#217);
#123=LINE('',#7999,#218);
#124=LINE('',#8005,#219);
#125=LINE('',#8020,#220);
#126=LINE('',#8034,#221);
#127=LINE('',#8182,#222);
#128=LINE('',#8188,#223);
#129=LINE('',#8206,#224);
#130=LINE('',#8220,#225);
#131=LINE('',#8223,#226);
#132=LINE('',#8231,#227);
#133=LINE('',#8234,#228);
#134=LINE('',#8236,#229);
#135=LINE('',#8239,#230);
#136=LINE('',#8241,#231);
#137=LINE('',#8244,#232);
#138=LINE('',#8247,#233);
#139=LINE('',#8250,#234);
#140=LINE('',#8252,#235);
#141=LINE('',#8254,#236);
#142=LINE('',#8255,#237);
#143=LINE('',#8258,#238);
#144=LINE('',#8294,#239);
#145=LINE('',#8306,#240);
#146=LINE('',#8330,#241);
#147=LINE('',#8357,#242);
#148=LINE('',#8360,#243);
#149=LINE('',#8387,#244);
#150=LINE('',#8983,#245);
#151=LINE('',#8988,#246);
#152=LINE('',#8992,#247);
#153=LINE('',#8995,#248);
#154=LINE('',#9055,#249);
#155=LINE('',#9057,#250);
#156=LINE('',#9059,#251);
#157=LINE('',#9060,#252);
#158=LINE('',#9063,#253);
#159=LINE('',#9065,#254);
#160=LINE('',#9067,#255);
#161=LINE('',#9068,#256);
#162=LINE('',#9073,#257);
#163=LINE('',#9078,#258);
#164=LINE('',#9082,#259);
#165=LINE('',#9084,#260);
#166=LINE('',#9088,#261);
#167=LINE('',#9094,#262);
#168=LINE('',#9098,#263);
#169=LINE('',#9100,#264);
#170=LINE('',#9102,#265);
#171=LINE('',#9103,#266);
#172=LINE('',#9105,#267);
#173=LINE('',#9107,#268);
#174=LINE('',#9153,#269);
#175=LINE('',#9155,#270);
#176=LINE('',#9157,#271);
#177=LINE('',#9158,#272);
#178=LINE('',#9162,#273);
#179=LINE('',#9164,#274);
#180=LINE('',#9166,#275);
#181=LINE('',#9167,#276);
#182=LINE('',#9178,#277);
#183=LINE('',#9183,#278);
#184=LINE('',#9189,#279);
#185=VECTOR('',#3908,10.);
#186=VECTOR('',#3913,5.35);
#187=VECTOR('',#3920,1.5);
#188=VECTOR('',#3923,10.);
#189=VECTOR('',#3932,10.);
#190=VECTOR('',#3933,10.);
#191=VECTOR('',#3934,10.);
#192=VECTOR('',#3935,10.);
#193=VECTOR('',#3936,10.);
#194=VECTOR('',#3947,10.);
#195=VECTOR('',#3948,10.);
#196=VECTOR('',#3949,10.);
#197=VECTOR('',#3950,10.);
#198=VECTOR('',#3951,10.);
#199=VECTOR('',#3982,10.);
#200=VECTOR('',#3983,10.);
#201=VECTOR('',#3998,10.);
#202=VECTOR('',#3999,10.);
#203=VECTOR('',#4258,10.);
#204=VECTOR('',#4259,10.);
#205=VECTOR('',#4274,10.);
#206=VECTOR('',#4275,10.);
#207=VECTOR('',#4286,10.);
#208=VECTOR('',#4289,10.);
#209=VECTOR('',#4290,10.);
#210=VECTOR('',#4297,10.);
#211=VECTOR('',#4300,10.);
#212=VECTOR('',#4303,10.);
#213=VECTOR('',#4304,10.);
#214=VECTOR('',#4311,10.);
#215=VECTOR('',#4314,10.);
#216=VECTOR('',#4317,10.);
#217=VECTOR('',#4318,10.);
#218=VECTOR('',#4325,10.);
#219=VECTOR('',#4328,10.);
#220=VECTOR('',#4331,10.);
#221=VECTOR('',#4332,10.);
#222=VECTOR('',#4339,10.);
#223=VECTOR('',#4342,10.);
#224=VECTOR('',#4351,10.);
#225=VECTOR('',#4352,10.);
#226=VECTOR('',#4355,10.);
#227=VECTOR('',#4368,10.);
#228=VECTOR('',#4371,10.);
#229=VECTOR('',#4372,10.);
#230=VECTOR('',#4375,10.);
#231=VECTOR('',#4376,10.);
#232=VECTOR('',#4379,10.);
#233=VECTOR('',#4382,10.);
#234=VECTOR('',#4383,10.);
#235=VECTOR('',#4384,10.);
#236=VECTOR('',#4385,10.);
#237=VECTOR('',#4386,10.);
#238=VECTOR('',#4389,10.);
#239=VECTOR('',#4394,10.);
#240=VECTOR('',#4399,10.);
#241=VECTOR('',#4404,10.);
#242=VECTOR('',#4407,10.);
#243=VECTOR('',#4410,10.);
#244=VECTOR('',#4413,10.);
#245=VECTOR('',#4456,1.5);
#246=VECTOR('',#4463,1.5);
#247=VECTOR('',#4468,1.5);
#248=VECTOR('',#4473,1.5);
#249=VECTOR('',#4484,10.);
#250=VECTOR('',#4485,10.);
#251=VECTOR('',#4486,10.);
#252=VECTOR('',#4487,10.);
#253=VECTOR('',#4488,10.);
#254=VECTOR('',#4489,10.);
#255=VECTOR('',#4490,10.);
#256=VECTOR('',#4491,10.);
#257=VECTOR('',#4496,1.5);
#258=VECTOR('',#4503,1.5);
#259=VECTOR('',#4508,1.5);
#260=VECTOR('',#4511,1.5);
#261=VECTOR('',#4514,1.5);
#262=VECTOR('',#4523,1.5);
#263=VECTOR('',#4528,1.5);
#264=VECTOR('',#4531,1.5);
#265=VECTOR('',#4534,10.);
#266=VECTOR('',#4535,10.);
#267=VECTOR('',#4538,10.);
#268=VECTOR('',#4541,10.);
#269=VECTOR('',#4548,10.);
#270=VECTOR('',#4549,10.);
#271=VECTOR('',#4550,10.);
#272=VECTOR('',#4551,10.);
#273=VECTOR('',#4554,10.);
#274=VECTOR('',#4555,10.);
#275=VECTOR('',#4556,10.);
#276=VECTOR('',#4557,10.);
#277=VECTOR('',#4576,1.4);
#278=VECTOR('',#4581,3.75);
#279=VECTOR('',#4588,4.85);
#280=(
BOUNDED_CURVE()
B_SPLINE_CURVE(2,(#5204,#5205,#5206),.UNSPECIFIED.,.F.,.F.)
B_SPLINE_CURVE_WITH_KNOTS((3,3),(29.4586874004969,32.5013928039785),
 .UNSPECIFIED.)
CURVE()
GEOMETRIC_REPRESENTATION_ITEM()
RATIONAL_B_SPLINE_CURVE((11.8302638718416,12.300704021252,12.7527851435436))
REPRESENTATION_ITEM('')
);
#281=(
BOUNDED_CURVE()
B_SPLINE_CURVE(2,(#5280,#5281,#5282),.UNSPECIFIED.,.F.,.F.)
B_SPLINE_CURVE_WITH_KNOTS((3,3),(29.4586874005087,32.5013928039908),
 .UNSPECIFIED.)
CURVE()
GEOMETRIC_REPRESENTATION_ITEM()
RATIONAL_B_SPLINE_CURVE((11.8302638718379,12.300704021248,12.7527851435393))
REPRESENTATION_ITEM('')
);
#282=(
BOUNDED_CURVE()
B_SPLINE_CURVE(2,(#7492,#7493,#7494),.UNSPECIFIED.,.F.,.F.)
B_SPLINE_CURVE_WITH_KNOTS((3,3),(28.7982532716818,32.5013928039741),
 .UNSPECIFIED.)
CURVE()
GEOMETRIC_REPRESENTATION_ITEM()
RATIONAL_B_SPLINE_CURVE((11.6251762432964,12.2025775967201,12.7527851435454))
REPRESENTATION_ITEM('')
);
#283=(
BOUNDED_CURVE()
B_SPLINE_CURVE(2,(#7634,#7635,#7636),.UNSPECIFIED.,.F.,.F.)
B_SPLINE_CURVE_WITH_KNOTS((3,3),(28.7982532716817,32.501392803974),
 .UNSPECIFIED.)
CURVE()
GEOMETRIC_REPRESENTATION_ITEM()
RATIONAL_B_SPLINE_CURVE((11.6251762432965,12.2025775967202,12.7527851435454))
REPRESENTATION_ITEM('')
);
#284=(
BOUNDED_CURVE()
B_SPLINE_CURVE(2,(#7675,#7676,#7677),.UNSPECIFIED.,.F.,.F.)
B_SPLINE_CURVE_WITH_KNOTS((3,3),(28.7982532716878,32.5013928039804),
 .UNSPECIFIED.)
CURVE()
GEOMETRIC_REPRESENTATION_ITEM()
RATIONAL_B_SPLINE_CURVE((11.6251762432947,12.2025775967182,12.7527851435433))
REPRESENTATION_ITEM('')
);
#285=(
BOUNDED_CURVE()
B_SPLINE_CURVE(2,(#7817,#7818,#7819),.UNSPECIFIED.,.F.,.F.)
B_SPLINE_CURVE_WITH_KNOTS((3,3),(28.7982532716875,32.5013928039801),
 .UNSPECIFIED.)
CURVE()
GEOMETRIC_REPRESENTATION_ITEM()
RATIONAL_B_SPLINE_CURVE((11.6251762432948,12.2025775967183,12.7527851435433))
REPRESENTATION_ITEM('')
);
#286=(
BOUNDED_CURVE()
B_SPLINE_CURVE(2,(#7858,#7859,#7860),.UNSPECIFIED.,.F.,.F.)
B_SPLINE_CURVE_WITH_KNOTS((3,3),(28.7982532716876,32.5013928039802),
 .UNSPECIFIED.)
CURVE()
GEOMETRIC_REPRESENTATION_ITEM()
RATIONAL_B_SPLINE_CURVE((11.6251762432947,12.2025775967183,12.7527851435433))
REPRESENTATION_ITEM('')
);
#287=(
BOUNDED_CURVE()
B_SPLINE_CURVE(2,(#8000,#8001,#8002),.UNSPECIFIED.,.F.,.F.)
B_SPLINE_CURVE_WITH_KNOTS((3,3),(28.7982532716811,32.5013928039733),
 .UNSPECIFIED.)
CURVE()
GEOMETRIC_REPRESENTATION_ITEM()
RATIONAL_B_SPLINE_CURVE((11.6251762432966,12.2025775967203,12.7527851435455))
REPRESENTATION_ITEM('')
);
#288=(
BOUNDED_CURVE()
B_SPLINE_CURVE(2,(#8041,#8042,#8043),.UNSPECIFIED.,.F.,.F.)
B_SPLINE_CURVE_WITH_KNOTS((3,3),(28.7982532716871,32.5013928039797),
 .UNSPECIFIED.)
CURVE()
GEOMETRIC_REPRESENTATION_ITEM()
RATIONAL_B_SPLINE_CURVE((11.6251762432948,12.2025775967183,12.7527851435434))
REPRESENTATION_ITEM('')
);
#289=(
BOUNDED_CURVE()
B_SPLINE_CURVE(2,(#8183,#8184,#8185),.UNSPECIFIED.,.F.,.F.)
B_SPLINE_CURVE_WITH_KNOTS((3,3),(28.7982532716809,32.5013928039731),
 .UNSPECIFIED.)
CURVE()
GEOMETRIC_REPRESENTATION_ITEM()
RATIONAL_B_SPLINE_CURVE((11.6251762432966,12.2025775967204,12.7527851435456))
REPRESENTATION_ITEM('')
);
#290=(
BOUNDED_CURVE()
B_SPLINE_CURVE(2,(#8277,#8278,#8279),.UNSPECIFIED.,.F.,.F.)
B_SPLINE_CURVE_WITH_KNOTS((3,3),(28.7982532716811,32.5013928039733),
 .UNSPECIFIED.)
CURVE()
GEOMETRIC_REPRESENTATION_ITEM()
RATIONAL_B_SPLINE_CURVE((11.6251762432966,12.2025775967203,12.7527851435455))
REPRESENTATION_ITEM('')
);
#291=(
BOUNDED_CURVE()
B_SPLINE_CURVE(2,(#8297,#8298,#8299),.UNSPECIFIED.,.F.,.F.)
B_SPLINE_CURVE_WITH_KNOTS((3,3),(28.7982532716866,32.5013928039791),
 .UNSPECIFIED.)
CURVE()
GEOMETRIC_REPRESENTATION_ITEM()
RATIONAL_B_SPLINE_CURVE((11.6251762432948,12.2025775967183,12.7527851435434))
REPRESENTATION_ITEM('')
);
#292=(
BOUNDED_CURVE()
B_SPLINE_CURVE(2,(#8325,#8326,#8327),.UNSPECIFIED.,.F.,.F.)
B_SPLINE_CURVE_WITH_KNOTS((3,3),(28.7982532716859,32.5013928039783),
 .UNSPECIFIED.)
CURVE()
GEOMETRIC_REPRESENTATION_ITEM()
RATIONAL_B_SPLINE_CURVE((11.625176243295,12.2025775967186,12.7527851435437))
REPRESENTATION_ITEM('')
);
#293=(
BOUNDED_CURVE()
B_SPLINE_CURVE(2,(#8390,#8391,#8392),.UNSPECIFIED.,.F.,.F.)
B_SPLINE_CURVE_WITH_KNOTS((3,3),(28.7982532716863,32.5013928039788),
 .UNSPECIFIED.)
CURVE()
GEOMETRIC_REPRESENTATION_ITEM()
RATIONAL_B_SPLINE_CURVE((11.6251762432949,12.2025775967184,12.7527851435435))
REPRESENTATION_ITEM('')
);
#294=(
BOUNDED_CURVE()
B_SPLINE_CURVE(2,(#8413,#8414,#8415),.UNSPECIFIED.,.F.,.F.)
B_SPLINE_CURVE_WITH_KNOTS((3,3),(28.7982532716865,32.5013928039789),
 .UNSPECIFIED.)
CURVE()
GEOMETRIC_REPRESENTATION_ITEM()
RATIONAL_B_SPLINE_CURVE((11.6251762432948,12.2025775967184,12.7527851435434))
REPRESENTATION_ITEM('')
);
#295=(
BOUNDED_CURVE()
B_SPLINE_CURVE(2,(#8426,#8427,#8428),.UNSPECIFIED.,.F.,.F.)
B_SPLINE_CURVE_WITH_KNOTS((3,3),(28.7982532716931,32.501392803986),
 .UNSPECIFIED.)
CURVE()
GEOMETRIC_REPRESENTATION_ITEM()
RATIONAL_B_SPLINE_CURVE((11.625176243293,12.2025775967163,12.7527851435412))
REPRESENTATION_ITEM('')
);
#296=(
BOUNDED_CURVE()
B_SPLINE_CURVE(2,(#8970,#8971,#8972),.UNSPECIFIED.,.F.,.F.)
B_SPLINE_CURVE_WITH_KNOTS((3,3),(28.798253271681,32.5013928039732),
 .UNSPECIFIED.)
CURVE()
GEOMETRIC_REPRESENTATION_ITEM()
RATIONAL_B_SPLINE_CURVE((11.6251762432966,12.2025775967203,12.7527851435456))
REPRESENTATION_ITEM('')
);
#297=(
BOUNDED_CURVE()
B_SPLINE_CURVE(2,(#8973,#8974,#8975),.UNSPECIFIED.,.F.,.F.)
B_SPLINE_CURVE_WITH_KNOTS((3,3),(28.7982532716825,32.5013928039749),
 .UNSPECIFIED.)
CURVE()
GEOMETRIC_REPRESENTATION_ITEM()
RATIONAL_B_SPLINE_CURVE((11.6251762432963,12.20257759672,12.7527851435452))
REPRESENTATION_ITEM('')
);
#298=PLANE('',#3539);
#299=PLANE('',#3543);
#300=PLANE('',#3545);
#301=PLANE('',#3549);
#302=PLANE('',#3550);
#303=PLANE('',#3554);
#304=PLANE('',#3716);
#305=PLANE('',#3719);
#306=PLANE('',#3721);
#307=PLANE('',#3724);
#308=PLANE('',#3726);
#309=PLANE('',#3729);
#310=PLANE('',#3731);
#311=PLANE('',#3734);
#312=PLANE('',#3736);
#313=PLANE('',#3738);
#314=PLANE('',#3742);
#315=PLANE('',#3754);
#316=PLANE('',#3756);
#317=PLANE('',#3758);
#318=PLANE('',#3763);
#319=PLANE('',#3766);
#320=PLANE('',#3767);
#321=PLANE('',#3780);
#322=PLANE('',#3781);
#323=PLANE('',#3791);
#324=PLANE('',#3793);
#325=PLANE('',#3794);
#326=PLANE('',#3795);
#327=PLANE('',#3812);
#328=PLANE('',#3813);
#329=PLANE('',#3814);
#330=PLANE('',#3815);
#331=PLANE('',#3817);
#332=PLANE('',#3818);
#333=PLANE('',#3819);
#334=PLANE('',#3822);
#335=PLANE('',#3825);
#336=PLANE('',#3834);
#337=PLANE('',#3835);
#338=CONICAL_SURFACE('',#3518,6.85,0.0951662065539669);
#339=CONICAL_SURFACE('',#3540,5.35,0.0698131700797732);
#340=CONICAL_SURFACE('',#3555,5.24998349782542,0.0963948943850773);
#341=CONICAL_SURFACE('',#3720,6.99236397889587,1.47563012024093);
#342=CONICAL_SURFACE('',#3725,6.99236397889587,1.47563012024093);
#343=CONICAL_SURFACE('',#3730,6.99236397889587,1.47563012024093);
#344=CONICAL_SURFACE('',#3735,6.99236397889587,1.47563012024093);
#345=CONICAL_SURFACE('',#3739,7.85,0.114876605416899);
#346=CONICAL_SURFACE('',#3740,7.55,0.610725964389208);
#347=CONICAL_SURFACE('',#3765,5.24998349782542,0.0963948943850773);
#348=CONICAL_SURFACE('',#3768,6.99236397889587,1.47563012024093);
#349=CONICAL_SURFACE('',#3769,5.73088180394558,0.0951662065539666);
#350=CONICAL_SURFACE('',#3770,5.73088180394558,0.0951662065539666);
#351=CONICAL_SURFACE('',#3771,6.99236397889587,1.47563012024093);
#352=CONICAL_SURFACE('',#3772,5.73088180394558,0.0951662065539666);
#353=CONICAL_SURFACE('',#3773,5.73088180394558,0.0951662065539666);
#354=CONICAL_SURFACE('',#3774,6.99236397889587,1.47563012024093);
#355=CONICAL_SURFACE('',#3775,5.73088180394558,0.0951662065539666);
#356=CONICAL_SURFACE('',#3776,5.73088180394558,0.0951662065539666);
#357=CONICAL_SURFACE('',#3777,6.99236397889587,1.47563012024093);
#358=CONICAL_SURFACE('',#3778,5.73088180394558,0.0951662065539666);
#359=CONICAL_SURFACE('',#3779,5.73088180394558,0.0951662065539666);
#360=CONICAL_SURFACE('',#3782,5.73088180394558,0.0951662065539666);
#361=CONICAL_SURFACE('',#3792,6.06476216894112,0.110906410264286);
#362=CONICAL_SURFACE('',#3816,5.35,0.0698131700797732);
#363=SPHERICAL_SURFACE('',#3510,0.1);
#364=SPHERICAL_SURFACE('',#3515,0.1);
#365=SPHERICAL_SURFACE('',#3557,0.0999999999999998);
#366=SPHERICAL_SURFACE('',#3563,0.1);
#367=SPHERICAL_SURFACE('',#3577,0.1);
#368=SPHERICAL_SURFACE('',#3581,0.1);
#369=SPHERICAL_SURFACE('',#3594,0.1);
#370=SPHERICAL_SURFACE('',#3598,0.1);
#371=FACE_OUTER_BOUND('',#592,.T.);
#372=FACE_OUTER_BOUND('',#593,.T.);
#373=FACE_OUTER_BOUND('',#594,.T.);
#374=FACE_OUTER_BOUND('',#595,.T.);
#375=FACE_OUTER_BOUND('',#596,.T.);
#376=FACE_OUTER_BOUND('',#597,.T.);
#377=FACE_OUTER_BOUND('',#598,.T.);
#378=FACE_OUTER_BOUND('',#599,.T.);
#379=FACE_OUTER_BOUND('',#600,.T.);
#380=FACE_OUTER_BOUND('',#601,.T.);
#381=FACE_OUTER_BOUND('',#603,.T.);
#382=FACE_OUTER_BOUND('',#604,.T.);
#383=FACE_OUTER_BOUND('',#605,.T.);
#384=FACE_OUTER_BOUND('',#606,.T.);
#385=FACE_OUTER_BOUND('',#607,.T.);
#386=FACE_OUTER_BOUND('',#608,.T.);
#387=FACE_OUTER_BOUND('',#609,.T.);
#388=FACE_OUTER_BOUND('',#610,.T.);
#389=FACE_OUTER_BOUND('',#611,.T.);
#390=FACE_OUTER_BOUND('',#612,.T.);
#391=FACE_OUTER_BOUND('',#613,.T.);
#392=FACE_OUTER_BOUND('',#614,.T.);
#393=FACE_OUTER_BOUND('',#615,.T.);
#394=FACE_OUTER_BOUND('',#616,.T.);
#395=FACE_OUTER_BOUND('',#617,.T.);
#396=FACE_OUTER_BOUND('',#618,.T.);
#397=FACE_OUTER_BOUND('',#619,.T.);
#398=FACE_OUTER_BOUND('',#620,.T.);
#399=FACE_OUTER_BOUND('',#621,.T.);
#400=FACE_OUTER_BOUND('',#622,.T.);
#401=FACE_OUTER_BOUND('',#623,.T.);
#402=FACE_OUTER_BOUND('',#624,.T.);
#403=FACE_OUTER_BOUND('',#625,.T.);
#404=FACE_OUTER_BOUND('',#626,.T.);
#405=FACE_OUTER_BOUND('',#627,.T.);
#406=FACE_OUTER_BOUND('',#628,.T.);
#407=FACE_OUTER_BOUND('',#629,.T.);
#408=FACE_OUTER_BOUND('',#630,.T.);
#409=FACE_OUTER_BOUND('',#631,.T.);
#410=FACE_OUTER_BOUND('',#632,.T.);
#411=FACE_OUTER_BOUND('',#633,.T.);
#412=FACE_OUTER_BOUND('',#634,.T.);
#413=FACE_OUTER_BOUND('',#635,.T.);
#414=FACE_OUTER_BOUND('',#636,.T.);
#415=FACE_OUTER_BOUND('',#637,.T.);
#416=FACE_OUTER_BOUND('',#638,.T.);
#417=FACE_OUTER_BOUND('',#639,.T.);
#418=FACE_OUTER_BOUND('',#640,.T.);
#419=FACE_OUTER_BOUND('',#641,.T.);
#420=FACE_OUTER_BOUND('',#642,.T.);
#421=FACE_OUTER_BOUND('',#643,.T.);
#422=FACE_OUTER_BOUND('',#644,.T.);
#423=FACE_OUTER_BOUND('',#645,.T.);
#424=FACE_OUTER_BOUND('',#646,.T.);
#425=FACE_OUTER_BOUND('',#647,.T.);
#426=FACE_OUTER_BOUND('',#648,.T.);
#427=FACE_OUTER_BOUND('',#649,.T.);
#428=FACE_OUTER_BOUND('',#650,.T.);
#429=FACE_OUTER_BOUND('',#651,.T.);
#430=FACE_OUTER_BOUND('',#652,.T.);
#431=FACE_OUTER_BOUND('',#653,.T.);
#432=FACE_OUTER_BOUND('',#654,.T.);
#433=FACE_OUTER_BOUND('',#655,.T.);
#434=FACE_OUTER_BOUND('',#656,.T.);
#435=FACE_OUTER_BOUND('',#657,.T.);
#436=FACE_OUTER_BOUND('',#658,.T.);
#437=FACE_OUTER_BOUND('',#659,.T.);
#438=FACE_OUTER_BOUND('',#660,.T.);
#439=FACE_OUTER_BOUND('',#661,.T.);
#440=FACE_OUTER_BOUND('',#662,.T.);
#441=FACE_OUTER_BOUND('',#663,.T.);
#442=FACE_OUTER_BOUND('',#664,.T.);
#443=FACE_OUTER_BOUND('',#665,.T.);
#444=FACE_OUTER_BOUND('',#666,.T.);
#445=FACE_OUTER_BOUND('',#667,.T.);
#446=FACE_OUTER_BOUND('',#668,.T.);
#447=FACE_OUTER_BOUND('',#669,.T.);
#448=FACE_OUTER_BOUND('',#670,.T.);
#449=FACE_OUTER_BOUND('',#671,.T.);
#450=FACE_OUTER_BOUND('',#672,.T.);
#451=FACE_OUTER_BOUND('',#673,.T.);
#452=FACE_OUTER_BOUND('',#674,.T.);
#453=FACE_OUTER_BOUND('',#675,.T.);
#454=FACE_OUTER_BOUND('',#676,.T.);
#455=FACE_OUTER_BOUND('',#677,.T.);
#456=FACE_OUTER_BOUND('',#678,.T.);
#457=FACE_OUTER_BOUND('',#679,.T.);
#458=FACE_OUTER_BOUND('',#680,.T.);
#459=FACE_OUTER_BOUND('',#681,.T.);
#460=FACE_OUTER_BOUND('',#682,.T.);
#461=FACE_OUTER_BOUND('',#683,.T.);
#462=FACE_OUTER_BOUND('',#684,.T.);
#463=FACE_OUTER_BOUND('',#685,.T.);
#464=FACE_OUTER_BOUND('',#686,.T.);
#465=FACE_OUTER_BOUND('',#687,.T.);
#466=FACE_OUTER_BOUND('',#688,.T.);
#467=FACE_OUTER_BOUND('',#689,.T.);
#468=FACE_OUTER_BOUND('',#690,.T.);
#469=FACE_OUTER_BOUND('',#691,.T.);
#470=FACE_OUTER_BOUND('',#692,.T.);
#471=FACE_OUTER_BOUND('',#693,.T.);
#472=FACE_OUTER_BOUND('',#694,.T.);
#473=FACE_OUTER_BOUND('',#695,.T.);
#474=FACE_OUTER_BOUND('',#696,.T.);
#475=FACE_OUTER_BOUND('',#697,.T.);
#476=FACE_OUTER_BOUND('',#698,.T.);
#477=FACE_OUTER_BOUND('',#699,.T.);
#478=FACE_OUTER_BOUND('',#700,.T.);
#479=FACE_OUTER_BOUND('',#701,.T.);
#480=FACE_OUTER_BOUND('',#702,.T.);
#481=FACE_OUTER_BOUND('',#703,.T.);
#482=FACE_OUTER_BOUND('',#704,.T.);
#483=FACE_OUTER_BOUND('',#705,.T.);
#484=FACE_OUTER_BOUND('',#706,.T.);
#485=FACE_OUTER_BOUND('',#707,.T.);
#486=FACE_OUTER_BOUND('',#708,.T.);
#487=FACE_OUTER_BOUND('',#709,.T.);
#488=FACE_OUTER_BOUND('',#710,.T.);
#489=FACE_OUTER_BOUND('',#711,.T.);
#490=FACE_OUTER_BOUND('',#712,.T.);
#491=FACE_OUTER_BOUND('',#713,.T.);
#492=FACE_OUTER_BOUND('',#714,.T.);
#493=FACE_OUTER_BOUND('',#715,.T.);
#494=FACE_OUTER_BOUND('',#716,.T.);
#495=FACE_OUTER_BOUND('',#717,.T.);
#496=FACE_OUTER_BOUND('',#718,.T.);
#497=FACE_OUTER_BOUND('',#719,.T.);
#498=FACE_OUTER_BOUND('',#720,.T.);
#499=FACE_OUTER_BOUND('',#721,.T.);
#500=FACE_OUTER_BOUND('',#722,.T.);
#501=FACE_OUTER_BOUND('',#723,.T.);
#502=FACE_OUTER_BOUND('',#724,.T.);
#503=FACE_OUTER_BOUND('',#725,.T.);
#504=FACE_OUTER_BOUND('',#726,.T.);
#505=FACE_OUTER_BOUND('',#727,.T.);
#506=FACE_OUTER_BOUND('',#728,.T.);
#507=FACE_OUTER_BOUND('',#729,.T.);
#508=FACE_OUTER_BOUND('',#730,.T.);
#509=FACE_OUTER_BOUND('',#731,.T.);
#510=FACE_OUTER_BOUND('',#732,.T.);
#511=FACE_OUTER_BOUND('',#733,.T.);
#512=FACE_OUTER_BOUND('',#734,.T.);
#513=FACE_OUTER_BOUND('',#735,.T.);
#514=FACE_OUTER_BOUND('',#736,.T.);
#515=FACE_OUTER_BOUND('',#737,.T.);
#516=FACE_OUTER_BOUND('',#739,.T.);
#517=FACE_OUTER_BOUND('',#740,.T.);
#518=FACE_OUTER_BOUND('',#741,.T.);
#519=FACE_OUTER_BOUND('',#742,.T.);
#520=FACE_OUTER_BOUND('',#744,.T.);
#521=FACE_OUTER_BOUND('',#745,.T.);
#522=FACE_OUTER_BOUND('',#746,.T.);
#523=FACE_OUTER_BOUND('',#747,.T.);
#524=FACE_OUTER_BOUND('',#748,.T.);
#525=FACE_OUTER_BOUND('',#749,.T.);
#526=FACE_OUTER_BOUND('',#750,.T.);
#527=FACE_OUTER_BOUND('',#751,.T.);
#528=FACE_OUTER_BOUND('',#752,.T.);
#529=FACE_OUTER_BOUND('',#753,.T.);
#530=FACE_OUTER_BOUND('',#754,.T.);
#531=FACE_OUTER_BOUND('',#755,.T.);
#532=FACE_OUTER_BOUND('',#756,.T.);
#533=FACE_OUTER_BOUND('',#757,.T.);
#534=FACE_OUTER_BOUND('',#758,.T.);
#535=FACE_OUTER_BOUND('',#759,.T.);
#536=FACE_OUTER_BOUND('',#760,.T.);
#537=FACE_OUTER_BOUND('',#761,.T.);
#538=FACE_OUTER_BOUND('',#762,.T.);
#539=FACE_OUTER_BOUND('',#763,.T.);
#540=FACE_OUTER_BOUND('',#764,.T.);
#541=FACE_OUTER_BOUND('',#765,.T.);
#542=FACE_OUTER_BOUND('',#766,.T.);
#543=FACE_OUTER_BOUND('',#767,.T.);
#544=FACE_OUTER_BOUND('',#768,.T.);
#545=FACE_OUTER_BOUND('',#769,.T.);
#546=FACE_OUTER_BOUND('',#770,.T.);
#547=FACE_OUTER_BOUND('',#771,.T.);
#548=FACE_OUTER_BOUND('',#772,.T.);
#549=FACE_OUTER_BOUND('',#773,.T.);
#550=FACE_OUTER_BOUND('',#774,.T.);
#551=FACE_OUTER_BOUND('',#775,.T.);
#552=FACE_OUTER_BOUND('',#776,.T.);
#553=FACE_OUTER_BOUND('',#777,.T.);
#554=FACE_OUTER_BOUND('',#778,.T.);
#555=FACE_OUTER_BOUND('',#779,.T.);
#556=FACE_OUTER_BOUND('',#780,.T.);
#557=FACE_OUTER_BOUND('',#781,.T.);
#558=FACE_OUTER_BOUND('',#782,.T.);
#559=FACE_OUTER_BOUND('',#783,.T.);
#560=FACE_OUTER_BOUND('',#784,.T.);
#561=FACE_OUTER_BOUND('',#785,.T.);
#562=FACE_OUTER_BOUND('',#786,.T.);
#563=FACE_OUTER_BOUND('',#787,.T.);
#564=FACE_OUTER_BOUND('',#788,.T.);
#565=FACE_OUTER_BOUND('',#789,.T.);
#566=FACE_OUTER_BOUND('',#790,.T.);
#567=FACE_OUTER_BOUND('',#791,.T.);
#568=FACE_OUTER_BOUND('',#792,.T.);
#569=FACE_OUTER_BOUND('',#794,.T.);
#570=FACE_OUTER_BOUND('',#795,.T.);
#571=FACE_OUTER_BOUND('',#796,.T.);
#572=FACE_OUTER_BOUND('',#797,.T.);
#573=FACE_OUTER_BOUND('',#798,.T.);
#574=FACE_OUTER_BOUND('',#799,.T.);
#575=FACE_OUTER_BOUND('',#800,.T.);
#576=FACE_OUTER_BOUND('',#801,.T.);
#577=FACE_OUTER_BOUND('',#802,.T.);
#578=FACE_OUTER_BOUND('',#803,.T.);
#579=FACE_OUTER_BOUND('',#804,.T.);
#580=FACE_OUTER_BOUND('',#805,.T.);
#581=FACE_OUTER_BOUND('',#806,.T.);
#582=FACE_OUTER_BOUND('',#807,.T.);
#583=FACE_OUTER_BOUND('',#808,.T.);
#584=FACE_OUTER_BOUND('',#809,.T.);
#585=FACE_OUTER_BOUND('',#810,.T.);
#586=FACE_OUTER_BOUND('',#811,.T.);
#587=FACE_OUTER_BOUND('',#812,.T.);
#588=FACE_OUTER_BOUND('',#813,.T.);
#589=FACE_OUTER_BOUND('',#814,.T.);
#590=FACE_OUTER_BOUND('',#815,.T.);
#591=FACE_OUTER_BOUND('',#817,.T.);
#592=EDGE_LOOP('',(#2101,#2102,#2103,#2104));
#593=EDGE_LOOP('',(#2105,#2106,#2107,#2108,#2109));
#594=EDGE_LOOP('',(#2110,#2111,#2112));
#595=EDGE_LOOP('',(#2113,#2114,#2115,#2116));
#596=EDGE_LOOP('',(#2117,#2118,#2119));
#597=EDGE_LOOP('',(#2120,#2121,#2122,#2123));
#598=EDGE_LOOP('',(#2124,#2125,#2126,#2127,#2128,#2129,#2130,#2131,#2132,
#2133,#2134,#2135,#2136,#2137,#2138,#2139,#2140,#2141,#2142,#2143,#2144,
#2145,#2146,#2147,#2148,#2149,#2150,#2151,#2152,#2153,#2154,#2155,#2156,
#2157,#2158,#2159,#2160,#2161,#2162,#2163,#2164,#2165,#2166,#2167,#2168,
#2169,#2170,#2171,#2172,#2173,#2174,#2175,#2176,#2177,#2178,#2179,#2180,
#2181,#2182,#2183,#2184,#2185,#2186,#2187,#2188,#2189,#2190,#2191,#2192,
#2193,#2194,#2195,#2196,#2197));
#599=EDGE_LOOP('',(#2198,#2199,#2200,#2201));
#600=EDGE_LOOP('',(#2202,#2203,#2204,#2205));
#601=EDGE_LOOP('',(#2206,#2207,#2208,#2209));
#602=EDGE_LOOP('',(#2210,#2211));
#603=EDGE_LOOP('',(#2212));
#604=EDGE_LOOP('',(#2213,#2214,#2215,#2216,#2217,#2218,#2219,#2220,#2221,
#2222,#2223));
#605=EDGE_LOOP('',(#2224,#2225,#2226,#2227));
#606=EDGE_LOOP('',(#2228,#2229,#2230,#2231));
#607=EDGE_LOOP('',(#2232,#2233,#2234,#2235,#2236,#2237,#2238,#2239));
#608=EDGE_LOOP('',(#2240,#2241));
#609=EDGE_LOOP('',(#2242,#2243,#2244,#2245));
#610=EDGE_LOOP('',(#2246,#2247,#2248,#2249,#2250,#2251,#2252,#2253));
#611=EDGE_LOOP('',(#2254,#2255,#2256,#2257,#2258,#2259));
#612=EDGE_LOOP('',(#2260,#2261,#2262,#2263,#2264,#2265));
#613=EDGE_LOOP('',(#2266,#2267,#2268,#2269,#2270));
#614=EDGE_LOOP('',(#2271,#2272,#2273,#2274));
#615=EDGE_LOOP('',(#2275,#2276,#2277,#2278));
#616=EDGE_LOOP('',(#2279,#2280,#2281,#2282));
#617=EDGE_LOOP('',(#2283,#2284,#2285,#2286));
#618=EDGE_LOOP('',(#2287,#2288,#2289,#2290));
#619=EDGE_LOOP('',(#2291,#2292,#2293));
#620=EDGE_LOOP('',(#2294,#2295,#2296));
#621=EDGE_LOOP('',(#2297,#2298,#2299,#2300));
#622=EDGE_LOOP('',(#2301,#2302,#2303,#2304));
#623=EDGE_LOOP('',(#2305,#2306,#2307,#2308));
#624=EDGE_LOOP('',(#2309,#2310,#2311,#2312));
#625=EDGE_LOOP('',(#2313,#2314,#2315,#2316));
#626=EDGE_LOOP('',(#2317,#2318,#2319,#2320));
#627=EDGE_LOOP('',(#2321,#2322,#2323));
#628=EDGE_LOOP('',(#2324,#2325,#2326));
#629=EDGE_LOOP('',(#2327,#2328,#2329,#2330));
#630=EDGE_LOOP('',(#2331,#2332,#2333,#2334));
#631=EDGE_LOOP('',(#2335,#2336,#2337,#2338));
#632=EDGE_LOOP('',(#2339,#2340,#2341,#2342));
#633=EDGE_LOOP('',(#2343,#2344,#2345,#2346));
#634=EDGE_LOOP('',(#2347,#2348,#2349,#2350));
#635=EDGE_LOOP('',(#2351,#2352,#2353,#2354));
#636=EDGE_LOOP('',(#2355,#2356,#2357,#2358));
#637=EDGE_LOOP('',(#2359,#2360,#2361,#2362));
#638=EDGE_LOOP('',(#2363,#2364,#2365,#2366));
#639=EDGE_LOOP('',(#2367,#2368,#2369,#2370));
#640=EDGE_LOOP('',(#2371,#2372,#2373,#2374));
#641=EDGE_LOOP('',(#2375,#2376,#2377,#2378));
#642=EDGE_LOOP('',(#2379,#2380,#2381,#2382));
#643=EDGE_LOOP('',(#2383,#2384,#2385,#2386));
#644=EDGE_LOOP('',(#2387,#2388,#2389,#2390));
#645=EDGE_LOOP('',(#2391,#2392,#2393,#2394));
#646=EDGE_LOOP('',(#2395,#2396,#2397,#2398));
#647=EDGE_LOOP('',(#2399,#2400,#2401,#2402));
#648=EDGE_LOOP('',(#2403,#2404,#2405,#2406));
#649=EDGE_LOOP('',(#2407,#2408,#2409,#2410));
#650=EDGE_LOOP('',(#2411,#2412,#2413,#2414));
#651=EDGE_LOOP('',(#2415,#2416,#2417,#2418));
#652=EDGE_LOOP('',(#2419,#2420,#2421,#2422));
#653=EDGE_LOOP('',(#2423,#2424,#2425,#2426));
#654=EDGE_LOOP('',(#2427,#2428,#2429,#2430));
#655=EDGE_LOOP('',(#2431,#2432,#2433,#2434));
#656=EDGE_LOOP('',(#2435,#2436,#2437,#2438));
#657=EDGE_LOOP('',(#2439,#2440,#2441,#2442));
#658=EDGE_LOOP('',(#2443,#2444,#2445,#2446));
#659=EDGE_LOOP('',(#2447,#2448,#2449,#2450));
#660=EDGE_LOOP('',(#2451,#2452,#2453,#2454));
#661=EDGE_LOOP('',(#2455,#2456,#2457,#2458));
#662=EDGE_LOOP('',(#2459,#2460,#2461,#2462));
#663=EDGE_LOOP('',(#2463,#2464,#2465,#2466));
#664=EDGE_LOOP('',(#2467,#2468,#2469,#2470));
#665=EDGE_LOOP('',(#2471,#2472,#2473,#2474));
#666=EDGE_LOOP('',(#2475,#2476,#2477,#2478));
#667=EDGE_LOOP('',(#2479,#2480,#2481,#2482));
#668=EDGE_LOOP('',(#2483,#2484,#2485,#2486));
#669=EDGE_LOOP('',(#2487,#2488,#2489,#2490));
#670=EDGE_LOOP('',(#2491,#2492,#2493,#2494));
#671=EDGE_LOOP('',(#2495,#2496,#2497,#2498));
#672=EDGE_LOOP('',(#2499,#2500,#2501,#2502));
#673=EDGE_LOOP('',(#2503,#2504,#2505,#2506));
#674=EDGE_LOOP('',(#2507,#2508,#2509,#2510));
#675=EDGE_LOOP('',(#2511,#2512,#2513,#2514));
#676=EDGE_LOOP('',(#2515,#2516,#2517,#2518));
#677=EDGE_LOOP('',(#2519,#2520,#2521,#2522));
#678=EDGE_LOOP('',(#2523,#2524,#2525,#2526));
#679=EDGE_LOOP('',(#2527,#2528,#2529,#2530));
#680=EDGE_LOOP('',(#2531,#2532,#2533,#2534));
#681=EDGE_LOOP('',(#2535,#2536,#2537,#2538));
#682=EDGE_LOOP('',(#2539,#2540,#2541,#2542));
#683=EDGE_LOOP('',(#2543,#2544,#2545,#2546));
#684=EDGE_LOOP('',(#2547,#2548,#2549,#2550));
#685=EDGE_LOOP('',(#2551,#2552,#2553,#2554));
#686=EDGE_LOOP('',(#2555,#2556,#2557,#2558));
#687=EDGE_LOOP('',(#2559,#2560,#2561,#2562));
#688=EDGE_LOOP('',(#2563,#2564,#2565,#2566));
#689=EDGE_LOOP('',(#2567,#2568,#2569,#2570));
#690=EDGE_LOOP('',(#2571,#2572,#2573,#2574));
#691=EDGE_LOOP('',(#2575,#2576,#2577,#2578));
#692=EDGE_LOOP('',(#2579,#2580,#2581,#2582));
#693=EDGE_LOOP('',(#2583,#2584,#2585,#2586));
#694=EDGE_LOOP('',(#2587,#2588,#2589,#2590));
#695=EDGE_LOOP('',(#2591,#2592,#2593,#2594));
#696=EDGE_LOOP('',(#2595,#2596,#2597,#2598));
#697=EDGE_LOOP('',(#2599,#2600,#2601,#2602));
#698=EDGE_LOOP('',(#2603,#2604,#2605,#2606));
#699=EDGE_LOOP('',(#2607,#2608,#2609,#2610,#2611,#2612,#2613));
#700=EDGE_LOOP('',(#2614,#2615,#2616,#2617));
#701=EDGE_LOOP('',(#2618,#2619,#2620,#2621,#2622,#2623,#2624));
#702=EDGE_LOOP('',(#2625,#2626,#2627,#2628));
#703=EDGE_LOOP('',(#2629,#2630,#2631,#2632));
#704=EDGE_LOOP('',(#2633,#2634,#2635,#2636));
#705=EDGE_LOOP('',(#2637,#2638,#2639,#2640));
#706=EDGE_LOOP('',(#2641,#2642,#2643,#2644,#2645));
#707=EDGE_LOOP('',(#2646,#2647,#2648,#2649,#2650,#2651,#2652));
#708=EDGE_LOOP('',(#2653,#2654,#2655,#2656));
#709=EDGE_LOOP('',(#2657,#2658,#2659,#2660));
#710=EDGE_LOOP('',(#2661,#2662,#2663,#2664));
#711=EDGE_LOOP('',(#2665,#2666,#2667,#2668,#2669));
#712=EDGE_LOOP('',(#2670,#2671,#2672));
#713=EDGE_LOOP('',(#2673,#2674,#2675,#2676,#2677));
#714=EDGE_LOOP('',(#2678,#2679,#2680,#2681));
#715=EDGE_LOOP('',(#2682,#2683,#2684,#2685));
#716=EDGE_LOOP('',(#2686,#2687,#2688,#2689));
#717=EDGE_LOOP('',(#2690,#2691,#2692,#2693));
#718=EDGE_LOOP('',(#2694,#2695,#2696,#2697,#2698));
#719=EDGE_LOOP('',(#2699,#2700,#2701));
#720=EDGE_LOOP('',(#2702,#2703,#2704,#2705,#2706));
#721=EDGE_LOOP('',(#2707,#2708,#2709,#2710));
#722=EDGE_LOOP('',(#2711,#2712,#2713,#2714));
#723=EDGE_LOOP('',(#2715,#2716,#2717,#2718));
#724=EDGE_LOOP('',(#2719,#2720,#2721,#2722));
#725=EDGE_LOOP('',(#2723,#2724,#2725,#2726,#2727));
#726=EDGE_LOOP('',(#2728,#2729,#2730));
#727=EDGE_LOOP('',(#2731,#2732,#2733,#2734,#2735));
#728=EDGE_LOOP('',(#2736,#2737,#2738,#2739));
#729=EDGE_LOOP('',(#2740,#2741,#2742,#2743));
#730=EDGE_LOOP('',(#2744,#2745,#2746,#2747));
#731=EDGE_LOOP('',(#2748,#2749,#2750,#2751));
#732=EDGE_LOOP('',(#2752,#2753,#2754,#2755,#2756));
#733=EDGE_LOOP('',(#2757,#2758,#2759));
#734=EDGE_LOOP('',(#2760,#2761,#2762,#2763,#2764));
#735=EDGE_LOOP('',(#2765,#2766,#2767,#2768));
#736=EDGE_LOOP('',(#2769,#2770,#2771,#2772));
#737=EDGE_LOOP('',(#2773,#2774,#2775,#2776,#2777,#2778));
#738=EDGE_LOOP('',(#2779));
#739=EDGE_LOOP('',(#2780,#2781,#2782,#2783));
#740=EDGE_LOOP('',(#2784,#2785,#2786,#2787));
#741=EDGE_LOOP('',(#2788,#2789,#2790,#2791));
#742=EDGE_LOOP('',(#2792,#2793,#2794,#2795,#2796,#2797,#2798,#2799,#2800,
#2801,#2802,#2803,#2804,#2805,#2806,#2807,#2808,#2809,#2810,#2811,#2812,
#2813,#2814,#2815,#2816,#2817,#2818,#2819,#2820,#2821,#2822,#2823,#2824,
#2825,#2826,#2827,#2828,#2829,#2830,#2831,#2832,#2833,#2834,#2835,#2836,
#2837,#2838,#2839));
#743=EDGE_LOOP('',(#2840,#2841,#2842,#2843));
#744=EDGE_LOOP('',(#2844,#2845,#2846,#2847));
#745=EDGE_LOOP('',(#2848,#2849,#2850,#2851));
#746=EDGE_LOOP('',(#2852,#2853,#2854,#2855));
#747=EDGE_LOOP('',(#2856,#2857,#2858,#2859));
#748=EDGE_LOOP('',(#2860,#2861,#2862,#2863));
#749=EDGE_LOOP('',(#2864,#2865,#2866,#2867));
#750=EDGE_LOOP('',(#2868,#2869,#2870,#2871));
#751=EDGE_LOOP('',(#2872,#2873,#2874,#2875));
#752=EDGE_LOOP('',(#2876,#2877,#2878,#2879));
#753=EDGE_LOOP('',(#2880,#2881,#2882,#2883));
#754=EDGE_LOOP('',(#2884,#2885,#2886,#2887));
#755=EDGE_LOOP('',(#2888,#2889,#2890,#2891));
#756=EDGE_LOOP('',(#2892,#2893,#2894,#2895,#2896,#2897));
#757=EDGE_LOOP('',(#2898,#2899,#2900,#2901));
#758=EDGE_LOOP('',(#2902,#2903,#2904,#2905));
#759=EDGE_LOOP('',(#2906,#2907,#2908,#2909,#2910));
#760=EDGE_LOOP('',(#2911,#2912,#2913));
#761=EDGE_LOOP('',(#2914,#2915,#2916,#2917,#2918));
#762=EDGE_LOOP('',(#2919,#2920,#2921,#2922,#2923,#2924,#2925));
#763=EDGE_LOOP('',(#2926,#2927,#2928,#2929,#2930,#2931,#2932));
#764=EDGE_LOOP('',(#2933,#2934,#2935,#2936,#2937));
#765=EDGE_LOOP('',(#2938,#2939,#2940));
#766=EDGE_LOOP('',(#2941,#2942,#2943,#2944,#2945));
#767=EDGE_LOOP('',(#2946,#2947,#2948,#2949,#2950,#2951,#2952));
#768=EDGE_LOOP('',(#2953,#2954,#2955,#2956,#2957,#2958,#2959));
#769=EDGE_LOOP('',(#2960,#2961,#2962,#2963,#2964));
#770=EDGE_LOOP('',(#2965,#2966,#2967));
#771=EDGE_LOOP('',(#2968,#2969,#2970,#2971,#2972));
#772=EDGE_LOOP('',(#2973,#2974,#2975,#2976,#2977,#2978,#2979));
#773=EDGE_LOOP('',(#2980,#2981,#2982,#2983,#2984,#2985,#2986));
#774=EDGE_LOOP('',(#2987,#2988,#2989,#2990,#2991));
#775=EDGE_LOOP('',(#2992,#2993,#2994));
#776=EDGE_LOOP('',(#2995,#2996,#2997,#2998,#2999));
#777=EDGE_LOOP('',(#3000,#3001,#3002,#3003,#3004,#3005,#3006));
#778=EDGE_LOOP('',(#3007,#3008,#3009,#3010,#3011,#3012,#3013));
#779=EDGE_LOOP('',(#3014,#3015,#3016,#3017));
#780=EDGE_LOOP('',(#3018,#3019,#3020,#3021));
#781=EDGE_LOOP('',(#3022,#3023,#3024,#3025,#3026,#3027,#3028,#3029,#3030,
#3031));
#782=EDGE_LOOP('',(#3032,#3033,#3034,#3035));
#783=EDGE_LOOP('',(#3036,#3037,#3038,#3039));
#784=EDGE_LOOP('',(#3040,#3041,#3042,#3043));
#785=EDGE_LOOP('',(#3044,#3045,#3046,#3047));
#786=EDGE_LOOP('',(#3048,#3049,#3050,#3051));
#787=EDGE_LOOP('',(#3052,#3053,#3054,#3055));
#788=EDGE_LOOP('',(#3056,#3057,#3058,#3059));
#789=EDGE_LOOP('',(#3060,#3061,#3062,#3063));
#790=EDGE_LOOP('',(#3064,#3065,#3066,#3067,#3068,#3069,#3070));
#791=EDGE_LOOP('',(#3071,#3072));
#792=EDGE_LOOP('',(#3073,#3074,#3075,#3076));
#793=EDGE_LOOP('',(#3077,#3078,#3079,#3080));
#794=EDGE_LOOP('',(#3081,#3082,#3083,#3084));
#795=EDGE_LOOP('',(#3085,#3086,#3087,#3088));
#796=EDGE_LOOP('',(#3089,#3090,#3091,#3092));
#797=EDGE_LOOP('',(#3093,#3094,#3095,#3096));
#798=EDGE_LOOP('',(#3097,#3098,#3099,#3100));
#799=EDGE_LOOP('',(#3101,#3102,#3103,#3104));
#800=EDGE_LOOP('',(#3105,#3106,#3107,#3108));
#801=EDGE_LOOP('',(#3109,#3110,#3111,#3112));
#802=EDGE_LOOP('',(#3113,#3114,#3115,#3116));
#803=EDGE_LOOP('',(#3117,#3118,#3119,#3120));
#804=EDGE_LOOP('',(#3121,#3122,#3123,#3124));
#805=EDGE_LOOP('',(#3125,#3126,#3127,#3128));
#806=EDGE_LOOP('',(#3129,#3130));
#807=EDGE_LOOP('',(#3131,#3132,#3133,#3134));
#808=EDGE_LOOP('',(#3135,#3136,#3137,#3138));
#809=EDGE_LOOP('',(#3139,#3140,#3141,#3142));
#810=EDGE_LOOP('',(#3143,#3144,#3145));
#811=EDGE_LOOP('',(#3146,#3147));
#812=EDGE_LOOP('',(#3148,#3149,#3150,#3151,#3152,#3153,#3154,#3155,#3156,
#3157,#3158,#3159,#3160));
#813=EDGE_LOOP('',(#3161,#3162,#3163,#3164));
#814=EDGE_LOOP('',(#3165,#3166,#3167,#3168));
#815=EDGE_LOOP('',(#3169));
#816=EDGE_LOOP('',(#3170));
#817=EDGE_LOOP('',(#3171));
#818=EDGE_LOOP('',(#3172));
#819=B_SPLINE_CURVE_WITH_KNOTS('',3,(#4622,#4623,#4624,#4625,#4626,#4627,
#4628,#4629,#4630,#4631,#4632,#4633,#4634,#4635,#4636,#4637,#4638,#4639,
#4640),.UNSPECIFIED.,.F.,.F.,(4,3,3,3,3,3,4),(0.,0.00238266504232484,0.00392717393211867,
0.0063027181522593,0.00748758770163015,0.00990219146388795,0.0110573247108008),
 .UNSPECIFIED.);
#820=B_SPLINE_CURVE_WITH_KNOTS('',3,(#4724,#4725,#4726,#4727,#4728,#4729,
#4730,#4731,#4732,#4733,#4734,#4735,#4736),.UNSPECIFIED.,.F.,.F.,(4,1,1,
1,1,1,1,1,1,1,4),(-0.826286095348218,-0.708245224584187,-0.590204353820156,
-0.53118391843814,-0.472163483056125,-0.413143047674109,-0.354122612292093,
-0.295102176910078,-0.236081741528062,-0.118040870764031,0.),
 .UNSPECIFIED.);
#821=B_SPLINE_CURVE_WITH_KNOTS('',3,(#4739,#4740,#4741,#4742,#4743,#4744,
#4745,#4746,#4747,#4748,#4749,#4750),.UNSPECIFIED.,.F.,.F.,(4,1,1,1,1,1,
1,1,1,4),(0.,0.118040870764031,0.236081741528062,0.295102176910078,0.354122612292093,
0.413143047674109,0.472163483056125,0.53118391843814,0.590204353820156,
0.667242621919422),.UNSPECIFIED.);
#822=B_SPLINE_CURVE_WITH_KNOTS('',3,(#4751,#4752,#4753,#4754,#4755),
 .UNSPECIFIED.,.F.,.F.,(4,1,4),(0.667190549088022,0.708245224584187,0.826286095348218),
 .UNSPECIFIED.);
#823=B_SPLINE_CURVE_WITH_KNOTS('',3,(#4783,#4784,#4785,#4786,#4787,#4788,
#4789,#4790,#4791,#4792,#4793,#4794,#4795,#4796,#4797,#4798,#4799,#4800,
#4801,#4802,#4803,#4804),.UNSPECIFIED.,.F.,.F.,(4,3,3,3,3,3,3,4),(0.,0.00241854695794691,
0.00403551875454026,0.00475879833282211,0.00717019541283499,0.00755892873880188,
0.00993741865257604,0.0110616583696661),.UNSPECIFIED.);
#824=B_SPLINE_CURVE_WITH_KNOTS('',3,(#4829,#4830,#4831,#4832),
 .UNSPECIFIED.,.F.,.F.,(4,4),(-0.690446552746597,0.),.UNSPECIFIED.);
#825=B_SPLINE_CURVE_WITH_KNOTS('',3,(#4835,#4836,#4837,#4838),
 .UNSPECIFIED.,.F.,.F.,(4,4),(0.,0.690446552746597),.UNSPECIFIED.);
#826=B_SPLINE_CURVE_WITH_KNOTS('',3,(#4841,#4842,#4843,#4844),
 .UNSPECIFIED.,.F.,.F.,(4,4),(-0.848695966753681,-0.158249414007085),
 .UNSPECIFIED.);
#827=B_SPLINE_CURVE_WITH_KNOTS('',3,(#4846,#4847,#4848,#4849,#4850),
 .UNSPECIFIED.,.F.,.F.,(4,1,4),(0.,0.0154105823890603,0.0308211647781207),
 .UNSPECIFIED.);
#828=B_SPLINE_CURVE_WITH_KNOTS('',3,(#4854,#4855,#4856,#4857,#4858),
 .UNSPECIFIED.,.F.,.F.,(4,1,4),(0.,0.0154105833408401,0.0308211666816802),
 .UNSPECIFIED.);
#829=B_SPLINE_CURVE_WITH_KNOTS('',3,(#4860,#4861,#4862,#4863),
 .UNSPECIFIED.,.F.,.F.,(4,4),(-0.848695966753683,0.),.UNSPECIFIED.);
#830=B_SPLINE_CURVE_WITH_KNOTS('',3,(#4865,#4866,#4867,#4868,#4869),
 .UNSPECIFIED.,.F.,.F.,(4,1,4),(0.,0.0533212199975255,0.124416179994226),
 .UNSPECIFIED.);
#831=B_SPLINE_CURVE_WITH_KNOTS('',3,(#4873,#4874,#4875,#4876,#4877),
 .UNSPECIFIED.,.F.,.F.,(4,1,4),(0.,0.0710949373649275,0.124416140388623),
 .UNSPECIFIED.);
#832=B_SPLINE_CURVE_WITH_KNOTS('',3,(#4879,#4880,#4881,#4882),
 .UNSPECIFIED.,.F.,.F.,(4,4),(-0.848695966753682,-1.42895612202066E-16),
 .UNSPECIFIED.);
#833=B_SPLINE_CURVE_WITH_KNOTS('',3,(#4884,#4885,#4886,#4887,#4888),
 .UNSPECIFIED.,.F.,.F.,(4,1,4),(0.,0.0154105824249594,0.0308211648499188),
 .UNSPECIFIED.);
#834=B_SPLINE_CURVE_WITH_KNOTS('',3,(#4892,#4893,#4894,#4895,#4896),
 .UNSPECIFIED.,.F.,.F.,(4,1,4),(0.,0.0154105833371991,0.0308211666743983),
 .UNSPECIFIED.);
#835=B_SPLINE_CURVE_WITH_KNOTS('',3,(#4898,#4899,#4900,#4901),
 .UNSPECIFIED.,.F.,.F.,(4,4),(-0.848695966753682,0.),.UNSPECIFIED.);
#836=B_SPLINE_CURVE_WITH_KNOTS('',3,(#4903,#4904,#4905,#4906,#4907),
 .UNSPECIFIED.,.F.,.F.,(4,1,4),(0.,0.0533212199975256,0.124416179994226),
 .UNSPECIFIED.);
#837=B_SPLINE_CURVE_WITH_KNOTS('',3,(#4911,#4912,#4913,#4914,#4915),
 .UNSPECIFIED.,.F.,.F.,(4,1,4),(0.,0.0533212030237182,0.124416140388676),
 .UNSPECIFIED.);
#838=B_SPLINE_CURVE_WITH_KNOTS('',3,(#4917,#4918,#4919,#4920),
 .UNSPECIFIED.,.F.,.F.,(4,4),(-0.848695966753681,-1.58150662270072E-16),
 .UNSPECIFIED.);
#839=B_SPLINE_CURVE_WITH_KNOTS('',3,(#4922,#4923,#4924,#4925,#4926),
 .UNSPECIFIED.,.F.,.F.,(4,1,4),(0.,0.0154105823796328,0.0308211647592656),
 .UNSPECIFIED.);
#840=B_SPLINE_CURVE_WITH_KNOTS('',3,(#4930,#4931,#4932,#4933,#4934),
 .UNSPECIFIED.,.F.,.F.,(4,1,4),(0.,0.0154105833910578,0.0308211667821156),
 .UNSPECIFIED.);
#841=B_SPLINE_CURVE_WITH_KNOTS('',3,(#4936,#4937,#4938,#4939),
 .UNSPECIFIED.,.F.,.F.,(4,4),(-0.848695966753682,0.),.UNSPECIFIED.);
#842=B_SPLINE_CURVE_WITH_KNOTS('',3,(#4941,#4942,#4943,#4944,#4945),
 .UNSPECIFIED.,.F.,.F.,(4,1,4),(0.,0.0533212199975256,0.124416179994226),
 .UNSPECIFIED.);
#843=B_SPLINE_CURVE_WITH_KNOTS('',3,(#4949,#4950,#4951,#4952,#4953),
 .UNSPECIFIED.,.F.,.F.,(4,1,4),(0.,0.0533212030236494,0.124416140388515),
 .UNSPECIFIED.);
#844=B_SPLINE_CURVE_WITH_KNOTS('',3,(#4955,#4956,#4957,#4958),
 .UNSPECIFIED.,.F.,.F.,(4,4),(-0.848695966753682,-3.73305425913546E-16),
 .UNSPECIFIED.);
#845=B_SPLINE_CURVE_WITH_KNOTS('',3,(#4960,#4961,#4962,#4963,#4964),
 .UNSPECIFIED.,.F.,.F.,(4,1,4),(0.,0.0154105824190242,0.0308211648380485),
 .UNSPECIFIED.);
#846=B_SPLINE_CURVE_WITH_KNOTS('',3,(#4968,#4969,#4970,#4971,#4972),
 .UNSPECIFIED.,.F.,.F.,(4,1,4),(0.,0.0154105833261315,0.030821166652263),
 .UNSPECIFIED.);
#847=B_SPLINE_CURVE_WITH_KNOTS('',3,(#4974,#4975,#4976,#4977),
 .UNSPECIFIED.,.F.,.F.,(4,4),(-0.848695966753682,-4.71031005270307E-17),
 .UNSPECIFIED.);
#848=B_SPLINE_CURVE_WITH_KNOTS('',3,(#4979,#4980,#4981,#4982,#4983),
 .UNSPECIFIED.,.F.,.F.,(4,1,4),(0.,0.0533212199975254,0.124416179994226),
 .UNSPECIFIED.);
#849=B_SPLINE_CURVE_WITH_KNOTS('',3,(#4987,#4988,#4989,#4990,#4991),
 .UNSPECIFIED.,.F.,.F.,(4,1,4),(0.,0.053321203023718,0.124416140388675),
 .UNSPECIFIED.);
#850=B_SPLINE_CURVE_WITH_KNOTS('',3,(#4993,#4994,#4995,#4996),
 .UNSPECIFIED.,.F.,.F.,(4,4),(-0.848695966753681,0.),.UNSPECIFIED.);
#851=B_SPLINE_CURVE_WITH_KNOTS('',3,(#4998,#4999,#5000,#5001,#5002),
 .UNSPECIFIED.,.F.,.F.,(4,1,4),(0.,0.0154105824142703,0.0308211648285407),
 .UNSPECIFIED.);
#852=B_SPLINE_CURVE_WITH_KNOTS('',3,(#5006,#5007,#5008,#5009),
 .UNSPECIFIED.,.F.,.F.,(4,4),(-1.06251472781194,-0.0192408811528636),
 .UNSPECIFIED.);
#853=B_SPLINE_CURVE_WITH_KNOTS('',3,(#5013,#5014,#5015,#5016),
 .UNSPECIFIED.,.F.,.F.,(4,4),(-1.41668171206612,-0.373407865407041),
 .UNSPECIFIED.);
#854=B_SPLINE_CURVE_WITH_KNOTS('',3,(#5020,#5021,#5022,#5023,#5024),
 .UNSPECIFIED.,.F.,.F.,(4,1,4),(0.,0.0154105833429693,0.0308211666859385),
 .UNSPECIFIED.);
#855=B_SPLINE_CURVE_WITH_KNOTS('',3,(#5026,#5027,#5028,#5029),
 .UNSPECIFIED.,.F.,.F.,(4,4),(-0.848695966753683,-1.76368569702726E-16),
 .UNSPECIFIED.);
#856=B_SPLINE_CURVE_WITH_KNOTS('',3,(#5031,#5032,#5033,#5034,#5035),
 .UNSPECIFIED.,.F.,.F.,(4,1,4),(0.,0.0710949599967006,0.124416179994226),
 .UNSPECIFIED.);
#857=B_SPLINE_CURVE_WITH_KNOTS('',3,(#5039,#5040,#5041,#5042,#5043),
 .UNSPECIFIED.,.F.,.F.,(4,1,4),(0.,0.0710949373649309,0.124416140388629),
 .UNSPECIFIED.);
#858=B_SPLINE_CURVE_WITH_KNOTS('',3,(#5045,#5046,#5047,#5048),
 .UNSPECIFIED.,.F.,.F.,(4,4),(-0.848695966753682,-3.0149157144288E-16),
 .UNSPECIFIED.);
#859=B_SPLINE_CURVE_WITH_KNOTS('',3,(#5050,#5051,#5052,#5053,#5054),
 .UNSPECIFIED.,.F.,.F.,(4,1,4),(0.,0.0154105824250318,0.0308211648500637),
 .UNSPECIFIED.);
#860=B_SPLINE_CURVE_WITH_KNOTS('',3,(#5058,#5059,#5060,#5061,#5062),
 .UNSPECIFIED.,.F.,.F.,(4,1,4),(0.,0.0154105833355366,0.0308211666710732),
 .UNSPECIFIED.);
#861=B_SPLINE_CURVE_WITH_KNOTS('',3,(#5064,#5065,#5066,#5067),
 .UNSPECIFIED.,.F.,.F.,(4,4),(-0.848695966753682,0.),.UNSPECIFIED.);
#862=B_SPLINE_CURVE_WITH_KNOTS('',3,(#5069,#5070,#5071,#5072,#5073),
 .UNSPECIFIED.,.F.,.F.,(4,1,4),(0.,0.0533212199975256,0.124416179994226),
 .UNSPECIFIED.);
#863=B_SPLINE_CURVE_WITH_KNOTS('',3,(#5077,#5078,#5079,#5080,#5081),
 .UNSPECIFIED.,.F.,.F.,(4,1,4),(0.,0.053321203023716,0.124416140388671),
 .UNSPECIFIED.);
#864=B_SPLINE_CURVE_WITH_KNOTS('',3,(#5083,#5084,#5085,#5086),
 .UNSPECIFIED.,.F.,.F.,(4,4),(-0.848695966753681,-3.64963317911154E-17),
 .UNSPECIFIED.);
#865=B_SPLINE_CURVE_WITH_KNOTS('',3,(#5088,#5089,#5090,#5091,#5092),
 .UNSPECIFIED.,.F.,.F.,(4,1,4),(0.,0.0154105823833858,0.0308211647667716),
 .UNSPECIFIED.);
#866=B_SPLINE_CURVE_WITH_KNOTS('',3,(#5096,#5097,#5098,#5099,#5100),
 .UNSPECIFIED.,.F.,.F.,(4,1,4),(0.,0.0154105833968782,0.0308211667937563),
 .UNSPECIFIED.);
#867=B_SPLINE_CURVE_WITH_KNOTS('',3,(#5102,#5103,#5104,#5105),
 .UNSPECIFIED.,.F.,.F.,(4,4),(-0.848695966753682,0.),.UNSPECIFIED.);
#868=B_SPLINE_CURVE_WITH_KNOTS('',3,(#5107,#5108,#5109,#5110,#5111),
 .UNSPECIFIED.,.F.,.F.,(4,1,4),(0.,0.0533212199975257,0.124416179994227),
 .UNSPECIFIED.);
#869=B_SPLINE_CURVE_WITH_KNOTS('',3,(#5115,#5116,#5117,#5118,#5119),
 .UNSPECIFIED.,.F.,.F.,(4,1,4),(0.,0.0533212030235714,0.124416140388333),
 .UNSPECIFIED.);
#870=B_SPLINE_CURVE_WITH_KNOTS('',3,(#5121,#5122,#5123,#5124),
 .UNSPECIFIED.,.F.,.F.,(4,4),(-0.848695966753681,-9.77539047154188E-17),
 .UNSPECIFIED.);
#871=B_SPLINE_CURVE_WITH_KNOTS('',3,(#5126,#5127,#5128,#5129,#5130),
 .UNSPECIFIED.,.F.,.F.,(4,1,4),(0.,0.0154105824179613,0.0308211648359227),
 .UNSPECIFIED.);
#872=B_SPLINE_CURVE_WITH_KNOTS('',3,(#5134,#5135,#5136,#5137,#5138),
 .UNSPECIFIED.,.F.,.F.,(4,1,4),(0.,0.0154105833262452,0.0308211666524905),
 .UNSPECIFIED.);
#873=B_SPLINE_CURVE_WITH_KNOTS('',3,(#5140,#5141,#5142,#5143),
 .UNSPECIFIED.,.F.,.F.,(4,4),(-0.848695966753682,0.),.UNSPECIFIED.);
#874=B_SPLINE_CURVE_WITH_KNOTS('',3,(#5145,#5146,#5147,#5148,#5149),
 .UNSPECIFIED.,.F.,.F.,(4,1,4),(0.,0.0710949599967008,0.124416179994226),
 .UNSPECIFIED.);
#875=B_SPLINE_CURVE_WITH_KNOTS('',3,(#5153,#5154,#5155,#5156,#5157),
 .UNSPECIFIED.,.F.,.F.,(4,1,4),(0.,0.071094937364952,0.124416140388666),
 .UNSPECIFIED.);
#876=B_SPLINE_CURVE_WITH_KNOTS('',3,(#5159,#5160,#5161,#5162),
 .UNSPECIFIED.,.F.,.F.,(4,4),(-0.848695966753682,-9.84924903895445E-17),
 .UNSPECIFIED.);
#877=B_SPLINE_CURVE_WITH_KNOTS('',3,(#5164,#5165,#5166,#5167,#5168),
 .UNSPECIFIED.,.F.,.F.,(4,1,4),(0.,0.0154105824156325,0.030821164831265),
 .UNSPECIFIED.);
#878=B_SPLINE_CURVE_WITH_KNOTS('',3,(#5171,#5172,#5173,#5174,#5175),
 .UNSPECIFIED.,.F.,.F.,(4,1,4),(0.,0.0154105833822489,0.0308211667644977),
 .UNSPECIFIED.);
#879=B_SPLINE_CURVE_WITH_KNOTS('',3,(#5197,#5198,#5199,#5200),
 .UNSPECIFIED.,.F.,.F.,(4,4),(0.158249414007085,0.848695966753681),
 .UNSPECIFIED.);
#880=B_SPLINE_CURVE_WITH_KNOTS('',3,(#5216,#5217,#5218,#5219,#5220,#5221,
#5222,#5223,#5224,#5225,#5226,#5227,#5228,#5229,#5230,#5231,#5232,#5233),
 .UNSPECIFIED.,.F.,.F.,(4,2,2,2,2,2,2,2,4),(0.,0.0581209029439236,0.116241805887847,
0.174157024467831,0.232072243047814,0.289987461627798,0.347902680207781,
0.406023583151705,0.460973715191243),.UNSPECIFIED.);
#881=B_SPLINE_CURVE_WITH_KNOTS('',3,(#5234,#5235,#5236,#5237,#5238,#5239,
#5240,#5241,#5242,#5243,#5244,#5245,#5246,#5247,#5248,#5249,#5250,#5251,
#5252,#5253),.UNSPECIFIED.,.F.,.F.,(4,2,2,2,2,2,2,2,2,4),(0.460973715191243,
0.464144486095628,0.519915670279361,0.575686854463094,0.631720892398368,
0.687754930333642,0.743788968268917,0.799823006204191,0.855594190387924,
0.911365374571656),.UNSPECIFIED.);
#882=B_SPLINE_CURVE_WITH_KNOTS('',3,(#5258,#5259,#5260,#5261),
 .UNSPECIFIED.,.F.,.F.,(4,4),(0.756994566005633,0.762687294042235),
 .UNSPECIFIED.);
#883=B_SPLINE_CURVE_WITH_KNOTS('',3,(#5263,#5264,#5265,#5266,#5267,#5268,
#5269,#5270,#5271,#5272),.UNSPECIFIED.,.F.,.F.,(4,2,2,2,4),(0.617659312134679,
0.631520159051783,0.687326939070165,0.743133719088547,0.756994566005633),
 .UNSPECIFIED.);
#884=B_SPLINE_CURVE_WITH_KNOTS('',3,(#5273,#5274,#5275,#5276),
 .UNSPECIFIED.,.F.,.F.,(4,4),(0.611966584098094,0.617659312134679),
 .UNSPECIFIED.);
#885=B_SPLINE_CURVE_WITH_KNOTS('',3,(#5286,#5287,#5288,#5289,#5290,#5291,
#5292,#5293,#5294,#5295),.UNSPECIFIED.,.F.,.F.,(4,2,2,2,4),(0.00092890978452658,
0.00368644712424008,0.0073981581751124,0.0111412448261743,0.0149115285209925),
 .UNSPECIFIED.);
#886=B_SPLINE_CURVE_WITH_KNOTS('',3,(#5299,#5300,#5301,#5302,#5303,#5304,
#5305,#5306,#5307,#5308),.UNSPECIFIED.,.F.,.F.,(4,2,2,2,4),(0.0447416081884835,
0.0485118918833017,0.0522549785343636,0.0559666895852359,0.0587242269249492),
 .UNSPECIFIED.);
#887=B_SPLINE_CURVE_WITH_KNOTS('',3,(#5317,#5318,#5319,#5320,#5321,#5322,
#5323,#5324,#5325,#5326),.UNSPECIFIED.,.F.,.F.,(4,3,3,4),(0.0113105916114407,
0.0118742486994395,0.013939575117666,0.0155638952282581),.UNSPECIFIED.);
#888=B_SPLINE_CURVE_WITH_KNOTS('',3,(#5334,#5335,#5336,#5337,#5338,#5339,
#5340,#5341,#5342,#5343),.UNSPECIFIED.,.F.,.F.,(4,2,2,2,4),(0.00092890978452589,
0.00368644712423968,0.00739815817511218,0.0111412448261744,0.0149115285209924),
 .UNSPECIFIED.);
#889=B_SPLINE_CURVE_WITH_KNOTS('',3,(#5347,#5348,#5349,#5350,#5351,#5352,
#5353,#5354,#5355,#5356),.UNSPECIFIED.,.F.,.F.,(4,2,2,2,4),(0.0447416081884834,
0.0485118918833015,0.0522549785343637,0.0559666895852362,0.0587242269249496),
 .UNSPECIFIED.);
#890=B_SPLINE_CURVE_WITH_KNOTS('',3,(#5364,#5365,#5366,#5367,#5368,#5369,
#5370,#5371,#5372,#5373,#5374,#5375,#5376),.UNSPECIFIED.,.F.,.F.,(4,3,3,
3,4),(0.,0.00238610219384665,0.00487864021273232,0.00504173624851742,0.00514597339974125),
 .UNSPECIFIED.);
#891=B_SPLINE_CURVE_WITH_KNOTS('',3,(#5383,#5384,#5385,#5386,#5387,#5388,
#5389,#5390,#5391,#5392),.UNSPECIFIED.,.F.,.F.,(4,3,3,4),(0.00728212525279819,
0.00805208390235942,0.00880217459723766,0.00975727830105905),
 .UNSPECIFIED.);
#892=B_SPLINE_CURVE_WITH_KNOTS('',3,(#5451,#5452,#5453,#5454,#5455),
 .UNSPECIFIED.,.F.,.F.,(4,1,4),(-0.0312250943748332,-0.0178429110713333,
0.),.UNSPECIFIED.);
#893=B_SPLINE_CURVE_WITH_KNOTS('',3,(#5458,#5459,#5460,#5461,#5462),
 .UNSPECIFIED.,.F.,.F.,(4,1,4),(0.,0.0178429110713333,0.0312250943748332),
 .UNSPECIFIED.);
#894=B_SPLINE_CURVE_WITH_KNOTS('',3,(#5500,#5501,#5502,#5503,#5504),
 .UNSPECIFIED.,.F.,.F.,(4,1,4),(-0.0312250944751455,-0.0133821833464909,
0.),.UNSPECIFIED.);
#895=B_SPLINE_CURVE_WITH_KNOTS('',3,(#5507,#5508,#5509,#5510,#5511),
 .UNSPECIFIED.,.F.,.F.,(4,1,4),(0.,0.0133821833464909,0.0312250944751455),
 .UNSPECIFIED.);
#896=B_SPLINE_CURVE_WITH_KNOTS('',3,(#5552,#5553,#5554,#5555),
 .UNSPECIFIED.,.F.,.F.,(4,4),(-0.268150403222011,-0.0201765928380044),
 .UNSPECIFIED.);
#897=B_SPLINE_CURVE_WITH_KNOTS('',3,(#5556,#5557,#5558,#5559),
 .UNSPECIFIED.,.F.,.F.,(4,4),(0.0201765928380044,0.268150403222011),
 .UNSPECIFIED.);
#898=B_SPLINE_CURVE_WITH_KNOTS('',3,(#5581,#5582,#5583,#5584),
 .UNSPECIFIED.,.F.,.F.,(4,4),(1.49737829153862E-16,0.010311253621803),
 .UNSPECIFIED.);
#899=B_SPLINE_CURVE_WITH_KNOTS('',3,(#5588,#5589,#5590,#5591),
 .UNSPECIFIED.,.F.,.F.,(4,4),(-0.010311253621803,-1.49737829153862E-16),
 .UNSPECIFIED.);
#900=B_SPLINE_CURVE_WITH_KNOTS('',3,(#5616,#5617,#5618,#5619),
 .UNSPECIFIED.,.F.,.F.,(4,4),(0.,0.0103112536218023),.UNSPECIFIED.);
#901=B_SPLINE_CURVE_WITH_KNOTS('',3,(#5622,#5623,#5624,#5625),
 .UNSPECIFIED.,.F.,.F.,(4,4),(-0.0103112536218023,0.),.UNSPECIFIED.);
#902=B_SPLINE_CURVE_WITH_KNOTS('',3,(#5648,#5649,#5650,#5651),
 .UNSPECIFIED.,.F.,.F.,(4,4),(-0.38086551242833,-0.263961404958229),
 .UNSPECIFIED.);
#903=B_SPLINE_CURVE_WITH_KNOTS('',3,(#5652,#5653,#5654,#5655),
 .UNSPECIFIED.,.F.,.F.,(4,4),(0.263961404958259,0.38086551242833),
 .UNSPECIFIED.);
#904=B_SPLINE_CURVE_WITH_KNOTS('',3,(#5698,#5699,#5700,#5701,#5702),
 .UNSPECIFIED.,.F.,.F.,(4,1,4),(-0.0308211666859385,-0.0154105833429693,
0.),.UNSPECIFIED.);
#905=B_SPLINE_CURVE_WITH_KNOTS('',3,(#5726,#5727,#5728,#5729),
 .UNSPECIFIED.,.F.,.F.,(4,4),(1.76368569702726E-16,0.848695966753683),
 .UNSPECIFIED.);
#906=B_SPLINE_CURVE_WITH_KNOTS('',3,(#5756,#5757,#5758,#5759,#5760),
 .UNSPECIFIED.,.F.,.F.,(4,1,4),(-0.124416179994226,-0.0710949599967006,
0.),.UNSPECIFIED.);
#907=B_SPLINE_CURVE_WITH_KNOTS('',3,(#5792,#5793,#5794,#5795,#5796),
 .UNSPECIFIED.,.F.,.F.,(4,1,4),(-0.124416140388629,-0.0710949373649309,
0.),.UNSPECIFIED.);
#908=B_SPLINE_CURVE_WITH_KNOTS('',3,(#5820,#5821,#5822,#5823),
 .UNSPECIFIED.,.F.,.F.,(4,4),(3.0149157144288E-16,0.848695966753682),
 .UNSPECIFIED.);
#909=B_SPLINE_CURVE_WITH_KNOTS('',3,(#5850,#5851,#5852,#5853,#5854),
 .UNSPECIFIED.,.F.,.F.,(4,1,4),(-0.0308211648500637,-0.0154105824250318,
0.),.UNSPECIFIED.);
#910=B_SPLINE_CURVE_WITH_KNOTS('',3,(#5886,#5887,#5888,#5889,#5890),
 .UNSPECIFIED.,.F.,.F.,(4,1,4),(-0.0308211666710732,-0.0154105833355366,
0.),.UNSPECIFIED.);
#911=B_SPLINE_CURVE_WITH_KNOTS('',3,(#5914,#5915,#5916,#5917),
 .UNSPECIFIED.,.F.,.F.,(4,4),(0.,0.848695966753682),.UNSPECIFIED.);
#912=B_SPLINE_CURVE_WITH_KNOTS('',3,(#5944,#5945,#5946,#5947,#5948),
 .UNSPECIFIED.,.F.,.F.,(4,1,4),(-0.124416179994226,-0.0533212199975256,
0.),.UNSPECIFIED.);
#913=B_SPLINE_CURVE_WITH_KNOTS('',3,(#5980,#5981,#5982,#5983,#5984),
 .UNSPECIFIED.,.F.,.F.,(4,1,4),(-0.124416140388671,-0.053321203023716,0.),
 .UNSPECIFIED.);
#914=B_SPLINE_CURVE_WITH_KNOTS('',3,(#6008,#6009,#6010,#6011),
 .UNSPECIFIED.,.F.,.F.,(4,4),(3.64963317911154E-17,0.848695966753681),
 .UNSPECIFIED.);
#915=B_SPLINE_CURVE_WITH_KNOTS('',3,(#6038,#6039,#6040,#6041,#6042),
 .UNSPECIFIED.,.F.,.F.,(4,1,4),(-0.0308211647667716,-0.0154105823833858,
0.),.UNSPECIFIED.);
#916=B_SPLINE_CURVE_WITH_KNOTS('',3,(#6074,#6075,#6076,#6077,#6078),
 .UNSPECIFIED.,.F.,.F.,(4,1,4),(-0.0308211667937563,-0.0154105833968782,
0.),.UNSPECIFIED.);
#917=B_SPLINE_CURVE_WITH_KNOTS('',3,(#6102,#6103,#6104,#6105),
 .UNSPECIFIED.,.F.,.F.,(4,4),(0.,0.848695966753682),.UNSPECIFIED.);
#918=B_SPLINE_CURVE_WITH_KNOTS('',3,(#6132,#6133,#6134,#6135,#6136),
 .UNSPECIFIED.,.F.,.F.,(4,1,4),(-0.124416179994227,-0.0533212199975257,
0.),.UNSPECIFIED.);
#919=B_SPLINE_CURVE_WITH_KNOTS('',3,(#6168,#6169,#6170,#6171,#6172),
 .UNSPECIFIED.,.F.,.F.,(4,1,4),(-0.124416140388333,-0.0533212030235714,
0.),.UNSPECIFIED.);
#920=B_SPLINE_CURVE_WITH_KNOTS('',3,(#6196,#6197,#6198,#6199),
 .UNSPECIFIED.,.F.,.F.,(4,4),(9.77539047154188E-17,0.848695966753681),
 .UNSPECIFIED.);
#921=B_SPLINE_CURVE_WITH_KNOTS('',3,(#6226,#6227,#6228,#6229,#6230),
 .UNSPECIFIED.,.F.,.F.,(4,1,4),(-0.0308211648359227,-0.0154105824179613,
0.),.UNSPECIFIED.);
#922=B_SPLINE_CURVE_WITH_KNOTS('',3,(#6262,#6263,#6264,#6265,#6266),
 .UNSPECIFIED.,.F.,.F.,(4,1,4),(-0.0308211666524905,-0.0154105833262452,
0.),.UNSPECIFIED.);
#923=B_SPLINE_CURVE_WITH_KNOTS('',3,(#6290,#6291,#6292,#6293),
 .UNSPECIFIED.,.F.,.F.,(4,4),(0.,0.848695966753682),.UNSPECIFIED.);
#924=B_SPLINE_CURVE_WITH_KNOTS('',3,(#6320,#6321,#6322,#6323,#6324),
 .UNSPECIFIED.,.F.,.F.,(4,1,4),(-0.124416179994226,-0.0710949599967008,
0.),.UNSPECIFIED.);
#925=B_SPLINE_CURVE_WITH_KNOTS('',3,(#6356,#6357,#6358,#6359,#6360),
 .UNSPECIFIED.,.F.,.F.,(4,1,4),(-0.124416140388666,-0.071094937364952,0.),
 .UNSPECIFIED.);
#926=B_SPLINE_CURVE_WITH_KNOTS('',3,(#6384,#6385,#6386,#6387),
 .UNSPECIFIED.,.F.,.F.,(4,4),(9.84924903895445E-17,0.848695966753682),
 .UNSPECIFIED.);
#927=B_SPLINE_CURVE_WITH_KNOTS('',3,(#6414,#6415,#6416,#6417,#6418),
 .UNSPECIFIED.,.F.,.F.,(4,1,4),(-0.030821164831265,-0.0154105824156325,
0.),.UNSPECIFIED.);
#928=B_SPLINE_CURVE_WITH_KNOTS('',3,(#6449,#6450,#6451,#6452,#6453),
 .UNSPECIFIED.,.F.,.F.,(4,1,4),(-0.0308211667644977,-0.0154105833822489,
0.),.UNSPECIFIED.);
#929=B_SPLINE_CURVE_WITH_KNOTS('',3,(#6480,#6481,#6482,#6483,#6484),
 .UNSPECIFIED.,.F.,.F.,(4,1,4),(-0.0308211647781207,-0.0154105823890603,
0.),.UNSPECIFIED.);
#930=B_SPLINE_CURVE_WITH_KNOTS('',3,(#6516,#6517,#6518,#6519,#6520),
 .UNSPECIFIED.,.F.,.F.,(4,1,4),(-0.0308211666816802,-0.0154105833408401,
0.),.UNSPECIFIED.);
#931=B_SPLINE_CURVE_WITH_KNOTS('',3,(#6544,#6545,#6546,#6547),
 .UNSPECIFIED.,.F.,.F.,(4,4),(0.,0.848695966753683),.UNSPECIFIED.);
#932=B_SPLINE_CURVE_WITH_KNOTS('',3,(#6574,#6575,#6576,#6577,#6578),
 .UNSPECIFIED.,.F.,.F.,(4,1,4),(-0.124416179994226,-0.0533212199975255,
0.),.UNSPECIFIED.);
#933=B_SPLINE_CURVE_WITH_KNOTS('',3,(#6610,#6611,#6612,#6613,#6614),
 .UNSPECIFIED.,.F.,.F.,(4,1,4),(-0.124416140388623,-0.0710949373649275,
0.),.UNSPECIFIED.);
#934=B_SPLINE_CURVE_WITH_KNOTS('',3,(#6638,#6639,#6640,#6641),
 .UNSPECIFIED.,.F.,.F.,(4,4),(1.42895612202066E-16,0.848695966753682),
 .UNSPECIFIED.);
#935=B_SPLINE_CURVE_WITH_KNOTS('',3,(#6668,#6669,#6670,#6671,#6672),
 .UNSPECIFIED.,.F.,.F.,(4,1,4),(-0.0308211648499188,-0.0154105824249594,
0.),.UNSPECIFIED.);
#936=B_SPLINE_CURVE_WITH_KNOTS('',3,(#6704,#6705,#6706,#6707,#6708),
 .UNSPECIFIED.,.F.,.F.,(4,1,4),(-0.0308211666743983,-0.0154105833371991,
0.),.UNSPECIFIED.);
#937=B_SPLINE_CURVE_WITH_KNOTS('',3,(#6732,#6733,#6734,#6735),
 .UNSPECIFIED.,.F.,.F.,(4,4),(0.,0.848695966753682),.UNSPECIFIED.);
#938=B_SPLINE_CURVE_WITH_KNOTS('',3,(#6762,#6763,#6764,#6765,#6766),
 .UNSPECIFIED.,.F.,.F.,(4,1,4),(-0.124416179994226,-0.0533212199975256,
0.),.UNSPECIFIED.);
#939=B_SPLINE_CURVE_WITH_KNOTS('',3,(#6798,#6799,#6800,#6801,#6802),
 .UNSPECIFIED.,.F.,.F.,(4,1,4),(-0.124416140388676,-0.0533212030237182,
0.),.UNSPECIFIED.);
#940=B_SPLINE_CURVE_WITH_KNOTS('',3,(#6826,#6827,#6828,#6829),
 .UNSPECIFIED.,.F.,.F.,(4,4),(1.58150662270072E-16,0.848695966753681),
 .UNSPECIFIED.);
#941=B_SPLINE_CURVE_WITH_KNOTS('',3,(#6856,#6857,#6858,#6859,#6860),
 .UNSPECIFIED.,.F.,.F.,(4,1,4),(-0.0308211647592656,-0.0154105823796328,
0.),.UNSPECIFIED.);
#942=B_SPLINE_CURVE_WITH_KNOTS('',3,(#6892,#6893,#6894,#6895,#6896),
 .UNSPECIFIED.,.F.,.F.,(4,1,4),(-0.0308211667821156,-0.0154105833910578,
0.),.UNSPECIFIED.);
#943=B_SPLINE_CURVE_WITH_KNOTS('',3,(#6920,#6921,#6922,#6923),
 .UNSPECIFIED.,.F.,.F.,(4,4),(0.,0.848695966753682),.UNSPECIFIED.);
#944=B_SPLINE_CURVE_WITH_KNOTS('',3,(#6950,#6951,#6952,#6953,#6954),
 .UNSPECIFIED.,.F.,.F.,(4,1,4),(-0.124416179994226,-0.0533212199975256,
0.),.UNSPECIFIED.);
#945=B_SPLINE_CURVE_WITH_KNOTS('',3,(#6986,#6987,#6988,#6989,#6990),
 .UNSPECIFIED.,.F.,.F.,(4,1,4),(-0.124416140388515,-0.0533212030236494,
0.),.UNSPECIFIED.);
#946=B_SPLINE_CURVE_WITH_KNOTS('',3,(#7014,#7015,#7016,#7017),
 .UNSPECIFIED.,.F.,.F.,(4,4),(3.73305425913546E-16,0.848695966753682),
 .UNSPECIFIED.);
#947=B_SPLINE_CURVE_WITH_KNOTS('',3,(#7044,#7045,#7046,#7047,#7048),
 .UNSPECIFIED.,.F.,.F.,(4,1,4),(-0.0308211648380485,-0.0154105824190242,
0.),.UNSPECIFIED.);
#948=B_SPLINE_CURVE_WITH_KNOTS('',3,(#7080,#7081,#7082,#7083,#7084),
 .UNSPECIFIED.,.F.,.F.,(4,1,4),(-0.030821166652263,-0.0154105833261315,
0.),.UNSPECIFIED.);
#949=B_SPLINE_CURVE_WITH_KNOTS('',3,(#7108,#7109,#7110,#7111),
 .UNSPECIFIED.,.F.,.F.,(4,4),(4.71031005270307E-17,0.848695966753682),
 .UNSPECIFIED.);
#950=B_SPLINE_CURVE_WITH_KNOTS('',3,(#7138,#7139,#7140,#7141,#7142),
 .UNSPECIFIED.,.F.,.F.,(4,1,4),(-0.124416179994226,-0.0533212199975254,
0.),.UNSPECIFIED.);
#951=B_SPLINE_CURVE_WITH_KNOTS('',3,(#7174,#7175,#7176,#7177,#7178),
 .UNSPECIFIED.,.F.,.F.,(4,1,4),(-0.124416140388675,-0.053321203023718,0.),
 .UNSPECIFIED.);
#952=B_SPLINE_CURVE_WITH_KNOTS('',3,(#7202,#7203,#7204,#7205),
 .UNSPECIFIED.,.F.,.F.,(4,4),(0.,0.848695966753681),.UNSPECIFIED.);
#953=B_SPLINE_CURVE_WITH_KNOTS('',3,(#7232,#7233,#7234,#7235,#7236),
 .UNSPECIFIED.,.F.,.F.,(4,1,4),(-0.0308211648285407,-0.0154105824142703,
0.),.UNSPECIFIED.);
#954=B_SPLINE_CURVE_WITH_KNOTS('',3,(#7260,#7261,#7262,#7263),
 .UNSPECIFIED.,.F.,.F.,(4,4),(0.373407865407041,1.41668171206612),
 .UNSPECIFIED.);
#955=B_SPLINE_CURVE_WITH_KNOTS('',3,(#7296,#7297,#7298,#7299),
 .UNSPECIFIED.,.F.,.F.,(4,4),(0.,0.00419786765883021),.UNSPECIFIED.);
#956=B_SPLINE_CURVE_WITH_KNOTS('',3,(#7300,#7301,#7302,#7303),
 .UNSPECIFIED.,.F.,.F.,(4,4),(0.0190722372486448,0.031142793439108),
 .UNSPECIFIED.);
#957=B_SPLINE_CURVE_WITH_KNOTS('',3,(#7305,#7306,#7307,#7308,#7309),
 .UNSPECIFIED.,.F.,.F.,(4,1,4),(-0.031142793439108,-0.0133469114739034,
0.),.UNSPECIFIED.);
#958=B_SPLINE_CURVE_WITH_KNOTS('',3,(#7312,#7313,#7314,#7315),
 .UNSPECIFIED.,.F.,.F.,(4,4),(0.,0.0123619526569684),.UNSPECIFIED.);
#959=B_SPLINE_CURVE_WITH_KNOTS('',3,(#7347,#7348,#7349,#7350),
 .UNSPECIFIED.,.F.,.F.,(4,4),(-0.0123619360556355,-5.75340287704397E-16),
 .UNSPECIFIED.);
#960=B_SPLINE_CURVE_WITH_KNOTS('',3,(#7352,#7353,#7354,#7355,#7356),
 .UNSPECIFIED.,.F.,.F.,(4,1,4),(5.75340287704397E-16,0.0177958822071914,
0.0311427938625846),.UNSPECIFIED.);
#961=B_SPLINE_CURVE_WITH_KNOTS('',3,(#7359,#7360,#7361,#7362),
 .UNSPECIFIED.,.F.,.F.,(4,4),(-0.0311427938625846,-0.0190722243407285),
 .UNSPECIFIED.);
#962=B_SPLINE_CURVE_WITH_KNOTS('',3,(#7386,#7387,#7388,#7389),
 .UNSPECIFIED.,.F.,.F.,(4,4),(0.0192408811528636,1.06251472781194),
 .UNSPECIFIED.);
#963=B_SPLINE_CURVE_WITH_KNOTS('',3,(#7410,#7411,#7412,#7413),
 .UNSPECIFIED.,.F.,.F.,(4,4),(-2.80840180208111,-2.69150052102352),
 .UNSPECIFIED.);
#964=B_SPLINE_CURVE_WITH_KNOTS('',3,(#7414,#7415,#7416,#7417),
 .UNSPECIFIED.,.F.,.F.,(4,4),(2.69150052102352,2.80840180287666),
 .UNSPECIFIED.);
#965=B_SPLINE_CURVE_WITH_KNOTS('',3,(#7438,#7439,#7440,#7441),
 .UNSPECIFIED.,.F.,.F.,(4,4),(-1.4184748051879,-1.17050099480387),
 .UNSPECIFIED.);
#966=B_SPLINE_CURVE_WITH_KNOTS('',3,(#7442,#7443,#7444,#7445),
 .UNSPECIFIED.,.F.,.F.,(4,4),(1.17050099480387,1.4184748051879),
 .UNSPECIFIED.);
#967=B_SPLINE_CURVE_WITH_KNOTS('',3,(#7450,#7451,#7452,#7453),
 .UNSPECIFIED.,.F.,.F.,(4,4),(0.0190538813445758,1.41787650905332),
 .UNSPECIFIED.);
#968=B_SPLINE_CURVE_WITH_KNOTS('',3,(#7457,#7458,#7459,#7460,#7461,#7462,
#7463,#7464,#7465,#7466,#7467,#7468),.UNSPECIFIED.,.F.,.F.,(4,2,2,2,2,4),
(0.0921699442242101,0.10243749117313,0.11374518289046,0.125024197708552,
0.136303212526644,0.136459593515148),.UNSPECIFIED.);
#969=B_SPLINE_CURVE_WITH_KNOTS('',3,(#7473,#7474,#7475,#7476,#7477,#7478,
#7479,#7480,#7481,#7482,#7483,#7484),.UNSPECIFIED.,.F.,.F.,(4,2,2,2,2,4),
(0.136069019000055,0.13622539998856,0.147504414806652,0.158783429624744,
0.170091121342074,0.180358668291002),.UNSPECIFIED.);
#970=B_SPLINE_CURVE_WITH_KNOTS('',3,(#7488,#7489,#7490,#7491),
 .UNSPECIFIED.,.F.,.F.,(4,4),(-0.212785306907006,-0.165763292584664),
 .UNSPECIFIED.);
#971=B_SPLINE_CURVE_WITH_KNOTS('',3,(#7516,#7517,#7518,#7519),
 .UNSPECIFIED.,.F.,.F.,(4,4),(0.173393917339482,0.199338204221436),
 .UNSPECIFIED.);
#972=B_SPLINE_CURVE_WITH_KNOTS('',3,(#7521,#7522,#7523,#7524,#7525,#7526),
 .UNSPECIFIED.,.F.,.F.,(4,2,4),(-0.00152306528346882,0.,0.019399486151283),
 .UNSPECIFIED.);
#973=B_SPLINE_CURVE_WITH_KNOTS('',3,(#7527,#7528,#7529,#7530,#7531,#7532,
#7533,#7534,#7535,#7536,#7537,#7538,#7539,#7540,#7541,#7542,#7543,#7544,
#7545,#7546,#7547,#7548,#7549,#7550,#7551,#7552,#7553,#7554,#7555,#7556,
#7557,#7558,#7559,#7560,#7561,#7562,#7563),.UNSPECIFIED.,.F.,.F.,(4,3,3,
3,3,3,3,3,3,3,3,3,4),(0.,0.010039381144113,0.0203852136311237,0.0273092952441229,
0.0376330700358882,0.0478895776902807,0.0546120400611552,0.0623023899416782,
0.0724707655009749,0.0819278692294314,0.0920463401209842,0.102265839568265,
0.105918507020958),.UNSPECIFIED.);
#974=B_SPLINE_CURVE_WITH_KNOTS('',3,(#7565,#7566,#7567,#7568),
 .UNSPECIFIED.,.F.,.F.,(4,4),(-0.185010946469226,-0.159066659648603),
 .UNSPECIFIED.);
#975=B_SPLINE_CURVE_WITH_KNOTS('',3,(#7590,#7591,#7592,#7593),
 .UNSPECIFIED.,.F.,.F.,(4,4),(0.151436034892196,0.198458049081996),
 .UNSPECIFIED.);
#976=B_SPLINE_CURVE_WITH_KNOTS('',3,(#7594,#7595,#7596,#7597,#7598,#7599,
#7600,#7601,#7602,#7603,#7604,#7605,#7606,#7607,#7608,#7609,#7610,#7611,
#7612,#7613,#7614,#7615,#7616,#7617,#7618,#7619,#7620,#7621,#7622,#7623,
#7624,#7625,#7626,#7627,#7628,#7629,#7630),.UNSPECIFIED.,.F.,.F.,(4,3,3,
3,3,3,3,3,3,3,3,3,4),(0.00346962855866918,0.0136433520425096,0.0239098433942202,
0.0278499208165826,0.038130614762302,0.048229309487841,0.0552195953550067,
0.0627018087879923,0.0729945082270956,0.0824644704566741,0.092752097705476,
0.102933157363573,0.109442179963476),.UNSPECIFIED.);
#977=B_SPLINE_CURVE_WITH_KNOTS('',3,(#7640,#7641,#7642,#7643,#7644,#7645,
#7646,#7647,#7648,#7649,#7650,#7651),.UNSPECIFIED.,.F.,.F.,(4,2,2,2,2,4),
(0.0921699442242227,0.10243749117313,0.11374518289046,0.125024197708552,
0.136303212526644,0.136459593515148),.UNSPECIFIED.);
#978=B_SPLINE_CURVE_WITH_KNOTS('',3,(#7656,#7657,#7658,#7659,#7660,#7661,
#7662,#7663,#7664,#7665,#7666,#7667),.UNSPECIFIED.,.F.,.F.,(4,2,2,2,2,4),
(0.136069019000055,0.136225399988559,0.147504414806651,0.158783429624743,
0.170091121342073,0.180358668291005),.UNSPECIFIED.);
#979=B_SPLINE_CURVE_WITH_KNOTS('',3,(#7671,#7672,#7673,#7674),
 .UNSPECIFIED.,.F.,.F.,(4,4),(-0.19774094510633,-0.150718930341628),
 .UNSPECIFIED.);
#980=B_SPLINE_CURVE_WITH_KNOTS('',3,(#7699,#7700,#7701,#7702),
 .UNSPECIFIED.,.F.,.F.,(4,4),(0.158349555099134,0.184293842187922),
 .UNSPECIFIED.);
#981=B_SPLINE_CURVE_WITH_KNOTS('',3,(#7704,#7705,#7706,#7707,#7708,#7709),
 .UNSPECIFIED.,.F.,.F.,(4,2,4),(-0.00153427815300745,0.,0.0193882775882391),
 .UNSPECIFIED.);
#982=B_SPLINE_CURVE_WITH_KNOTS('',3,(#7710,#7711,#7712,#7713,#7714,#7715,
#7716,#7717,#7718,#7719,#7720,#7721,#7722,#7723,#7724,#7725,#7726,#7727,
#7728,#7729,#7730,#7731,#7732,#7733,#7734,#7735,#7736,#7737,#7738,#7739,
#7740,#7741,#7742,#7743,#7744,#7745,#7746),.UNSPECIFIED.,.F.,.F.,(4,3,3,
3,3,3,3,3,3,3,3,3,4),(0.,0.0100394320645562,0.0203852729913707,0.0273093123680257,
0.0376331043117508,0.0478895492147667,0.0546121959238918,0.0623023911424235,
0.0724707233602953,0.0819284537910012,0.0920468691189117,0.102266411518497,
0.105918506924533),.UNSPECIFIED.);
#983=B_SPLINE_CURVE_WITH_KNOTS('',3,(#7748,#7749,#7750,#7751),
 .UNSPECIFIED.,.F.,.F.,(4,4),(-0.14075410159487,-0.11480981477398),
 .UNSPECIFIED.);
#984=B_SPLINE_CURVE_WITH_KNOTS('',3,(#7773,#7774,#7775,#7776),
 .UNSPECIFIED.,.F.,.F.,(4,4),(0.107179190016188,0.154201204201248),
 .UNSPECIFIED.);
#985=B_SPLINE_CURVE_WITH_KNOTS('',3,(#7777,#7778,#7779,#7780,#7781,#7782,
#7783,#7784,#7785,#7786,#7787,#7788,#7789,#7790,#7791,#7792,#7793,#7794,
#7795,#7796,#7797,#7798,#7799,#7800,#7801,#7802,#7803,#7804,#7805,#7806,
#7807,#7808,#7809,#7810,#7811,#7812,#7813),.UNSPECIFIED.,.F.,.F.,(4,3,3,
3,3,3,3,3,3,3,3,3,4),(0.00346962852596466,0.0136435599000448,0.0239099118856357,
0.0278497265815006,0.0381304214728218,0.0482286856232404,0.0552192682428201,
0.0627018064037392,0.0729944068490596,0.0824640900138994,0.0927516053278688,
0.102933105203874,0.109442179058464),.UNSPECIFIED.);
#986=B_SPLINE_CURVE_WITH_KNOTS('',3,(#7823,#7824,#7825,#7826,#7827,#7828,
#7829,#7830,#7831,#7832,#7833,#7834),.UNSPECIFIED.,.F.,.F.,(4,2,2,2,2,4),
(0.0921699442242184,0.10243749117313,0.11374518289046,0.125024197708552,
0.136303212526644,0.136459593515148),.UNSPECIFIED.);
#987=B_SPLINE_CURVE_WITH_KNOTS('',3,(#7839,#7840,#7841,#7842,#7843,#7844,
#7845,#7846,#7847,#7848,#7849,#7850),.UNSPECIFIED.,.F.,.F.,(4,2,2,2,2,4),
(0.136069019000055,0.13622539998856,0.147504414806651,0.158783429624743,
0.170091121342073,0.180358668291005),.UNSPECIFIED.);
#988=B_SPLINE_CURVE_WITH_KNOTS('',3,(#7854,#7855,#7856,#7857),
 .UNSPECIFIED.,.F.,.F.,(4,4),(-0.167776979974993,-0.120754965740207),
 .UNSPECIFIED.);
#989=B_SPLINE_CURVE_WITH_KNOTS('',3,(#7882,#7883,#7884,#7885),
 .UNSPECIFIED.,.F.,.F.,(4,4),(0.128385590498784,0.154329877343308),
 .UNSPECIFIED.);
#990=B_SPLINE_CURVE_WITH_KNOTS('',3,(#7887,#7888,#7889,#7890,#7891,#7892),
 .UNSPECIFIED.,.F.,.F.,(4,2,4),(-0.00152321935441828,0.,0.0193993321395597),
 .UNSPECIFIED.);
#991=B_SPLINE_CURVE_WITH_KNOTS('',3,(#7893,#7894,#7895,#7896,#7897,#7898,
#7899,#7900,#7901,#7902,#7903,#7904,#7905,#7906,#7907,#7908,#7909,#7910,
#7911,#7912,#7913,#7914,#7915,#7916,#7917,#7918,#7919,#7920,#7921,#7922,
#7923,#7924,#7925,#7926,#7927,#7928,#7929),.UNSPECIFIED.,.F.,.F.,(4,3,3,
3,3,3,3,3,3,3,3,3,4),(0.,0.0100395898208891,0.0203854565086013,0.0273092848091416,
0.0376331282954823,0.0478893802648498,0.0546119450845375,0.0623023892100115,
0.0724705810537154,0.0819275130483454,0.0920457280706466,0.102265412967022,
0.105918507079901),.UNSPECIFIED.);
#992=B_SPLINE_CURVE_WITH_KNOTS('',3,(#7931,#7932,#7933,#7934),
 .UNSPECIFIED.,.F.,.F.,(4,4),(-0.171134479729126,-0.145190192909562),
 .UNSPECIFIED.);
#993=B_SPLINE_CURVE_WITH_KNOTS('',3,(#7956,#7957,#7958,#7959),
 .UNSPECIFIED.,.F.,.F.,(4,4),(0.137559568152603,0.184581582339899),
 .UNSPECIFIED.);
#994=B_SPLINE_CURVE_WITH_KNOTS('',3,(#7960,#7961,#7962,#7963,#7964,#7965,
#7966,#7967,#7968,#7969,#7970,#7971,#7972,#7973,#7974,#7975,#7976,#7977,
#7978,#7979,#7980,#7981,#7982,#7983,#7984,#7985,#7986,#7987,#7988,#7989,
#7990,#7991,#7992,#7993,#7994,#7995,#7996),.UNSPECIFIED.,.F.,.F.,(4,3,3,
3,3,3,3,3,3,3,3,3,4),(0.00346962855821236,0.0136434200897502,0.0239098658006663,
0.0278499181087162,0.0381306127014434,0.048229165821398,0.0552195907946468,
0.062701808754751,0.0729944758013886,0.08246446515281,0.0927520560784701,
0.102933258913706,0.109442179950856),.UNSPECIFIED.);
#995=B_SPLINE_CURVE_WITH_KNOTS('',3,(#8006,#8007,#8008,#8009,#8010,#8011,
#8012,#8013,#8014,#8015,#8016,#8017),.UNSPECIFIED.,.F.,.F.,(4,2,2,2,2,4),
(0.0921699442242227,0.10243749117313,0.11374518289046,0.125024197708552,
0.136303212526644,0.136459593515148),.UNSPECIFIED.);
#996=B_SPLINE_CURVE_WITH_KNOTS('',3,(#8022,#8023,#8024,#8025,#8026,#8027,
#8028,#8029,#8030,#8031,#8032,#8033),.UNSPECIFIED.,.F.,.F.,(4,2,2,2,2,4),
(0.136069019000055,0.13622539998856,0.147504414806651,0.158783429624743,
0.170091121342074,0.180358668291005),.UNSPECIFIED.);
#997=B_SPLINE_CURVE_WITH_KNOTS('',3,(#8037,#8038,#8039,#8040),
 .UNSPECIFIED.,.F.,.F.,(4,4),(-0.22421908807539,-0.177197073660906),
 .UNSPECIFIED.);
#998=B_SPLINE_CURVE_WITH_KNOTS('',3,(#8065,#8066,#8067,#8068),
 .UNSPECIFIED.,.F.,.F.,(4,4),(0.184827698410091,0.21077198532874),
 .UNSPECIFIED.);
#999=B_SPLINE_CURVE_WITH_KNOTS('',3,(#8070,#8071,#8072,#8073,#8074,#8075),
 .UNSPECIFIED.,.F.,.F.,(4,2,4),(-0.00150659036515173,0.,0.0194159547325141),
 .UNSPECIFIED.);
#1000=B_SPLINE_CURVE_WITH_KNOTS('',3,(#8076,#8077,#8078,#8079,#8080,#8081,
#8082,#8083,#8084,#8085,#8086,#8087,#8088,#8089,#8090,#8091,#8092,#8093,
#8094,#8095,#8096,#8097,#8098,#8099,#8100,#8101,#8102,#8103,#8104,#8105,
#8106,#8107,#8108,#8109,#8110,#8111,#8112),.UNSPECIFIED.,.F.,.F.,(4,3,3,
3,3,3,3,3,3,3,3,3,4),(0.,0.0100393281369789,0.0203851519641982,0.0273093038279648,
0.0376330612882459,0.0478896337867298,0.0546121181909695,0.0623023905435744,
0.0724708132197258,0.0819281622474194,0.0920467002076393,0.102266151854248,
0.105918506972577),.UNSPECIFIED.);
#1001=B_SPLINE_CURVE_WITH_KNOTS('',3,(#8114,#8115,#8116,#8117),
 .UNSPECIFIED.,.F.,.F.,(4,4),(-0.173486999450368,-0.147542712636039),
 .UNSPECIFIED.);
#1002=B_SPLINE_CURVE_WITH_KNOTS('',3,(#8139,#8140,#8141,#8142),
 .UNSPECIFIED.,.F.,.F.,(4,4),(0.13991208787801,0.186934102050923),
 .UNSPECIFIED.);
#1003=B_SPLINE_CURVE_WITH_KNOTS('',3,(#8143,#8144,#8145,#8146,#8147,#8148,
#8149,#8150,#8151,#8152,#8153,#8154,#8155,#8156,#8157,#8158,#8159,#8160,
#8161,#8162,#8163,#8164,#8165,#8166,#8167,#8168,#8169,#8170,#8171,#8172,
#8173,#8174,#8175,#8176,#8177,#8178,#8179),.UNSPECIFIED.,.F.,.F.,(4,3,3,
3,3,3,3,3,3,3,3,3,4),(0.00346962860851327,0.0136433989404776,0.0239098587636163,
0.0278502168349873,0.0381309128801167,0.0482295069097896,0.0552200938891201,
0.0627018124218407,0.0729944896190181,0.0824650502712061,0.0927526540522633,
0.102933807803451,0.109442181343033),.UNSPECIFIED.);
#1004=B_SPLINE_CURVE_WITH_KNOTS('',3,(#8189,#8190,#8191,#8192,#8193,#8194,
#8195,#8196,#8197,#8198,#8199,#8200),.UNSPECIFIED.,.F.,.F.,(4,2,2,2,2,4),
(0.092169944224222,0.10243749117313,0.11374518289046,0.125024197708552,
0.136303212526644,0.136459593515148),.UNSPECIFIED.);
#1005=B_SPLINE_CURVE_WITH_KNOTS('',3,(#8208,#8209,#8210,#8211,#8212,#8213,
#8214,#8215,#8216,#8217,#8218,#8219),.UNSPECIFIED.,.F.,.F.,(4,2,2,2,2,4),
(0.0921699442242185,0.10243749117313,0.11374518289046,0.125024197708552,
0.136303212526644,0.136459593515148),.UNSPECIFIED.);
#1006=B_SPLINE_CURVE_WITH_KNOTS('',3,(#8259,#8260,#8261,#8262,#8263,#8264,
#8265,#8266,#8267,#8268,#8269,#8270),.UNSPECIFIED.,.F.,.F.,(4,2,2,2,2,4),
(0.136069019000055,0.136225399988559,0.147504414806651,0.158783429624743,
0.170091121342073,0.180358668291001),.UNSPECIFIED.);
#1007=B_SPLINE_CURVE_WITH_KNOTS('',3,(#8273,#8274,#8275,#8276),
 .UNSPECIFIED.,.F.,.F.,(4,4),(-0.200700504037039,-0.153678489278182),
 .UNSPECIFIED.);
#1008=B_SPLINE_CURVE_WITH_KNOTS('',3,(#8282,#8283,#8284,#8285,#8286,#8287,
#8288,#8289,#8290,#8291,#8292,#8293),.UNSPECIFIED.,.F.,.F.,(4,2,2,2,2,4),
(0.0921699442242186,0.10243749117313,0.11374518289046,0.125024197708552,
0.136303212526644,0.136459593515148),.UNSPECIFIED.);
#1009=B_SPLINE_CURVE_WITH_KNOTS('',3,(#8300,#8301,#8302,#8303),
 .UNSPECIFIED.,.F.,.F.,(4,4),(0.110069874480176,0.15709188866877),
 .UNSPECIFIED.);
#1010=B_SPLINE_CURVE_WITH_KNOTS('',3,(#8307,#8308,#8309,#8310,#8311,#8312,
#8313,#8314,#8315,#8316,#8317,#8318),.UNSPECIFIED.,.F.,.F.,(4,2,2,2,2,4),
(0.136069019000055,0.136225399988559,0.147504414806651,0.158783429624743,
0.170091121342073,0.180358668291006),.UNSPECIFIED.);
#1011=B_SPLINE_CURVE_WITH_KNOTS('',3,(#8321,#8322,#8323,#8324),
 .UNSPECIFIED.,.F.,.F.,(4,4),(-0.210563886490924,-0.163541872182389),
 .UNSPECIFIED.);
#1012=B_SPLINE_CURVE_WITH_KNOTS('',3,(#8331,#8332,#8333,#8334,#8335,#8336,
#8337,#8338,#8339,#8340,#8341,#8342),.UNSPECIFIED.,.F.,.F.,(4,2,2,2,2,4),
(0.136069019000055,0.13622539998856,0.147504414806651,0.158783429624743,
0.170091121342073,0.18035866829101),.UNSPECIFIED.);
#1013=B_SPLINE_CURVE_WITH_KNOTS('',3,(#8345,#8346,#8347,#8348,#8349,#8350,
#8351,#8352,#8353,#8354,#8355,#8356),.UNSPECIFIED.,.F.,.F.,(4,2,2,2,2,4),
(0.0921699442242222,0.10243749117313,0.11374518289046,0.125024197708552,
0.136303212526644,0.136459593515148),.UNSPECIFIED.);
#1014=B_SPLINE_CURVE_WITH_KNOTS('',3,(#8361,#8362,#8363,#8364,#8365,#8366,
#8367,#8368,#8369,#8370,#8371,#8372),.UNSPECIFIED.,.F.,.F.,(4,2,2,2,2,4),
(0.136069019000054,0.136225399988559,0.147504414806651,0.158783429624743,
0.170091121342073,0.180358668291),.UNSPECIFIED.);
#1015=B_SPLINE_CURVE_WITH_KNOTS('',3,(#8375,#8376,#8377,#8378,#8379,#8380,
#8381,#8382,#8383,#8384,#8385,#8386),.UNSPECIFIED.,.F.,.F.,(4,2,2,2,2,4),
(0.0921699442242183,0.10243749117313,0.11374518289046,0.125024197708552,
0.136303212526644,0.136459593515148),.UNSPECIFIED.);
#1016=B_SPLINE_CURVE_WITH_KNOTS('',3,(#8393,#8394,#8395,#8396),
 .UNSPECIFIED.,.F.,.F.,(4,4),(0.151222937062189,0.198244951253235),
 .UNSPECIFIED.);
#1017=B_SPLINE_CURVE_WITH_KNOTS('',3,(#8398,#8399,#8400,#8401,#8402,#8403,
#8404,#8405,#8406,#8407,#8408,#8409),.UNSPECIFIED.,.F.,.F.,(4,2,2,2,2,4),
(0.0449392195442553,0.0450956005327601,0.056374615350852,0.067653630168944,
0.0789613218862742,0.0892288688352053),.UNSPECIFIED.);
#1018=B_SPLINE_CURVE_WITH_KNOTS('',3,(#8416,#8417,#8418,#8419),
 .UNSPECIFIED.,.F.,.F.,(4,4),(0.135723967225209,0.182745981410654),
 .UNSPECIFIED.);
#1019=B_SPLINE_CURVE_WITH_KNOTS('',3,(#8422,#8423,#8424,#8425),
 .UNSPECIFIED.,.F.,.F.,(4,4),(-0.163586246397922,-0.116564232165359),
 .UNSPECIFIED.);
#1020=B_SPLINE_CURVE_WITH_KNOTS('',3,(#8450,#8451,#8452,#8453,#8454,#8455,
#8456,#8457,#8458,#8459,#8460,#8461,#8462,#8463,#8464,#8465,#8466,#8467,
#8468,#8469,#8470,#8471,#8472,#8473,#8474,#8475,#8476,#8477,#8478,#8479,
#8480,#8481,#8482,#8483,#8484,#8485,#8486),.UNSPECIFIED.,.F.,.F.,(4,3,3,
3,3,3,3,3,3,3,3,3,4),(0.00346962855482182,0.0136433533087144,0.0239098438167058,
0.0278498979568427,0.0381305917879447,0.048229284115766,0.0552195568565938,
0.0627018085073822,0.0729945073373143,0.082464425681632,0.0927520521348679,
0.102933114808174,0.109442179856956),.UNSPECIFIED.);
#1021=B_SPLINE_CURVE_WITH_KNOTS('',3,(#8488,#8489,#8490,#8491,#8492,#8493),
 .UNSPECIFIED.,.F.,.F.,(4,2,4),(-0.00152436791447499,0.,0.0193981840206319),
 .UNSPECIFIED.);
#1022=B_SPLINE_CURVE_WITH_KNOTS('',3,(#8494,#8495,#8496,#8497),
 .UNSPECIFIED.,.F.,.F.,(4,4),(-0.184797848639586,-0.158853561818496),
 .UNSPECIFIED.);
#1023=B_SPLINE_CURVE_WITH_KNOTS('',3,(#8499,#8500,#8501,#8502),
 .UNSPECIFIED.,.F.,.F.,(4,4),(0.171172496938108,0.197116783814631),
 .UNSPECIFIED.);
#1024=B_SPLINE_CURVE_WITH_KNOTS('',3,(#8523,#8524,#8525,#8526,#8527,#8528,
#8529,#8530,#8531,#8532,#8533,#8534,#8535,#8536,#8537,#8538,#8539,#8540,
#8541,#8542,#8543,#8544,#8545,#8546,#8547,#8548,#8549,#8550,#8551,#8552,
#8553,#8554,#8555,#8556,#8557,#8558,#8559),.UNSPECIFIED.,.F.,.F.,(4,3,3,
3,3,3,3,3,3,3,3,3,4),(6.93889390390723E-18,0.0100393907711268,0.0203852248296682,
0.0273092934302115,0.0376330713646302,0.0478895672470361,0.0546120235512163,
0.0623023898144902,0.0724707567973003,0.0819278073123925,0.0920462659339861,
0.102265774092441,0.105918507031195),.UNSPECIFIED.);
#1025=B_SPLINE_CURVE_WITH_KNOTS('',3,(#8583,#8584,#8585,#8586,#8587,#8588,
#8589,#8590,#8591,#8592,#8593,#8594,#8595,#8596,#8597,#8598,#8599,#8600,
#8601,#8602,#8603,#8604,#8605,#8606,#8607,#8608,#8609,#8610,#8611,#8612,
#8613,#8614,#8615,#8616,#8617,#8618,#8619),.UNSPECIFIED.,.F.,.F.,(4,3,3,
3,3,3,3,3,3,3,3,3,4),(0.00346962852148711,0.0136435445275391,0.0239099068301315,
0.0278496999856391,0.0381303945798354,0.0482286909969863,0.0552192234529368,
0.0627018060772792,0.0729944138323059,0.0824640379218018,0.0927515612976306,
0.102933029245953,0.109442178934553),.UNSPECIFIED.);
#1026=B_SPLINE_CURVE_WITH_KNOTS('',3,(#8621,#8622,#8623,#8624,#8625,#8626),
 .UNSPECIFIED.,.F.,.F.,(4,2,4),(-0.00153583945539645,0.,0.0193867168850192),
 .UNSPECIFIED.);
#1027=B_SPLINE_CURVE_WITH_KNOTS('',3,(#8627,#8628,#8629,#8630),
 .UNSPECIFIED.,.F.,.F.,(4,4),(-0.143644786059907,-0.117700499237668),
 .UNSPECIFIED.);
#1028=B_SPLINE_CURVE_WITH_KNOTS('',3,(#8632,#8633,#8634,#8635),
 .UNSPECIFIED.,.F.,.F.,(4,4),(0.161309114033746,0.187253401117027),
 .UNSPECIFIED.);
#1029=B_SPLINE_CURVE_WITH_KNOTS('',3,(#8656,#8657,#8658,#8659,#8660,#8661,
#8662,#8663,#8664,#8665,#8666,#8667,#8668,#8669,#8670,#8671,#8672,#8673,
#8674,#8675,#8676,#8677,#8678,#8679,#8680,#8681,#8682,#8683,#8684,#8685,
#8686,#8687,#8688,#8689,#8690,#8691,#8692),.UNSPECIFIED.,.F.,.F.,(4,3,3,
3,3,3,3,3,3,3,3,3,4),(0.,0.010039419581559,0.0203852584615681,0.0273093128113555,
0.0376331006422523,0.0478895608440565,0.0546121999591912,0.0623023911735113,
0.072470734367541,0.0819284689261014,0.0920468994964368,0.102266430823481,
0.105918506922045),.UNSPECIFIED.);
#1030=B_SPLINE_CURVE_WITH_KNOTS('',3,(#8716,#8717,#8718,#8719,#8720,#8721,
#8722,#8723,#8724,#8725,#8726,#8727,#8728,#8729,#8730,#8731,#8732,#8733,
#8734,#8735,#8736,#8737,#8738,#8739,#8740,#8741,#8742,#8743,#8744,#8745,
#8746,#8747,#8748,#8749,#8750,#8751,#8752),.UNSPECIFIED.,.F.,.F.,(4,3,3,
3,3,3,3,3,3,3,3,3,4),(0.00346962856266299,0.0136434291977261,0.0239098687931801,
0.0278499445372038,0.0381306393652012,0.0482291732535602,0.0552196353033041,
0.0627018090791719,0.0729944717976467,0.0824645169180002,0.0927521031230303,
0.102933324710171,0.109442180074009),.UNSPECIFIED.);
#1031=B_SPLINE_CURVE_WITH_KNOTS('',3,(#8754,#8755,#8756,#8757,#8758,#8759),
 .UNSPECIFIED.,.F.,.F.,(4,2,4),(-0.00152171830735029,0.,0.0194008326095004),
 .UNSPECIFIED.);
#1032=B_SPLINE_CURVE_WITH_KNOTS('',3,(#8760,#8761,#8762,#8763),
 .UNSPECIFIED.,.F.,.F.,(4,4),(-0.169298878801243,-0.143354591982352),
 .UNSPECIFIED.);
#1033=B_SPLINE_CURVE_WITH_KNOTS('',3,(#8765,#8766,#8767,#8768),
 .UNSPECIFIED.,.F.,.F.,(4,4),(0.124194856924146,0.150139143767889),
 .UNSPECIFIED.);
#1034=B_SPLINE_CURVE_WITH_KNOTS('',3,(#8789,#8790,#8791,#8792,#8793,#8794,
#8795,#8796,#8797,#8798,#8799,#8800,#8801,#8802,#8803,#8804,#8805,#8806,
#8807,#8808,#8809,#8810,#8811,#8812,#8813,#8814,#8815,#8816,#8817,#8818,
#8819,#8820,#8821,#8822,#8823,#8824,#8825),.UNSPECIFIED.,.F.,.F.,(4,3,3,
3,3,3,3,3,3,3,3,3,4),(0.,0.0100396108797334,0.0203854810214334,0.0273092843438715,
0.0376331347744144,0.0478893609317157,0.0546119408498279,0.0623023891773853,
0.0724705625263175,0.0819274971678442,0.0920456865752879,0.102265390118051,
0.105918507082529),.UNSPECIFIED.);
#1035=B_SPLINE_CURVE_WITH_KNOTS('',3,(#8849,#8850,#8851,#8852),
 .UNSPECIFIED.,.F.,.F.,(4,4),(0.141508824582103,0.188530838756584),
 .UNSPECIFIED.);
#1036=B_SPLINE_CURVE_WITH_KNOTS('',3,(#8854,#8855,#8856,#8857,#8858,#8859,
#8860,#8861,#8862,#8863,#8864,#8865,#8866,#8867,#8868,#8869,#8870,#8871,
#8872,#8873,#8874,#8875,#8876,#8877,#8878,#8879,#8880,#8881,#8882,#8883,
#8884,#8885,#8886,#8887,#8888,#8889,#8890),.UNSPECIFIED.,.F.,.F.,(4,3,3,
3,3,3,3,3,3,3,3,3,4),(0.00346962860349746,0.0136433919194418,0.0239098564591626,
0.0278501870551126,0.0381308828667207,0.0482294918198938,0.0552200437354296,
0.0627018120562588,0.0729944925873532,0.0824649919403999,0.0927525993107232,
0.102933738751523,0.10944218120423),.UNSPECIFIED.);
#1037=B_SPLINE_CURVE_WITH_KNOTS('',3,(#8892,#8893,#8894,#8895,#8896,#8897),
 .UNSPECIFIED.,.F.,.F.,(4,2,4),(-0.00150821553406094,0.,0.0194143301887247),
 .UNSPECIFIED.);
#1038=B_SPLINE_CURVE_WITH_KNOTS('',3,(#8898,#8899,#8900,#8901),
 .UNSPECIFIED.,.F.,.F.,(4,4),(-0.175083736154897,-0.149139449339976),
 .UNSPECIFIED.);
#1039=B_SPLINE_CURVE_WITH_KNOTS('',3,(#8903,#8904,#8905,#8906),
 .UNSPECIFIED.,.F.,.F.,(4,4),(0.185382279887431,0.211326566801469),
 .UNSPECIFIED.);
#1040=B_SPLINE_CURVE_WITH_KNOTS('',3,(#8928,#8929,#8930,#8931,#8932,#8933,
#8934,#8935,#8936,#8937,#8938,#8939,#8940,#8941,#8942,#8943,#8944,#8945,
#8946,#8947,#8948,#8949,#8950,#8951,#8952,#8953,#8954,#8955,#8956,#8957,
#8958,#8959,#8960,#8961,#8962,#8963,#8964),.UNSPECIFIED.,.F.,.F.,(4,3,3,
3,3,3,3,3,3,3,3,3,4),(0.,0.0100393264148669,0.0203851499565248,0.027309303224781,
0.0376330601045249,0.0478896347257359,0.0546121127007553,0.0623023905012808,
0.0724708146414638,0.0819281416564563,0.0920466814876293,0.102266131684489,
0.105918506975975),.UNSPECIFIED.);
#1041=B_SPLINE_CURVE_WITH_KNOTS('',3,(#8965,#8966,#8967,#8968),
 .UNSPECIFIED.,.F.,.F.,(4,4),(-0.224773669542161,-0.177751655138101),
 .UNSPECIFIED.);
#1042=B_SPLINE_CURVE_WITH_KNOTS('',3,(#9017,#9018,#9019,#9020),
 .UNSPECIFIED.,.F.,.F.,(4,4),(-1.42010378142252,-0.0212811518510568),
 .UNSPECIFIED.);
#1043=B_SPLINE_CURVE_WITH_KNOTS('',3,(#9041,#9042,#9043,#9044),
 .UNSPECIFIED.,.F.,.F.,(4,4),(-1.41910233415138,-0.0202797045798581),
 .UNSPECIFIED.);
#1044=B_SPLINE_CURVE_WITH_KNOTS('',3,(#9045,#9046,#9047,#9048),
 .UNSPECIFIED.,.F.,.F.,(4,4),(0.0225069769491788,1.42132960465774),
 .UNSPECIFIED.);
#1045=B_SPLINE_CURVE_WITH_KNOTS('',3,(#9112,#9113,#9114,#9115,#9116,#9117,
#9118,#9119,#9120,#9121,#9122,#9123,#9124,#9125,#9126,#9127,#9128,#9129,
#9130,#9131),.UNSPECIFIED.,.F.,.F.,(4,2,2,2,2,2,2,2,2,4),(0.,0.0520826616428063,
0.104165323285613,0.156469645138931,0.20877396699225,0.261078288845569,
0.313382610698888,0.365465272341694,0.4175479339845,0.42031046125848),
 .UNSPECIFIED.);
#1046=B_SPLINE_CURVE_WITH_KNOTS('',3,(#9132,#9133,#9134,#9135,#9136,#9137,
#9138,#9139,#9140,#9141,#9142,#9143,#9144,#9145,#9146,#9147,#9148,#9149),
 .UNSPECIFIED.,.F.,.F.,(4,2,2,2,2,2,2,2,4),(0.42031046125848,0.47167342066821,
0.52579890735192,0.579743764422907,0.633688621493893,0.687633478564879,
0.741578335635865,0.795703822319575,0.849829309003285),.UNSPECIFIED.);
#1047=ELLIPSE('',#3506,10.0677802275835,1.6);
#1048=ELLIPSE('',#3507,10.0523727900889,1.5);
#1049=ELLIPSE('',#3513,10.0523727900889,1.5);
#1050=ELLIPSE('',#3514,10.0677802275835,1.6);
#1051=ELLIPSE('',#3784,2.12132034355964,1.5);
#1052=ELLIPSE('',#3785,2.12132034355964,1.5);
#1053=ELLIPSE('',#3787,2.12132034355964,1.5);
#1054=ELLIPSE('',#3789,2.12132034355964,1.5);
#1055=ELLIPSE('',#3797,2.09303607231218,1.48);
#1056=ELLIPSE('',#3798,2.09303607231218,1.48);
#1057=ELLIPSE('',#3800,2.09303607231218,1.48);
#1058=ELLIPSE('',#3802,2.09303607231218,1.48);
#1059=ELLIPSE('',#3805,2.12132034355964,1.5);
#1060=ELLIPSE('',#3806,2.12132034355964,1.5);
#1061=ELLIPSE('',#3808,2.12132034355964,1.5);
#1062=ELLIPSE('',#3810,2.12132034355964,1.5);
#1063=CIRCLE('',#3505,0.100000000000001);
#1064=CIRCLE('',#3508,0.1);
#1065=CIRCLE('',#3509,0.1);
#1066=CIRCLE('',#3511,0.1);
#1067=CIRCLE('',#3512,0.0999999999999999);
#1068=CIRCLE('',#3516,0.1);
#1069=CIRCLE('',#3517,0.0999999999999999);
#1070=CIRCLE('',#3519,5.85614973262032);
#1071=CIRCLE('',#3520,6.75459998248026);
#1072=CIRCLE('',#3521,5.85614973262032);
#1073=CIRCLE('',#3522,6.75459998248026);
#1074=CIRCLE('',#3523,5.85614973262032);
#1075=CIRCLE('',#3524,6.75459998248026);
#1076=CIRCLE('',#3525,5.85614973262032);
#1077=CIRCLE('',#3526,6.75459998248026);
#1078=CIRCLE('',#3527,5.85614973262032);
#1079=CIRCLE('',#3528,6.84749476929452);
#1080=CIRCLE('',#3529,5.85614973262032);
#1081=CIRCLE('',#3530,6.75459998248026);
#1082=CIRCLE('',#3531,5.85614973262032);
#1083=CIRCLE('',#3532,6.75459998248026);
#1084=CIRCLE('',#3533,5.85614973262032);
#1085=CIRCLE('',#3534,6.75459998248026);
#1086=CIRCLE('',#3535,5.85614973262032);
#1087=CIRCLE('',#3536,6.75459998248026);
#1088=CIRCLE('',#3537,5.85614973262032);
#1089=CIRCLE('',#3538,0.1);
#1090=CIRCLE('',#3541,5.35);
#1091=CIRCLE('',#3542,4.44095144473436);
#1092=CIRCLE('',#3547,5.13815692144732);
#1093=CIRCLE('',#3548,5.23769268230612);
#1094=CIRCLE('',#3552,5.13815692144732);
#1095=CIRCLE('',#3553,5.23769268230612);
#1096=CIRCLE('',#3556,5.27708238966247);
#1097=CIRCLE('',#3558,0.1);
#1098=CIRCLE('',#3559,0.0999999999999998);
#1099=CIRCLE('',#3560,0.0999999999999998);
#1100=CIRCLE('',#3561,0.0999999999999998);
#1101=CIRCLE('',#3562,0.0999999999999999);
#1102=CIRCLE('',#3564,0.1);
#1103=CIRCLE('',#3565,0.1);
#1104=CIRCLE('',#3566,0.1);
#1105=CIRCLE('',#3567,0.100000000000001);
#1106=CIRCLE('',#3569,0.1);
#1107=CIRCLE('',#3570,0.0999999999999997);
#1108=CIRCLE('',#3572,0.10000000000007);
#1109=CIRCLE('',#3573,6.73824548220869);
#1110=CIRCLE('',#3574,6.83763110075716);
#1111=CIRCLE('',#3575,0.0999999999999997);
#1112=CIRCLE('',#3578,0.0999999999999999);
#1113=CIRCLE('',#3579,0.1);
#1114=CIRCLE('',#3580,0.100000000000001);
#1115=CIRCLE('',#3582,0.0999999999999998);
#1116=CIRCLE('',#3583,0.1);
#1117=CIRCLE('',#3584,0.1);
#1118=CIRCLE('',#3586,7.55290150822591);
#1119=CIRCLE('',#3587,7.5354838066907);
#1120=CIRCLE('',#3588,0.1);
#1121=CIRCLE('',#3589,0.1);
#1122=CIRCLE('',#3590,0.1);
#1123=CIRCLE('',#3591,0.1);
#1124=CIRCLE('',#3593,6.86511908855483);
#1125=CIRCLE('',#3595,0.1);
#1126=CIRCLE('',#3596,0.1);
#1127=CIRCLE('',#3597,0.0999999999999989);
#1128=CIRCLE('',#3599,0.1);
#1129=CIRCLE('',#3600,0.1);
#1130=CIRCLE('',#3601,0.1);
#1131=CIRCLE('',#3603,0.1);
#1132=CIRCLE('',#3604,5.7566022213081);
#1133=CIRCLE('',#3605,0.1);
#1134=CIRCLE('',#3606,0.0999999999999993);
#1135=CIRCLE('',#3607,0.0999999999999996);
#1136=CIRCLE('',#3609,0.100000000000132);
#1137=CIRCLE('',#3610,6.6455502087246);
#1138=CIRCLE('',#3611,0.1);
#1139=CIRCLE('',#3612,0.1);
#1140=CIRCLE('',#3613,0.1);
#1141=CIRCLE('',#3615,0.1);
#1142=CIRCLE('',#3616,5.7566022213081);
#1143=CIRCLE('',#3617,0.1);
#1144=CIRCLE('',#3618,0.0999999999999997);
#1145=CIRCLE('',#3619,0.1);
#1146=CIRCLE('',#3621,0.100000000000063);
#1147=CIRCLE('',#3622,6.6455502087246);
#1148=CIRCLE('',#3623,0.0999999999999999);
#1149=CIRCLE('',#3624,0.1);
#1150=CIRCLE('',#3625,0.1);
#1151=CIRCLE('',#3627,0.1);
#1152=CIRCLE('',#3628,5.7566022213081);
#1153=CIRCLE('',#3629,0.1);
#1154=CIRCLE('',#3630,0.1);
#1155=CIRCLE('',#3631,0.0999999999999996);
#1156=CIRCLE('',#3633,0.100000000000628);
#1157=CIRCLE('',#3634,6.6455502087246);
#1158=CIRCLE('',#3635,0.1);
#1159=CIRCLE('',#3636,0.1);
#1160=CIRCLE('',#3637,0.1);
#1161=CIRCLE('',#3639,0.1);
#1162=CIRCLE('',#3640,5.7566022213081);
#1163=CIRCLE('',#3641,0.1);
#1164=CIRCLE('',#3642,0.1);
#1165=CIRCLE('',#3643,0.0999999999999997);
#1166=CIRCLE('',#3645,0.10000000000007);
#1167=CIRCLE('',#3646,6.6455502087246);
#1168=CIRCLE('',#3647,0.0999999999999995);
#1169=CIRCLE('',#3648,0.0999999999999995);
#1170=CIRCLE('',#3649,0.1);
#1171=CIRCLE('',#3651,0.1);
#1172=CIRCLE('',#3652,5.7566022213081);
#1173=CIRCLE('',#3653,0.1);
#1174=CIRCLE('',#3655,0.1);
#1175=CIRCLE('',#3656,5.7566022213081);
#1176=CIRCLE('',#3657,0.100000000000001);
#1177=CIRCLE('',#3658,0.1);
#1178=CIRCLE('',#3659,0.1);
#1179=CIRCLE('',#3661,0.100000000000143);
#1180=CIRCLE('',#3662,6.6455502087246);
#1181=CIRCLE('',#3663,0.0999999999999999);
#1182=CIRCLE('',#3664,0.100000000000001);
#1183=CIRCLE('',#3665,0.1);
#1184=CIRCLE('',#3667,0.1);
#1185=CIRCLE('',#3668,5.7566022213081);
#1186=CIRCLE('',#3669,0.1);
#1187=CIRCLE('',#3670,0.1);
#1188=CIRCLE('',#3671,0.0999999999999996);
#1189=CIRCLE('',#3673,0.100000000000054);
#1190=CIRCLE('',#3674,6.6455502087246);
#1191=CIRCLE('',#3675,0.1);
#1192=CIRCLE('',#3676,0.1);
#1193=CIRCLE('',#3677,0.1);
#1194=CIRCLE('',#3679,0.1);
#1195=CIRCLE('',#3680,5.7566022213081);
#1196=CIRCLE('',#3681,0.1);
#1197=CIRCLE('',#3682,0.0999999999999999);
#1198=CIRCLE('',#3683,0.0999999999999997);
#1199=CIRCLE('',#3685,0.100000000000324);
#1200=CIRCLE('',#3686,6.6455502087246);
#1201=CIRCLE('',#3687,0.1);
#1202=CIRCLE('',#3688,0.1);
#1203=CIRCLE('',#3689,0.1);
#1204=CIRCLE('',#3691,0.1);
#1205=CIRCLE('',#3692,5.7566022213081);
#1206=CIRCLE('',#3693,0.0999999999999999);
#1207=CIRCLE('',#3694,0.0999999999999998);
#1208=CIRCLE('',#3695,0.0999999999999991);
#1209=CIRCLE('',#3697,0.100000000000055);
#1210=CIRCLE('',#3698,6.6455502087246);
#1211=CIRCLE('',#3699,0.0999999999999998);
#1212=CIRCLE('',#3700,0.0999999999999999);
#1213=CIRCLE('',#3701,0.1);
#1214=CIRCLE('',#3703,5.7566022213081);
#1215=CIRCLE('',#3705,0.0999999999999999);
#1216=CIRCLE('',#3706,0.0999999999999994);
#1217=CIRCLE('',#3708,0.100000000000099);
#1218=CIRCLE('',#3709,5.19004249681095);
#1219=CIRCLE('',#3710,5.28942811535942);
#1220=CIRCLE('',#3711,0.1);
#1221=CIRCLE('',#3714,7.83713895260017);
#1222=CIRCLE('',#3715,7.73779805901306);
#1223=CIRCLE('',#3743,5.27952433788224);
#1224=CIRCLE('',#3744,5.27952433788222);
#1225=CIRCLE('',#3745,5.27952433788222);
#1226=CIRCLE('',#3746,5.27952433788222);
#1227=CIRCLE('',#3747,5.27952433788222);
#1228=CIRCLE('',#3748,5.27708238966247);
#1229=CIRCLE('',#3749,5.27952433788222);
#1230=CIRCLE('',#3750,5.27952433788222);
#1231=CIRCLE('',#3751,5.27952433788222);
#1232=CIRCLE('',#3752,5.27952433788222);
#1233=CIRCLE('',#3820,1.4);
#1234=CIRCLE('',#3821,1.4);
#1235=CIRCLE('',#3823,1.4);
#1236=CIRCLE('',#3824,1.4);
#1237=CIRCLE('',#3826,1.4);
#1238=CIRCLE('',#3829,3.75);
#1239=CIRCLE('',#3830,3.75);
#1240=CIRCLE('',#3832,4.85);
#1241=CIRCLE('',#3833,4.85);
#1242=VERTEX_POINT('',#4616);
#1243=VERTEX_POINT('',#4617);
#1244=VERTEX_POINT('',#4619);
#1245=VERTEX_POINT('',#4621);
#1246=VERTEX_POINT('',#4720);
#1247=VERTEX_POINT('',#4721);
#1248=VERTEX_POINT('',#4723);
#1249=VERTEX_POINT('',#4738);
#1250=VERTEX_POINT('',#4778);
#1251=VERTEX_POINT('',#4780);
#1252=VERTEX_POINT('',#4782);
#1253=VERTEX_POINT('',#4828);
#1254=VERTEX_POINT('',#4833);
#1255=VERTEX_POINT('',#4840);
#1256=VERTEX_POINT('',#4845);
#1257=VERTEX_POINT('',#4851);
#1258=VERTEX_POINT('',#4853);
#1259=VERTEX_POINT('',#4859);
#1260=VERTEX_POINT('',#4864);
#1261=VERTEX_POINT('',#4870);
#1262=VERTEX_POINT('',#4872);
#1263=VERTEX_POINT('',#4878);
#1264=VERTEX_POINT('',#4883);
#1265=VERTEX_POINT('',#4889);
#1266=VERTEX_POINT('',#4891);
#1267=VERTEX_POINT('',#4897);
#1268=VERTEX_POINT('',#4902);
#1269=VERTEX_POINT('',#4908);
#1270=VERTEX_POINT('',#4910);
#1271=VERTEX_POINT('',#4916);
#1272=VERTEX_POINT('',#4921);
#1273=VERTEX_POINT('',#4927);
#1274=VERTEX_POINT('',#4929);
#1275=VERTEX_POINT('',#4935);
#1276=VERTEX_POINT('',#4940);
#1277=VERTEX_POINT('',#4946);
#1278=VERTEX_POINT('',#4948);
#1279=VERTEX_POINT('',#4954);
#1280=VERTEX_POINT('',#4959);
#1281=VERTEX_POINT('',#4965);
#1282=VERTEX_POINT('',#4967);
#1283=VERTEX_POINT('',#4973);
#1284=VERTEX_POINT('',#4978);
#1285=VERTEX_POINT('',#4984);
#1286=VERTEX_POINT('',#4986);
#1287=VERTEX_POINT('',#4992);
#1288=VERTEX_POINT('',#4997);
#1289=VERTEX_POINT('',#5003);
#1290=VERTEX_POINT('',#5005);
#1291=VERTEX_POINT('',#5010);
#1292=VERTEX_POINT('',#5012);
#1293=VERTEX_POINT('',#5017);
#1294=VERTEX_POINT('',#5019);
#1295=VERTEX_POINT('',#5025);
#1296=VERTEX_POINT('',#5030);
#1297=VERTEX_POINT('',#5036);
#1298=VERTEX_POINT('',#5038);
#1299=VERTEX_POINT('',#5044);
#1300=VERTEX_POINT('',#5049);
#1301=VERTEX_POINT('',#5055);
#1302=VERTEX_POINT('',#5057);
#1303=VERTEX_POINT('',#5063);
#1304=VERTEX_POINT('',#5068);
#1305=VERTEX_POINT('',#5074);
#1306=VERTEX_POINT('',#5076);
#1307=VERTEX_POINT('',#5082);
#1308=VERTEX_POINT('',#5087);
#1309=VERTEX_POINT('',#5093);
#1310=VERTEX_POINT('',#5095);
#1311=VERTEX_POINT('',#5101);
#1312=VERTEX_POINT('',#5106);
#1313=VERTEX_POINT('',#5112);
#1314=VERTEX_POINT('',#5114);
#1315=VERTEX_POINT('',#5120);
#1316=VERTEX_POINT('',#5125);
#1317=VERTEX_POINT('',#5131);
#1318=VERTEX_POINT('',#5133);
#1319=VERTEX_POINT('',#5139);
#1320=VERTEX_POINT('',#5144);
#1321=VERTEX_POINT('',#5150);
#1322=VERTEX_POINT('',#5152);
#1323=VERTEX_POINT('',#5158);
#1324=VERTEX_POINT('',#5163);
#1325=VERTEX_POINT('',#5169);
#1326=VERTEX_POINT('',#5196);
#1327=VERTEX_POINT('',#5203);
#1328=VERTEX_POINT('',#5209);
#1329=VERTEX_POINT('',#5211);
#1330=VERTEX_POINT('',#5214);
#1331=VERTEX_POINT('',#5215);
#1332=VERTEX_POINT('',#5257);
#1333=VERTEX_POINT('',#5262);
#1334=VERTEX_POINT('',#5278);
#1335=VERTEX_POINT('',#5284);
#1336=VERTEX_POINT('',#5285);
#1337=VERTEX_POINT('',#5296);
#1338=VERTEX_POINT('',#5298);
#1339=VERTEX_POINT('',#5312);
#1340=VERTEX_POINT('',#5314);
#1341=VERTEX_POINT('',#5316);
#1342=VERTEX_POINT('',#5327);
#1343=VERTEX_POINT('',#5332);
#1344=VERTEX_POINT('',#5333);
#1345=VERTEX_POINT('',#5344);
#1346=VERTEX_POINT('',#5346);
#1347=VERTEX_POINT('',#5359);
#1348=VERTEX_POINT('',#5361);
#1349=VERTEX_POINT('',#5363);
#1350=VERTEX_POINT('',#5377);
#1351=VERTEX_POINT('',#5382);
#1352=VERTEX_POINT('',#5395);
#1353=VERTEX_POINT('',#5396);
#1354=VERTEX_POINT('',#5398);
#1355=VERTEX_POINT('',#5400);
#1356=VERTEX_POINT('',#5402);
#1357=VERTEX_POINT('',#5406);
#1358=VERTEX_POINT('',#5407);
#1359=VERTEX_POINT('',#5409);
#1360=VERTEX_POINT('',#5411);
#1361=VERTEX_POINT('',#5415);
#1362=VERTEX_POINT('',#5416);
#1363=VERTEX_POINT('',#5450);
#1364=VERTEX_POINT('',#5456);
#1365=VERTEX_POINT('',#5464);
#1366=VERTEX_POINT('',#5465);
#1367=VERTEX_POINT('',#5499);
#1368=VERTEX_POINT('',#5505);
#1369=VERTEX_POINT('',#5516);
#1370=VERTEX_POINT('',#5517);
#1371=VERTEX_POINT('',#5519);
#1372=VERTEX_POINT('',#5523);
#1373=VERTEX_POINT('',#5524);
#1374=VERTEX_POINT('',#5526);
#1375=VERTEX_POINT('',#5580);
#1376=VERTEX_POINT('',#5585);
#1377=VERTEX_POINT('',#5587);
#1378=VERTEX_POINT('',#5613);
#1379=VERTEX_POINT('',#5615);
#1380=VERTEX_POINT('',#5620);
#1381=VERTEX_POINT('',#5657);
#1382=VERTEX_POINT('',#5659);
#1383=VERTEX_POINT('',#5663);
#1384=VERTEX_POINT('',#5664);
#1385=VERTEX_POINT('',#5669);
#1386=VERTEX_POINT('',#5697);
#1387=VERTEX_POINT('',#5724);
#1388=VERTEX_POINT('',#5755);
#1389=VERTEX_POINT('',#5763);
#1390=VERTEX_POINT('',#5791);
#1391=VERTEX_POINT('',#5818);
#1392=VERTEX_POINT('',#5849);
#1393=VERTEX_POINT('',#5857);
#1394=VERTEX_POINT('',#5885);
#1395=VERTEX_POINT('',#5912);
#1396=VERTEX_POINT('',#5943);
#1397=VERTEX_POINT('',#5951);
#1398=VERTEX_POINT('',#5979);
#1399=VERTEX_POINT('',#6006);
#1400=VERTEX_POINT('',#6037);
#1401=VERTEX_POINT('',#6045);
#1402=VERTEX_POINT('',#6073);
#1403=VERTEX_POINT('',#6100);
#1404=VERTEX_POINT('',#6131);
#1405=VERTEX_POINT('',#6139);
#1406=VERTEX_POINT('',#6167);
#1407=VERTEX_POINT('',#6194);
#1408=VERTEX_POINT('',#6225);
#1409=VERTEX_POINT('',#6233);
#1410=VERTEX_POINT('',#6261);
#1411=VERTEX_POINT('',#6288);
#1412=VERTEX_POINT('',#6319);
#1413=VERTEX_POINT('',#6327);
#1414=VERTEX_POINT('',#6355);
#1415=VERTEX_POINT('',#6382);
#1416=VERTEX_POINT('',#6413);
#1417=VERTEX_POINT('',#6421);
#1418=VERTEX_POINT('',#6479);
#1419=VERTEX_POINT('',#6487);
#1420=VERTEX_POINT('',#6515);
#1421=VERTEX_POINT('',#6542);
#1422=VERTEX_POINT('',#6573);
#1423=VERTEX_POINT('',#6581);
#1424=VERTEX_POINT('',#6609);
#1425=VERTEX_POINT('',#6636);
#1426=VERTEX_POINT('',#6667);
#1427=VERTEX_POINT('',#6675);
#1428=VERTEX_POINT('',#6703);
#1429=VERTEX_POINT('',#6730);
#1430=VERTEX_POINT('',#6761);
#1431=VERTEX_POINT('',#6769);
#1432=VERTEX_POINT('',#6797);
#1433=VERTEX_POINT('',#6824);
#1434=VERTEX_POINT('',#6855);
#1435=VERTEX_POINT('',#6863);
#1436=VERTEX_POINT('',#6891);
#1437=VERTEX_POINT('',#6918);
#1438=VERTEX_POINT('',#6949);
#1439=VERTEX_POINT('',#6957);
#1440=VERTEX_POINT('',#6985);
#1441=VERTEX_POINT('',#7012);
#1442=VERTEX_POINT('',#7043);
#1443=VERTEX_POINT('',#7051);
#1444=VERTEX_POINT('',#7079);
#1445=VERTEX_POINT('',#7106);
#1446=VERTEX_POINT('',#7137);
#1447=VERTEX_POINT('',#7145);
#1448=VERTEX_POINT('',#7173);
#1449=VERTEX_POINT('',#7200);
#1450=VERTEX_POINT('',#7231);
#1451=VERTEX_POINT('',#7265);
#1452=VERTEX_POINT('',#7266);
#1453=VERTEX_POINT('',#7295);
#1454=VERTEX_POINT('',#7304);
#1455=VERTEX_POINT('',#7310);
#1456=VERTEX_POINT('',#7317);
#1457=VERTEX_POINT('',#7318);
#1458=VERTEX_POINT('',#7351);
#1459=VERTEX_POINT('',#7357);
#1460=VERTEX_POINT('',#7455);
#1461=VERTEX_POINT('',#7470);
#1462=VERTEX_POINT('',#7472);
#1463=VERTEX_POINT('',#7487);
#1464=VERTEX_POINT('',#7515);
#1465=VERTEX_POINT('',#7520);
#1466=VERTEX_POINT('',#7589);
#1467=VERTEX_POINT('',#7632);
#1468=VERTEX_POINT('',#7638);
#1469=VERTEX_POINT('',#7653);
#1470=VERTEX_POINT('',#7655);
#1471=VERTEX_POINT('',#7670);
#1472=VERTEX_POINT('',#7698);
#1473=VERTEX_POINT('',#7703);
#1474=VERTEX_POINT('',#7772);
#1475=VERTEX_POINT('',#7815);
#1476=VERTEX_POINT('',#7821);
#1477=VERTEX_POINT('',#7836);
#1478=VERTEX_POINT('',#7838);
#1479=VERTEX_POINT('',#7853);
#1480=VERTEX_POINT('',#7881);
#1481=VERTEX_POINT('',#7886);
#1482=VERTEX_POINT('',#7955);
#1483=VERTEX_POINT('',#7998);
#1484=VERTEX_POINT('',#8004);
#1485=VERTEX_POINT('',#8019);
#1486=VERTEX_POINT('',#8021);
#1487=VERTEX_POINT('',#8036);
#1488=VERTEX_POINT('',#8064);
#1489=VERTEX_POINT('',#8069);
#1490=VERTEX_POINT('',#8138);
#1491=VERTEX_POINT('',#8181);
#1492=VERTEX_POINT('',#8187);
#1493=VERTEX_POINT('',#8205);
#1494=VERTEX_POINT('',#8207);
#1495=VERTEX_POINT('',#8222);
#1496=VERTEX_POINT('',#8230);
#1497=VERTEX_POINT('',#8232);
#1498=VERTEX_POINT('',#8235);
#1499=VERTEX_POINT('',#8237);
#1500=VERTEX_POINT('',#8240);
#1501=VERTEX_POINT('',#8243);
#1502=VERTEX_POINT('',#8245);
#1503=VERTEX_POINT('',#8248);
#1504=VERTEX_POINT('',#8249);
#1505=VERTEX_POINT('',#8251);
#1506=VERTEX_POINT('',#8253);
#1507=VERTEX_POINT('',#8257);
#1508=VERTEX_POINT('',#8272);
#1509=VERTEX_POINT('',#8281);
#1510=VERTEX_POINT('',#8296);
#1511=VERTEX_POINT('',#8305);
#1512=VERTEX_POINT('',#8320);
#1513=VERTEX_POINT('',#8329);
#1514=VERTEX_POINT('',#8344);
#1515=VERTEX_POINT('',#8359);
#1516=VERTEX_POINT('',#8374);
#1517=VERTEX_POINT('',#8389);
#1518=VERTEX_POINT('',#8412);
#1519=VERTEX_POINT('',#8421);
#1520=VERTEX_POINT('',#8449);
#1521=VERTEX_POINT('',#8487);
#1522=VERTEX_POINT('',#8582);
#1523=VERTEX_POINT('',#8620);
#1524=VERTEX_POINT('',#8715);
#1525=VERTEX_POINT('',#8753);
#1526=VERTEX_POINT('',#8848);
#1527=VERTEX_POINT('',#8853);
#1528=VERTEX_POINT('',#8891);
#1529=VERTEX_POINT('',#8927);
#1530=VERTEX_POINT('',#8981);
#1531=VERTEX_POINT('',#8982);
#1532=VERTEX_POINT('',#8987);
#1533=VERTEX_POINT('',#8991);
#1534=VERTEX_POINT('',#9053);
#1535=VERTEX_POINT('',#9054);
#1536=VERTEX_POINT('',#9056);
#1537=VERTEX_POINT('',#9058);
#1538=VERTEX_POINT('',#9061);
#1539=VERTEX_POINT('',#9062);
#1540=VERTEX_POINT('',#9064);
#1541=VERTEX_POINT('',#9066);
#1542=VERTEX_POINT('',#9070);
#1543=VERTEX_POINT('',#9072);
#1544=VERTEX_POINT('',#9076);
#1545=VERTEX_POINT('',#9080);
#1546=VERTEX_POINT('',#9086);
#1547=VERTEX_POINT('',#9087);
#1548=VERTEX_POINT('',#9092);
#1549=VERTEX_POINT('',#9096);
#1550=VERTEX_POINT('',#9110);
#1551=VERTEX_POINT('',#9111);
#1552=VERTEX_POINT('',#9151);
#1553=VERTEX_POINT('',#9152);
#1554=VERTEX_POINT('',#9154);
#1555=VERTEX_POINT('',#9156);
#1556=VERTEX_POINT('',#9160);
#1557=VERTEX_POINT('',#9161);
#1558=VERTEX_POINT('',#9163);
#1559=VERTEX_POINT('',#9165);
#1560=VERTEX_POINT('',#9172);
#1561=VERTEX_POINT('',#9180);
#1562=VERTEX_POINT('',#9182);
#1563=VERTEX_POINT('',#9186);
#1564=VERTEX_POINT('',#9188);
#1565=EDGE_CURVE('',#1242,#1243,#1063,.T.);
#1566=EDGE_CURVE('',#1243,#1244,#1047,.T.);
#1567=EDGE_CURVE('',#1244,#1245,#819,.F.);
#1568=EDGE_CURVE('',#1245,#1242,#1048,.T.);
#1569=EDGE_CURVE('',#1246,#1247,#1064,.T.);
#1570=EDGE_CURVE('',#1247,#1248,#820,.T.);
#1571=EDGE_CURVE('',#1248,#1242,#1065,.T.);
#1572=EDGE_CURVE('',#1242,#1249,#821,.T.);
#1573=EDGE_CURVE('',#1249,#1246,#822,.T.);
#1574=EDGE_CURVE('',#1248,#1243,#1066,.T.);
#1575=EDGE_CURVE('',#1250,#1246,#1067,.T.);
#1576=EDGE_CURVE('',#1246,#1251,#1049,.T.);
#1577=EDGE_CURVE('',#1251,#1252,#823,.F.);
#1578=EDGE_CURVE('',#1252,#1250,#1050,.T.);
#1579=EDGE_CURVE('',#1250,#1247,#1068,.T.);
#1580=EDGE_CURVE('',#1248,#1253,#824,.T.);
#1581=EDGE_CURVE('',#1254,#1253,#1069,.T.);
#1582=EDGE_CURVE('',#1254,#1243,#825,.T.);
#1583=EDGE_CURVE('',#1255,#1247,#826,.T.);
#1584=EDGE_CURVE('',#1256,#1255,#827,.T.);
#1585=EDGE_CURVE('',#1257,#1256,#1070,.T.);
#1586=EDGE_CURVE('',#1258,#1257,#828,.T.);
#1587=EDGE_CURVE('',#1259,#1258,#829,.T.);
#1588=EDGE_CURVE('',#1260,#1259,#830,.T.);
#1589=EDGE_CURVE('',#1261,#1260,#1071,.T.);
#1590=EDGE_CURVE('',#1262,#1261,#831,.T.);
#1591=EDGE_CURVE('',#1263,#1262,#832,.T.);
#1592=EDGE_CURVE('',#1264,#1263,#833,.T.);
#1593=EDGE_CURVE('',#1265,#1264,#1072,.T.);
#1594=EDGE_CURVE('',#1266,#1265,#834,.T.);
#1595=EDGE_CURVE('',#1267,#1266,#835,.T.);
#1596=EDGE_CURVE('',#1268,#1267,#836,.T.);
#1597=EDGE_CURVE('',#1269,#1268,#1073,.T.);
#1598=EDGE_CURVE('',#1270,#1269,#837,.T.);
#1599=EDGE_CURVE('',#1271,#1270,#838,.T.);
#1600=EDGE_CURVE('',#1272,#1271,#839,.T.);
#1601=EDGE_CURVE('',#1273,#1272,#1074,.T.);
#1602=EDGE_CURVE('',#1274,#1273,#840,.T.);
#1603=EDGE_CURVE('',#1275,#1274,#841,.T.);
#1604=EDGE_CURVE('',#1276,#1275,#842,.T.);
#1605=EDGE_CURVE('',#1277,#1276,#1075,.T.);
#1606=EDGE_CURVE('',#1278,#1277,#843,.T.);
#1607=EDGE_CURVE('',#1279,#1278,#844,.T.);
#1608=EDGE_CURVE('',#1280,#1279,#845,.T.);
#1609=EDGE_CURVE('',#1281,#1280,#1076,.T.);
#1610=EDGE_CURVE('',#1282,#1281,#846,.T.);
#1611=EDGE_CURVE('',#1283,#1282,#847,.T.);
#1612=EDGE_CURVE('',#1284,#1283,#848,.T.);
#1613=EDGE_CURVE('',#1285,#1284,#1077,.T.);
#1614=EDGE_CURVE('',#1286,#1285,#849,.T.);
#1615=EDGE_CURVE('',#1287,#1286,#850,.T.);
#1616=EDGE_CURVE('',#1288,#1287,#851,.T.);
#1617=EDGE_CURVE('',#1289,#1288,#1078,.T.);
#1618=EDGE_CURVE('',#1290,#1289,#852,.T.);
#1619=EDGE_CURVE('',#1291,#1290,#1079,.T.);
#1620=EDGE_CURVE('',#1292,#1291,#853,.T.);
#1621=EDGE_CURVE('',#1293,#1292,#1080,.T.);
#1622=EDGE_CURVE('',#1294,#1293,#854,.T.);
#1623=EDGE_CURVE('',#1295,#1294,#855,.T.);
#1624=EDGE_CURVE('',#1296,#1295,#856,.T.);
#1625=EDGE_CURVE('',#1297,#1296,#1081,.T.);
#1626=EDGE_CURVE('',#1298,#1297,#857,.T.);
#1627=EDGE_CURVE('',#1299,#1298,#858,.T.);
#1628=EDGE_CURVE('',#1300,#1299,#859,.T.);
#1629=EDGE_CURVE('',#1301,#1300,#1082,.T.);
#1630=EDGE_CURVE('',#1302,#1301,#860,.T.);
#1631=EDGE_CURVE('',#1303,#1302,#861,.T.);
#1632=EDGE_CURVE('',#1304,#1303,#862,.T.);
#1633=EDGE_CURVE('',#1305,#1304,#1083,.T.);
#1634=EDGE_CURVE('',#1306,#1305,#863,.T.);
#1635=EDGE_CURVE('',#1307,#1306,#864,.T.);
#1636=EDGE_CURVE('',#1308,#1307,#865,.T.);
#1637=EDGE_CURVE('',#1309,#1308,#1084,.T.);
#1638=EDGE_CURVE('',#1310,#1309,#866,.T.);
#1639=EDGE_CURVE('',#1311,#1310,#867,.T.);
#1640=EDGE_CURVE('',#1312,#1311,#868,.T.);
#1641=EDGE_CURVE('',#1313,#1312,#1085,.T.);
#1642=EDGE_CURVE('',#1314,#1313,#869,.T.);
#1643=EDGE_CURVE('',#1315,#1314,#870,.T.);
#1644=EDGE_CURVE('',#1316,#1315,#871,.T.);
#1645=EDGE_CURVE('',#1317,#1316,#1086,.T.);
#1646=EDGE_CURVE('',#1318,#1317,#872,.T.);
#1647=EDGE_CURVE('',#1319,#1318,#873,.T.);
#1648=EDGE_CURVE('',#1320,#1319,#874,.T.);
#1649=EDGE_CURVE('',#1321,#1320,#1087,.T.);
#1650=EDGE_CURVE('',#1322,#1321,#875,.T.);
#1651=EDGE_CURVE('',#1323,#1322,#876,.T.);
#1652=EDGE_CURVE('',#1324,#1323,#877,.T.);
#1653=EDGE_CURVE('',#1325,#1324,#1088,.T.);
#1654=EDGE_CURVE('',#1253,#1325,#878,.T.);
#1655=EDGE_CURVE('',#1250,#1326,#879,.T.);
#1656=EDGE_CURVE('',#1326,#1255,#1089,.T.);
#1657=EDGE_CURVE('',#1252,#1327,#280,.T.);
#1658=EDGE_CURVE('',#1326,#1327,#90,.T.);
#1659=EDGE_CURVE('',#1328,#1328,#1090,.T.);
#1660=EDGE_CURVE('',#1328,#1329,#91,.T.);
#1661=EDGE_CURVE('',#1329,#1329,#1091,.T.);
#1662=EDGE_CURVE('',#1330,#1331,#880,.T.);
#1663=EDGE_CURVE('',#1331,#1330,#881,.T.);
#1664=EDGE_CURVE('',#1331,#1249,#92,.T.);
#1665=EDGE_CURVE('',#1332,#1245,#882,.T.);
#1666=EDGE_CURVE('',#1333,#1332,#883,.T.);
#1667=EDGE_CURVE('',#1251,#1333,#884,.T.);
#1668=EDGE_CURVE('',#1334,#1254,#93,.T.);
#1669=EDGE_CURVE('',#1244,#1334,#281,.T.);
#1670=EDGE_CURVE('',#1335,#1336,#885,.T.);
#1671=EDGE_CURVE('',#1336,#1337,#1092,.T.);
#1672=EDGE_CURVE('',#1337,#1338,#886,.T.);
#1673=EDGE_CURVE('',#1338,#1335,#1093,.T.);
#1674=EDGE_CURVE('',#1336,#1337,#94,.T.);
#1675=EDGE_CURVE('',#1335,#1339,#95,.T.);
#1676=EDGE_CURVE('',#1340,#1339,#96,.F.);
#1677=EDGE_CURVE('',#1340,#1341,#887,.T.);
#1678=EDGE_CURVE('',#1342,#1341,#97,.T.);
#1679=EDGE_CURVE('',#1342,#1338,#98,.T.);
#1680=EDGE_CURVE('',#1343,#1344,#888,.T.);
#1681=EDGE_CURVE('',#1344,#1345,#1094,.T.);
#1682=EDGE_CURVE('',#1345,#1346,#889,.T.);
#1683=EDGE_CURVE('',#1346,#1343,#1095,.T.);
#1684=EDGE_CURVE('',#1343,#1347,#99,.T.);
#1685=EDGE_CURVE('',#1348,#1347,#100,.T.);
#1686=EDGE_CURVE('',#1348,#1349,#890,.T.);
#1687=EDGE_CURVE('',#1349,#1350,#101,.F.);
#1688=EDGE_CURVE('',#1350,#1346,#102,.T.);
#1689=EDGE_CURVE('',#1344,#1345,#103,.T.);
#1690=EDGE_CURVE('',#1351,#1349,#891,.F.);
#1691=EDGE_CURVE('',#1347,#1351,#1096,.T.);
#1692=EDGE_CURVE('',#1352,#1353,#1097,.F.);
#1693=EDGE_CURVE('',#1354,#1352,#1098,.F.);
#1694=EDGE_CURVE('',#1354,#1355,#1099,.T.);
#1695=EDGE_CURVE('',#1356,#1354,#1100,.F.);
#1696=EDGE_CURVE('',#1353,#1356,#1101,.F.);
#1697=EDGE_CURVE('',#1357,#1358,#1102,.F.);
#1698=EDGE_CURVE('',#1359,#1357,#1103,.F.);
#1699=EDGE_CURVE('',#1359,#1360,#1104,.T.);
#1700=EDGE_CURVE('',#1358,#1359,#1105,.F.);
#1701=EDGE_CURVE('',#1361,#1362,#1106,.T.);
#1702=EDGE_CURVE('',#1362,#1352,#104,.T.);
#1703=EDGE_CURVE('',#1353,#1361,#105,.T.);
#1704=EDGE_CURVE('',#1361,#1363,#892,.T.);
#1705=EDGE_CURVE('',#1363,#1364,#1107,.T.);
#1706=EDGE_CURVE('',#1364,#1362,#893,.T.);
#1707=EDGE_CURVE('',#1365,#1366,#1108,.T.);
#1708=EDGE_CURVE('',#1366,#1364,#1109,.T.);
#1709=EDGE_CURVE('',#1363,#1365,#1110,.T.);
#1710=EDGE_CURVE('',#1365,#1367,#894,.T.);
#1711=EDGE_CURVE('',#1367,#1368,#1111,.T.);
#1712=EDGE_CURVE('',#1368,#1366,#895,.T.);
#1713=EDGE_CURVE('',#1357,#1368,#106,.T.);
#1714=EDGE_CURVE('',#1367,#1359,#107,.T.);
#1715=EDGE_CURVE('',#1369,#1370,#1112,.F.);
#1716=EDGE_CURVE('',#1371,#1369,#1113,.F.);
#1717=EDGE_CURVE('',#1370,#1371,#1114,.F.);
#1718=EDGE_CURVE('',#1372,#1373,#1115,.F.);
#1719=EDGE_CURVE('',#1374,#1372,#1116,.F.);
#1720=EDGE_CURVE('',#1373,#1374,#1117,.F.);
#1721=EDGE_CURVE('',#1370,#1374,#1118,.T.);
#1722=EDGE_CURVE('',#1372,#1369,#1119,.T.);
#1723=EDGE_CURVE('',#1374,#1358,#896,.T.);
#1724=EDGE_CURVE('',#1359,#1373,#897,.T.);
#1725=EDGE_CURVE('',#1290,#1375,#898,.F.);
#1726=EDGE_CURVE('',#1376,#1290,#1120,.T.);
#1727=EDGE_CURVE('',#1376,#1377,#899,.T.);
#1728=EDGE_CURVE('',#1375,#1377,#1121,.T.);
#1729=EDGE_CURVE('',#1291,#1378,#1122,.T.);
#1730=EDGE_CURVE('',#1379,#1291,#900,.F.);
#1731=EDGE_CURVE('',#1380,#1379,#1123,.T.);
#1732=EDGE_CURVE('',#1380,#1378,#901,.T.);
#1733=EDGE_CURVE('',#1375,#1379,#1124,.T.);
#1734=EDGE_CURVE('',#1379,#1372,#902,.T.);
#1735=EDGE_CURVE('',#1373,#1380,#903,.T.);
#1736=EDGE_CURVE('',#1381,#1289,#1125,.F.);
#1737=EDGE_CURVE('',#1382,#1381,#1126,.F.);
#1738=EDGE_CURVE('',#1289,#1382,#1127,.F.);
#1739=EDGE_CURVE('',#1383,#1384,#1128,.F.);
#1740=EDGE_CURVE('',#1292,#1383,#1129,.F.);
#1741=EDGE_CURVE('',#1384,#1292,#1130,.F.);
#1742=EDGE_CURVE('',#1385,#1293,#1131,.T.);
#1743=EDGE_CURVE('',#1383,#1385,#1132,.T.);
#1744=EDGE_CURVE('',#1385,#1386,#904,.T.);
#1745=EDGE_CURVE('',#1386,#1294,#1133,.T.);
#1746=EDGE_CURVE('',#1387,#1295,#1134,.T.);
#1747=EDGE_CURVE('',#1386,#1387,#905,.T.);
#1748=EDGE_CURVE('',#1387,#1388,#906,.T.);
#1749=EDGE_CURVE('',#1388,#1296,#1135,.T.);
#1750=EDGE_CURVE('',#1389,#1297,#1136,.T.);
#1751=EDGE_CURVE('',#1388,#1389,#1137,.T.);
#1752=EDGE_CURVE('',#1389,#1390,#907,.T.);
#1753=EDGE_CURVE('',#1390,#1298,#1138,.T.);
#1754=EDGE_CURVE('',#1391,#1299,#1139,.T.);
#1755=EDGE_CURVE('',#1390,#1391,#908,.T.);
#1756=EDGE_CURVE('',#1391,#1392,#909,.T.);
#1757=EDGE_CURVE('',#1392,#1300,#1140,.T.);
#1758=EDGE_CURVE('',#1393,#1301,#1141,.T.);
#1759=EDGE_CURVE('',#1392,#1393,#1142,.T.);
#1760=EDGE_CURVE('',#1393,#1394,#910,.T.);
#1761=EDGE_CURVE('',#1394,#1302,#1143,.T.);
#1762=EDGE_CURVE('',#1395,#1303,#1144,.T.);
#1763=EDGE_CURVE('',#1394,#1395,#911,.T.);
#1764=EDGE_CURVE('',#1395,#1396,#912,.T.);
#1765=EDGE_CURVE('',#1396,#1304,#1145,.T.);
#1766=EDGE_CURVE('',#1397,#1305,#1146,.T.);
#1767=EDGE_CURVE('',#1396,#1397,#1147,.T.);
#1768=EDGE_CURVE('',#1397,#1398,#913,.T.);
#1769=EDGE_CURVE('',#1398,#1306,#1148,.T.);
#1770=EDGE_CURVE('',#1399,#1307,#1149,.T.);
#1771=EDGE_CURVE('',#1398,#1399,#914,.T.);
#1772=EDGE_CURVE('',#1399,#1400,#915,.T.);
#1773=EDGE_CURVE('',#1400,#1308,#1150,.T.);
#1774=EDGE_CURVE('',#1401,#1309,#1151,.T.);
#1775=EDGE_CURVE('',#1400,#1401,#1152,.T.);
#1776=EDGE_CURVE('',#1401,#1402,#916,.T.);
#1777=EDGE_CURVE('',#1402,#1310,#1153,.T.);
#1778=EDGE_CURVE('',#1403,#1311,#1154,.T.);
#1779=EDGE_CURVE('',#1402,#1403,#917,.T.);
#1780=EDGE_CURVE('',#1403,#1404,#918,.T.);
#1781=EDGE_CURVE('',#1404,#1312,#1155,.T.);
#1782=EDGE_CURVE('',#1405,#1313,#1156,.T.);
#1783=EDGE_CURVE('',#1404,#1405,#1157,.T.);
#1784=EDGE_CURVE('',#1405,#1406,#919,.T.);
#1785=EDGE_CURVE('',#1406,#1314,#1158,.T.);
#1786=EDGE_CURVE('',#1407,#1315,#1159,.T.);
#1787=EDGE_CURVE('',#1406,#1407,#920,.T.);
#1788=EDGE_CURVE('',#1407,#1408,#921,.T.);
#1789=EDGE_CURVE('',#1408,#1316,#1160,.T.);
#1790=EDGE_CURVE('',#1409,#1317,#1161,.T.);
#1791=EDGE_CURVE('',#1408,#1409,#1162,.T.);
#1792=EDGE_CURVE('',#1409,#1410,#922,.T.);
#1793=EDGE_CURVE('',#1410,#1318,#1163,.T.);
#1794=EDGE_CURVE('',#1411,#1319,#1164,.T.);
#1795=EDGE_CURVE('',#1410,#1411,#923,.T.);
#1796=EDGE_CURVE('',#1411,#1412,#924,.T.);
#1797=EDGE_CURVE('',#1412,#1320,#1165,.T.);
#1798=EDGE_CURVE('',#1413,#1321,#1166,.T.);
#1799=EDGE_CURVE('',#1412,#1413,#1167,.T.);
#1800=EDGE_CURVE('',#1413,#1414,#925,.T.);
#1801=EDGE_CURVE('',#1414,#1322,#1168,.T.);
#1802=EDGE_CURVE('',#1415,#1323,#1169,.T.);
#1803=EDGE_CURVE('',#1414,#1415,#926,.T.);
#1804=EDGE_CURVE('',#1415,#1416,#927,.T.);
#1805=EDGE_CURVE('',#1416,#1324,#1170,.T.);
#1806=EDGE_CURVE('',#1417,#1325,#1171,.T.);
#1807=EDGE_CURVE('',#1416,#1417,#1172,.T.);
#1808=EDGE_CURVE('',#1417,#1254,#928,.T.);
#1809=EDGE_CURVE('',#1326,#1418,#929,.T.);
#1810=EDGE_CURVE('',#1418,#1256,#1173,.T.);
#1811=EDGE_CURVE('',#1419,#1257,#1174,.T.);
#1812=EDGE_CURVE('',#1418,#1419,#1175,.T.);
#1813=EDGE_CURVE('',#1419,#1420,#930,.T.);
#1814=EDGE_CURVE('',#1420,#1258,#1176,.T.);
#1815=EDGE_CURVE('',#1421,#1259,#1177,.T.);
#1816=EDGE_CURVE('',#1420,#1421,#931,.T.);
#1817=EDGE_CURVE('',#1421,#1422,#932,.T.);
#1818=EDGE_CURVE('',#1422,#1260,#1178,.T.);
#1819=EDGE_CURVE('',#1423,#1261,#1179,.T.);
#1820=EDGE_CURVE('',#1422,#1423,#1180,.T.);
#1821=EDGE_CURVE('',#1423,#1424,#933,.T.);
#1822=EDGE_CURVE('',#1424,#1262,#1181,.T.);
#1823=EDGE_CURVE('',#1425,#1263,#1182,.T.);
#1824=EDGE_CURVE('',#1424,#1425,#934,.T.);
#1825=EDGE_CURVE('',#1425,#1426,#935,.T.);
#1826=EDGE_CURVE('',#1426,#1264,#1183,.T.);
#1827=EDGE_CURVE('',#1427,#1265,#1184,.T.);
#1828=EDGE_CURVE('',#1426,#1427,#1185,.T.);
#1829=EDGE_CURVE('',#1427,#1428,#936,.T.);
#1830=EDGE_CURVE('',#1428,#1266,#1186,.T.);
#1831=EDGE_CURVE('',#1429,#1267,#1187,.T.);
#1832=EDGE_CURVE('',#1428,#1429,#937,.T.);
#1833=EDGE_CURVE('',#1429,#1430,#938,.T.);
#1834=EDGE_CURVE('',#1430,#1268,#1188,.T.);
#1835=EDGE_CURVE('',#1431,#1269,#1189,.T.);
#1836=EDGE_CURVE('',#1430,#1431,#1190,.T.);
#1837=EDGE_CURVE('',#1431,#1432,#939,.T.);
#1838=EDGE_CURVE('',#1432,#1270,#1191,.T.);
#1839=EDGE_CURVE('',#1433,#1271,#1192,.T.);
#1840=EDGE_CURVE('',#1432,#1433,#940,.T.);
#1841=EDGE_CURVE('',#1433,#1434,#941,.T.);
#1842=EDGE_CURVE('',#1434,#1272,#1193,.T.);
#1843=EDGE_CURVE('',#1435,#1273,#1194,.T.);
#1844=EDGE_CURVE('',#1434,#1435,#1195,.T.);
#1845=EDGE_CURVE('',#1435,#1436,#942,.T.);
#1846=EDGE_CURVE('',#1436,#1274,#1196,.T.);
#1847=EDGE_CURVE('',#1437,#1275,#1197,.T.);
#1848=EDGE_CURVE('',#1436,#1437,#943,.T.);
#1849=EDGE_CURVE('',#1437,#1438,#944,.T.);
#1850=EDGE_CURVE('',#1438,#1276,#1198,.T.);
#1851=EDGE_CURVE('',#1439,#1277,#1199,.T.);
#1852=EDGE_CURVE('',#1438,#1439,#1200,.T.);
#1853=EDGE_CURVE('',#1439,#1440,#945,.T.);
#1854=EDGE_CURVE('',#1440,#1278,#1201,.T.);
#1855=EDGE_CURVE('',#1441,#1279,#1202,.T.);
#1856=EDGE_CURVE('',#1440,#1441,#946,.T.);
#1857=EDGE_CURVE('',#1441,#1442,#947,.T.);
#1858=EDGE_CURVE('',#1442,#1280,#1203,.T.);
#1859=EDGE_CURVE('',#1443,#1281,#1204,.T.);
#1860=EDGE_CURVE('',#1442,#1443,#1205,.T.);
#1861=EDGE_CURVE('',#1443,#1444,#948,.T.);
#1862=EDGE_CURVE('',#1444,#1282,#1206,.T.);
#1863=EDGE_CURVE('',#1445,#1283,#1207,.T.);
#1864=EDGE_CURVE('',#1444,#1445,#949,.T.);
#1865=EDGE_CURVE('',#1445,#1446,#950,.T.);
#1866=EDGE_CURVE('',#1446,#1284,#1208,.T.);
#1867=EDGE_CURVE('',#1447,#1285,#1209,.T.);
#1868=EDGE_CURVE('',#1446,#1447,#1210,.T.);
#1869=EDGE_CURVE('',#1447,#1448,#951,.T.);
#1870=EDGE_CURVE('',#1448,#1286,#1211,.T.);
#1871=EDGE_CURVE('',#1449,#1287,#1212,.T.);
#1872=EDGE_CURVE('',#1448,#1449,#952,.T.);
#1873=EDGE_CURVE('',#1449,#1450,#953,.T.);
#1874=EDGE_CURVE('',#1450,#1288,#1213,.T.);
#1875=EDGE_CURVE('',#1450,#1381,#1214,.T.);
#1876=EDGE_CURVE('',#1378,#1384,#954,.T.);
#1877=EDGE_CURVE('',#1451,#1452,#1215,.T.);
#1878=EDGE_CURVE('',#1452,#1383,#108,.T.);
#1879=EDGE_CURVE('',#1384,#1451,#109,.T.);
#1880=EDGE_CURVE('',#1453,#1340,#955,.T.);
#1881=EDGE_CURVE('',#1453,#1452,#956,.T.);
#1882=EDGE_CURVE('',#1451,#1454,#957,.T.);
#1883=EDGE_CURVE('',#1454,#1455,#1216,.T.);
#1884=EDGE_CURVE('',#1455,#1341,#958,.T.);
#1885=EDGE_CURVE('',#1456,#1457,#1217,.T.);
#1886=EDGE_CURVE('',#1457,#1455,#1218,.T.);
#1887=EDGE_CURVE('',#1454,#1456,#1219,.T.);
#1888=EDGE_CURVE('',#1348,#1457,#959,.T.);
#1889=EDGE_CURVE('',#1456,#1458,#960,.T.);
#1890=EDGE_CURVE('',#1458,#1459,#1220,.T.);
#1891=EDGE_CURVE('',#1459,#1351,#961,.T.);
#1892=EDGE_CURVE('',#1381,#1459,#110,.T.);
#1893=EDGE_CURVE('',#1458,#1382,#111,.T.);
#1894=EDGE_CURVE('',#1382,#1376,#962,.T.);
#1895=EDGE_CURVE('',#1369,#1375,#963,.T.);
#1896=EDGE_CURVE('',#1377,#1371,#964,.T.);
#1897=EDGE_CURVE('',#1356,#1370,#965,.T.);
#1898=EDGE_CURVE('',#1371,#1353,#966,.T.);
#1899=EDGE_CURVE('',#1358,#1356,#1221,.T.);
#1900=EDGE_CURVE('',#1352,#1357,#1222,.T.);
#1901=EDGE_CURVE('',#1361,#1458,#967,.T.);
#1902=EDGE_CURVE('',#1417,#1460,#112,.T.);
#1903=EDGE_CURVE('',#1460,#1334,#968,.F.);
#1904=EDGE_CURVE('',#1415,#1461,#113,.T.);
#1905=EDGE_CURVE('',#1461,#1462,#969,.F.);
#1906=EDGE_CURVE('',#1462,#1416,#114,.T.);
#1907=EDGE_CURVE('',#1463,#1414,#970,.T.);
#1908=EDGE_CURVE('',#1463,#1461,#282,.T.);
#1909=EDGE_CURVE('',#1413,#1464,#971,.T.);
#1910=EDGE_CURVE('',#1464,#1465,#972,.T.);
#1911=EDGE_CURVE('',#1463,#1465,#973,.T.);
#1912=EDGE_CURVE('',#1464,#1412,#974,.T.);
#1913=EDGE_CURVE('',#1411,#1466,#975,.T.);
#1914=EDGE_CURVE('',#1465,#1466,#976,.T.);
#1915=EDGE_CURVE('',#1467,#1410,#115,.T.);
#1916=EDGE_CURVE('',#1466,#1467,#283,.T.);
#1917=EDGE_CURVE('',#1409,#1468,#116,.T.);
#1918=EDGE_CURVE('',#1468,#1467,#977,.F.);
#1919=EDGE_CURVE('',#1407,#1469,#117,.T.);
#1920=EDGE_CURVE('',#1469,#1470,#978,.F.);
#1921=EDGE_CURVE('',#1470,#1408,#118,.T.);
#1922=EDGE_CURVE('',#1471,#1406,#979,.T.);
#1923=EDGE_CURVE('',#1471,#1469,#284,.T.);
#1924=EDGE_CURVE('',#1405,#1472,#980,.T.);
#1925=EDGE_CURVE('',#1472,#1473,#981,.T.);
#1926=EDGE_CURVE('',#1471,#1473,#982,.T.);
#1927=EDGE_CURVE('',#1472,#1404,#983,.T.);
#1928=EDGE_CURVE('',#1403,#1474,#984,.T.);
#1929=EDGE_CURVE('',#1473,#1474,#985,.T.);
#1930=EDGE_CURVE('',#1475,#1402,#119,.T.);
#1931=EDGE_CURVE('',#1474,#1475,#285,.T.);
#1932=EDGE_CURVE('',#1401,#1476,#120,.T.);
#1933=EDGE_CURVE('',#1476,#1475,#986,.F.);
#1934=EDGE_CURVE('',#1399,#1477,#121,.T.);
#1935=EDGE_CURVE('',#1477,#1478,#987,.F.);
#1936=EDGE_CURVE('',#1478,#1400,#122,.T.);
#1937=EDGE_CURVE('',#1479,#1398,#988,.T.);
#1938=EDGE_CURVE('',#1479,#1477,#286,.T.);
#1939=EDGE_CURVE('',#1397,#1480,#989,.T.);
#1940=EDGE_CURVE('',#1480,#1481,#990,.T.);
#1941=EDGE_CURVE('',#1479,#1481,#991,.T.);
#1942=EDGE_CURVE('',#1480,#1396,#992,.T.);
#1943=EDGE_CURVE('',#1395,#1482,#993,.T.);
#1944=EDGE_CURVE('',#1481,#1482,#994,.T.);
#1945=EDGE_CURVE('',#1483,#1394,#123,.T.);
#1946=EDGE_CURVE('',#1482,#1483,#287,.T.);
#1947=EDGE_CURVE('',#1393,#1484,#124,.T.);
#1948=EDGE_CURVE('',#1484,#1483,#995,.F.);
#1949=EDGE_CURVE('',#1391,#1485,#125,.T.);
#1950=EDGE_CURVE('',#1485,#1486,#996,.F.);
#1951=EDGE_CURVE('',#1486,#1392,#126,.T.);
#1952=EDGE_CURVE('',#1487,#1390,#997,.T.);
#1953=EDGE_CURVE('',#1487,#1485,#288,.T.);
#1954=EDGE_CURVE('',#1389,#1488,#998,.T.);
#1955=EDGE_CURVE('',#1488,#1489,#999,.T.);
#1956=EDGE_CURVE('',#1487,#1489,#1000,.T.);
#1957=EDGE_CURVE('',#1488,#1388,#1001,.T.);
#1958=EDGE_CURVE('',#1387,#1490,#1002,.T.);
#1959=EDGE_CURVE('',#1489,#1490,#1003,.T.);
#1960=EDGE_CURVE('',#1491,#1386,#127,.T.);
#1961=EDGE_CURVE('',#1490,#1491,#289,.T.);
#1962=EDGE_CURVE('',#1385,#1492,#128,.T.);
#1963=EDGE_CURVE('',#1492,#1491,#1004,.F.);
#1964=EDGE_CURVE('',#1427,#1493,#129,.T.);
#1965=EDGE_CURVE('',#1493,#1494,#1005,.F.);
#1966=EDGE_CURVE('',#1494,#1428,#130,.T.);
#1967=EDGE_CURVE('',#1495,#1418,#131,.T.);
#1968=EDGE_CURVE('',#1495,#1460,#1223,.T.);
#1969=EDGE_CURVE('',#1462,#1468,#1224,.T.);
#1970=EDGE_CURVE('',#1470,#1476,#1225,.T.);
#1971=EDGE_CURVE('',#1478,#1484,#1226,.T.);
#1972=EDGE_CURVE('',#1486,#1492,#1227,.T.);
#1973=EDGE_CURVE('',#1453,#1342,#1228,.T.);
#1974=EDGE_CURVE('',#1496,#1450,#132,.T.);
#1975=EDGE_CURVE('',#1496,#1497,#1229,.T.);
#1976=EDGE_CURVE('',#1443,#1497,#133,.T.);
#1977=EDGE_CURVE('',#1498,#1442,#134,.T.);
#1978=EDGE_CURVE('',#1498,#1499,#1230,.T.);
#1979=EDGE_CURVE('',#1435,#1499,#135,.T.);
#1980=EDGE_CURVE('',#1500,#1434,#136,.T.);
#1981=EDGE_CURVE('',#1500,#1493,#1231,.T.);
#1982=EDGE_CURVE('',#1501,#1426,#137,.T.);
#1983=EDGE_CURVE('',#1501,#1502,#1232,.T.);
#1984=EDGE_CURVE('',#1419,#1502,#138,.T.);
#1985=EDGE_CURVE('',#1503,#1504,#139,.T.);
#1986=EDGE_CURVE('',#1504,#1505,#140,.T.);
#1987=EDGE_CURVE('',#1505,#1506,#141,.T.);
#1988=EDGE_CURVE('',#1506,#1503,#142,.T.);
#1989=EDGE_CURVE('',#1441,#1507,#143,.T.);
#1990=EDGE_CURVE('',#1507,#1498,#1006,.F.);
#1991=EDGE_CURVE('',#1508,#1440,#1007,.T.);
#1992=EDGE_CURVE('',#1508,#1507,#290,.T.);
#1993=EDGE_CURVE('',#1499,#1509,#1008,.F.);
#1994=EDGE_CURVE('',#1509,#1436,#144,.T.);
#1995=EDGE_CURVE('',#1510,#1509,#291,.T.);
#1996=EDGE_CURVE('',#1437,#1510,#1009,.T.);
#1997=EDGE_CURVE('',#1449,#1511,#145,.T.);
#1998=EDGE_CURVE('',#1511,#1496,#1010,.F.);
#1999=EDGE_CURVE('',#1512,#1448,#1011,.T.);
#2000=EDGE_CURVE('',#1512,#1511,#292,.T.);
#2001=EDGE_CURVE('',#1433,#1513,#146,.T.);
#2002=EDGE_CURVE('',#1513,#1500,#1012,.F.);
#2003=EDGE_CURVE('',#1502,#1514,#1013,.F.);
#2004=EDGE_CURVE('',#1514,#1420,#147,.T.);
#2005=EDGE_CURVE('',#1425,#1515,#148,.T.);
#2006=EDGE_CURVE('',#1515,#1501,#1014,.F.);
#2007=EDGE_CURVE('',#1497,#1516,#1015,.F.);
#2008=EDGE_CURVE('',#1516,#1444,#149,.T.);
#2009=EDGE_CURVE('',#1517,#1516,#293,.T.);
#2010=EDGE_CURVE('',#1445,#1517,#1016,.T.);
#2011=EDGE_CURVE('',#1327,#1495,#1017,.F.);
#2012=EDGE_CURVE('',#1518,#1494,#294,.T.);
#2013=EDGE_CURVE('',#1429,#1518,#1018,.T.);
#2014=EDGE_CURVE('',#1519,#1432,#1019,.T.);
#2015=EDGE_CURVE('',#1519,#1513,#295,.T.);
#2016=EDGE_CURVE('',#1520,#1517,#1020,.T.);
#2017=EDGE_CURVE('',#1521,#1520,#1021,.T.);
#2018=EDGE_CURVE('',#1521,#1446,#1022,.T.);
#2019=EDGE_CURVE('',#1447,#1521,#1023,.T.);
#2020=EDGE_CURVE('',#1512,#1520,#1024,.T.);
#2021=EDGE_CURVE('',#1522,#1510,#1025,.T.);
#2022=EDGE_CURVE('',#1523,#1522,#1026,.T.);
#2023=EDGE_CURVE('',#1523,#1438,#1027,.T.);
#2024=EDGE_CURVE('',#1439,#1523,#1028,.T.);
#2025=EDGE_CURVE('',#1508,#1522,#1029,.T.);
#2026=EDGE_CURVE('',#1524,#1518,#1030,.T.);
#2027=EDGE_CURVE('',#1525,#1524,#1031,.T.);
#2028=EDGE_CURVE('',#1525,#1430,#1032,.T.);
#2029=EDGE_CURVE('',#1431,#1525,#1033,.T.);
#2030=EDGE_CURVE('',#1519,#1524,#1034,.T.);
#2031=EDGE_CURVE('',#1421,#1526,#1035,.T.);
#2032=EDGE_CURVE('',#1527,#1526,#1036,.T.);
#2033=EDGE_CURVE('',#1528,#1527,#1037,.T.);
#2034=EDGE_CURVE('',#1528,#1422,#1038,.T.);
#2035=EDGE_CURVE('',#1423,#1528,#1039,.T.);
#2036=EDGE_CURVE('',#1529,#1527,#1040,.T.);
#2037=EDGE_CURVE('',#1529,#1424,#1041,.T.);
#2038=EDGE_CURVE('',#1526,#1514,#296,.T.);
#2039=EDGE_CURVE('',#1529,#1515,#297,.T.);
#2040=EDGE_CURVE('',#1530,#1531,#150,.T.);
#2041=EDGE_CURVE('',#1531,#1503,#1051,.T.);
#2042=EDGE_CURVE('',#1530,#1506,#1052,.T.);
#2043=EDGE_CURVE('',#1531,#1532,#151,.T.);
#2044=EDGE_CURVE('',#1532,#1504,#1053,.T.);
#2045=EDGE_CURVE('',#1532,#1533,#152,.T.);
#2046=EDGE_CURVE('',#1533,#1505,#1054,.T.);
#2047=EDGE_CURVE('',#1533,#1530,#153,.T.);
#2048=EDGE_CURVE('',#1456,#1363,#1042,.T.);
#2049=EDGE_CURVE('',#1365,#1454,#1043,.T.);
#2050=EDGE_CURVE('',#1451,#1367,#1044,.T.);
#2051=EDGE_CURVE('',#1534,#1535,#154,.T.);
#2052=EDGE_CURVE('',#1536,#1534,#155,.T.);
#2053=EDGE_CURVE('',#1537,#1536,#156,.T.);
#2054=EDGE_CURVE('',#1535,#1537,#157,.T.);
#2055=EDGE_CURVE('',#1538,#1539,#158,.T.);
#2056=EDGE_CURVE('',#1540,#1538,#159,.T.);
#2057=EDGE_CURVE('',#1541,#1540,#160,.T.);
#2058=EDGE_CURVE('',#1539,#1541,#161,.T.);
#2059=EDGE_CURVE('',#1542,#1540,#1055,.T.);
#2060=EDGE_CURVE('',#1542,#1543,#162,.T.);
#2061=EDGE_CURVE('',#1543,#1541,#1056,.T.);
#2062=EDGE_CURVE('',#1544,#1538,#1057,.T.);
#2063=EDGE_CURVE('',#1544,#1542,#163,.T.);
#2064=EDGE_CURVE('',#1545,#1539,#1058,.T.);
#2065=EDGE_CURVE('',#1545,#1544,#164,.T.);
#2066=EDGE_CURVE('',#1543,#1545,#165,.T.);
#2067=EDGE_CURVE('',#1546,#1547,#166,.T.);
#2068=EDGE_CURVE('',#1546,#1534,#1059,.T.);
#2069=EDGE_CURVE('',#1547,#1535,#1060,.T.);
#2070=EDGE_CURVE('',#1548,#1537,#1061,.T.);
#2071=EDGE_CURVE('',#1547,#1548,#167,.T.);
#2072=EDGE_CURVE('',#1549,#1536,#1062,.T.);
#2073=EDGE_CURVE('',#1548,#1549,#168,.T.);
#2074=EDGE_CURVE('',#1549,#1546,#169,.T.);
#2075=EDGE_CURVE('',#1547,#1544,#170,.T.);
#2076=EDGE_CURVE('',#1546,#1545,#171,.T.);
#2077=EDGE_CURVE('',#1548,#1542,#172,.T.);
#2078=EDGE_CURVE('',#1549,#1543,#173,.T.);
#2079=EDGE_CURVE('',#1550,#1551,#1045,.T.);
#2080=EDGE_CURVE('',#1551,#1550,#1046,.T.);
#2081=EDGE_CURVE('',#1552,#1553,#174,.T.);
#2082=EDGE_CURVE('',#1554,#1552,#175,.T.);
#2083=EDGE_CURVE('',#1554,#1555,#176,.T.);
#2084=EDGE_CURVE('',#1553,#1555,#177,.T.);
#2085=EDGE_CURVE('',#1556,#1557,#178,.T.);
#2086=EDGE_CURVE('',#1558,#1556,#179,.T.);
#2087=EDGE_CURVE('',#1558,#1559,#180,.T.);
#2088=EDGE_CURVE('',#1557,#1559,#181,.T.);
#2089=EDGE_CURVE('',#1555,#1558,#1233,.T.);
#2090=EDGE_CURVE('',#1559,#1554,#1234,.T.);
#2091=EDGE_CURVE('',#1557,#1560,#1235,.T.);
#2092=EDGE_CURVE('',#1560,#1556,#1236,.T.);
#2093=EDGE_CURVE('',#1553,#1552,#1237,.T.);
#2094=EDGE_CURVE('',#1560,#1551,#182,.T.);
#2095=EDGE_CURVE('',#1561,#1561,#1238,.T.);
#2096=EDGE_CURVE('',#1561,#1562,#183,.T.);
#2097=EDGE_CURVE('',#1562,#1562,#1239,.T.);
#2098=EDGE_CURVE('',#1563,#1563,#1240,.T.);
#2099=EDGE_CURVE('',#1563,#1564,#184,.T.);
#2100=EDGE_CURVE('',#1564,#1564,#1241,.T.);
#2101=ORIENTED_EDGE('',*,*,#1565,.T.);
#2102=ORIENTED_EDGE('',*,*,#1566,.T.);
#2103=ORIENTED_EDGE('',*,*,#1567,.T.);
#2104=ORIENTED_EDGE('',*,*,#1568,.T.);
#2105=ORIENTED_EDGE('',*,*,#1569,.T.);
#2106=ORIENTED_EDGE('',*,*,#1570,.T.);
#2107=ORIENTED_EDGE('',*,*,#1571,.T.);
#2108=ORIENTED_EDGE('',*,*,#1572,.T.);
#2109=ORIENTED_EDGE('',*,*,#1573,.T.);
#2110=ORIENTED_EDGE('',*,*,#1571,.F.);
#2111=ORIENTED_EDGE('',*,*,#1574,.T.);
#2112=ORIENTED_EDGE('',*,*,#1565,.F.);
#2113=ORIENTED_EDGE('',*,*,#1575,.T.);
#2114=ORIENTED_EDGE('',*,*,#1576,.T.);
#2115=ORIENTED_EDGE('',*,*,#1577,.T.);
#2116=ORIENTED_EDGE('',*,*,#1578,.T.);
#2117=ORIENTED_EDGE('',*,*,#1575,.F.);
#2118=ORIENTED_EDGE('',*,*,#1579,.T.);
#2119=ORIENTED_EDGE('',*,*,#1569,.F.);
#2120=ORIENTED_EDGE('',*,*,#1574,.F.);
#2121=ORIENTED_EDGE('',*,*,#1580,.T.);
#2122=ORIENTED_EDGE('',*,*,#1581,.F.);
#2123=ORIENTED_EDGE('',*,*,#1582,.T.);
#2124=ORIENTED_EDGE('',*,*,#1570,.F.);
#2125=ORIENTED_EDGE('',*,*,#1583,.F.);
#2126=ORIENTED_EDGE('',*,*,#1584,.F.);
#2127=ORIENTED_EDGE('',*,*,#1585,.F.);
#2128=ORIENTED_EDGE('',*,*,#1586,.F.);
#2129=ORIENTED_EDGE('',*,*,#1587,.F.);
#2130=ORIENTED_EDGE('',*,*,#1588,.F.);
#2131=ORIENTED_EDGE('',*,*,#1589,.F.);
#2132=ORIENTED_EDGE('',*,*,#1590,.F.);
#2133=ORIENTED_EDGE('',*,*,#1591,.F.);
#2134=ORIENTED_EDGE('',*,*,#1592,.F.);
#2135=ORIENTED_EDGE('',*,*,#1593,.F.);
#2136=ORIENTED_EDGE('',*,*,#1594,.F.);
#2137=ORIENTED_EDGE('',*,*,#1595,.F.);
#2138=ORIENTED_EDGE('',*,*,#1596,.F.);
#2139=ORIENTED_EDGE('',*,*,#1597,.F.);
#2140=ORIENTED_EDGE('',*,*,#1598,.F.);
#2141=ORIENTED_EDGE('',*,*,#1599,.F.);
#2142=ORIENTED_EDGE('',*,*,#1600,.F.);
#2143=ORIENTED_EDGE('',*,*,#1601,.F.);
#2144=ORIENTED_EDGE('',*,*,#1602,.F.);
#2145=ORIENTED_EDGE('',*,*,#1603,.F.);
#2146=ORIENTED_EDGE('',*,*,#1604,.F.);
#2147=ORIENTED_EDGE('',*,*,#1605,.F.);
#2148=ORIENTED_EDGE('',*,*,#1606,.F.);
#2149=ORIENTED_EDGE('',*,*,#1607,.F.);
#2150=ORIENTED_EDGE('',*,*,#1608,.F.);
#2151=ORIENTED_EDGE('',*,*,#1609,.F.);
#2152=ORIENTED_EDGE('',*,*,#1610,.F.);
#2153=ORIENTED_EDGE('',*,*,#1611,.F.);
#2154=ORIENTED_EDGE('',*,*,#1612,.F.);
#2155=ORIENTED_EDGE('',*,*,#1613,.F.);
#2156=ORIENTED_EDGE('',*,*,#1614,.F.);
#2157=ORIENTED_EDGE('',*,*,#1615,.F.);
#2158=ORIENTED_EDGE('',*,*,#1616,.F.);
#2159=ORIENTED_EDGE('',*,*,#1617,.F.);
#2160=ORIENTED_EDGE('',*,*,#1618,.F.);
#2161=ORIENTED_EDGE('',*,*,#1619,.F.);
#2162=ORIENTED_EDGE('',*,*,#1620,.F.);
#2163=ORIENTED_EDGE('',*,*,#1621,.F.);
#2164=ORIENTED_EDGE('',*,*,#1622,.F.);
#2165=ORIENTED_EDGE('',*,*,#1623,.F.);
#2166=ORIENTED_EDGE('',*,*,#1624,.F.);
#2167=ORIENTED_EDGE('',*,*,#1625,.F.);
#2168=ORIENTED_EDGE('',*,*,#1626,.F.);
#2169=ORIENTED_EDGE('',*,*,#1627,.F.);
#2170=ORIENTED_EDGE('',*,*,#1628,.F.);
#2171=ORIENTED_EDGE('',*,*,#1629,.F.);
#2172=ORIENTED_EDGE('',*,*,#1630,.F.);
#2173=ORIENTED_EDGE('',*,*,#1631,.F.);
#2174=ORIENTED_EDGE('',*,*,#1632,.F.);
#2175=ORIENTED_EDGE('',*,*,#1633,.F.);
#2176=ORIENTED_EDGE('',*,*,#1634,.F.);
#2177=ORIENTED_EDGE('',*,*,#1635,.F.);
#2178=ORIENTED_EDGE('',*,*,#1636,.F.);
#2179=ORIENTED_EDGE('',*,*,#1637,.F.);
#2180=ORIENTED_EDGE('',*,*,#1638,.F.);
#2181=ORIENTED_EDGE('',*,*,#1639,.F.);
#2182=ORIENTED_EDGE('',*,*,#1640,.F.);
#2183=ORIENTED_EDGE('',*,*,#1641,.F.);
#2184=ORIENTED_EDGE('',*,*,#1642,.F.);
#2185=ORIENTED_EDGE('',*,*,#1643,.F.);
#2186=ORIENTED_EDGE('',*,*,#1644,.F.);
#2187=ORIENTED_EDGE('',*,*,#1645,.F.);
#2188=ORIENTED_EDGE('',*,*,#1646,.F.);
#2189=ORIENTED_EDGE('',*,*,#1647,.F.);
#2190=ORIENTED_EDGE('',*,*,#1648,.F.);
#2191=ORIENTED_EDGE('',*,*,#1649,.F.);
#2192=ORIENTED_EDGE('',*,*,#1650,.F.);
#2193=ORIENTED_EDGE('',*,*,#1651,.F.);
#2194=ORIENTED_EDGE('',*,*,#1652,.F.);
#2195=ORIENTED_EDGE('',*,*,#1653,.F.);
#2196=ORIENTED_EDGE('',*,*,#1654,.F.);
#2197=ORIENTED_EDGE('',*,*,#1580,.F.);
#2198=ORIENTED_EDGE('',*,*,#1579,.F.);
#2199=ORIENTED_EDGE('',*,*,#1655,.T.);
#2200=ORIENTED_EDGE('',*,*,#1656,.T.);
#2201=ORIENTED_EDGE('',*,*,#1583,.T.);
#2202=ORIENTED_EDGE('',*,*,#1578,.F.);
#2203=ORIENTED_EDGE('',*,*,#1657,.T.);
#2204=ORIENTED_EDGE('',*,*,#1658,.F.);
#2205=ORIENTED_EDGE('',*,*,#1655,.F.);
#2206=ORIENTED_EDGE('',*,*,#1659,.F.);
#2207=ORIENTED_EDGE('',*,*,#1660,.T.);
#2208=ORIENTED_EDGE('',*,*,#1661,.F.);
#2209=ORIENTED_EDGE('',*,*,#1660,.F.);
#2210=ORIENTED_EDGE('',*,*,#1662,.F.);
#2211=ORIENTED_EDGE('',*,*,#1663,.F.);
#2212=ORIENTED_EDGE('',*,*,#1661,.T.);
#2213=ORIENTED_EDGE('',*,*,#1662,.T.);
#2214=ORIENTED_EDGE('',*,*,#1664,.T.);
#2215=ORIENTED_EDGE('',*,*,#1572,.F.);
#2216=ORIENTED_EDGE('',*,*,#1568,.F.);
#2217=ORIENTED_EDGE('',*,*,#1665,.F.);
#2218=ORIENTED_EDGE('',*,*,#1666,.F.);
#2219=ORIENTED_EDGE('',*,*,#1667,.F.);
#2220=ORIENTED_EDGE('',*,*,#1576,.F.);
#2221=ORIENTED_EDGE('',*,*,#1573,.F.);
#2222=ORIENTED_EDGE('',*,*,#1664,.F.);
#2223=ORIENTED_EDGE('',*,*,#1663,.T.);
#2224=ORIENTED_EDGE('',*,*,#1566,.F.);
#2225=ORIENTED_EDGE('',*,*,#1582,.F.);
#2226=ORIENTED_EDGE('',*,*,#1668,.F.);
#2227=ORIENTED_EDGE('',*,*,#1669,.F.);
#2228=ORIENTED_EDGE('',*,*,#1670,.T.);
#2229=ORIENTED_EDGE('',*,*,#1671,.T.);
#2230=ORIENTED_EDGE('',*,*,#1672,.T.);
#2231=ORIENTED_EDGE('',*,*,#1673,.T.);
#2232=ORIENTED_EDGE('',*,*,#1672,.F.);
#2233=ORIENTED_EDGE('',*,*,#1674,.F.);
#2234=ORIENTED_EDGE('',*,*,#1670,.F.);
#2235=ORIENTED_EDGE('',*,*,#1675,.T.);
#2236=ORIENTED_EDGE('',*,*,#1676,.F.);
#2237=ORIENTED_EDGE('',*,*,#1677,.T.);
#2238=ORIENTED_EDGE('',*,*,#1678,.F.);
#2239=ORIENTED_EDGE('',*,*,#1679,.T.);
#2240=ORIENTED_EDGE('',*,*,#1671,.F.);
#2241=ORIENTED_EDGE('',*,*,#1674,.T.);
#2242=ORIENTED_EDGE('',*,*,#1680,.T.);
#2243=ORIENTED_EDGE('',*,*,#1681,.T.);
#2244=ORIENTED_EDGE('',*,*,#1682,.T.);
#2245=ORIENTED_EDGE('',*,*,#1683,.T.);
#2246=ORIENTED_EDGE('',*,*,#1680,.F.);
#2247=ORIENTED_EDGE('',*,*,#1684,.T.);
#2248=ORIENTED_EDGE('',*,*,#1685,.F.);
#2249=ORIENTED_EDGE('',*,*,#1686,.T.);
#2250=ORIENTED_EDGE('',*,*,#1687,.T.);
#2251=ORIENTED_EDGE('',*,*,#1688,.T.);
#2252=ORIENTED_EDGE('',*,*,#1682,.F.);
#2253=ORIENTED_EDGE('',*,*,#1689,.F.);
#2254=ORIENTED_EDGE('',*,*,#1683,.F.);
#2255=ORIENTED_EDGE('',*,*,#1688,.F.);
#2256=ORIENTED_EDGE('',*,*,#1687,.F.);
#2257=ORIENTED_EDGE('',*,*,#1690,.F.);
#2258=ORIENTED_EDGE('',*,*,#1691,.F.);
#2259=ORIENTED_EDGE('',*,*,#1684,.F.);
#2260=ORIENTED_EDGE('',*,*,#1692,.F.);
#2261=ORIENTED_EDGE('',*,*,#1693,.F.);
#2262=ORIENTED_EDGE('',*,*,#1694,.T.);
#2263=ORIENTED_EDGE('',*,*,#1694,.F.);
#2264=ORIENTED_EDGE('',*,*,#1695,.F.);
#2265=ORIENTED_EDGE('',*,*,#1696,.F.);
#2266=ORIENTED_EDGE('',*,*,#1697,.F.);
#2267=ORIENTED_EDGE('',*,*,#1698,.F.);
#2268=ORIENTED_EDGE('',*,*,#1699,.T.);
#2269=ORIENTED_EDGE('',*,*,#1699,.F.);
#2270=ORIENTED_EDGE('',*,*,#1700,.F.);
#2271=ORIENTED_EDGE('',*,*,#1701,.T.);
#2272=ORIENTED_EDGE('',*,*,#1702,.T.);
#2273=ORIENTED_EDGE('',*,*,#1692,.T.);
#2274=ORIENTED_EDGE('',*,*,#1703,.T.);
#2275=ORIENTED_EDGE('',*,*,#1701,.F.);
#2276=ORIENTED_EDGE('',*,*,#1704,.T.);
#2277=ORIENTED_EDGE('',*,*,#1705,.T.);
#2278=ORIENTED_EDGE('',*,*,#1706,.T.);
#2279=ORIENTED_EDGE('',*,*,#1707,.T.);
#2280=ORIENTED_EDGE('',*,*,#1708,.T.);
#2281=ORIENTED_EDGE('',*,*,#1705,.F.);
#2282=ORIENTED_EDGE('',*,*,#1709,.T.);
#2283=ORIENTED_EDGE('',*,*,#1707,.F.);
#2284=ORIENTED_EDGE('',*,*,#1710,.T.);
#2285=ORIENTED_EDGE('',*,*,#1711,.T.);
#2286=ORIENTED_EDGE('',*,*,#1712,.T.);
#2287=ORIENTED_EDGE('',*,*,#1698,.T.);
#2288=ORIENTED_EDGE('',*,*,#1713,.T.);
#2289=ORIENTED_EDGE('',*,*,#1711,.F.);
#2290=ORIENTED_EDGE('',*,*,#1714,.T.);
#2291=ORIENTED_EDGE('',*,*,#1715,.F.);
#2292=ORIENTED_EDGE('',*,*,#1716,.F.);
#2293=ORIENTED_EDGE('',*,*,#1717,.F.);
#2294=ORIENTED_EDGE('',*,*,#1718,.F.);
#2295=ORIENTED_EDGE('',*,*,#1719,.F.);
#2296=ORIENTED_EDGE('',*,*,#1720,.F.);
#2297=ORIENTED_EDGE('',*,*,#1715,.T.);
#2298=ORIENTED_EDGE('',*,*,#1721,.T.);
#2299=ORIENTED_EDGE('',*,*,#1719,.T.);
#2300=ORIENTED_EDGE('',*,*,#1722,.T.);
#2301=ORIENTED_EDGE('',*,*,#1720,.T.);
#2302=ORIENTED_EDGE('',*,*,#1723,.T.);
#2303=ORIENTED_EDGE('',*,*,#1700,.T.);
#2304=ORIENTED_EDGE('',*,*,#1724,.T.);
#2305=ORIENTED_EDGE('',*,*,#1725,.F.);
#2306=ORIENTED_EDGE('',*,*,#1726,.F.);
#2307=ORIENTED_EDGE('',*,*,#1727,.T.);
#2308=ORIENTED_EDGE('',*,*,#1728,.F.);
#2309=ORIENTED_EDGE('',*,*,#1729,.F.);
#2310=ORIENTED_EDGE('',*,*,#1730,.F.);
#2311=ORIENTED_EDGE('',*,*,#1731,.F.);
#2312=ORIENTED_EDGE('',*,*,#1732,.T.);
#2313=ORIENTED_EDGE('',*,*,#1725,.T.);
#2314=ORIENTED_EDGE('',*,*,#1733,.T.);
#2315=ORIENTED_EDGE('',*,*,#1730,.T.);
#2316=ORIENTED_EDGE('',*,*,#1619,.T.);
#2317=ORIENTED_EDGE('',*,*,#1731,.T.);
#2318=ORIENTED_EDGE('',*,*,#1734,.T.);
#2319=ORIENTED_EDGE('',*,*,#1718,.T.);
#2320=ORIENTED_EDGE('',*,*,#1735,.T.);
#2321=ORIENTED_EDGE('',*,*,#1736,.F.);
#2322=ORIENTED_EDGE('',*,*,#1737,.F.);
#2323=ORIENTED_EDGE('',*,*,#1738,.F.);
#2324=ORIENTED_EDGE('',*,*,#1739,.F.);
#2325=ORIENTED_EDGE('',*,*,#1740,.F.);
#2326=ORIENTED_EDGE('',*,*,#1741,.F.);
#2327=ORIENTED_EDGE('',*,*,#1742,.T.);
#2328=ORIENTED_EDGE('',*,*,#1621,.T.);
#2329=ORIENTED_EDGE('',*,*,#1740,.T.);
#2330=ORIENTED_EDGE('',*,*,#1743,.T.);
#2331=ORIENTED_EDGE('',*,*,#1742,.F.);
#2332=ORIENTED_EDGE('',*,*,#1744,.T.);
#2333=ORIENTED_EDGE('',*,*,#1745,.T.);
#2334=ORIENTED_EDGE('',*,*,#1622,.T.);
#2335=ORIENTED_EDGE('',*,*,#1746,.T.);
#2336=ORIENTED_EDGE('',*,*,#1623,.T.);
#2337=ORIENTED_EDGE('',*,*,#1745,.F.);
#2338=ORIENTED_EDGE('',*,*,#1747,.T.);
#2339=ORIENTED_EDGE('',*,*,#1746,.F.);
#2340=ORIENTED_EDGE('',*,*,#1748,.T.);
#2341=ORIENTED_EDGE('',*,*,#1749,.T.);
#2342=ORIENTED_EDGE('',*,*,#1624,.T.);
#2343=ORIENTED_EDGE('',*,*,#1750,.T.);
#2344=ORIENTED_EDGE('',*,*,#1625,.T.);
#2345=ORIENTED_EDGE('',*,*,#1749,.F.);
#2346=ORIENTED_EDGE('',*,*,#1751,.T.);
#2347=ORIENTED_EDGE('',*,*,#1750,.F.);
#2348=ORIENTED_EDGE('',*,*,#1752,.T.);
#2349=ORIENTED_EDGE('',*,*,#1753,.T.);
#2350=ORIENTED_EDGE('',*,*,#1626,.T.);
#2351=ORIENTED_EDGE('',*,*,#1754,.T.);
#2352=ORIENTED_EDGE('',*,*,#1627,.T.);
#2353=ORIENTED_EDGE('',*,*,#1753,.F.);
#2354=ORIENTED_EDGE('',*,*,#1755,.T.);
#2355=ORIENTED_EDGE('',*,*,#1754,.F.);
#2356=ORIENTED_EDGE('',*,*,#1756,.T.);
#2357=ORIENTED_EDGE('',*,*,#1757,.T.);
#2358=ORIENTED_EDGE('',*,*,#1628,.T.);
#2359=ORIENTED_EDGE('',*,*,#1758,.T.);
#2360=ORIENTED_EDGE('',*,*,#1629,.T.);
#2361=ORIENTED_EDGE('',*,*,#1757,.F.);
#2362=ORIENTED_EDGE('',*,*,#1759,.T.);
#2363=ORIENTED_EDGE('',*,*,#1758,.F.);
#2364=ORIENTED_EDGE('',*,*,#1760,.T.);
#2365=ORIENTED_EDGE('',*,*,#1761,.T.);
#2366=ORIENTED_EDGE('',*,*,#1630,.T.);
#2367=ORIENTED_EDGE('',*,*,#1762,.T.);
#2368=ORIENTED_EDGE('',*,*,#1631,.T.);
#2369=ORIENTED_EDGE('',*,*,#1761,.F.);
#2370=ORIENTED_EDGE('',*,*,#1763,.T.);
#2371=ORIENTED_EDGE('',*,*,#1762,.F.);
#2372=ORIENTED_EDGE('',*,*,#1764,.T.);
#2373=ORIENTED_EDGE('',*,*,#1765,.T.);
#2374=ORIENTED_EDGE('',*,*,#1632,.T.);
#2375=ORIENTED_EDGE('',*,*,#1766,.T.);
#2376=ORIENTED_EDGE('',*,*,#1633,.T.);
#2377=ORIENTED_EDGE('',*,*,#1765,.F.);
#2378=ORIENTED_EDGE('',*,*,#1767,.T.);
#2379=ORIENTED_EDGE('',*,*,#1766,.F.);
#2380=ORIENTED_EDGE('',*,*,#1768,.T.);
#2381=ORIENTED_EDGE('',*,*,#1769,.T.);
#2382=ORIENTED_EDGE('',*,*,#1634,.T.);
#2383=ORIENTED_EDGE('',*,*,#1770,.T.);
#2384=ORIENTED_EDGE('',*,*,#1635,.T.);
#2385=ORIENTED_EDGE('',*,*,#1769,.F.);
#2386=ORIENTED_EDGE('',*,*,#1771,.T.);
#2387=ORIENTED_EDGE('',*,*,#1770,.F.);
#2388=ORIENTED_EDGE('',*,*,#1772,.T.);
#2389=ORIENTED_EDGE('',*,*,#1773,.T.);
#2390=ORIENTED_EDGE('',*,*,#1636,.T.);
#2391=ORIENTED_EDGE('',*,*,#1774,.T.);
#2392=ORIENTED_EDGE('',*,*,#1637,.T.);
#2393=ORIENTED_EDGE('',*,*,#1773,.F.);
#2394=ORIENTED_EDGE('',*,*,#1775,.T.);
#2395=ORIENTED_EDGE('',*,*,#1774,.F.);
#2396=ORIENTED_EDGE('',*,*,#1776,.T.);
#2397=ORIENTED_EDGE('',*,*,#1777,.T.);
#2398=ORIENTED_EDGE('',*,*,#1638,.T.);
#2399=ORIENTED_EDGE('',*,*,#1778,.T.);
#2400=ORIENTED_EDGE('',*,*,#1639,.T.);
#2401=ORIENTED_EDGE('',*,*,#1777,.F.);
#2402=ORIENTED_EDGE('',*,*,#1779,.T.);
#2403=ORIENTED_EDGE('',*,*,#1778,.F.);
#2404=ORIENTED_EDGE('',*,*,#1780,.T.);
#2405=ORIENTED_EDGE('',*,*,#1781,.T.);
#2406=ORIENTED_EDGE('',*,*,#1640,.T.);
#2407=ORIENTED_EDGE('',*,*,#1782,.T.);
#2408=ORIENTED_EDGE('',*,*,#1641,.T.);
#2409=ORIENTED_EDGE('',*,*,#1781,.F.);
#2410=ORIENTED_EDGE('',*,*,#1783,.T.);
#2411=ORIENTED_EDGE('',*,*,#1782,.F.);
#2412=ORIENTED_EDGE('',*,*,#1784,.T.);
#2413=ORIENTED_EDGE('',*,*,#1785,.T.);
#2414=ORIENTED_EDGE('',*,*,#1642,.T.);
#2415=ORIENTED_EDGE('',*,*,#1786,.T.);
#2416=ORIENTED_EDGE('',*,*,#1643,.T.);
#2417=ORIENTED_EDGE('',*,*,#1785,.F.);
#2418=ORIENTED_EDGE('',*,*,#1787,.T.);
#2419=ORIENTED_EDGE('',*,*,#1786,.F.);
#2420=ORIENTED_EDGE('',*,*,#1788,.T.);
#2421=ORIENTED_EDGE('',*,*,#1789,.T.);
#2422=ORIENTED_EDGE('',*,*,#1644,.T.);
#2423=ORIENTED_EDGE('',*,*,#1790,.T.);
#2424=ORIENTED_EDGE('',*,*,#1645,.T.);
#2425=ORIENTED_EDGE('',*,*,#1789,.F.);
#2426=ORIENTED_EDGE('',*,*,#1791,.T.);
#2427=ORIENTED_EDGE('',*,*,#1790,.F.);
#2428=ORIENTED_EDGE('',*,*,#1792,.T.);
#2429=ORIENTED_EDGE('',*,*,#1793,.T.);
#2430=ORIENTED_EDGE('',*,*,#1646,.T.);
#2431=ORIENTED_EDGE('',*,*,#1794,.T.);
#2432=ORIENTED_EDGE('',*,*,#1647,.T.);
#2433=ORIENTED_EDGE('',*,*,#1793,.F.);
#2434=ORIENTED_EDGE('',*,*,#1795,.T.);
#2435=ORIENTED_EDGE('',*,*,#1794,.F.);
#2436=ORIENTED_EDGE('',*,*,#1796,.T.);
#2437=ORIENTED_EDGE('',*,*,#1797,.T.);
#2438=ORIENTED_EDGE('',*,*,#1648,.T.);
#2439=ORIENTED_EDGE('',*,*,#1798,.T.);
#2440=ORIENTED_EDGE('',*,*,#1649,.T.);
#2441=ORIENTED_EDGE('',*,*,#1797,.F.);
#2442=ORIENTED_EDGE('',*,*,#1799,.T.);
#2443=ORIENTED_EDGE('',*,*,#1798,.F.);
#2444=ORIENTED_EDGE('',*,*,#1800,.T.);
#2445=ORIENTED_EDGE('',*,*,#1801,.T.);
#2446=ORIENTED_EDGE('',*,*,#1650,.T.);
#2447=ORIENTED_EDGE('',*,*,#1802,.T.);
#2448=ORIENTED_EDGE('',*,*,#1651,.T.);
#2449=ORIENTED_EDGE('',*,*,#1801,.F.);
#2450=ORIENTED_EDGE('',*,*,#1803,.T.);
#2451=ORIENTED_EDGE('',*,*,#1802,.F.);
#2452=ORIENTED_EDGE('',*,*,#1804,.T.);
#2453=ORIENTED_EDGE('',*,*,#1805,.T.);
#2454=ORIENTED_EDGE('',*,*,#1652,.T.);
#2455=ORIENTED_EDGE('',*,*,#1806,.T.);
#2456=ORIENTED_EDGE('',*,*,#1653,.T.);
#2457=ORIENTED_EDGE('',*,*,#1805,.F.);
#2458=ORIENTED_EDGE('',*,*,#1807,.T.);
#2459=ORIENTED_EDGE('',*,*,#1806,.F.);
#2460=ORIENTED_EDGE('',*,*,#1808,.T.);
#2461=ORIENTED_EDGE('',*,*,#1581,.T.);
#2462=ORIENTED_EDGE('',*,*,#1654,.T.);
#2463=ORIENTED_EDGE('',*,*,#1656,.F.);
#2464=ORIENTED_EDGE('',*,*,#1809,.T.);
#2465=ORIENTED_EDGE('',*,*,#1810,.T.);
#2466=ORIENTED_EDGE('',*,*,#1584,.T.);
#2467=ORIENTED_EDGE('',*,*,#1811,.T.);
#2468=ORIENTED_EDGE('',*,*,#1585,.T.);
#2469=ORIENTED_EDGE('',*,*,#1810,.F.);
#2470=ORIENTED_EDGE('',*,*,#1812,.T.);
#2471=ORIENTED_EDGE('',*,*,#1811,.F.);
#2472=ORIENTED_EDGE('',*,*,#1813,.T.);
#2473=ORIENTED_EDGE('',*,*,#1814,.T.);
#2474=ORIENTED_EDGE('',*,*,#1586,.T.);
#2475=ORIENTED_EDGE('',*,*,#1815,.T.);
#2476=ORIENTED_EDGE('',*,*,#1587,.T.);
#2477=ORIENTED_EDGE('',*,*,#1814,.F.);
#2478=ORIENTED_EDGE('',*,*,#1816,.T.);
#2479=ORIENTED_EDGE('',*,*,#1815,.F.);
#2480=ORIENTED_EDGE('',*,*,#1817,.T.);
#2481=ORIENTED_EDGE('',*,*,#1818,.T.);
#2482=ORIENTED_EDGE('',*,*,#1588,.T.);
#2483=ORIENTED_EDGE('',*,*,#1819,.T.);
#2484=ORIENTED_EDGE('',*,*,#1589,.T.);
#2485=ORIENTED_EDGE('',*,*,#1818,.F.);
#2486=ORIENTED_EDGE('',*,*,#1820,.T.);
#2487=ORIENTED_EDGE('',*,*,#1819,.F.);
#2488=ORIENTED_EDGE('',*,*,#1821,.T.);
#2489=ORIENTED_EDGE('',*,*,#1822,.T.);
#2490=ORIENTED_EDGE('',*,*,#1590,.T.);
#2491=ORIENTED_EDGE('',*,*,#1823,.T.);
#2492=ORIENTED_EDGE('',*,*,#1591,.T.);
#2493=ORIENTED_EDGE('',*,*,#1822,.F.);
#2494=ORIENTED_EDGE('',*,*,#1824,.T.);
#2495=ORIENTED_EDGE('',*,*,#1823,.F.);
#2496=ORIENTED_EDGE('',*,*,#1825,.T.);
#2497=ORIENTED_EDGE('',*,*,#1826,.T.);
#2498=ORIENTED_EDGE('',*,*,#1592,.T.);
#2499=ORIENTED_EDGE('',*,*,#1827,.T.);
#2500=ORIENTED_EDGE('',*,*,#1593,.T.);
#2501=ORIENTED_EDGE('',*,*,#1826,.F.);
#2502=ORIENTED_EDGE('',*,*,#1828,.T.);
#2503=ORIENTED_EDGE('',*,*,#1827,.F.);
#2504=ORIENTED_EDGE('',*,*,#1829,.T.);
#2505=ORIENTED_EDGE('',*,*,#1830,.T.);
#2506=ORIENTED_EDGE('',*,*,#1594,.T.);
#2507=ORIENTED_EDGE('',*,*,#1831,.T.);
#2508=ORIENTED_EDGE('',*,*,#1595,.T.);
#2509=ORIENTED_EDGE('',*,*,#1830,.F.);
#2510=ORIENTED_EDGE('',*,*,#1832,.T.);
#2511=ORIENTED_EDGE('',*,*,#1831,.F.);
#2512=ORIENTED_EDGE('',*,*,#1833,.T.);
#2513=ORIENTED_EDGE('',*,*,#1834,.T.);
#2514=ORIENTED_EDGE('',*,*,#1596,.T.);
#2515=ORIENTED_EDGE('',*,*,#1835,.T.);
#2516=ORIENTED_EDGE('',*,*,#1597,.T.);
#2517=ORIENTED_EDGE('',*,*,#1834,.F.);
#2518=ORIENTED_EDGE('',*,*,#1836,.T.);
#2519=ORIENTED_EDGE('',*,*,#1835,.F.);
#2520=ORIENTED_EDGE('',*,*,#1837,.T.);
#2521=ORIENTED_EDGE('',*,*,#1838,.T.);
#2522=ORIENTED_EDGE('',*,*,#1598,.T.);
#2523=ORIENTED_EDGE('',*,*,#1839,.T.);
#2524=ORIENTED_EDGE('',*,*,#1599,.T.);
#2525=ORIENTED_EDGE('',*,*,#1838,.F.);
#2526=ORIENTED_EDGE('',*,*,#1840,.T.);
#2527=ORIENTED_EDGE('',*,*,#1839,.F.);
#2528=ORIENTED_EDGE('',*,*,#1841,.T.);
#2529=ORIENTED_EDGE('',*,*,#1842,.T.);
#2530=ORIENTED_EDGE('',*,*,#1600,.T.);
#2531=ORIENTED_EDGE('',*,*,#1843,.T.);
#2532=ORIENTED_EDGE('',*,*,#1601,.T.);
#2533=ORIENTED_EDGE('',*,*,#1842,.F.);
#2534=ORIENTED_EDGE('',*,*,#1844,.T.);
#2535=ORIENTED_EDGE('',*,*,#1843,.F.);
#2536=ORIENTED_EDGE('',*,*,#1845,.T.);
#2537=ORIENTED_EDGE('',*,*,#1846,.T.);
#2538=ORIENTED_EDGE('',*,*,#1602,.T.);
#2539=ORIENTED_EDGE('',*,*,#1847,.T.);
#2540=ORIENTED_EDGE('',*,*,#1603,.T.);
#2541=ORIENTED_EDGE('',*,*,#1846,.F.);
#2542=ORIENTED_EDGE('',*,*,#1848,.T.);
#2543=ORIENTED_EDGE('',*,*,#1847,.F.);
#2544=ORIENTED_EDGE('',*,*,#1849,.T.);
#2545=ORIENTED_EDGE('',*,*,#1850,.T.);
#2546=ORIENTED_EDGE('',*,*,#1604,.T.);
#2547=ORIENTED_EDGE('',*,*,#1851,.T.);
#2548=ORIENTED_EDGE('',*,*,#1605,.T.);
#2549=ORIENTED_EDGE('',*,*,#1850,.F.);
#2550=ORIENTED_EDGE('',*,*,#1852,.T.);
#2551=ORIENTED_EDGE('',*,*,#1851,.F.);
#2552=ORIENTED_EDGE('',*,*,#1853,.T.);
#2553=ORIENTED_EDGE('',*,*,#1854,.T.);
#2554=ORIENTED_EDGE('',*,*,#1606,.T.);
#2555=ORIENTED_EDGE('',*,*,#1855,.T.);
#2556=ORIENTED_EDGE('',*,*,#1607,.T.);
#2557=ORIENTED_EDGE('',*,*,#1854,.F.);
#2558=ORIENTED_EDGE('',*,*,#1856,.T.);
#2559=ORIENTED_EDGE('',*,*,#1855,.F.);
#2560=ORIENTED_EDGE('',*,*,#1857,.T.);
#2561=ORIENTED_EDGE('',*,*,#1858,.T.);
#2562=ORIENTED_EDGE('',*,*,#1608,.T.);
#2563=ORIENTED_EDGE('',*,*,#1859,.T.);
#2564=ORIENTED_EDGE('',*,*,#1609,.T.);
#2565=ORIENTED_EDGE('',*,*,#1858,.F.);
#2566=ORIENTED_EDGE('',*,*,#1860,.T.);
#2567=ORIENTED_EDGE('',*,*,#1859,.F.);
#2568=ORIENTED_EDGE('',*,*,#1861,.T.);
#2569=ORIENTED_EDGE('',*,*,#1862,.T.);
#2570=ORIENTED_EDGE('',*,*,#1610,.T.);
#2571=ORIENTED_EDGE('',*,*,#1863,.T.);
#2572=ORIENTED_EDGE('',*,*,#1611,.T.);
#2573=ORIENTED_EDGE('',*,*,#1862,.F.);
#2574=ORIENTED_EDGE('',*,*,#1864,.T.);
#2575=ORIENTED_EDGE('',*,*,#1863,.F.);
#2576=ORIENTED_EDGE('',*,*,#1865,.T.);
#2577=ORIENTED_EDGE('',*,*,#1866,.T.);
#2578=ORIENTED_EDGE('',*,*,#1612,.T.);
#2579=ORIENTED_EDGE('',*,*,#1867,.T.);
#2580=ORIENTED_EDGE('',*,*,#1613,.T.);
#2581=ORIENTED_EDGE('',*,*,#1866,.F.);
#2582=ORIENTED_EDGE('',*,*,#1868,.T.);
#2583=ORIENTED_EDGE('',*,*,#1867,.F.);
#2584=ORIENTED_EDGE('',*,*,#1869,.T.);
#2585=ORIENTED_EDGE('',*,*,#1870,.T.);
#2586=ORIENTED_EDGE('',*,*,#1614,.T.);
#2587=ORIENTED_EDGE('',*,*,#1871,.T.);
#2588=ORIENTED_EDGE('',*,*,#1615,.T.);
#2589=ORIENTED_EDGE('',*,*,#1870,.F.);
#2590=ORIENTED_EDGE('',*,*,#1872,.T.);
#2591=ORIENTED_EDGE('',*,*,#1871,.F.);
#2592=ORIENTED_EDGE('',*,*,#1873,.T.);
#2593=ORIENTED_EDGE('',*,*,#1874,.T.);
#2594=ORIENTED_EDGE('',*,*,#1616,.T.);
#2595=ORIENTED_EDGE('',*,*,#1736,.T.);
#2596=ORIENTED_EDGE('',*,*,#1617,.T.);
#2597=ORIENTED_EDGE('',*,*,#1874,.F.);
#2598=ORIENTED_EDGE('',*,*,#1875,.T.);
#2599=ORIENTED_EDGE('',*,*,#1741,.T.);
#2600=ORIENTED_EDGE('',*,*,#1620,.T.);
#2601=ORIENTED_EDGE('',*,*,#1729,.T.);
#2602=ORIENTED_EDGE('',*,*,#1876,.T.);
#2603=ORIENTED_EDGE('',*,*,#1877,.T.);
#2604=ORIENTED_EDGE('',*,*,#1878,.T.);
#2605=ORIENTED_EDGE('',*,*,#1739,.T.);
#2606=ORIENTED_EDGE('',*,*,#1879,.T.);
#2607=ORIENTED_EDGE('',*,*,#1880,.F.);
#2608=ORIENTED_EDGE('',*,*,#1881,.T.);
#2609=ORIENTED_EDGE('',*,*,#1877,.F.);
#2610=ORIENTED_EDGE('',*,*,#1882,.T.);
#2611=ORIENTED_EDGE('',*,*,#1883,.T.);
#2612=ORIENTED_EDGE('',*,*,#1884,.T.);
#2613=ORIENTED_EDGE('',*,*,#1677,.F.);
#2614=ORIENTED_EDGE('',*,*,#1885,.T.);
#2615=ORIENTED_EDGE('',*,*,#1886,.T.);
#2616=ORIENTED_EDGE('',*,*,#1883,.F.);
#2617=ORIENTED_EDGE('',*,*,#1887,.T.);
#2618=ORIENTED_EDGE('',*,*,#1686,.F.);
#2619=ORIENTED_EDGE('',*,*,#1888,.T.);
#2620=ORIENTED_EDGE('',*,*,#1885,.F.);
#2621=ORIENTED_EDGE('',*,*,#1889,.T.);
#2622=ORIENTED_EDGE('',*,*,#1890,.T.);
#2623=ORIENTED_EDGE('',*,*,#1891,.T.);
#2624=ORIENTED_EDGE('',*,*,#1690,.T.);
#2625=ORIENTED_EDGE('',*,*,#1737,.T.);
#2626=ORIENTED_EDGE('',*,*,#1892,.T.);
#2627=ORIENTED_EDGE('',*,*,#1890,.F.);
#2628=ORIENTED_EDGE('',*,*,#1893,.T.);
#2629=ORIENTED_EDGE('',*,*,#1726,.T.);
#2630=ORIENTED_EDGE('',*,*,#1618,.T.);
#2631=ORIENTED_EDGE('',*,*,#1738,.T.);
#2632=ORIENTED_EDGE('',*,*,#1894,.T.);
#2633=ORIENTED_EDGE('',*,*,#1716,.T.);
#2634=ORIENTED_EDGE('',*,*,#1895,.T.);
#2635=ORIENTED_EDGE('',*,*,#1728,.T.);
#2636=ORIENTED_EDGE('',*,*,#1896,.T.);
#2637=ORIENTED_EDGE('',*,*,#1696,.T.);
#2638=ORIENTED_EDGE('',*,*,#1897,.T.);
#2639=ORIENTED_EDGE('',*,*,#1717,.T.);
#2640=ORIENTED_EDGE('',*,*,#1898,.T.);
#2641=ORIENTED_EDGE('',*,*,#1697,.T.);
#2642=ORIENTED_EDGE('',*,*,#1899,.T.);
#2643=ORIENTED_EDGE('',*,*,#1695,.T.);
#2644=ORIENTED_EDGE('',*,*,#1693,.T.);
#2645=ORIENTED_EDGE('',*,*,#1900,.T.);
#2646=ORIENTED_EDGE('',*,*,#1703,.F.);
#2647=ORIENTED_EDGE('',*,*,#1898,.F.);
#2648=ORIENTED_EDGE('',*,*,#1896,.F.);
#2649=ORIENTED_EDGE('',*,*,#1727,.F.);
#2650=ORIENTED_EDGE('',*,*,#1894,.F.);
#2651=ORIENTED_EDGE('',*,*,#1893,.F.);
#2652=ORIENTED_EDGE('',*,*,#1901,.F.);
#2653=ORIENTED_EDGE('',*,*,#1808,.F.);
#2654=ORIENTED_EDGE('',*,*,#1902,.T.);
#2655=ORIENTED_EDGE('',*,*,#1903,.T.);
#2656=ORIENTED_EDGE('',*,*,#1668,.T.);
#2657=ORIENTED_EDGE('',*,*,#1804,.F.);
#2658=ORIENTED_EDGE('',*,*,#1904,.T.);
#2659=ORIENTED_EDGE('',*,*,#1905,.T.);
#2660=ORIENTED_EDGE('',*,*,#1906,.T.);
#2661=ORIENTED_EDGE('',*,*,#1803,.F.);
#2662=ORIENTED_EDGE('',*,*,#1907,.F.);
#2663=ORIENTED_EDGE('',*,*,#1908,.T.);
#2664=ORIENTED_EDGE('',*,*,#1904,.F.);
#2665=ORIENTED_EDGE('',*,*,#1800,.F.);
#2666=ORIENTED_EDGE('',*,*,#1909,.T.);
#2667=ORIENTED_EDGE('',*,*,#1910,.T.);
#2668=ORIENTED_EDGE('',*,*,#1911,.F.);
#2669=ORIENTED_EDGE('',*,*,#1907,.T.);
#2670=ORIENTED_EDGE('',*,*,#1799,.F.);
#2671=ORIENTED_EDGE('',*,*,#1912,.F.);
#2672=ORIENTED_EDGE('',*,*,#1909,.F.);
#2673=ORIENTED_EDGE('',*,*,#1796,.F.);
#2674=ORIENTED_EDGE('',*,*,#1913,.T.);
#2675=ORIENTED_EDGE('',*,*,#1914,.F.);
#2676=ORIENTED_EDGE('',*,*,#1910,.F.);
#2677=ORIENTED_EDGE('',*,*,#1912,.T.);
#2678=ORIENTED_EDGE('',*,*,#1795,.F.);
#2679=ORIENTED_EDGE('',*,*,#1915,.F.);
#2680=ORIENTED_EDGE('',*,*,#1916,.F.);
#2681=ORIENTED_EDGE('',*,*,#1913,.F.);
#2682=ORIENTED_EDGE('',*,*,#1792,.F.);
#2683=ORIENTED_EDGE('',*,*,#1917,.T.);
#2684=ORIENTED_EDGE('',*,*,#1918,.T.);
#2685=ORIENTED_EDGE('',*,*,#1915,.T.);
#2686=ORIENTED_EDGE('',*,*,#1788,.F.);
#2687=ORIENTED_EDGE('',*,*,#1919,.T.);
#2688=ORIENTED_EDGE('',*,*,#1920,.T.);
#2689=ORIENTED_EDGE('',*,*,#1921,.T.);
#2690=ORIENTED_EDGE('',*,*,#1787,.F.);
#2691=ORIENTED_EDGE('',*,*,#1922,.F.);
#2692=ORIENTED_EDGE('',*,*,#1923,.T.);
#2693=ORIENTED_EDGE('',*,*,#1919,.F.);
#2694=ORIENTED_EDGE('',*,*,#1784,.F.);
#2695=ORIENTED_EDGE('',*,*,#1924,.T.);
#2696=ORIENTED_EDGE('',*,*,#1925,.T.);
#2697=ORIENTED_EDGE('',*,*,#1926,.F.);
#2698=ORIENTED_EDGE('',*,*,#1922,.T.);
#2699=ORIENTED_EDGE('',*,*,#1783,.F.);
#2700=ORIENTED_EDGE('',*,*,#1927,.F.);
#2701=ORIENTED_EDGE('',*,*,#1924,.F.);
#2702=ORIENTED_EDGE('',*,*,#1780,.F.);
#2703=ORIENTED_EDGE('',*,*,#1928,.T.);
#2704=ORIENTED_EDGE('',*,*,#1929,.F.);
#2705=ORIENTED_EDGE('',*,*,#1925,.F.);
#2706=ORIENTED_EDGE('',*,*,#1927,.T.);
#2707=ORIENTED_EDGE('',*,*,#1779,.F.);
#2708=ORIENTED_EDGE('',*,*,#1930,.F.);
#2709=ORIENTED_EDGE('',*,*,#1931,.F.);
#2710=ORIENTED_EDGE('',*,*,#1928,.F.);
#2711=ORIENTED_EDGE('',*,*,#1776,.F.);
#2712=ORIENTED_EDGE('',*,*,#1932,.T.);
#2713=ORIENTED_EDGE('',*,*,#1933,.T.);
#2714=ORIENTED_EDGE('',*,*,#1930,.T.);
#2715=ORIENTED_EDGE('',*,*,#1772,.F.);
#2716=ORIENTED_EDGE('',*,*,#1934,.T.);
#2717=ORIENTED_EDGE('',*,*,#1935,.T.);
#2718=ORIENTED_EDGE('',*,*,#1936,.T.);
#2719=ORIENTED_EDGE('',*,*,#1771,.F.);
#2720=ORIENTED_EDGE('',*,*,#1937,.F.);
#2721=ORIENTED_EDGE('',*,*,#1938,.T.);
#2722=ORIENTED_EDGE('',*,*,#1934,.F.);
#2723=ORIENTED_EDGE('',*,*,#1768,.F.);
#2724=ORIENTED_EDGE('',*,*,#1939,.T.);
#2725=ORIENTED_EDGE('',*,*,#1940,.T.);
#2726=ORIENTED_EDGE('',*,*,#1941,.F.);
#2727=ORIENTED_EDGE('',*,*,#1937,.T.);
#2728=ORIENTED_EDGE('',*,*,#1767,.F.);
#2729=ORIENTED_EDGE('',*,*,#1942,.F.);
#2730=ORIENTED_EDGE('',*,*,#1939,.F.);
#2731=ORIENTED_EDGE('',*,*,#1764,.F.);
#2732=ORIENTED_EDGE('',*,*,#1943,.T.);
#2733=ORIENTED_EDGE('',*,*,#1944,.F.);
#2734=ORIENTED_EDGE('',*,*,#1940,.F.);
#2735=ORIENTED_EDGE('',*,*,#1942,.T.);
#2736=ORIENTED_EDGE('',*,*,#1763,.F.);
#2737=ORIENTED_EDGE('',*,*,#1945,.F.);
#2738=ORIENTED_EDGE('',*,*,#1946,.F.);
#2739=ORIENTED_EDGE('',*,*,#1943,.F.);
#2740=ORIENTED_EDGE('',*,*,#1760,.F.);
#2741=ORIENTED_EDGE('',*,*,#1947,.T.);
#2742=ORIENTED_EDGE('',*,*,#1948,.T.);
#2743=ORIENTED_EDGE('',*,*,#1945,.T.);
#2744=ORIENTED_EDGE('',*,*,#1756,.F.);
#2745=ORIENTED_EDGE('',*,*,#1949,.T.);
#2746=ORIENTED_EDGE('',*,*,#1950,.T.);
#2747=ORIENTED_EDGE('',*,*,#1951,.T.);
#2748=ORIENTED_EDGE('',*,*,#1755,.F.);
#2749=ORIENTED_EDGE('',*,*,#1952,.F.);
#2750=ORIENTED_EDGE('',*,*,#1953,.T.);
#2751=ORIENTED_EDGE('',*,*,#1949,.F.);
#2752=ORIENTED_EDGE('',*,*,#1752,.F.);
#2753=ORIENTED_EDGE('',*,*,#1954,.T.);
#2754=ORIENTED_EDGE('',*,*,#1955,.T.);
#2755=ORIENTED_EDGE('',*,*,#1956,.F.);
#2756=ORIENTED_EDGE('',*,*,#1952,.T.);
#2757=ORIENTED_EDGE('',*,*,#1751,.F.);
#2758=ORIENTED_EDGE('',*,*,#1957,.F.);
#2759=ORIENTED_EDGE('',*,*,#1954,.F.);
#2760=ORIENTED_EDGE('',*,*,#1748,.F.);
#2761=ORIENTED_EDGE('',*,*,#1958,.T.);
#2762=ORIENTED_EDGE('',*,*,#1959,.F.);
#2763=ORIENTED_EDGE('',*,*,#1955,.F.);
#2764=ORIENTED_EDGE('',*,*,#1957,.T.);
#2765=ORIENTED_EDGE('',*,*,#1747,.F.);
#2766=ORIENTED_EDGE('',*,*,#1960,.F.);
#2767=ORIENTED_EDGE('',*,*,#1961,.F.);
#2768=ORIENTED_EDGE('',*,*,#1958,.F.);
#2769=ORIENTED_EDGE('',*,*,#1744,.F.);
#2770=ORIENTED_EDGE('',*,*,#1962,.T.);
#2771=ORIENTED_EDGE('',*,*,#1963,.T.);
#2772=ORIENTED_EDGE('',*,*,#1960,.T.);
#2773=ORIENTED_EDGE('',*,*,#1702,.F.);
#2774=ORIENTED_EDGE('',*,*,#1706,.F.);
#2775=ORIENTED_EDGE('',*,*,#1708,.F.);
#2776=ORIENTED_EDGE('',*,*,#1712,.F.);
#2777=ORIENTED_EDGE('',*,*,#1713,.F.);
#2778=ORIENTED_EDGE('',*,*,#1900,.F.);
#2779=ORIENTED_EDGE('',*,*,#1659,.T.);
#2780=ORIENTED_EDGE('',*,*,#1721,.F.);
#2781=ORIENTED_EDGE('',*,*,#1897,.F.);
#2782=ORIENTED_EDGE('',*,*,#1899,.F.);
#2783=ORIENTED_EDGE('',*,*,#1723,.F.);
#2784=ORIENTED_EDGE('',*,*,#1733,.F.);
#2785=ORIENTED_EDGE('',*,*,#1895,.F.);
#2786=ORIENTED_EDGE('',*,*,#1722,.F.);
#2787=ORIENTED_EDGE('',*,*,#1734,.F.);
#2788=ORIENTED_EDGE('',*,*,#1829,.F.);
#2789=ORIENTED_EDGE('',*,*,#1964,.T.);
#2790=ORIENTED_EDGE('',*,*,#1965,.T.);
#2791=ORIENTED_EDGE('',*,*,#1966,.T.);
#2792=ORIENTED_EDGE('',*,*,#1812,.F.);
#2793=ORIENTED_EDGE('',*,*,#1967,.F.);
#2794=ORIENTED_EDGE('',*,*,#1968,.T.);
#2795=ORIENTED_EDGE('',*,*,#1902,.F.);
#2796=ORIENTED_EDGE('',*,*,#1807,.F.);
#2797=ORIENTED_EDGE('',*,*,#1906,.F.);
#2798=ORIENTED_EDGE('',*,*,#1969,.T.);
#2799=ORIENTED_EDGE('',*,*,#1917,.F.);
#2800=ORIENTED_EDGE('',*,*,#1791,.F.);
#2801=ORIENTED_EDGE('',*,*,#1921,.F.);
#2802=ORIENTED_EDGE('',*,*,#1970,.T.);
#2803=ORIENTED_EDGE('',*,*,#1932,.F.);
#2804=ORIENTED_EDGE('',*,*,#1775,.F.);
#2805=ORIENTED_EDGE('',*,*,#1936,.F.);
#2806=ORIENTED_EDGE('',*,*,#1971,.T.);
#2807=ORIENTED_EDGE('',*,*,#1947,.F.);
#2808=ORIENTED_EDGE('',*,*,#1759,.F.);
#2809=ORIENTED_EDGE('',*,*,#1951,.F.);
#2810=ORIENTED_EDGE('',*,*,#1972,.T.);
#2811=ORIENTED_EDGE('',*,*,#1962,.F.);
#2812=ORIENTED_EDGE('',*,*,#1743,.F.);
#2813=ORIENTED_EDGE('',*,*,#1878,.F.);
#2814=ORIENTED_EDGE('',*,*,#1881,.F.);
#2815=ORIENTED_EDGE('',*,*,#1973,.T.);
#2816=ORIENTED_EDGE('',*,*,#1678,.T.);
#2817=ORIENTED_EDGE('',*,*,#1884,.F.);
#2818=ORIENTED_EDGE('',*,*,#1886,.F.);
#2819=ORIENTED_EDGE('',*,*,#1888,.F.);
#2820=ORIENTED_EDGE('',*,*,#1685,.T.);
#2821=ORIENTED_EDGE('',*,*,#1691,.T.);
#2822=ORIENTED_EDGE('',*,*,#1891,.F.);
#2823=ORIENTED_EDGE('',*,*,#1892,.F.);
#2824=ORIENTED_EDGE('',*,*,#1875,.F.);
#2825=ORIENTED_EDGE('',*,*,#1974,.F.);
#2826=ORIENTED_EDGE('',*,*,#1975,.T.);
#2827=ORIENTED_EDGE('',*,*,#1976,.F.);
#2828=ORIENTED_EDGE('',*,*,#1860,.F.);
#2829=ORIENTED_EDGE('',*,*,#1977,.F.);
#2830=ORIENTED_EDGE('',*,*,#1978,.T.);
#2831=ORIENTED_EDGE('',*,*,#1979,.F.);
#2832=ORIENTED_EDGE('',*,*,#1844,.F.);
#2833=ORIENTED_EDGE('',*,*,#1980,.F.);
#2834=ORIENTED_EDGE('',*,*,#1981,.T.);
#2835=ORIENTED_EDGE('',*,*,#1964,.F.);
#2836=ORIENTED_EDGE('',*,*,#1828,.F.);
#2837=ORIENTED_EDGE('',*,*,#1982,.F.);
#2838=ORIENTED_EDGE('',*,*,#1983,.T.);
#2839=ORIENTED_EDGE('',*,*,#1984,.F.);
#2840=ORIENTED_EDGE('',*,*,#1985,.T.);
#2841=ORIENTED_EDGE('',*,*,#1986,.T.);
#2842=ORIENTED_EDGE('',*,*,#1987,.T.);
#2843=ORIENTED_EDGE('',*,*,#1988,.T.);
#2844=ORIENTED_EDGE('',*,*,#1857,.F.);
#2845=ORIENTED_EDGE('',*,*,#1989,.T.);
#2846=ORIENTED_EDGE('',*,*,#1990,.T.);
#2847=ORIENTED_EDGE('',*,*,#1977,.T.);
#2848=ORIENTED_EDGE('',*,*,#1856,.F.);
#2849=ORIENTED_EDGE('',*,*,#1991,.F.);
#2850=ORIENTED_EDGE('',*,*,#1992,.T.);
#2851=ORIENTED_EDGE('',*,*,#1989,.F.);
#2852=ORIENTED_EDGE('',*,*,#1845,.F.);
#2853=ORIENTED_EDGE('',*,*,#1979,.T.);
#2854=ORIENTED_EDGE('',*,*,#1993,.T.);
#2855=ORIENTED_EDGE('',*,*,#1994,.T.);
#2856=ORIENTED_EDGE('',*,*,#1848,.F.);
#2857=ORIENTED_EDGE('',*,*,#1994,.F.);
#2858=ORIENTED_EDGE('',*,*,#1995,.F.);
#2859=ORIENTED_EDGE('',*,*,#1996,.F.);
#2860=ORIENTED_EDGE('',*,*,#1873,.F.);
#2861=ORIENTED_EDGE('',*,*,#1997,.T.);
#2862=ORIENTED_EDGE('',*,*,#1998,.T.);
#2863=ORIENTED_EDGE('',*,*,#1974,.T.);
#2864=ORIENTED_EDGE('',*,*,#1872,.F.);
#2865=ORIENTED_EDGE('',*,*,#1999,.F.);
#2866=ORIENTED_EDGE('',*,*,#2000,.T.);
#2867=ORIENTED_EDGE('',*,*,#1997,.F.);
#2868=ORIENTED_EDGE('',*,*,#1841,.F.);
#2869=ORIENTED_EDGE('',*,*,#2001,.T.);
#2870=ORIENTED_EDGE('',*,*,#2002,.T.);
#2871=ORIENTED_EDGE('',*,*,#1980,.T.);
#2872=ORIENTED_EDGE('',*,*,#1813,.F.);
#2873=ORIENTED_EDGE('',*,*,#1984,.T.);
#2874=ORIENTED_EDGE('',*,*,#2003,.T.);
#2875=ORIENTED_EDGE('',*,*,#2004,.T.);
#2876=ORIENTED_EDGE('',*,*,#1825,.F.);
#2877=ORIENTED_EDGE('',*,*,#2005,.T.);
#2878=ORIENTED_EDGE('',*,*,#2006,.T.);
#2879=ORIENTED_EDGE('',*,*,#1982,.T.);
#2880=ORIENTED_EDGE('',*,*,#1861,.F.);
#2881=ORIENTED_EDGE('',*,*,#1976,.T.);
#2882=ORIENTED_EDGE('',*,*,#2007,.T.);
#2883=ORIENTED_EDGE('',*,*,#2008,.T.);
#2884=ORIENTED_EDGE('',*,*,#1864,.F.);
#2885=ORIENTED_EDGE('',*,*,#2008,.F.);
#2886=ORIENTED_EDGE('',*,*,#2009,.F.);
#2887=ORIENTED_EDGE('',*,*,#2010,.F.);
#2888=ORIENTED_EDGE('',*,*,#1809,.F.);
#2889=ORIENTED_EDGE('',*,*,#1658,.T.);
#2890=ORIENTED_EDGE('',*,*,#2011,.T.);
#2891=ORIENTED_EDGE('',*,*,#1967,.T.);
#2892=ORIENTED_EDGE('',*,*,#1673,.F.);
#2893=ORIENTED_EDGE('',*,*,#1679,.F.);
#2894=ORIENTED_EDGE('',*,*,#1973,.F.);
#2895=ORIENTED_EDGE('',*,*,#1880,.T.);
#2896=ORIENTED_EDGE('',*,*,#1676,.T.);
#2897=ORIENTED_EDGE('',*,*,#1675,.F.);
#2898=ORIENTED_EDGE('',*,*,#1832,.F.);
#2899=ORIENTED_EDGE('',*,*,#1966,.F.);
#2900=ORIENTED_EDGE('',*,*,#2012,.F.);
#2901=ORIENTED_EDGE('',*,*,#2013,.F.);
#2902=ORIENTED_EDGE('',*,*,#1840,.F.);
#2903=ORIENTED_EDGE('',*,*,#2014,.F.);
#2904=ORIENTED_EDGE('',*,*,#2015,.T.);
#2905=ORIENTED_EDGE('',*,*,#2001,.F.);
#2906=ORIENTED_EDGE('',*,*,#1865,.F.);
#2907=ORIENTED_EDGE('',*,*,#2010,.T.);
#2908=ORIENTED_EDGE('',*,*,#2016,.F.);
#2909=ORIENTED_EDGE('',*,*,#2017,.F.);
#2910=ORIENTED_EDGE('',*,*,#2018,.T.);
#2911=ORIENTED_EDGE('',*,*,#1868,.F.);
#2912=ORIENTED_EDGE('',*,*,#2018,.F.);
#2913=ORIENTED_EDGE('',*,*,#2019,.F.);
#2914=ORIENTED_EDGE('',*,*,#1869,.F.);
#2915=ORIENTED_EDGE('',*,*,#2019,.T.);
#2916=ORIENTED_EDGE('',*,*,#2017,.T.);
#2917=ORIENTED_EDGE('',*,*,#2020,.F.);
#2918=ORIENTED_EDGE('',*,*,#1999,.T.);
#2919=ORIENTED_EDGE('',*,*,#2016,.T.);
#2920=ORIENTED_EDGE('',*,*,#2009,.T.);
#2921=ORIENTED_EDGE('',*,*,#2007,.F.);
#2922=ORIENTED_EDGE('',*,*,#1975,.F.);
#2923=ORIENTED_EDGE('',*,*,#1998,.F.);
#2924=ORIENTED_EDGE('',*,*,#2000,.F.);
#2925=ORIENTED_EDGE('',*,*,#2020,.T.);
#2926=ORIENTED_EDGE('',*,*,#1959,.T.);
#2927=ORIENTED_EDGE('',*,*,#1961,.T.);
#2928=ORIENTED_EDGE('',*,*,#1963,.F.);
#2929=ORIENTED_EDGE('',*,*,#1972,.F.);
#2930=ORIENTED_EDGE('',*,*,#1950,.F.);
#2931=ORIENTED_EDGE('',*,*,#1953,.F.);
#2932=ORIENTED_EDGE('',*,*,#1956,.T.);
#2933=ORIENTED_EDGE('',*,*,#1849,.F.);
#2934=ORIENTED_EDGE('',*,*,#1996,.T.);
#2935=ORIENTED_EDGE('',*,*,#2021,.F.);
#2936=ORIENTED_EDGE('',*,*,#2022,.F.);
#2937=ORIENTED_EDGE('',*,*,#2023,.T.);
#2938=ORIENTED_EDGE('',*,*,#1852,.F.);
#2939=ORIENTED_EDGE('',*,*,#2023,.F.);
#2940=ORIENTED_EDGE('',*,*,#2024,.F.);
#2941=ORIENTED_EDGE('',*,*,#1853,.F.);
#2942=ORIENTED_EDGE('',*,*,#2024,.T.);
#2943=ORIENTED_EDGE('',*,*,#2022,.T.);
#2944=ORIENTED_EDGE('',*,*,#2025,.F.);
#2945=ORIENTED_EDGE('',*,*,#1991,.T.);
#2946=ORIENTED_EDGE('',*,*,#2021,.T.);
#2947=ORIENTED_EDGE('',*,*,#1995,.T.);
#2948=ORIENTED_EDGE('',*,*,#1993,.F.);
#2949=ORIENTED_EDGE('',*,*,#1978,.F.);
#2950=ORIENTED_EDGE('',*,*,#1990,.F.);
#2951=ORIENTED_EDGE('',*,*,#1992,.F.);
#2952=ORIENTED_EDGE('',*,*,#2025,.T.);
#2953=ORIENTED_EDGE('',*,*,#1944,.T.);
#2954=ORIENTED_EDGE('',*,*,#1946,.T.);
#2955=ORIENTED_EDGE('',*,*,#1948,.F.);
#2956=ORIENTED_EDGE('',*,*,#1971,.F.);
#2957=ORIENTED_EDGE('',*,*,#1935,.F.);
#2958=ORIENTED_EDGE('',*,*,#1938,.F.);
#2959=ORIENTED_EDGE('',*,*,#1941,.T.);
#2960=ORIENTED_EDGE('',*,*,#1833,.F.);
#2961=ORIENTED_EDGE('',*,*,#2013,.T.);
#2962=ORIENTED_EDGE('',*,*,#2026,.F.);
#2963=ORIENTED_EDGE('',*,*,#2027,.F.);
#2964=ORIENTED_EDGE('',*,*,#2028,.T.);
#2965=ORIENTED_EDGE('',*,*,#1836,.F.);
#2966=ORIENTED_EDGE('',*,*,#2028,.F.);
#2967=ORIENTED_EDGE('',*,*,#2029,.F.);
#2968=ORIENTED_EDGE('',*,*,#1837,.F.);
#2969=ORIENTED_EDGE('',*,*,#2029,.T.);
#2970=ORIENTED_EDGE('',*,*,#2027,.T.);
#2971=ORIENTED_EDGE('',*,*,#2030,.F.);
#2972=ORIENTED_EDGE('',*,*,#2014,.T.);
#2973=ORIENTED_EDGE('',*,*,#2026,.T.);
#2974=ORIENTED_EDGE('',*,*,#2012,.T.);
#2975=ORIENTED_EDGE('',*,*,#1965,.F.);
#2976=ORIENTED_EDGE('',*,*,#1981,.F.);
#2977=ORIENTED_EDGE('',*,*,#2002,.F.);
#2978=ORIENTED_EDGE('',*,*,#2015,.F.);
#2979=ORIENTED_EDGE('',*,*,#2030,.T.);
#2980=ORIENTED_EDGE('',*,*,#1929,.T.);
#2981=ORIENTED_EDGE('',*,*,#1931,.T.);
#2982=ORIENTED_EDGE('',*,*,#1933,.F.);
#2983=ORIENTED_EDGE('',*,*,#1970,.F.);
#2984=ORIENTED_EDGE('',*,*,#1920,.F.);
#2985=ORIENTED_EDGE('',*,*,#1923,.F.);
#2986=ORIENTED_EDGE('',*,*,#1926,.T.);
#2987=ORIENTED_EDGE('',*,*,#1817,.F.);
#2988=ORIENTED_EDGE('',*,*,#2031,.T.);
#2989=ORIENTED_EDGE('',*,*,#2032,.F.);
#2990=ORIENTED_EDGE('',*,*,#2033,.F.);
#2991=ORIENTED_EDGE('',*,*,#2034,.T.);
#2992=ORIENTED_EDGE('',*,*,#1820,.F.);
#2993=ORIENTED_EDGE('',*,*,#2034,.F.);
#2994=ORIENTED_EDGE('',*,*,#2035,.F.);
#2995=ORIENTED_EDGE('',*,*,#1821,.F.);
#2996=ORIENTED_EDGE('',*,*,#2035,.T.);
#2997=ORIENTED_EDGE('',*,*,#2033,.T.);
#2998=ORIENTED_EDGE('',*,*,#2036,.F.);
#2999=ORIENTED_EDGE('',*,*,#2037,.T.);
#3000=ORIENTED_EDGE('',*,*,#2032,.T.);
#3001=ORIENTED_EDGE('',*,*,#2038,.T.);
#3002=ORIENTED_EDGE('',*,*,#2003,.F.);
#3003=ORIENTED_EDGE('',*,*,#1983,.F.);
#3004=ORIENTED_EDGE('',*,*,#2006,.F.);
#3005=ORIENTED_EDGE('',*,*,#2039,.F.);
#3006=ORIENTED_EDGE('',*,*,#2036,.T.);
#3007=ORIENTED_EDGE('',*,*,#1914,.T.);
#3008=ORIENTED_EDGE('',*,*,#1916,.T.);
#3009=ORIENTED_EDGE('',*,*,#1918,.F.);
#3010=ORIENTED_EDGE('',*,*,#1969,.F.);
#3011=ORIENTED_EDGE('',*,*,#1905,.F.);
#3012=ORIENTED_EDGE('',*,*,#1908,.F.);
#3013=ORIENTED_EDGE('',*,*,#1911,.T.);
#3014=ORIENTED_EDGE('',*,*,#1824,.F.);
#3015=ORIENTED_EDGE('',*,*,#2037,.F.);
#3016=ORIENTED_EDGE('',*,*,#2039,.T.);
#3017=ORIENTED_EDGE('',*,*,#2005,.F.);
#3018=ORIENTED_EDGE('',*,*,#1816,.F.);
#3019=ORIENTED_EDGE('',*,*,#2004,.F.);
#3020=ORIENTED_EDGE('',*,*,#2038,.F.);
#3021=ORIENTED_EDGE('',*,*,#2031,.F.);
#3022=ORIENTED_EDGE('',*,*,#1666,.T.);
#3023=ORIENTED_EDGE('',*,*,#1665,.T.);
#3024=ORIENTED_EDGE('',*,*,#1567,.F.);
#3025=ORIENTED_EDGE('',*,*,#1669,.T.);
#3026=ORIENTED_EDGE('',*,*,#1903,.F.);
#3027=ORIENTED_EDGE('',*,*,#1968,.F.);
#3028=ORIENTED_EDGE('',*,*,#2011,.F.);
#3029=ORIENTED_EDGE('',*,*,#1657,.F.);
#3030=ORIENTED_EDGE('',*,*,#1577,.F.);
#3031=ORIENTED_EDGE('',*,*,#1667,.T.);
#3032=ORIENTED_EDGE('',*,*,#2040,.T.);
#3033=ORIENTED_EDGE('',*,*,#2041,.T.);
#3034=ORIENTED_EDGE('',*,*,#1988,.F.);
#3035=ORIENTED_EDGE('',*,*,#2042,.F.);
#3036=ORIENTED_EDGE('',*,*,#1985,.F.);
#3037=ORIENTED_EDGE('',*,*,#2041,.F.);
#3038=ORIENTED_EDGE('',*,*,#2043,.T.);
#3039=ORIENTED_EDGE('',*,*,#2044,.T.);
#3040=ORIENTED_EDGE('',*,*,#1986,.F.);
#3041=ORIENTED_EDGE('',*,*,#2044,.F.);
#3042=ORIENTED_EDGE('',*,*,#2045,.T.);
#3043=ORIENTED_EDGE('',*,*,#2046,.T.);
#3044=ORIENTED_EDGE('',*,*,#1987,.F.);
#3045=ORIENTED_EDGE('',*,*,#2046,.F.);
#3046=ORIENTED_EDGE('',*,*,#2047,.T.);
#3047=ORIENTED_EDGE('',*,*,#2042,.T.);
#3048=ORIENTED_EDGE('',*,*,#2040,.F.);
#3049=ORIENTED_EDGE('',*,*,#2047,.F.);
#3050=ORIENTED_EDGE('',*,*,#2045,.F.);
#3051=ORIENTED_EDGE('',*,*,#2043,.F.);
#3052=ORIENTED_EDGE('',*,*,#1704,.F.);
#3053=ORIENTED_EDGE('',*,*,#1901,.T.);
#3054=ORIENTED_EDGE('',*,*,#1889,.F.);
#3055=ORIENTED_EDGE('',*,*,#2048,.T.);
#3056=ORIENTED_EDGE('',*,*,#1710,.F.);
#3057=ORIENTED_EDGE('',*,*,#2049,.T.);
#3058=ORIENTED_EDGE('',*,*,#1882,.F.);
#3059=ORIENTED_EDGE('',*,*,#2050,.T.);
#3060=ORIENTED_EDGE('',*,*,#1709,.F.);
#3061=ORIENTED_EDGE('',*,*,#2048,.F.);
#3062=ORIENTED_EDGE('',*,*,#1887,.F.);
#3063=ORIENTED_EDGE('',*,*,#2049,.F.);
#3064=ORIENTED_EDGE('',*,*,#1714,.F.);
#3065=ORIENTED_EDGE('',*,*,#2050,.F.);
#3066=ORIENTED_EDGE('',*,*,#1879,.F.);
#3067=ORIENTED_EDGE('',*,*,#1876,.F.);
#3068=ORIENTED_EDGE('',*,*,#1732,.F.);
#3069=ORIENTED_EDGE('',*,*,#1735,.F.);
#3070=ORIENTED_EDGE('',*,*,#1724,.F.);
#3071=ORIENTED_EDGE('',*,*,#1681,.F.);
#3072=ORIENTED_EDGE('',*,*,#1689,.T.);
#3073=ORIENTED_EDGE('',*,*,#2051,.F.);
#3074=ORIENTED_EDGE('',*,*,#2052,.F.);
#3075=ORIENTED_EDGE('',*,*,#2053,.F.);
#3076=ORIENTED_EDGE('',*,*,#2054,.F.);
#3077=ORIENTED_EDGE('',*,*,#2055,.F.);
#3078=ORIENTED_EDGE('',*,*,#2056,.F.);
#3079=ORIENTED_EDGE('',*,*,#2057,.F.);
#3080=ORIENTED_EDGE('',*,*,#2058,.F.);
#3081=ORIENTED_EDGE('',*,*,#2057,.T.);
#3082=ORIENTED_EDGE('',*,*,#2059,.F.);
#3083=ORIENTED_EDGE('',*,*,#2060,.T.);
#3084=ORIENTED_EDGE('',*,*,#2061,.T.);
#3085=ORIENTED_EDGE('',*,*,#2056,.T.);
#3086=ORIENTED_EDGE('',*,*,#2062,.F.);
#3087=ORIENTED_EDGE('',*,*,#2063,.T.);
#3088=ORIENTED_EDGE('',*,*,#2059,.T.);
#3089=ORIENTED_EDGE('',*,*,#2055,.T.);
#3090=ORIENTED_EDGE('',*,*,#2064,.F.);
#3091=ORIENTED_EDGE('',*,*,#2065,.T.);
#3092=ORIENTED_EDGE('',*,*,#2062,.T.);
#3093=ORIENTED_EDGE('',*,*,#2058,.T.);
#3094=ORIENTED_EDGE('',*,*,#2061,.F.);
#3095=ORIENTED_EDGE('',*,*,#2066,.T.);
#3096=ORIENTED_EDGE('',*,*,#2064,.T.);
#3097=ORIENTED_EDGE('',*,*,#2067,.F.);
#3098=ORIENTED_EDGE('',*,*,#2068,.T.);
#3099=ORIENTED_EDGE('',*,*,#2051,.T.);
#3100=ORIENTED_EDGE('',*,*,#2069,.F.);
#3101=ORIENTED_EDGE('',*,*,#2054,.T.);
#3102=ORIENTED_EDGE('',*,*,#2070,.F.);
#3103=ORIENTED_EDGE('',*,*,#2071,.F.);
#3104=ORIENTED_EDGE('',*,*,#2069,.T.);
#3105=ORIENTED_EDGE('',*,*,#2053,.T.);
#3106=ORIENTED_EDGE('',*,*,#2072,.F.);
#3107=ORIENTED_EDGE('',*,*,#2073,.F.);
#3108=ORIENTED_EDGE('',*,*,#2070,.T.);
#3109=ORIENTED_EDGE('',*,*,#2052,.T.);
#3110=ORIENTED_EDGE('',*,*,#2068,.F.);
#3111=ORIENTED_EDGE('',*,*,#2074,.F.);
#3112=ORIENTED_EDGE('',*,*,#2072,.T.);
#3113=ORIENTED_EDGE('',*,*,#2067,.T.);
#3114=ORIENTED_EDGE('',*,*,#2075,.T.);
#3115=ORIENTED_EDGE('',*,*,#2065,.F.);
#3116=ORIENTED_EDGE('',*,*,#2076,.F.);
#3117=ORIENTED_EDGE('',*,*,#2071,.T.);
#3118=ORIENTED_EDGE('',*,*,#2077,.T.);
#3119=ORIENTED_EDGE('',*,*,#2063,.F.);
#3120=ORIENTED_EDGE('',*,*,#2075,.F.);
#3121=ORIENTED_EDGE('',*,*,#2073,.T.);
#3122=ORIENTED_EDGE('',*,*,#2078,.T.);
#3123=ORIENTED_EDGE('',*,*,#2060,.F.);
#3124=ORIENTED_EDGE('',*,*,#2077,.F.);
#3125=ORIENTED_EDGE('',*,*,#2074,.T.);
#3126=ORIENTED_EDGE('',*,*,#2076,.T.);
#3127=ORIENTED_EDGE('',*,*,#2066,.F.);
#3128=ORIENTED_EDGE('',*,*,#2078,.F.);
#3129=ORIENTED_EDGE('',*,*,#2079,.F.);
#3130=ORIENTED_EDGE('',*,*,#2080,.F.);
#3131=ORIENTED_EDGE('',*,*,#2081,.F.);
#3132=ORIENTED_EDGE('',*,*,#2082,.F.);
#3133=ORIENTED_EDGE('',*,*,#2083,.T.);
#3134=ORIENTED_EDGE('',*,*,#2084,.F.);
#3135=ORIENTED_EDGE('',*,*,#2085,.F.);
#3136=ORIENTED_EDGE('',*,*,#2086,.F.);
#3137=ORIENTED_EDGE('',*,*,#2087,.T.);
#3138=ORIENTED_EDGE('',*,*,#2088,.F.);
#3139=ORIENTED_EDGE('',*,*,#2089,.F.);
#3140=ORIENTED_EDGE('',*,*,#2083,.F.);
#3141=ORIENTED_EDGE('',*,*,#2090,.F.);
#3142=ORIENTED_EDGE('',*,*,#2087,.F.);
#3143=ORIENTED_EDGE('',*,*,#2085,.T.);
#3144=ORIENTED_EDGE('',*,*,#2091,.T.);
#3145=ORIENTED_EDGE('',*,*,#2092,.T.);
#3146=ORIENTED_EDGE('',*,*,#2081,.T.);
#3147=ORIENTED_EDGE('',*,*,#2093,.T.);
#3148=ORIENTED_EDGE('',*,*,#2082,.T.);
#3149=ORIENTED_EDGE('',*,*,#2093,.F.);
#3150=ORIENTED_EDGE('',*,*,#2084,.T.);
#3151=ORIENTED_EDGE('',*,*,#2089,.T.);
#3152=ORIENTED_EDGE('',*,*,#2086,.T.);
#3153=ORIENTED_EDGE('',*,*,#2092,.F.);
#3154=ORIENTED_EDGE('',*,*,#2094,.T.);
#3155=ORIENTED_EDGE('',*,*,#2080,.T.);
#3156=ORIENTED_EDGE('',*,*,#2079,.T.);
#3157=ORIENTED_EDGE('',*,*,#2094,.F.);
#3158=ORIENTED_EDGE('',*,*,#2091,.F.);
#3159=ORIENTED_EDGE('',*,*,#2088,.T.);
#3160=ORIENTED_EDGE('',*,*,#2090,.T.);
#3161=ORIENTED_EDGE('',*,*,#2095,.F.);
#3162=ORIENTED_EDGE('',*,*,#2096,.T.);
#3163=ORIENTED_EDGE('',*,*,#2097,.T.);
#3164=ORIENTED_EDGE('',*,*,#2096,.F.);
#3165=ORIENTED_EDGE('',*,*,#2098,.F.);
#3166=ORIENTED_EDGE('',*,*,#2099,.T.);
#3167=ORIENTED_EDGE('',*,*,#2100,.T.);
#3168=ORIENTED_EDGE('',*,*,#2099,.F.);
#3169=ORIENTED_EDGE('',*,*,#2098,.T.);
#3170=ORIENTED_EDGE('',*,*,#2095,.T.);
#3171=ORIENTED_EDGE('',*,*,#2100,.F.);
#3172=ORIENTED_EDGE('',*,*,#2097,.F.);
#3173=B_SPLINE_SURFACE_WITH_KNOTS('',3,3,((#4596,#4597,#4598,#4599),(#4600,
#4601,#4602,#4603),(#4604,#4605,#4606,#4607),(#4608,#4609,#4610,#4611),
(#4612,#4613,#4614,#4615)),.UNSPECIFIED.,.F.,.F.,.F.,(4,1,4),(4,4),(0.,
0.571428571428571,1.),(-1.08246228599019,-1.02812715664182),
 .UNSPECIFIED.);
#3174=B_SPLINE_SURFACE_WITH_KNOTS('',3,3,((#4642,#4643,#4644,#4645,#4646,
#4647,#4648,#4649,#4650,#4651,#4652,#4653,#4654),(#4655,#4656,#4657,#4658,
#4659,#4660,#4661,#4662,#4663,#4664,#4665,#4666,#4667),(#4668,#4669,#4670,
#4671,#4672,#4673,#4674,#4675,#4676,#4677,#4678,#4679,#4680),(#4681,#4682,
#4683,#4684,#4685,#4686,#4687,#4688,#4689,#4690,#4691,#4692,#4693),(#4694,
#4695,#4696,#4697,#4698,#4699,#4700,#4701,#4702,#4703,#4704,#4705,#4706),
(#4707,#4708,#4709,#4710,#4711,#4712,#4713,#4714,#4715,#4716,#4717,#4718,
#4719)),.UNSPECIFIED.,.F.,.F.,.F.,(4,1,1,4),(4,1,1,1,1,1,1,1,1,1,4),(0.,
0.285714285714286,0.571428571428571,1.),(0.,0.118040870764031,0.236081741528062,
0.295102176910078,0.354122612292093,0.413143047674109,0.472163483056125,
0.53118391843814,0.590204353820156,0.708245224584187,0.826286095348218),
 .UNSPECIFIED.);
#3175=B_SPLINE_SURFACE_WITH_KNOTS('',3,3,((#4758,#4759,#4760,#4761),(#4762,
#4763,#4764,#4765),(#4766,#4767,#4768,#4769),(#4770,#4771,#4772,#4773),
(#4774,#4775,#4776,#4777)),.UNSPECIFIED.,.F.,.F.,.F.,(4,1,4),(4,4),(0.,
0.571428571428571,1.),(1.02812715664182,1.08246228599021),.UNSPECIFIED.);
#3176=B_SPLINE_SURFACE_WITH_KNOTS('',3,3,((#4808,#4809,#4810,#4811),(#4812,
#4813,#4814,#4815),(#4816,#4817,#4818,#4819),(#4820,#4821,#4822,#4823),
(#4824,#4825,#4826,#4827)),.UNSPECIFIED.,.F.,.F.,.F.,(4,1,4),(4,4),(0.,
0.571428571428571,1.),(0.,0.690446552746597),.UNSPECIFIED.);
#3177=B_SPLINE_SURFACE_WITH_KNOTS('',3,3,((#5176,#5177,#5178,#5179),(#5180,
#5181,#5182,#5183),(#5184,#5185,#5186,#5187),(#5188,#5189,#5190,#5191),
(#5192,#5193,#5194,#5195)),.UNSPECIFIED.,.F.,.F.,.F.,(4,1,4),(4,4),(0.,
0.571428571428571,1.),(0.158249414007085,0.848695966753681),
 .UNSPECIFIED.);
#3178=B_SPLINE_SURFACE_WITH_KNOTS('',3,3,((#5420,#5421,#5422,#5423,#5424),
(#5425,#5426,#5427,#5428,#5429),(#5430,#5431,#5432,#5433,#5434),(#5435,
#5436,#5437,#5438,#5439),(#5440,#5441,#5442,#5443,#5444),(#5445,#5446,#5447,
#5448,#5449)),.UNSPECIFIED.,.F.,.F.,.F.,(4,1,1,4),(4,1,4),(0.,0.285714285714286,
0.571428571428571,1.),(0.,0.0178429110713333,0.0312250943748332),
 .UNSPECIFIED.);
#3179=B_SPLINE_SURFACE_WITH_KNOTS('',3,3,((#5469,#5470,#5471,#5472,#5473),
(#5474,#5475,#5476,#5477,#5478),(#5479,#5480,#5481,#5482,#5483),(#5484,
#5485,#5486,#5487,#5488),(#5489,#5490,#5491,#5492,#5493),(#5494,#5495,#5496,
#5497,#5498)),.UNSPECIFIED.,.F.,.F.,.F.,(4,1,1,4),(4,1,4),(0.,0.285714285714286,
0.571428571428571,1.),(0.,0.0133821833464909,0.0312250944751455),
 .UNSPECIFIED.);
#3180=B_SPLINE_SURFACE_WITH_KNOTS('',3,3,((#5532,#5533,#5534,#5535),(#5536,
#5537,#5538,#5539),(#5540,#5541,#5542,#5543),(#5544,#5545,#5546,#5547),
(#5548,#5549,#5550,#5551)),.UNSPECIFIED.,.F.,.F.,.F.,(4,1,4),(4,4),(0.,
0.571428571428571,1.),(0.0201765928380044,0.268150403222011),
 .UNSPECIFIED.);
#3181=B_SPLINE_SURFACE_WITH_KNOTS('',3,3,((#5560,#5561,#5562,#5563),(#5564,
#5565,#5566,#5567),(#5568,#5569,#5570,#5571),(#5572,#5573,#5574,#5575),
(#5576,#5577,#5578,#5579)),.UNSPECIFIED.,.F.,.F.,.F.,(4,1,4),(4,4),(0.,
0.571428571428571,1.),(1.49737829153862E-16,0.010311253621803),
 .UNSPECIFIED.);
#3182=B_SPLINE_SURFACE_WITH_KNOTS('',3,3,((#5593,#5594,#5595,#5596),(#5597,
#5598,#5599,#5600),(#5601,#5602,#5603,#5604),(#5605,#5606,#5607,#5608),
(#5609,#5610,#5611,#5612)),.UNSPECIFIED.,.F.,.F.,.F.,(4,1,4),(4,4),(0.,
0.571428571428571,1.),(0.,0.0103112536218023),.UNSPECIFIED.);
#3183=B_SPLINE_SURFACE_WITH_KNOTS('',3,3,((#5628,#5629,#5630,#5631),(#5632,
#5633,#5634,#5635),(#5636,#5637,#5638,#5639),(#5640,#5641,#5642,#5643),
(#5644,#5645,#5646,#5647)),.UNSPECIFIED.,.F.,.F.,.F.,(4,1,4),(4,4),(0.,
0.571428571428571,1.),(0.263961404624956,0.38086551242833),
 .UNSPECIFIED.);
#3184=B_SPLINE_SURFACE_WITH_KNOTS('',3,3,((#5672,#5673,#5674,#5675,#5676),
(#5677,#5678,#5679,#5680,#5681),(#5682,#5683,#5684,#5685,#5686),(#5687,
#5688,#5689,#5690,#5691),(#5692,#5693,#5694,#5695,#5696)),.UNSPECIFIED.,
 .F.,.F.,.F.,(4,1,4),(4,1,4),(0.,0.571428571428571,1.),(0.,0.0154105833429693,
0.0308211666859385),.UNSPECIFIED.);
#3185=B_SPLINE_SURFACE_WITH_KNOTS('',3,3,((#5704,#5705,#5706,#5707),(#5708,
#5709,#5710,#5711),(#5712,#5713,#5714,#5715),(#5716,#5717,#5718,#5719),
(#5720,#5721,#5722,#5723)),.UNSPECIFIED.,.F.,.F.,.F.,(4,1,4),(4,4),(0.,
0.571428571428571,1.),(1.76368569702726E-16,0.848695966753683),
 .UNSPECIFIED.);
#3186=B_SPLINE_SURFACE_WITH_KNOTS('',3,3,((#5730,#5731,#5732,#5733,#5734),
(#5735,#5736,#5737,#5738,#5739),(#5740,#5741,#5742,#5743,#5744),(#5745,
#5746,#5747,#5748,#5749),(#5750,#5751,#5752,#5753,#5754)),.UNSPECIFIED.,
 .F.,.F.,.F.,(4,1,4),(4,1,4),(0.,0.571428571428571,1.),(0.,0.0710949599967006,
0.124416179994226),.UNSPECIFIED.);
#3187=B_SPLINE_SURFACE_WITH_KNOTS('',3,3,((#5766,#5767,#5768,#5769,#5770),
(#5771,#5772,#5773,#5774,#5775),(#5776,#5777,#5778,#5779,#5780),(#5781,
#5782,#5783,#5784,#5785),(#5786,#5787,#5788,#5789,#5790)),.UNSPECIFIED.,
 .F.,.F.,.F.,(4,1,4),(4,1,4),(0.,0.571428571428571,1.),(0.,0.0710949373649309,
0.124416140388629),.UNSPECIFIED.);
#3188=B_SPLINE_SURFACE_WITH_KNOTS('',3,3,((#5798,#5799,#5800,#5801),(#5802,
#5803,#5804,#5805),(#5806,#5807,#5808,#5809),(#5810,#5811,#5812,#5813),
(#5814,#5815,#5816,#5817)),.UNSPECIFIED.,.F.,.F.,.F.,(4,1,4),(4,4),(0.,
0.571428571428571,1.),(3.0149157144288E-16,0.848695966753682),
 .UNSPECIFIED.);
#3189=B_SPLINE_SURFACE_WITH_KNOTS('',3,3,((#5824,#5825,#5826,#5827,#5828),
(#5829,#5830,#5831,#5832,#5833),(#5834,#5835,#5836,#5837,#5838),(#5839,
#5840,#5841,#5842,#5843),(#5844,#5845,#5846,#5847,#5848)),.UNSPECIFIED.,
 .F.,.F.,.F.,(4,1,4),(4,1,4),(0.,0.571428571428571,1.),(0.,0.0154105824250318,
0.0308211648500637),.UNSPECIFIED.);
#3190=B_SPLINE_SURFACE_WITH_KNOTS('',3,3,((#5860,#5861,#5862,#5863,#5864),
(#5865,#5866,#5867,#5868,#5869),(#5870,#5871,#5872,#5873,#5874),(#5875,
#5876,#5877,#5878,#5879),(#5880,#5881,#5882,#5883,#5884)),.UNSPECIFIED.,
 .F.,.F.,.F.,(4,1,4),(4,1,4),(0.,0.571428571428571,1.),(0.,0.0154105833355366,
0.0308211666710732),.UNSPECIFIED.);
#3191=B_SPLINE_SURFACE_WITH_KNOTS('',3,3,((#5892,#5893,#5894,#5895),(#5896,
#5897,#5898,#5899),(#5900,#5901,#5902,#5903),(#5904,#5905,#5906,#5907),
(#5908,#5909,#5910,#5911)),.UNSPECIFIED.,.F.,.F.,.F.,(4,1,4),(4,4),(0.,
0.571428571428571,1.),(0.,0.848695966753682),.UNSPECIFIED.);
#3192=B_SPLINE_SURFACE_WITH_KNOTS('',3,3,((#5918,#5919,#5920,#5921,#5922),
(#5923,#5924,#5925,#5926,#5927),(#5928,#5929,#5930,#5931,#5932),(#5933,
#5934,#5935,#5936,#5937),(#5938,#5939,#5940,#5941,#5942)),.UNSPECIFIED.,
 .F.,.F.,.F.,(4,1,4),(4,1,4),(0.,0.571428571428571,1.),(0.,0.0533212199975256,
0.124416179994226),.UNSPECIFIED.);
#3193=B_SPLINE_SURFACE_WITH_KNOTS('',3,3,((#5954,#5955,#5956,#5957,#5958),
(#5959,#5960,#5961,#5962,#5963),(#5964,#5965,#5966,#5967,#5968),(#5969,
#5970,#5971,#5972,#5973),(#5974,#5975,#5976,#5977,#5978)),.UNSPECIFIED.,
 .F.,.F.,.F.,(4,1,4),(4,1,4),(0.,0.571428571428571,1.),(0.,0.053321203023716,
0.124416140388671),.UNSPECIFIED.);
#3194=B_SPLINE_SURFACE_WITH_KNOTS('',3,3,((#5986,#5987,#5988,#5989),(#5990,
#5991,#5992,#5993),(#5994,#5995,#5996,#5997),(#5998,#5999,#6000,#6001),
(#6002,#6003,#6004,#6005)),.UNSPECIFIED.,.F.,.F.,.F.,(4,1,4),(4,4),(0.,
0.571428571428571,1.),(3.64963317911154E-17,0.848695966753681),
 .UNSPECIFIED.);
#3195=B_SPLINE_SURFACE_WITH_KNOTS('',3,3,((#6012,#6013,#6014,#6015,#6016),
(#6017,#6018,#6019,#6020,#6021),(#6022,#6023,#6024,#6025,#6026),(#6027,
#6028,#6029,#6030,#6031),(#6032,#6033,#6034,#6035,#6036)),.UNSPECIFIED.,
 .F.,.F.,.F.,(4,1,4),(4,1,4),(0.,0.571428571428571,1.),(0.,0.0154105823833858,
0.0308211647667716),.UNSPECIFIED.);
#3196=B_SPLINE_SURFACE_WITH_KNOTS('',3,3,((#6048,#6049,#6050,#6051,#6052),
(#6053,#6054,#6055,#6056,#6057),(#6058,#6059,#6060,#6061,#6062),(#6063,
#6064,#6065,#6066,#6067),(#6068,#6069,#6070,#6071,#6072)),.UNSPECIFIED.,
 .F.,.F.,.F.,(4,1,4),(4,1,4),(0.,0.571428571428571,1.),(0.,0.0154105833968782,
0.0308211667937563),.UNSPECIFIED.);
#3197=B_SPLINE_SURFACE_WITH_KNOTS('',3,3,((#6080,#6081,#6082,#6083),(#6084,
#6085,#6086,#6087),(#6088,#6089,#6090,#6091),(#6092,#6093,#6094,#6095),
(#6096,#6097,#6098,#6099)),.UNSPECIFIED.,.F.,.F.,.F.,(4,1,4),(4,4),(0.,
0.571428571428571,1.),(0.,0.848695966753682),.UNSPECIFIED.);
#3198=B_SPLINE_SURFACE_WITH_KNOTS('',3,3,((#6106,#6107,#6108,#6109,#6110),
(#6111,#6112,#6113,#6114,#6115),(#6116,#6117,#6118,#6119,#6120),(#6121,
#6122,#6123,#6124,#6125),(#6126,#6127,#6128,#6129,#6130)),.UNSPECIFIED.,
 .F.,.F.,.F.,(4,1,4),(4,1,4),(0.,0.571428571428571,1.),(0.,0.0533212199975257,
0.124416179994227),.UNSPECIFIED.);
#3199=B_SPLINE_SURFACE_WITH_KNOTS('',3,3,((#6142,#6143,#6144,#6145,#6146),
(#6147,#6148,#6149,#6150,#6151),(#6152,#6153,#6154,#6155,#6156),(#6157,
#6158,#6159,#6160,#6161),(#6162,#6163,#6164,#6165,#6166)),.UNSPECIFIED.,
 .F.,.F.,.F.,(4,1,4),(4,1,4),(0.,0.571428571428571,1.),(0.,0.0533212030235714,
0.124416140388333),.UNSPECIFIED.);
#3200=B_SPLINE_SURFACE_WITH_KNOTS('',3,3,((#6174,#6175,#6176,#6177),(#6178,
#6179,#6180,#6181),(#6182,#6183,#6184,#6185),(#6186,#6187,#6188,#6189),
(#6190,#6191,#6192,#6193)),.UNSPECIFIED.,.F.,.F.,.F.,(4,1,4),(4,4),(0.,
0.571428571428571,1.),(9.77539047154188E-17,0.848695966753681),
 .UNSPECIFIED.);
#3201=B_SPLINE_SURFACE_WITH_KNOTS('',3,3,((#6200,#6201,#6202,#6203,#6204),
(#6205,#6206,#6207,#6208,#6209),(#6210,#6211,#6212,#6213,#6214),(#6215,
#6216,#6217,#6218,#6219),(#6220,#6221,#6222,#6223,#6224)),.UNSPECIFIED.,
 .F.,.F.,.F.,(4,1,4),(4,1,4),(0.,0.571428571428571,1.),(0.,0.0154105824179613,
0.0308211648359227),.UNSPECIFIED.);
#3202=B_SPLINE_SURFACE_WITH_KNOTS('',3,3,((#6236,#6237,#6238,#6239,#6240),
(#6241,#6242,#6243,#6244,#6245),(#6246,#6247,#6248,#6249,#6250),(#6251,
#6252,#6253,#6254,#6255),(#6256,#6257,#6258,#6259,#6260)),.UNSPECIFIED.,
 .F.,.F.,.F.,(4,1,4),(4,1,4),(0.,0.571428571428571,1.),(0.,0.0154105833262452,
0.0308211666524905),.UNSPECIFIED.);
#3203=B_SPLINE_SURFACE_WITH_KNOTS('',3,3,((#6268,#6269,#6270,#6271),(#6272,
#6273,#6274,#6275),(#6276,#6277,#6278,#6279),(#6280,#6281,#6282,#6283),
(#6284,#6285,#6286,#6287)),.UNSPECIFIED.,.F.,.F.,.F.,(4,1,4),(4,4),(0.,
0.571428571428571,1.),(0.,0.848695966753682),.UNSPECIFIED.);
#3204=B_SPLINE_SURFACE_WITH_KNOTS('',3,3,((#6294,#6295,#6296,#6297,#6298),
(#6299,#6300,#6301,#6302,#6303),(#6304,#6305,#6306,#6307,#6308),(#6309,
#6310,#6311,#6312,#6313),(#6314,#6315,#6316,#6317,#6318)),.UNSPECIFIED.,
 .F.,.F.,.F.,(4,1,4),(4,1,4),(0.,0.571428571428571,1.),(0.,0.0710949599967008,
0.124416179994226),.UNSPECIFIED.);
#3205=B_SPLINE_SURFACE_WITH_KNOTS('',3,3,((#6330,#6331,#6332,#6333,#6334),
(#6335,#6336,#6337,#6338,#6339),(#6340,#6341,#6342,#6343,#6344),(#6345,
#6346,#6347,#6348,#6349),(#6350,#6351,#6352,#6353,#6354)),.UNSPECIFIED.,
 .F.,.F.,.F.,(4,1,4),(4,1,4),(0.,0.571428571428571,1.),(0.,0.071094937364952,
0.124416140388666),.UNSPECIFIED.);
#3206=B_SPLINE_SURFACE_WITH_KNOTS('',3,3,((#6362,#6363,#6364,#6365),(#6366,
#6367,#6368,#6369),(#6370,#6371,#6372,#6373),(#6374,#6375,#6376,#6377),
(#6378,#6379,#6380,#6381)),.UNSPECIFIED.,.F.,.F.,.F.,(4,1,4),(4,4),(0.,
0.571428571428571,1.),(9.84924903895445E-17,0.848695966753682),
 .UNSPECIFIED.);
#3207=B_SPLINE_SURFACE_WITH_KNOTS('',3,3,((#6388,#6389,#6390,#6391,#6392),
(#6393,#6394,#6395,#6396,#6397),(#6398,#6399,#6400,#6401,#6402),(#6403,
#6404,#6405,#6406,#6407),(#6408,#6409,#6410,#6411,#6412)),.UNSPECIFIED.,
 .F.,.F.,.F.,(4,1,4),(4,1,4),(0.,0.571428571428571,1.),(0.,0.0154105824156325,
0.030821164831265),.UNSPECIFIED.);
#3208=B_SPLINE_SURFACE_WITH_KNOTS('',3,3,((#6424,#6425,#6426,#6427,#6428),
(#6429,#6430,#6431,#6432,#6433),(#6434,#6435,#6436,#6437,#6438),(#6439,
#6440,#6441,#6442,#6443),(#6444,#6445,#6446,#6447,#6448)),.UNSPECIFIED.,
 .F.,.F.,.F.,(4,1,4),(4,1,4),(0.,0.571428571428571,1.),(0.,0.0154105833822489,
0.0308211667644977),.UNSPECIFIED.);
#3209=B_SPLINE_SURFACE_WITH_KNOTS('',3,3,((#6454,#6455,#6456,#6457,#6458),
(#6459,#6460,#6461,#6462,#6463),(#6464,#6465,#6466,#6467,#6468),(#6469,
#6470,#6471,#6472,#6473),(#6474,#6475,#6476,#6477,#6478)),.UNSPECIFIED.,
 .F.,.F.,.F.,(4,1,4),(4,1,4),(0.,0.571428571428571,1.),(0.,0.0154105823890603,
0.0308211647781207),.UNSPECIFIED.);
#3210=B_SPLINE_SURFACE_WITH_KNOTS('',3,3,((#6490,#6491,#6492,#6493,#6494),
(#6495,#6496,#6497,#6498,#6499),(#6500,#6501,#6502,#6503,#6504),(#6505,
#6506,#6507,#6508,#6509),(#6510,#6511,#6512,#6513,#6514)),.UNSPECIFIED.,
 .F.,.F.,.F.,(4,1,4),(4,1,4),(0.,0.571428571428571,1.),(0.,0.0154105833408401,
0.0308211666816802),.UNSPECIFIED.);
#3211=B_SPLINE_SURFACE_WITH_KNOTS('',3,3,((#6522,#6523,#6524,#6525),(#6526,
#6527,#6528,#6529),(#6530,#6531,#6532,#6533),(#6534,#6535,#6536,#6537),
(#6538,#6539,#6540,#6541)),.UNSPECIFIED.,.F.,.F.,.F.,(4,1,4),(4,4),(0.,
0.571428571428571,1.),(0.,0.848695966753683),.UNSPECIFIED.);
#3212=B_SPLINE_SURFACE_WITH_KNOTS('',3,3,((#6548,#6549,#6550,#6551,#6552),
(#6553,#6554,#6555,#6556,#6557),(#6558,#6559,#6560,#6561,#6562),(#6563,
#6564,#6565,#6566,#6567),(#6568,#6569,#6570,#6571,#6572)),.UNSPECIFIED.,
 .F.,.F.,.F.,(4,1,4),(4,1,4),(0.,0.571428571428571,1.),(0.,0.0533212199975255,
0.124416179994226),.UNSPECIFIED.);
#3213=B_SPLINE_SURFACE_WITH_KNOTS('',3,3,((#6584,#6585,#6586,#6587,#6588),
(#6589,#6590,#6591,#6592,#6593),(#6594,#6595,#6596,#6597,#6598),(#6599,
#6600,#6601,#6602,#6603),(#6604,#6605,#6606,#6607,#6608)),.UNSPECIFIED.,
 .F.,.F.,.F.,(4,1,4),(4,1,4),(0.,0.571428571428571,1.),(0.,0.0710949373649275,
0.124416140388623),.UNSPECIFIED.);
#3214=B_SPLINE_SURFACE_WITH_KNOTS('',3,3,((#6616,#6617,#6618,#6619),(#6620,
#6621,#6622,#6623),(#6624,#6625,#6626,#6627),(#6628,#6629,#6630,#6631),
(#6632,#6633,#6634,#6635)),.UNSPECIFIED.,.F.,.F.,.F.,(4,1,4),(4,4),(0.,
0.571428571428571,1.),(1.42895612202066E-16,0.848695966753682),
 .UNSPECIFIED.);
#3215=B_SPLINE_SURFACE_WITH_KNOTS('',3,3,((#6642,#6643,#6644,#6645,#6646),
(#6647,#6648,#6649,#6650,#6651),(#6652,#6653,#6654,#6655,#6656),(#6657,
#6658,#6659,#6660,#6661),(#6662,#6663,#6664,#6665,#6666)),.UNSPECIFIED.,
 .F.,.F.,.F.,(4,1,4),(4,1,4),(0.,0.571428571428571,1.),(0.,0.0154105824249594,
0.0308211648499188),.UNSPECIFIED.);
#3216=B_SPLINE_SURFACE_WITH_KNOTS('',3,3,((#6678,#6679,#6680,#6681,#6682),
(#6683,#6684,#6685,#6686,#6687),(#6688,#6689,#6690,#6691,#6692),(#6693,
#6694,#6695,#6696,#6697),(#6698,#6699,#6700,#6701,#6702)),.UNSPECIFIED.,
 .F.,.F.,.F.,(4,1,4),(4,1,4),(0.,0.571428571428571,1.),(0.,0.0154105833371991,
0.0308211666743983),.UNSPECIFIED.);
#3217=B_SPLINE_SURFACE_WITH_KNOTS('',3,3,((#6710,#6711,#6712,#6713),(#6714,
#6715,#6716,#6717),(#6718,#6719,#6720,#6721),(#6722,#6723,#6724,#6725),
(#6726,#6727,#6728,#6729)),.UNSPECIFIED.,.F.,.F.,.F.,(4,1,4),(4,4),(0.,
0.571428571428571,1.),(0.,0.848695966753682),.UNSPECIFIED.);
#3218=B_SPLINE_SURFACE_WITH_KNOTS('',3,3,((#6736,#6737,#6738,#6739,#6740),
(#6741,#6742,#6743,#6744,#6745),(#6746,#6747,#6748,#6749,#6750),(#6751,
#6752,#6753,#6754,#6755),(#6756,#6757,#6758,#6759,#6760)),.UNSPECIFIED.,
 .F.,.F.,.F.,(4,1,4),(4,1,4),(0.,0.571428571428571,1.),(0.,0.0533212199975256,
0.124416179994226),.UNSPECIFIED.);
#3219=B_SPLINE_SURFACE_WITH_KNOTS('',3,3,((#6772,#6773,#6774,#6775,#6776),
(#6777,#6778,#6779,#6780,#6781),(#6782,#6783,#6784,#6785,#6786),(#6787,
#6788,#6789,#6790,#6791),(#6792,#6793,#6794,#6795,#6796)),.UNSPECIFIED.,
 .F.,.F.,.F.,(4,1,4),(4,1,4),(0.,0.571428571428571,1.),(0.,0.0533212030237182,
0.124416140388676),.UNSPECIFIED.);
#3220=B_SPLINE_SURFACE_WITH_KNOTS('',3,3,((#6804,#6805,#6806,#6807),(#6808,
#6809,#6810,#6811),(#6812,#6813,#6814,#6815),(#6816,#6817,#6818,#6819),
(#6820,#6821,#6822,#6823)),.UNSPECIFIED.,.F.,.F.,.F.,(4,1,4),(4,4),(0.,
0.571428571428571,1.),(1.58150662270072E-16,0.848695966753681),
 .UNSPECIFIED.);
#3221=B_SPLINE_SURFACE_WITH_KNOTS('',3,3,((#6830,#6831,#6832,#6833,#6834),
(#6835,#6836,#6837,#6838,#6839),(#6840,#6841,#6842,#6843,#6844),(#6845,
#6846,#6847,#6848,#6849),(#6850,#6851,#6852,#6853,#6854)),.UNSPECIFIED.,
 .F.,.F.,.F.,(4,1,4),(4,1,4),(0.,0.571428571428571,1.),(0.,0.0154105823796328,
0.0308211647592656),.UNSPECIFIED.);
#3222=B_SPLINE_SURFACE_WITH_KNOTS('',3,3,((#6866,#6867,#6868,#6869,#6870),
(#6871,#6872,#6873,#6874,#6875),(#6876,#6877,#6878,#6879,#6880),(#6881,
#6882,#6883,#6884,#6885),(#6886,#6887,#6888,#6889,#6890)),.UNSPECIFIED.,
 .F.,.F.,.F.,(4,1,4),(4,1,4),(0.,0.571428571428571,1.),(0.,0.0154105833910578,
0.0308211667821156),.UNSPECIFIED.);
#3223=B_SPLINE_SURFACE_WITH_KNOTS('',3,3,((#6898,#6899,#6900,#6901),(#6902,
#6903,#6904,#6905),(#6906,#6907,#6908,#6909),(#6910,#6911,#6912,#6913),
(#6914,#6915,#6916,#6917)),.UNSPECIFIED.,.F.,.F.,.F.,(4,1,4),(4,4),(0.,
0.571428571428571,1.),(0.,0.848695966753682),.UNSPECIFIED.);
#3224=B_SPLINE_SURFACE_WITH_KNOTS('',3,3,((#6924,#6925,#6926,#6927,#6928),
(#6929,#6930,#6931,#6932,#6933),(#6934,#6935,#6936,#6937,#6938),(#6939,
#6940,#6941,#6942,#6943),(#6944,#6945,#6946,#6947,#6948)),.UNSPECIFIED.,
 .F.,.F.,.F.,(4,1,4),(4,1,4),(0.,0.571428571428571,1.),(0.,0.0533212199975256,
0.124416179994226),.UNSPECIFIED.);
#3225=B_SPLINE_SURFACE_WITH_KNOTS('',3,3,((#6960,#6961,#6962,#6963,#6964),
(#6965,#6966,#6967,#6968,#6969),(#6970,#6971,#6972,#6973,#6974),(#6975,
#6976,#6977,#6978,#6979),(#6980,#6981,#6982,#6983,#6984)),.UNSPECIFIED.,
 .F.,.F.,.F.,(4,1,4),(4,1,4),(0.,0.571428571428571,1.),(0.,0.0533212030236494,
0.124416140388515),.UNSPECIFIED.);
#3226=B_SPLINE_SURFACE_WITH_KNOTS('',3,3,((#6992,#6993,#6994,#6995),(#6996,
#6997,#6998,#6999),(#7000,#7001,#7002,#7003),(#7004,#7005,#7006,#7007),
(#7008,#7009,#7010,#7011)),.UNSPECIFIED.,.F.,.F.,.F.,(4,1,4),(4,4),(0.,
0.571428571428571,1.),(3.73305425913546E-16,0.848695966753682),
 .UNSPECIFIED.);
#3227=B_SPLINE_SURFACE_WITH_KNOTS('',3,3,((#7018,#7019,#7020,#7021,#7022),
(#7023,#7024,#7025,#7026,#7027),(#7028,#7029,#7030,#7031,#7032),(#7033,
#7034,#7035,#7036,#7037),(#7038,#7039,#7040,#7041,#7042)),.UNSPECIFIED.,
 .F.,.F.,.F.,(4,1,4),(4,1,4),(0.,0.571428571428571,1.),(0.,0.0154105824190242,
0.0308211648380485),.UNSPECIFIED.);
#3228=B_SPLINE_SURFACE_WITH_KNOTS('',3,3,((#7054,#7055,#7056,#7057,#7058),
(#7059,#7060,#7061,#7062,#7063),(#7064,#7065,#7066,#7067,#7068),(#7069,
#7070,#7071,#7072,#7073),(#7074,#7075,#7076,#7077,#7078)),.UNSPECIFIED.,
 .F.,.F.,.F.,(4,1,4),(4,1,4),(0.,0.571428571428571,1.),(0.,0.0154105833261315,
0.030821166652263),.UNSPECIFIED.);
#3229=B_SPLINE_SURFACE_WITH_KNOTS('',3,3,((#7086,#7087,#7088,#7089),(#7090,
#7091,#7092,#7093),(#7094,#7095,#7096,#7097),(#7098,#7099,#7100,#7101),
(#7102,#7103,#7104,#7105)),.UNSPECIFIED.,.F.,.F.,.F.,(4,1,4),(4,4),(0.,
0.571428571428571,1.),(4.71031005270307E-17,0.848695966753682),
 .UNSPECIFIED.);
#3230=B_SPLINE_SURFACE_WITH_KNOTS('',3,3,((#7112,#7113,#7114,#7115,#7116),
(#7117,#7118,#7119,#7120,#7121),(#7122,#7123,#7124,#7125,#7126),(#7127,
#7128,#7129,#7130,#7131),(#7132,#7133,#7134,#7135,#7136)),.UNSPECIFIED.,
 .F.,.F.,.F.,(4,1,4),(4,1,4),(0.,0.571428571428571,1.),(0.,0.0533212199975254,
0.124416179994226),.UNSPECIFIED.);
#3231=B_SPLINE_SURFACE_WITH_KNOTS('',3,3,((#7148,#7149,#7150,#7151,#7152),
(#7153,#7154,#7155,#7156,#7157),(#7158,#7159,#7160,#7161,#7162),(#7163,
#7164,#7165,#7166,#7167),(#7168,#7169,#7170,#7171,#7172)),.UNSPECIFIED.,
 .F.,.F.,.F.,(4,1,4),(4,1,4),(0.,0.571428571428571,1.),(0.,0.053321203023718,
0.124416140388675),.UNSPECIFIED.);
#3232=B_SPLINE_SURFACE_WITH_KNOTS('',3,3,((#7180,#7181,#7182,#7183),(#7184,
#7185,#7186,#7187),(#7188,#7189,#7190,#7191),(#7192,#7193,#7194,#7195),
(#7196,#7197,#7198,#7199)),.UNSPECIFIED.,.F.,.F.,.F.,(4,1,4),(4,4),(0.,
0.571428571428571,1.),(0.,0.848695966753681),.UNSPECIFIED.);
#3233=B_SPLINE_SURFACE_WITH_KNOTS('',3,3,((#7206,#7207,#7208,#7209,#7210),
(#7211,#7212,#7213,#7214,#7215),(#7216,#7217,#7218,#7219,#7220),(#7221,
#7222,#7223,#7224,#7225),(#7226,#7227,#7228,#7229,#7230)),.UNSPECIFIED.,
 .F.,.F.,.F.,(4,1,4),(4,1,4),(0.,0.571428571428571,1.),(0.,0.0154105824142703,
0.0308211648285407),.UNSPECIFIED.);
#3234=B_SPLINE_SURFACE_WITH_KNOTS('',3,3,((#7240,#7241,#7242,#7243),(#7244,
#7245,#7246,#7247),(#7248,#7249,#7250,#7251),(#7252,#7253,#7254,#7255),
(#7256,#7257,#7258,#7259)),.UNSPECIFIED.,.F.,.F.,.F.,(4,1,4),(4,4),(0.,
0.571428571428571,1.),(0.373407865407041,1.41668171206612),
 .UNSPECIFIED.);
#3235=B_SPLINE_SURFACE_WITH_KNOTS('',3,3,((#7270,#7271,#7272,#7273,#7274),
(#7275,#7276,#7277,#7278,#7279),(#7280,#7281,#7282,#7283,#7284),(#7285,
#7286,#7287,#7288,#7289),(#7290,#7291,#7292,#7293,#7294)),.UNSPECIFIED.,
 .F.,.F.,.F.,(4,1,4),(4,1,4),(0.,0.571428571428571,1.),(0.,0.0133469114739034,
0.031142793439108),.UNSPECIFIED.);
#3236=B_SPLINE_SURFACE_WITH_KNOTS('',3,3,((#7322,#7323,#7324,#7325,#7326),
(#7327,#7328,#7329,#7330,#7331),(#7332,#7333,#7334,#7335,#7336),(#7337,
#7338,#7339,#7340,#7341),(#7342,#7343,#7344,#7345,#7346)),.UNSPECIFIED.,
 .F.,.F.,.F.,(4,1,4),(4,1,4),(0.,0.571428571428571,1.),(5.75340287704397E-16,
0.0177958822071914,0.0311427938625846),.UNSPECIFIED.);
#3237=B_SPLINE_SURFACE_WITH_KNOTS('',3,3,((#7366,#7367,#7368,#7369),(#7370,
#7371,#7372,#7373),(#7374,#7375,#7376,#7377),(#7378,#7379,#7380,#7381),
(#7382,#7383,#7384,#7385)),.UNSPECIFIED.,.F.,.F.,.F.,(4,1,4),(4,4),(0.,
0.571428571428571,1.),(0.0192408811528636,1.06251472781194),
 .UNSPECIFIED.);
#3238=B_SPLINE_SURFACE_WITH_KNOTS('',3,3,((#7390,#7391,#7392,#7393),(#7394,
#7395,#7396,#7397),(#7398,#7399,#7400,#7401),(#7402,#7403,#7404,#7405),
(#7406,#7407,#7408,#7409)),.UNSPECIFIED.,.F.,.F.,.F.,(4,1,4),(4,4),(0.,
0.571428571428571,1.),(2.69150052102352,2.80840180287666),.UNSPECIFIED.);
#3239=B_SPLINE_SURFACE_WITH_KNOTS('',3,3,((#7418,#7419,#7420,#7421),(#7422,
#7423,#7424,#7425),(#7426,#7427,#7428,#7429),(#7430,#7431,#7432,#7433),
(#7434,#7435,#7436,#7437)),.UNSPECIFIED.,.F.,.F.,.F.,(4,1,4),(4,4),(0.,
0.571428571428571,1.),(1.17050099480387,1.4184748051879),.UNSPECIFIED.);
#3240=B_SPLINE_SURFACE_WITH_KNOTS('',3,3,((#7495,#7496,#7497,#7498),(#7499,
#7500,#7501,#7502),(#7503,#7504,#7505,#7506),(#7507,#7508,#7509,#7510),
(#7511,#7512,#7513,#7514)),.UNSPECIFIED.,.F.,.F.,.F.,(4,1,4),(4,4),(0.,
0.571428571428571,1.),(0.165763292584664,0.219982314544374),
 .UNSPECIFIED.);
#3241=B_SPLINE_SURFACE_WITH_KNOTS('',3,3,((#7569,#7570,#7571,#7572),(#7573,
#7574,#7575,#7576),(#7577,#7578,#7579,#7580),(#7581,#7582,#7583,#7584),
(#7585,#7586,#7587,#7588)),.UNSPECIFIED.,.F.,.F.,.F.,(4,1,4),(4,4),(0.,
0.571428571428571,1.),(0.151436034892196,0.205655056666043),
 .UNSPECIFIED.);
#3242=B_SPLINE_SURFACE_WITH_KNOTS('',3,3,((#7678,#7679,#7680,#7681),(#7682,
#7683,#7684,#7685),(#7686,#7687,#7688,#7689),(#7690,#7691,#7692,#7693),
(#7694,#7695,#7696,#7697)),.UNSPECIFIED.,.F.,.F.,.F.,(4,1,4),(4,4),(0.,
0.571428571428571,1.),(0.150718930341628,0.204937952914582),
 .UNSPECIFIED.);
#3243=B_SPLINE_SURFACE_WITH_KNOTS('',3,3,((#7752,#7753,#7754,#7755),(#7756,
#7757,#7758,#7759),(#7760,#7761,#7762,#7763),(#7764,#7765,#7766,#7767),
(#7768,#7769,#7770,#7771)),.UNSPECIFIED.,.F.,.F.,.F.,(4,1,4),(4,4),(0.,
0.571428571428571,1.),(0.107179190016188,0.161398211779991),
 .UNSPECIFIED.);
#3244=B_SPLINE_SURFACE_WITH_KNOTS('',3,3,((#7861,#7862,#7863,#7864),(#7865,
#7866,#7867,#7868),(#7869,#7870,#7871,#7872),(#7873,#7874,#7875,#7876),
(#7877,#7878,#7879,#7880)),.UNSPECIFIED.,.F.,.F.,.F.,(4,1,4),(4,4),(0.,
0.571428571428571,1.),(0.120754965740207,0.174973987570809),
 .UNSPECIFIED.);
#3245=B_SPLINE_SURFACE_WITH_KNOTS('',3,3,((#7935,#7936,#7937,#7938),(#7939,
#7940,#7941,#7942),(#7943,#7944,#7945,#7946),(#7947,#7948,#7949,#7950),
(#7951,#7952,#7953,#7954)),.UNSPECIFIED.,.F.,.F.,.F.,(4,1,4),(4,4),(0.,
0.571428571428571,1.),(0.137559568152603,0.191778589922514),
 .UNSPECIFIED.);
#3246=B_SPLINE_SURFACE_WITH_KNOTS('',3,3,((#8044,#8045,#8046,#8047),(#8048,
#8049,#8050,#8051),(#8052,#8053,#8054,#8055),(#8056,#8057,#8058,#8059),
(#8060,#8061,#8062,#8063)),.UNSPECIFIED.,.F.,.F.,.F.,(4,1,4),(4,4),(0.,
0.571428571428571,1.),(0.177197073660906,0.231416095761998),
 .UNSPECIFIED.);
#3247=B_SPLINE_SURFACE_WITH_KNOTS('',3,3,((#8118,#8119,#8120,#8121),(#8122,
#8123,#8124,#8125),(#8126,#8127,#8128,#8129),(#8130,#8131,#8132,#8133),
(#8134,#8135,#8136,#8137)),.UNSPECIFIED.,.F.,.F.,.F.,(4,1,4),(4,4),(0.,
0.571428571428571,1.),(0.13991208787801,0.194131109624815),
 .UNSPECIFIED.);
#3248=B_SPLINE_SURFACE_WITH_KNOTS('',3,3,((#8429,#8430,#8431,#8432),(#8433,
#8434,#8435,#8436),(#8437,#8438,#8439,#8440),(#8441,#8442,#8443,#8444),
(#8445,#8446,#8447,#8448)),.UNSPECIFIED.,.F.,.F.,.F.,(4,1,4),(4,4),(0.,
0.571428571428571,1.),(0.151222937062189,0.205441958838115),
 .UNSPECIFIED.);
#3249=B_SPLINE_SURFACE_WITH_KNOTS('',3,3,((#8503,#8504,#8505,#8506),(#8507,
#8508,#8509,#8510),(#8511,#8512,#8513,#8514),(#8515,#8516,#8517,#8518),
(#8519,#8520,#8521,#8522)),.UNSPECIFIED.,.F.,.F.,.F.,(4,1,4),(4,4),(0.,
0.571428571428571,1.),(0.163541872182389,0.217760894120845),
 .UNSPECIFIED.);
#3250=B_SPLINE_SURFACE_WITH_KNOTS('',3,3,((#8562,#8563,#8564,#8565),(#8566,
#8567,#8568,#8569),(#8570,#8571,#8572,#8573),(#8574,#8575,#8576,#8577),
(#8578,#8579,#8580,#8581)),.UNSPECIFIED.,.F.,.F.,.F.,(4,1,4),(4,4),(0.,
0.571428571428571,1.),(0.110069874480176,0.164288896249593),
 .UNSPECIFIED.);
#3251=B_SPLINE_SURFACE_WITH_KNOTS('',3,3,((#8636,#8637,#8638,#8639),(#8640,
#8641,#8642,#8643),(#8644,#8645,#8646,#8647),(#8648,#8649,#8650,#8651),
(#8652,#8653,#8654,#8655)),.UNSPECIFIED.,.F.,.F.,.F.,(4,1,4),(4,4),(0.,
0.571428571428571,1.),(0.153678489278182,0.207897511848278),
 .UNSPECIFIED.);
#3252=B_SPLINE_SURFACE_WITH_KNOTS('',3,3,((#8695,#8696,#8697,#8698),(#8699,
#8700,#8701,#8702),(#8703,#8704,#8705,#8706),(#8707,#8708,#8709,#8710),
(#8711,#8712,#8713,#8714)),.UNSPECIFIED.,.F.,.F.,.F.,(4,1,4),(4,4),(0.,
0.571428571428571,1.),(0.135723967225209,0.189942988992233),
 .UNSPECIFIED.);
#3253=B_SPLINE_SURFACE_WITH_KNOTS('',3,3,((#8769,#8770,#8771,#8772),(#8773,
#8774,#8775,#8776),(#8777,#8778,#8779,#8780),(#8781,#8782,#8783,#8784),
(#8785,#8786,#8787,#8788)),.UNSPECIFIED.,.F.,.F.,.F.,(4,1,4),(4,4),(0.,
0.571428571428571,1.),(0.116564232165359,0.170783253992419),
 .UNSPECIFIED.);
#3254=B_SPLINE_SURFACE_WITH_KNOTS('',3,3,((#8828,#8829,#8830,#8831),(#8832,
#8833,#8834,#8835),(#8836,#8837,#8838,#8839),(#8840,#8841,#8842,#8843),
(#8844,#8845,#8846,#8847)),.UNSPECIFIED.,.F.,.F.,.F.,(4,1,4),(4,4),(0.,
0.571428571428571,1.),(0.141508824582103,0.195727846331412),
 .UNSPECIFIED.);
#3255=B_SPLINE_SURFACE_WITH_KNOTS('',3,3,((#8907,#8908,#8909,#8910),(#8911,
#8912,#8913,#8914),(#8915,#8916,#8917,#8918),(#8919,#8920,#8921,#8922),
(#8923,#8924,#8925,#8926)),.UNSPECIFIED.,.F.,.F.,.F.,(4,1,4),(4,4),(0.,
0.571428571428571,1.),(0.177751655138101,0.231970677224161),
 .UNSPECIFIED.);
#3256=B_SPLINE_SURFACE_WITH_KNOTS('',3,3,((#8997,#8998,#8999,#9000),(#9001,
#9002,#9003,#9004),(#9005,#9006,#9007,#9008),(#9009,#9010,#9011,#9012),
(#9013,#9014,#9015,#9016)),.UNSPECIFIED.,.F.,.F.,.F.,(4,1,4),(4,4),(0.,
0.571428571428571,1.),(0.0190538813445758,1.42010378142252),
 .UNSPECIFIED.);
#3257=B_SPLINE_SURFACE_WITH_KNOTS('',3,3,((#9021,#9022,#9023,#9024),(#9025,
#9026,#9027,#9028),(#9029,#9030,#9031,#9032),(#9033,#9034,#9035,#9036),
(#9037,#9038,#9039,#9040)),.UNSPECIFIED.,.F.,.F.,.F.,(4,1,4),(4,4),(0.,
0.571428571428571,1.),(0.0202797045798581,1.42132960465774),
 .UNSPECIFIED.);
#3258=ADVANCED_FACE('',(#371),#3173,.F.);
#3259=ADVANCED_FACE('',(#372),#3174,.F.);
#3260=ADVANCED_FACE('',(#373),#363,.T.);
#3261=ADVANCED_FACE('',(#374),#3175,.F.);
#3262=ADVANCED_FACE('',(#375),#364,.T.);
#3263=ADVANCED_FACE('',(#376),#3176,.F.);
#3264=ADVANCED_FACE('',(#377),#338,.T.);
#3265=ADVANCED_FACE('',(#378),#3177,.F.);
#3266=ADVANCED_FACE('',(#379),#298,.T.);
#3267=ADVANCED_FACE('',(#380,#84),#339,.F.);
#3268=ADVANCED_FACE('',(#381),#299,.T.);
#3269=ADVANCED_FACE('',(#382),#46,.F.);
#3270=ADVANCED_FACE('',(#383),#300,.F.);
#3271=ADVANCED_FACE('',(#384),#21,.T.);
#3272=ADVANCED_FACE('',(#385),#301,.F.);
#3273=ADVANCED_FACE('',(#386),#302,.F.);
#3274=ADVANCED_FACE('',(#387),#22,.T.);
#3275=ADVANCED_FACE('',(#388),#303,.F.);
#3276=ADVANCED_FACE('',(#389),#340,.T.);
#3277=ADVANCED_FACE('',(#390),#365,.T.);
#3278=ADVANCED_FACE('',(#391),#366,.T.);
#3279=ADVANCED_FACE('',(#392),#47,.T.);
#3280=ADVANCED_FACE('',(#393),#3178,.F.);
#3281=ADVANCED_FACE('',(#394),#23,.T.);
#3282=ADVANCED_FACE('',(#395),#3179,.F.);
#3283=ADVANCED_FACE('',(#396),#48,.T.);
#3284=ADVANCED_FACE('',(#397),#367,.T.);
#3285=ADVANCED_FACE('',(#398),#368,.T.);
#3286=ADVANCED_FACE('',(#399),#24,.T.);
#3287=ADVANCED_FACE('',(#400),#3180,.F.);
#3288=ADVANCED_FACE('',(#401),#3181,.F.);
#3289=ADVANCED_FACE('',(#402),#3182,.F.);
#3290=ADVANCED_FACE('',(#403),#25,.F.);
#3291=ADVANCED_FACE('',(#404),#3183,.F.);
#3292=ADVANCED_FACE('',(#405),#369,.T.);
#3293=ADVANCED_FACE('',(#406),#370,.T.);
#3294=ADVANCED_FACE('',(#407),#26,.T.);
#3295=ADVANCED_FACE('',(#408),#3184,.F.);
#3296=ADVANCED_FACE('',(#409),#3185,.F.);
#3297=ADVANCED_FACE('',(#410),#3186,.F.);
#3298=ADVANCED_FACE('',(#411),#27,.T.);
#3299=ADVANCED_FACE('',(#412),#3187,.F.);
#3300=ADVANCED_FACE('',(#413),#3188,.F.);
#3301=ADVANCED_FACE('',(#414),#3189,.F.);
#3302=ADVANCED_FACE('',(#415),#28,.T.);
#3303=ADVANCED_FACE('',(#416),#3190,.F.);
#3304=ADVANCED_FACE('',(#417),#3191,.F.);
#3305=ADVANCED_FACE('',(#418),#3192,.F.);
#3306=ADVANCED_FACE('',(#419),#29,.T.);
#3307=ADVANCED_FACE('',(#420),#3193,.F.);
#3308=ADVANCED_FACE('',(#421),#3194,.F.);
#3309=ADVANCED_FACE('',(#422),#3195,.F.);
#3310=ADVANCED_FACE('',(#423),#30,.T.);
#3311=ADVANCED_FACE('',(#424),#3196,.F.);
#3312=ADVANCED_FACE('',(#425),#3197,.F.);
#3313=ADVANCED_FACE('',(#426),#3198,.F.);
#3314=ADVANCED_FACE('',(#427),#31,.T.);
#3315=ADVANCED_FACE('',(#428),#3199,.F.);
#3316=ADVANCED_FACE('',(#429),#3200,.F.);
#3317=ADVANCED_FACE('',(#430),#3201,.F.);
#3318=ADVANCED_FACE('',(#431),#32,.T.);
#3319=ADVANCED_FACE('',(#432),#3202,.F.);
#3320=ADVANCED_FACE('',(#433),#3203,.F.);
#3321=ADVANCED_FACE('',(#434),#3204,.F.);
#3322=ADVANCED_FACE('',(#435),#33,.T.);
#3323=ADVANCED_FACE('',(#436),#3205,.F.);
#3324=ADVANCED_FACE('',(#437),#3206,.F.);
#3325=ADVANCED_FACE('',(#438),#3207,.F.);
#3326=ADVANCED_FACE('',(#439),#34,.T.);
#3327=ADVANCED_FACE('',(#440),#3208,.F.);
#3328=ADVANCED_FACE('',(#441),#3209,.F.);
#3329=ADVANCED_FACE('',(#442),#35,.T.);
#3330=ADVANCED_FACE('',(#443),#3210,.F.);
#3331=ADVANCED_FACE('',(#444),#3211,.F.);
#3332=ADVANCED_FACE('',(#445),#3212,.F.);
#3333=ADVANCED_FACE('',(#446),#36,.T.);
#3334=ADVANCED_FACE('',(#447),#3213,.F.);
#3335=ADVANCED_FACE('',(#448),#3214,.F.);
#3336=ADVANCED_FACE('',(#449),#3215,.F.);
#3337=ADVANCED_FACE('',(#450),#37,.T.);
#3338=ADVANCED_FACE('',(#451),#3216,.F.);
#3339=ADVANCED_FACE('',(#452),#3217,.F.);
#3340=ADVANCED_FACE('',(#453),#3218,.F.);
#3341=ADVANCED_FACE('',(#454),#38,.T.);
#3342=ADVANCED_FACE('',(#455),#3219,.F.);
#3343=ADVANCED_FACE('',(#456),#3220,.F.);
#3344=ADVANCED_FACE('',(#457),#3221,.F.);
#3345=ADVANCED_FACE('',(#458),#39,.T.);
#3346=ADVANCED_FACE('',(#459),#3222,.F.);
#3347=ADVANCED_FACE('',(#460),#3223,.F.);
#3348=ADVANCED_FACE('',(#461),#3224,.F.);
#3349=ADVANCED_FACE('',(#462),#40,.T.);
#3350=ADVANCED_FACE('',(#463),#3225,.F.);
#3351=ADVANCED_FACE('',(#464),#3226,.F.);
#3352=ADVANCED_FACE('',(#465),#3227,.F.);
#3353=ADVANCED_FACE('',(#466),#41,.T.);
#3354=ADVANCED_FACE('',(#467),#3228,.F.);
#3355=ADVANCED_FACE('',(#468),#3229,.F.);
#3356=ADVANCED_FACE('',(#469),#3230,.F.);
#3357=ADVANCED_FACE('',(#470),#42,.T.);
#3358=ADVANCED_FACE('',(#471),#3231,.F.);
#3359=ADVANCED_FACE('',(#472),#3232,.F.);
#3360=ADVANCED_FACE('',(#473),#3233,.F.);
#3361=ADVANCED_FACE('',(#474),#43,.T.);
#3362=ADVANCED_FACE('',(#475),#3234,.F.);
#3363=ADVANCED_FACE('',(#476),#49,.T.);
#3364=ADVANCED_FACE('',(#477),#3235,.F.);
#3365=ADVANCED_FACE('',(#478),#44,.T.);
#3366=ADVANCED_FACE('',(#479),#3236,.F.);
#3367=ADVANCED_FACE('',(#480),#50,.T.);
#3368=ADVANCED_FACE('',(#481),#3237,.F.);
#3369=ADVANCED_FACE('',(#482),#3238,.F.);
#3370=ADVANCED_FACE('',(#483),#3239,.F.);
#3371=ADVANCED_FACE('',(#484),#45,.T.);
#3372=ADVANCED_FACE('',(#485),#304,.T.);
#3373=ADVANCED_FACE('',(#486),#51,.T.);
#3374=ADVANCED_FACE('',(#487),#52,.T.);
#3375=ADVANCED_FACE('',(#488),#305,.T.);
#3376=ADVANCED_FACE('',(#489),#3240,.T.);
#3377=ADVANCED_FACE('',(#490),#341,.F.);
#3378=ADVANCED_FACE('',(#491),#3241,.T.);
#3379=ADVANCED_FACE('',(#492),#306,.F.);
#3380=ADVANCED_FACE('',(#493),#53,.T.);
#3381=ADVANCED_FACE('',(#494),#54,.T.);
#3382=ADVANCED_FACE('',(#495),#307,.T.);
#3383=ADVANCED_FACE('',(#496),#3242,.T.);
#3384=ADVANCED_FACE('',(#497),#342,.F.);
#3385=ADVANCED_FACE('',(#498),#3243,.T.);
#3386=ADVANCED_FACE('',(#499),#308,.F.);
#3387=ADVANCED_FACE('',(#500),#55,.T.);
#3388=ADVANCED_FACE('',(#501),#56,.T.);
#3389=ADVANCED_FACE('',(#502),#309,.T.);
#3390=ADVANCED_FACE('',(#503),#3244,.T.);
#3391=ADVANCED_FACE('',(#504),#343,.F.);
#3392=ADVANCED_FACE('',(#505),#3245,.T.);
#3393=ADVANCED_FACE('',(#506),#310,.F.);
#3394=ADVANCED_FACE('',(#507),#57,.T.);
#3395=ADVANCED_FACE('',(#508),#58,.T.);
#3396=ADVANCED_FACE('',(#509),#311,.T.);
#3397=ADVANCED_FACE('',(#510),#3246,.T.);
#3398=ADVANCED_FACE('',(#511),#344,.F.);
#3399=ADVANCED_FACE('',(#512),#3247,.T.);
#3400=ADVANCED_FACE('',(#513),#312,.F.);
#3401=ADVANCED_FACE('',(#514),#59,.T.);
#3402=ADVANCED_FACE('',(#515,#85),#313,.F.);
#3403=ADVANCED_FACE('',(#516),#345,.T.);
#3404=ADVANCED_FACE('',(#517),#346,.T.);
#3405=ADVANCED_FACE('',(#518),#60,.T.);
#3406=ADVANCED_FACE('',(#519,#86),#314,.F.);
#3407=ADVANCED_FACE('',(#520),#61,.T.);
#3408=ADVANCED_FACE('',(#521),#315,.T.);
#3409=ADVANCED_FACE('',(#522),#62,.T.);
#3410=ADVANCED_FACE('',(#523),#316,.F.);
#3411=ADVANCED_FACE('',(#524),#63,.T.);
#3412=ADVANCED_FACE('',(#525),#317,.T.);
#3413=ADVANCED_FACE('',(#526),#64,.T.);
#3414=ADVANCED_FACE('',(#527),#65,.T.);
#3415=ADVANCED_FACE('',(#528),#66,.T.);
#3416=ADVANCED_FACE('',(#529),#67,.T.);
#3417=ADVANCED_FACE('',(#530),#318,.F.);
#3418=ADVANCED_FACE('',(#531),#68,.T.);
#3419=ADVANCED_FACE('',(#532),#347,.T.);
#3420=ADVANCED_FACE('',(#533),#319,.F.);
#3421=ADVANCED_FACE('',(#534),#320,.T.);
#3422=ADVANCED_FACE('',(#535),#3248,.T.);
#3423=ADVANCED_FACE('',(#536),#348,.F.);
#3424=ADVANCED_FACE('',(#537),#3249,.T.);
#3425=ADVANCED_FACE('',(#538),#349,.T.);
#3426=ADVANCED_FACE('',(#539),#350,.T.);
#3427=ADVANCED_FACE('',(#540),#3250,.T.);
#3428=ADVANCED_FACE('',(#541),#351,.F.);
#3429=ADVANCED_FACE('',(#542),#3251,.T.);
#3430=ADVANCED_FACE('',(#543),#352,.T.);
#3431=ADVANCED_FACE('',(#544),#353,.T.);
#3432=ADVANCED_FACE('',(#545),#3252,.T.);
#3433=ADVANCED_FACE('',(#546),#354,.F.);
#3434=ADVANCED_FACE('',(#547),#3253,.T.);
#3435=ADVANCED_FACE('',(#548),#355,.T.);
#3436=ADVANCED_FACE('',(#549),#356,.T.);
#3437=ADVANCED_FACE('',(#550),#3254,.T.);
#3438=ADVANCED_FACE('',(#551),#357,.F.);
#3439=ADVANCED_FACE('',(#552),#3255,.T.);
#3440=ADVANCED_FACE('',(#553),#358,.T.);
#3441=ADVANCED_FACE('',(#554),#359,.T.);
#3442=ADVANCED_FACE('',(#555),#321,.T.);
#3443=ADVANCED_FACE('',(#556),#322,.F.);
#3444=ADVANCED_FACE('',(#557),#360,.T.);
#3445=ADVANCED_FACE('',(#558),#69,.F.);
#3446=ADVANCED_FACE('',(#559),#70,.F.);
#3447=ADVANCED_FACE('',(#560),#71,.F.);
#3448=ADVANCED_FACE('',(#561),#72,.F.);
#3449=ADVANCED_FACE('',(#562),#323,.F.);
#3450=ADVANCED_FACE('',(#563),#3256,.T.);
#3451=ADVANCED_FACE('',(#564),#3257,.T.);
#3452=ADVANCED_FACE('',(#565),#361,.T.);
#3453=ADVANCED_FACE('',(#566),#324,.F.);
#3454=ADVANCED_FACE('',(#567),#325,.F.);
#3455=ADVANCED_FACE('',(#568,#87),#326,.F.);
#3456=ADVANCED_FACE('',(#569),#73,.F.);
#3457=ADVANCED_FACE('',(#570),#74,.F.);
#3458=ADVANCED_FACE('',(#571),#75,.F.);
#3459=ADVANCED_FACE('',(#572),#76,.F.);
#3460=ADVANCED_FACE('',(#573),#77,.T.);
#3461=ADVANCED_FACE('',(#574),#78,.T.);
#3462=ADVANCED_FACE('',(#575),#79,.T.);
#3463=ADVANCED_FACE('',(#576),#80,.T.);
#3464=ADVANCED_FACE('',(#577),#327,.F.);
#3465=ADVANCED_FACE('',(#578),#328,.F.);
#3466=ADVANCED_FACE('',(#579),#329,.F.);
#3467=ADVANCED_FACE('',(#580),#330,.F.);
#3468=ADVANCED_FACE('',(#581),#362,.F.);
#3469=ADVANCED_FACE('',(#582),#331,.F.);
#3470=ADVANCED_FACE('',(#583),#332,.F.);
#3471=ADVANCED_FACE('',(#584),#333,.T.);
#3472=ADVANCED_FACE('',(#585),#334,.T.);
#3473=ADVANCED_FACE('',(#586),#335,.T.);
#3474=ADVANCED_FACE('',(#587),#81,.T.);
#3475=ADVANCED_FACE('',(#588),#82,.F.);
#3476=ADVANCED_FACE('',(#589),#83,.T.);
#3477=ADVANCED_FACE('',(#590,#88),#336,.T.);
#3478=ADVANCED_FACE('',(#591,#89),#337,.F.);
#3479=CLOSED_SHELL('',(#3258,#3259,#3260,#3261,#3262,#3263,#3264,#3265,
#3266,#3267,#3268,#3269,#3270,#3271,#3272,#3273,#3274,#3275,#3276,#3277,
#3278,#3279,#3280,#3281,#3282,#3283,#3284,#3285,#3286,#3287,#3288,#3289,
#3290,#3291,#3292,#3293,#3294,#3295,#3296,#3297,#3298,#3299,#3300,#3301,
#3302,#3303,#3304,#3305,#3306,#3307,#3308,#3309,#3310,#3311,#3312,#3313,
#3314,#3315,#3316,#3317,#3318,#3319,#3320,#3321,#3322,#3323,#3324,#3325,
#3326,#3327,#3328,#3329,#3330,#3331,#3332,#3333,#3334,#3335,#3336,#3337,
#3338,#3339,#3340,#3341,#3342,#3343,#3344,#3345,#3346,#3347,#3348,#3349,
#3350,#3351,#3352,#3353,#3354,#3355,#3356,#3357,#3358,#3359,#3360,#3361,
#3362,#3363,#3364,#3365,#3366,#3367,#3368,#3369,#3370,#3371,#3372,#3373,
#3374,#3375,#3376,#3377,#3378,#3379,#3380,#3381,#3382,#3383,#3384,#3385,
#3386,#3387,#3388,#3389,#3390,#3391,#3392,#3393,#3394,#3395,#3396,#3397,
#3398,#3399,#3400,#3401,#3402,#3403,#3404,#3405,#3406,#3407,#3408,#3409,
#3410,#3411,#3412,#3413,#3414,#3415,#3416,#3417,#3418,#3419,#3420,#3421,
#3422,#3423,#3424,#3425,#3426,#3427,#3428,#3429,#3430,#3431,#3432,#3433,
#3434,#3435,#3436,#3437,#3438,#3439,#3440,#3441,#3442,#3443,#3444,#3445,
#3446,#3447,#3448,#3449,#3450,#3451,#3452,#3453,#3454));
#3480=CLOSED_SHELL('',(#3455,#3456,#3457,#3458,#3459,#3460,#3461,#3462,
#3463,#3464,#3465,#3466,#3467));
#3481=CLOSED_SHELL('',(#3468,#3469,#3470,#3471,#3472,#3473,#3474));
#3482=CLOSED_SHELL('',(#3475,#3476,#3477,#3478));
#3483=DERIVED_UNIT_ELEMENT(#3486,1.);
#3484=DERIVED_UNIT_ELEMENT(#9198,-3.);
#3485=DIMENSIONAL_EXPONENTS(0.,1.,0.,0.,0.,0.,0.);
#3486=(
CONVERSION_BASED_UNIT('gram',#3488)
MASS_UNIT()
NAMED_UNIT(#3485)
);
#3487=(
MASS_UNIT()
NAMED_UNIT(*)
SI_UNIT(.KILO.,.GRAM.)
);
#3488=MASS_MEASURE_WITH_UNIT(MASS_MEASURE(0.001),#3487);
#3489=DERIVED_UNIT((#3483,#3484));
#3490=MEASURE_REPRESENTATION_ITEM('density measure',
POSITIVE_RATIO_MEASURE(1.),#3489);
#3491=PROPERTY_DEFINITION_REPRESENTATION(#3496,#3493);
#3492=PROPERTY_DEFINITION_REPRESENTATION(#3497,#3494);
#3493=REPRESENTATION('material name',(#3495),#9195);
#3494=REPRESENTATION('density',(#3490),#9195);
#3495=DESCRIPTIVE_REPRESENTATION_ITEM('Generic','Generic');
#3496=PROPERTY_DEFINITION('material property','material name',#9205);
#3497=PROPERTY_DEFINITION('material property','density of part',#9205);
#3498=DATE_TIME_ROLE('creation_date');
#3499=APPLIED_DATE_AND_TIME_ASSIGNMENT(#3500,#3498,(#9205));
#3500=DATE_AND_TIME(#3501,#3502);
#3501=CALENDAR_DATE(2026,19,3);
#3502=LOCAL_TIME(0,0,0.,#3503);
#3503=COORDINATED_UNIVERSAL_TIME_OFFSET(0,0,.BEHIND.);
#3504=AXIS2_PLACEMENT_3D('',#4595,#3836,#3837);
#3505=AXIS2_PLACEMENT_3D('',#4618,#3838,#3839);
#3506=AXIS2_PLACEMENT_3D('',#4620,#3840,#3841);
#3507=AXIS2_PLACEMENT_3D('',#4641,#3842,#3843);
#3508=AXIS2_PLACEMENT_3D('',#4722,#3844,#3845);
#3509=AXIS2_PLACEMENT_3D('',#4737,#3846,#3847);
#3510=AXIS2_PLACEMENT_3D('',#4756,#3848,#3849);
#3511=AXIS2_PLACEMENT_3D('',#4757,#3850,#3851);
#3512=AXIS2_PLACEMENT_3D('',#4779,#3852,#3853);
#3513=AXIS2_PLACEMENT_3D('',#4781,#3854,#3855);
#3514=AXIS2_PLACEMENT_3D('',#4805,#3856,#3857);
#3515=AXIS2_PLACEMENT_3D('',#4806,#3858,#3859);
#3516=AXIS2_PLACEMENT_3D('',#4807,#3860,#3861);
#3517=AXIS2_PLACEMENT_3D('',#4834,#3862,#3863);
#3518=AXIS2_PLACEMENT_3D('',#4839,#3864,#3865);
#3519=AXIS2_PLACEMENT_3D('',#4852,#3866,#3867);
#3520=AXIS2_PLACEMENT_3D('',#4871,#3868,#3869);
#3521=AXIS2_PLACEMENT_3D('',#4890,#3870,#3871);
#3522=AXIS2_PLACEMENT_3D('',#4909,#3872,#3873);
#3523=AXIS2_PLACEMENT_3D('',#4928,#3874,#3875);
#3524=AXIS2_PLACEMENT_3D('',#4947,#3876,#3877);
#3525=AXIS2_PLACEMENT_3D('',#4966,#3878,#3879);
#3526=AXIS2_PLACEMENT_3D('',#4985,#3880,#3881);
#3527=AXIS2_PLACEMENT_3D('',#5004,#3882,#3883);
#3528=AXIS2_PLACEMENT_3D('',#5011,#3884,#3885);
#3529=AXIS2_PLACEMENT_3D('',#5018,#3886,#3887);
#3530=AXIS2_PLACEMENT_3D('',#5037,#3888,#3889);
#3531=AXIS2_PLACEMENT_3D('',#5056,#3890,#3891);
#3532=AXIS2_PLACEMENT_3D('',#5075,#3892,#3893);
#3533=AXIS2_PLACEMENT_3D('',#5094,#3894,#3895);
#3534=AXIS2_PLACEMENT_3D('',#5113,#3896,#3897);
#3535=AXIS2_PLACEMENT_3D('',#5132,#3898,#3899);
#3536=AXIS2_PLACEMENT_3D('',#5151,#3900,#3901);
#3537=AXIS2_PLACEMENT_3D('',#5170,#3902,#3903);
#3538=AXIS2_PLACEMENT_3D('',#5201,#3904,#3905);
#3539=AXIS2_PLACEMENT_3D('',#5202,#3906,#3907);
#3540=AXIS2_PLACEMENT_3D('',#5208,#3909,#3910);
#3541=AXIS2_PLACEMENT_3D('',#5210,#3911,#3912);
#3542=AXIS2_PLACEMENT_3D('',#5213,#3914,#3915);
#3543=AXIS2_PLACEMENT_3D('',#5254,#3916,#3917);
#3544=AXIS2_PLACEMENT_3D('',#5255,#3918,#3919);
#3545=AXIS2_PLACEMENT_3D('',#5277,#3921,#3922);
#3546=AXIS2_PLACEMENT_3D('',#5283,#3924,#3925);
#3547=AXIS2_PLACEMENT_3D('',#5297,#3926,#3927);
#3548=AXIS2_PLACEMENT_3D('',#5309,#3928,#3929);
#3549=AXIS2_PLACEMENT_3D('',#5310,#3930,#3931);
#3550=AXIS2_PLACEMENT_3D('',#5330,#3937,#3938);
#3551=AXIS2_PLACEMENT_3D('',#5331,#3939,#3940);
#3552=AXIS2_PLACEMENT_3D('',#5345,#3941,#3942);
#3553=AXIS2_PLACEMENT_3D('',#5357,#3943,#3944);
#3554=AXIS2_PLACEMENT_3D('',#5358,#3945,#3946);
#3555=AXIS2_PLACEMENT_3D('',#5381,#3952,#3953);
#3556=AXIS2_PLACEMENT_3D('',#5393,#3954,#3955);
#3557=AXIS2_PLACEMENT_3D('',#5394,#3956,#3957);
#3558=AXIS2_PLACEMENT_3D('',#5397,#3958,#3959);
#3559=AXIS2_PLACEMENT_3D('',#5399,#3960,#3961);
#3560=AXIS2_PLACEMENT_3D('',#5401,#3962,#3963);
#3561=AXIS2_PLACEMENT_3D('',#5403,#3964,#3965);
#3562=AXIS2_PLACEMENT_3D('',#5404,#3966,#3967);
#3563=AXIS2_PLACEMENT_3D('',#5405,#3968,#3969);
#3564=AXIS2_PLACEMENT_3D('',#5408,#3970,#3971);
#3565=AXIS2_PLACEMENT_3D('',#5410,#3972,#3973);
#3566=AXIS2_PLACEMENT_3D('',#5412,#3974,#3975);
#3567=AXIS2_PLACEMENT_3D('',#5413,#3976,#3977);
#3568=AXIS2_PLACEMENT_3D('',#5414,#3978,#3979);
#3569=AXIS2_PLACEMENT_3D('',#5417,#3980,#3981);
#3570=AXIS2_PLACEMENT_3D('',#5457,#3984,#3985);
#3571=AXIS2_PLACEMENT_3D('',#5463,#3986,#3987);
#3572=AXIS2_PLACEMENT_3D('',#5466,#3988,#3989);
#3573=AXIS2_PLACEMENT_3D('',#5467,#3990,#3991);
#3574=AXIS2_PLACEMENT_3D('',#5468,#3992,#3993);
#3575=AXIS2_PLACEMENT_3D('',#5506,#3994,#3995);
#3576=AXIS2_PLACEMENT_3D('',#5512,#3996,#3997);
#3577=AXIS2_PLACEMENT_3D('',#5515,#4000,#4001);
#3578=AXIS2_PLACEMENT_3D('',#5518,#4002,#4003);
#3579=AXIS2_PLACEMENT_3D('',#5520,#4004,#4005);
#3580=AXIS2_PLACEMENT_3D('',#5521,#4006,#4007);
#3581=AXIS2_PLACEMENT_3D('',#5522,#4008,#4009);
#3582=AXIS2_PLACEMENT_3D('',#5525,#4010,#4011);
#3583=AXIS2_PLACEMENT_3D('',#5527,#4012,#4013);
#3584=AXIS2_PLACEMENT_3D('',#5528,#4014,#4015);
#3585=AXIS2_PLACEMENT_3D('',#5529,#4016,#4017);
#3586=AXIS2_PLACEMENT_3D('',#5530,#4018,#4019);
#3587=AXIS2_PLACEMENT_3D('',#5531,#4020,#4021);
#3588=AXIS2_PLACEMENT_3D('',#5586,#4022,#4023);
#3589=AXIS2_PLACEMENT_3D('',#5592,#4024,#4025);
#3590=AXIS2_PLACEMENT_3D('',#5614,#4026,#4027);
#3591=AXIS2_PLACEMENT_3D('',#5621,#4028,#4029);
#3592=AXIS2_PLACEMENT_3D('',#5626,#4030,#4031);
#3593=AXIS2_PLACEMENT_3D('',#5627,#4032,#4033);
#3594=AXIS2_PLACEMENT_3D('',#5656,#4034,#4035);
#3595=AXIS2_PLACEMENT_3D('',#5658,#4036,#4037);
#3596=AXIS2_PLACEMENT_3D('',#5660,#4038,#4039);
#3597=AXIS2_PLACEMENT_3D('',#5661,#4040,#4041);
#3598=AXIS2_PLACEMENT_3D('',#5662,#4042,#4043);
#3599=AXIS2_PLACEMENT_3D('',#5665,#4044,#4045);
#3600=AXIS2_PLACEMENT_3D('',#5666,#4046,#4047);
#3601=AXIS2_PLACEMENT_3D('',#5667,#4048,#4049);
#3602=AXIS2_PLACEMENT_3D('',#5668,#4050,#4051);
#3603=AXIS2_PLACEMENT_3D('',#5670,#4052,#4053);
#3604=AXIS2_PLACEMENT_3D('',#5671,#4054,#4055);
#3605=AXIS2_PLACEMENT_3D('',#5703,#4056,#4057);
#3606=AXIS2_PLACEMENT_3D('',#5725,#4058,#4059);
#3607=AXIS2_PLACEMENT_3D('',#5761,#4060,#4061);
#3608=AXIS2_PLACEMENT_3D('',#5762,#4062,#4063);
#3609=AXIS2_PLACEMENT_3D('',#5764,#4064,#4065);
#3610=AXIS2_PLACEMENT_3D('',#5765,#4066,#4067);
#3611=AXIS2_PLACEMENT_3D('',#5797,#4068,#4069);
#3612=AXIS2_PLACEMENT_3D('',#5819,#4070,#4071);
#3613=AXIS2_PLACEMENT_3D('',#5855,#4072,#4073);
#3614=AXIS2_PLACEMENT_3D('',#5856,#4074,#4075);
#3615=AXIS2_PLACEMENT_3D('',#5858,#4076,#4077);
#3616=AXIS2_PLACEMENT_3D('',#5859,#4078,#4079);
#3617=AXIS2_PLACEMENT_3D('',#5891,#4080,#4081);
#3618=AXIS2_PLACEMENT_3D('',#5913,#4082,#4083);
#3619=AXIS2_PLACEMENT_3D('',#5949,#4084,#4085);
#3620=AXIS2_PLACEMENT_3D('',#5950,#4086,#4087);
#3621=AXIS2_PLACEMENT_3D('',#5952,#4088,#4089);
#3622=AXIS2_PLACEMENT_3D('',#5953,#4090,#4091);
#3623=AXIS2_PLACEMENT_3D('',#5985,#4092,#4093);
#3624=AXIS2_PLACEMENT_3D('',#6007,#4094,#4095);
#3625=AXIS2_PLACEMENT_3D('',#6043,#4096,#4097);
#3626=AXIS2_PLACEMENT_3D('',#6044,#4098,#4099);
#3627=AXIS2_PLACEMENT_3D('',#6046,#4100,#4101);
#3628=AXIS2_PLACEMENT_3D('',#6047,#4102,#4103);
#3629=AXIS2_PLACEMENT_3D('',#6079,#4104,#4105);
#3630=AXIS2_PLACEMENT_3D('',#6101,#4106,#4107);
#3631=AXIS2_PLACEMENT_3D('',#6137,#4108,#4109);
#3632=AXIS2_PLACEMENT_3D('',#6138,#4110,#4111);
#3633=AXIS2_PLACEMENT_3D('',#6140,#4112,#4113);
#3634=AXIS2_PLACEMENT_3D('',#6141,#4114,#4115);
#3635=AXIS2_PLACEMENT_3D('',#6173,#4116,#4117);
#3636=AXIS2_PLACEMENT_3D('',#6195,#4118,#4119);
#3637=AXIS2_PLACEMENT_3D('',#6231,#4120,#4121);
#3638=AXIS2_PLACEMENT_3D('',#6232,#4122,#4123);
#3639=AXIS2_PLACEMENT_3D('',#6234,#4124,#4125);
#3640=AXIS2_PLACEMENT_3D('',#6235,#4126,#4127);
#3641=AXIS2_PLACEMENT_3D('',#6267,#4128,#4129);
#3642=AXIS2_PLACEMENT_3D('',#6289,#4130,#4131);
#3643=AXIS2_PLACEMENT_3D('',#6325,#4132,#4133);
#3644=AXIS2_PLACEMENT_3D('',#6326,#4134,#4135);
#3645=AXIS2_PLACEMENT_3D('',#6328,#4136,#4137);
#3646=AXIS2_PLACEMENT_3D('',#6329,#4138,#4139);
#3647=AXIS2_PLACEMENT_3D('',#6361,#4140,#4141);
#3648=AXIS2_PLACEMENT_3D('',#6383,#4142,#4143);
#3649=AXIS2_PLACEMENT_3D('',#6419,#4144,#4145);
#3650=AXIS2_PLACEMENT_3D('',#6420,#4146,#4147);
#3651=AXIS2_PLACEMENT_3D('',#6422,#4148,#4149);
#3652=AXIS2_PLACEMENT_3D('',#6423,#4150,#4151);
#3653=AXIS2_PLACEMENT_3D('',#6485,#4152,#4153);
#3654=AXIS2_PLACEMENT_3D('',#6486,#4154,#4155);
#3655=AXIS2_PLACEMENT_3D('',#6488,#4156,#4157);
#3656=AXIS2_PLACEMENT_3D('',#6489,#4158,#4159);
#3657=AXIS2_PLACEMENT_3D('',#6521,#4160,#4161);
#3658=AXIS2_PLACEMENT_3D('',#6543,#4162,#4163);
#3659=AXIS2_PLACEMENT_3D('',#6579,#4164,#4165);
#3660=AXIS2_PLACEMENT_3D('',#6580,#4166,#4167);
#3661=AXIS2_PLACEMENT_3D('',#6582,#4168,#4169);
#3662=AXIS2_PLACEMENT_3D('',#6583,#4170,#4171);
#3663=AXIS2_PLACEMENT_3D('',#6615,#4172,#4173);
#3664=AXIS2_PLACEMENT_3D('',#6637,#4174,#4175);
#3665=AXIS2_PLACEMENT_3D('',#6673,#4176,#4177);
#3666=AXIS2_PLACEMENT_3D('',#6674,#4178,#4179);
#3667=AXIS2_PLACEMENT_3D('',#6676,#4180,#4181);
#3668=AXIS2_PLACEMENT_3D('',#6677,#4182,#4183);
#3669=AXIS2_PLACEMENT_3D('',#6709,#4184,#4185);
#3670=AXIS2_PLACEMENT_3D('',#6731,#4186,#4187);
#3671=AXIS2_PLACEMENT_3D('',#6767,#4188,#4189);
#3672=AXIS2_PLACEMENT_3D('',#6768,#4190,#4191);
#3673=AXIS2_PLACEMENT_3D('',#6770,#4192,#4193);
#3674=AXIS2_PLACEMENT_3D('',#6771,#4194,#4195);
#3675=AXIS2_PLACEMENT_3D('',#6803,#4196,#4197);
#3676=AXIS2_PLACEMENT_3D('',#6825,#4198,#4199);
#3677=AXIS2_PLACEMENT_3D('',#6861,#4200,#4201);
#3678=AXIS2_PLACEMENT_3D('',#6862,#4202,#4203);
#3679=AXIS2_PLACEMENT_3D('',#6864,#4204,#4205);
#3680=AXIS2_PLACEMENT_3D('',#6865,#4206,#4207);
#3681=AXIS2_PLACEMENT_3D('',#6897,#4208,#4209);
#3682=AXIS2_PLACEMENT_3D('',#6919,#4210,#4211);
#3683=AXIS2_PLACEMENT_3D('',#6955,#4212,#4213);
#3684=AXIS2_PLACEMENT_3D('',#6956,#4214,#4215);
#3685=AXIS2_PLACEMENT_3D('',#6958,#4216,#4217);
#3686=AXIS2_PLACEMENT_3D('',#6959,#4218,#4219);
#3687=AXIS2_PLACEMENT_3D('',#6991,#4220,#4221);
#3688=AXIS2_PLACEMENT_3D('',#7013,#4222,#4223);
#3689=AXIS2_PLACEMENT_3D('',#7049,#4224,#4225);
#3690=AXIS2_PLACEMENT_3D('',#7050,#4226,#4227);
#3691=AXIS2_PLACEMENT_3D('',#7052,#4228,#4229);
#3692=AXIS2_PLACEMENT_3D('',#7053,#4230,#4231);
#3693=AXIS2_PLACEMENT_3D('',#7085,#4232,#4233);
#3694=AXIS2_PLACEMENT_3D('',#7107,#4234,#4235);
#3695=AXIS2_PLACEMENT_3D('',#7143,#4236,#4237);
#3696=AXIS2_PLACEMENT_3D('',#7144,#4238,#4239);
#3697=AXIS2_PLACEMENT_3D('',#7146,#4240,#4241);
#3698=AXIS2_PLACEMENT_3D('',#7147,#4242,#4243);
#3699=AXIS2_PLACEMENT_3D('',#7179,#4244,#4245);
#3700=AXIS2_PLACEMENT_3D('',#7201,#4246,#4247);
#3701=AXIS2_PLACEMENT_3D('',#7237,#4248,#4249);
#3702=AXIS2_PLACEMENT_3D('',#7238,#4250,#4251);
#3703=AXIS2_PLACEMENT_3D('',#7239,#4252,#4253);
#3704=AXIS2_PLACEMENT_3D('',#7264,#4254,#4255);
#3705=AXIS2_PLACEMENT_3D('',#7267,#4256,#4257);
#3706=AXIS2_PLACEMENT_3D('',#7311,#4260,#4261);
#3707=AXIS2_PLACEMENT_3D('',#7316,#4262,#4263);
#3708=AXIS2_PLACEMENT_3D('',#7319,#4264,#4265);
#3709=AXIS2_PLACEMENT_3D('',#7320,#4266,#4267);
#3710=AXIS2_PLACEMENT_3D('',#7321,#4268,#4269);
#3711=AXIS2_PLACEMENT_3D('',#7358,#4270,#4271);
#3712=AXIS2_PLACEMENT_3D('',#7363,#4272,#4273);
#3713=AXIS2_PLACEMENT_3D('',#7446,#4276,#4277);
#3714=AXIS2_PLACEMENT_3D('',#7447,#4278,#4279);
#3715=AXIS2_PLACEMENT_3D('',#7448,#4280,#4281);
#3716=AXIS2_PLACEMENT_3D('',#7449,#4282,#4283);
#3717=AXIS2_PLACEMENT_3D('',#7454,#4284,#4285);
#3718=AXIS2_PLACEMENT_3D('',#7469,#4287,#4288);
#3719=AXIS2_PLACEMENT_3D('',#7486,#4291,#4292);
#3720=AXIS2_PLACEMENT_3D('',#7564,#4293,#4294);
#3721=AXIS2_PLACEMENT_3D('',#7631,#4295,#4296);
#3722=AXIS2_PLACEMENT_3D('',#7637,#4298,#4299);
#3723=AXIS2_PLACEMENT_3D('',#7652,#4301,#4302);
#3724=AXIS2_PLACEMENT_3D('',#7669,#4305,#4306);
#3725=AXIS2_PLACEMENT_3D('',#7747,#4307,#4308);
#3726=AXIS2_PLACEMENT_3D('',#7814,#4309,#4310);
#3727=AXIS2_PLACEMENT_3D('',#7820,#4312,#4313);
#3728=AXIS2_PLACEMENT_3D('',#7835,#4315,#4316);
#3729=AXIS2_PLACEMENT_3D('',#7852,#4319,#4320);
#3730=AXIS2_PLACEMENT_3D('',#7930,#4321,#4322);
#3731=AXIS2_PLACEMENT_3D('',#7997,#4323,#4324);
#3732=AXIS2_PLACEMENT_3D('',#8003,#4326,#4327);
#3733=AXIS2_PLACEMENT_3D('',#8018,#4329,#4330);
#3734=AXIS2_PLACEMENT_3D('',#8035,#4333,#4334);
#3735=AXIS2_PLACEMENT_3D('',#8113,#4335,#4336);
#3736=AXIS2_PLACEMENT_3D('',#8180,#4337,#4338);
#3737=AXIS2_PLACEMENT_3D('',#8186,#4340,#4341);
#3738=AXIS2_PLACEMENT_3D('',#8201,#4343,#4344);
#3739=AXIS2_PLACEMENT_3D('',#8202,#4345,#4346);
#3740=AXIS2_PLACEMENT_3D('',#8203,#4347,#4348);
#3741=AXIS2_PLACEMENT_3D('',#8204,#4349,#4350);
#3742=AXIS2_PLACEMENT_3D('',#8221,#4353,#4354);
#3743=AXIS2_PLACEMENT_3D('',#8224,#4356,#4357);
#3744=AXIS2_PLACEMENT_3D('',#8225,#4358,#4359);
#3745=AXIS2_PLACEMENT_3D('',#8226,#4360,#4361);
#3746=AXIS2_PLACEMENT_3D('',#8227,#4362,#4363);
#3747=AXIS2_PLACEMENT_3D('',#8228,#4364,#4365);
#3748=AXIS2_PLACEMENT_3D('',#8229,#4366,#4367);
#3749=AXIS2_PLACEMENT_3D('',#8233,#4369,#4370);
#3750=AXIS2_PLACEMENT_3D('',#8238,#4373,#4374);
#3751=AXIS2_PLACEMENT_3D('',#8242,#4377,#4378);
#3752=AXIS2_PLACEMENT_3D('',#8246,#4380,#4381);
#3753=AXIS2_PLACEMENT_3D('',#8256,#4387,#4388);
#3754=AXIS2_PLACEMENT_3D('',#8271,#4390,#4391);
#3755=AXIS2_PLACEMENT_3D('',#8280,#4392,#4393);
#3756=AXIS2_PLACEMENT_3D('',#8295,#4395,#4396);
#3757=AXIS2_PLACEMENT_3D('',#8304,#4397,#4398);
#3758=AXIS2_PLACEMENT_3D('',#8319,#4400,#4401);
#3759=AXIS2_PLACEMENT_3D('',#8328,#4402,#4403);
#3760=AXIS2_PLACEMENT_3D('',#8343,#4405,#4406);
#3761=AXIS2_PLACEMENT_3D('',#8358,#4408,#4409);
#3762=AXIS2_PLACEMENT_3D('',#8373,#4411,#4412);
#3763=AXIS2_PLACEMENT_3D('',#8388,#4414,#4415);
#3764=AXIS2_PLACEMENT_3D('',#8397,#4416,#4417);
#3765=AXIS2_PLACEMENT_3D('',#8410,#4418,#4419);
#3766=AXIS2_PLACEMENT_3D('',#8411,#4420,#4421);
#3767=AXIS2_PLACEMENT_3D('',#8420,#4422,#4423);
#3768=AXIS2_PLACEMENT_3D('',#8498,#4424,#4425);
#3769=AXIS2_PLACEMENT_3D('',#8560,#4426,#4427);
#3770=AXIS2_PLACEMENT_3D('',#8561,#4428,#4429);
#3771=AXIS2_PLACEMENT_3D('',#8631,#4430,#4431);
#3772=AXIS2_PLACEMENT_3D('',#8693,#4432,#4433);
#3773=AXIS2_PLACEMENT_3D('',#8694,#4434,#4435);
#3774=AXIS2_PLACEMENT_3D('',#8764,#4436,#4437);
#3775=AXIS2_PLACEMENT_3D('',#8826,#4438,#4439);
#3776=AXIS2_PLACEMENT_3D('',#8827,#4440,#4441);
#3777=AXIS2_PLACEMENT_3D('',#8902,#4442,#4443);
#3778=AXIS2_PLACEMENT_3D('',#8969,#4444,#4445);
#3779=AXIS2_PLACEMENT_3D('',#8976,#4446,#4447);
#3780=AXIS2_PLACEMENT_3D('',#8977,#4448,#4449);
#3781=AXIS2_PLACEMENT_3D('',#8978,#4450,#4451);
#3782=AXIS2_PLACEMENT_3D('',#8979,#4452,#4453);
#3783=AXIS2_PLACEMENT_3D('',#8980,#4454,#4455);
#3784=AXIS2_PLACEMENT_3D('',#8984,#4457,#4458);
#3785=AXIS2_PLACEMENT_3D('',#8985,#4459,#4460);
#3786=AXIS2_PLACEMENT_3D('',#8986,#4461,#4462);
#3787=AXIS2_PLACEMENT_3D('',#8989,#4464,#4465);
#3788=AXIS2_PLACEMENT_3D('',#8990,#4466,#4467);
#3789=AXIS2_PLACEMENT_3D('',#8993,#4469,#4470);
#3790=AXIS2_PLACEMENT_3D('',#8994,#4471,#4472);
#3791=AXIS2_PLACEMENT_3D('',#8996,#4474,#4475);
#3792=AXIS2_PLACEMENT_3D('',#9049,#4476,#4477);
#3793=AXIS2_PLACEMENT_3D('',#9050,#4478,#4479);
#3794=AXIS2_PLACEMENT_3D('',#9051,#4480,#4481);
#3795=AXIS2_PLACEMENT_3D('',#9052,#4482,#4483);
#3796=AXIS2_PLACEMENT_3D('',#9069,#4492,#4493);
#3797=AXIS2_PLACEMENT_3D('',#9071,#4494,#4495);
#3798=AXIS2_PLACEMENT_3D('',#9074,#4497,#4498);
#3799=AXIS2_PLACEMENT_3D('',#9075,#4499,#4500);
#3800=AXIS2_PLACEMENT_3D('',#9077,#4501,#4502);
#3801=AXIS2_PLACEMENT_3D('',#9079,#4504,#4505);
#3802=AXIS2_PLACEMENT_3D('',#9081,#4506,#4507);
#3803=AXIS2_PLACEMENT_3D('',#9083,#4509,#4510);
#3804=AXIS2_PLACEMENT_3D('',#9085,#4512,#4513);
#3805=AXIS2_PLACEMENT_3D('',#9089,#4515,#4516);
#3806=AXIS2_PLACEMENT_3D('',#9090,#4517,#4518);
#3807=AXIS2_PLACEMENT_3D('',#9091,#4519,#4520);
#3808=AXIS2_PLACEMENT_3D('',#9093,#4521,#4522);
#3809=AXIS2_PLACEMENT_3D('',#9095,#4524,#4525);
#3810=AXIS2_PLACEMENT_3D('',#9097,#4526,#4527);
#3811=AXIS2_PLACEMENT_3D('',#9099,#4529,#4530);
#3812=AXIS2_PLACEMENT_3D('',#9101,#4532,#4533);
#3813=AXIS2_PLACEMENT_3D('',#9104,#4536,#4537);
#3814=AXIS2_PLACEMENT_3D('',#9106,#4539,#4540);
#3815=AXIS2_PLACEMENT_3D('',#9108,#4542,#4543);
#3816=AXIS2_PLACEMENT_3D('',#9109,#4544,#4545);
#3817=AXIS2_PLACEMENT_3D('',#9150,#4546,#4547);
#3818=AXIS2_PLACEMENT_3D('',#9159,#4552,#4553);
#3819=AXIS2_PLACEMENT_3D('',#9168,#4558,#4559);
#3820=AXIS2_PLACEMENT_3D('',#9169,#4560,#4561);
#3821=AXIS2_PLACEMENT_3D('',#9170,#4562,#4563);
#3822=AXIS2_PLACEMENT_3D('',#9171,#4564,#4565);
#3823=AXIS2_PLACEMENT_3D('',#9173,#4566,#4567);
#3824=AXIS2_PLACEMENT_3D('',#9174,#4568,#4569);
#3825=AXIS2_PLACEMENT_3D('',#9175,#4570,#4571);
#3826=AXIS2_PLACEMENT_3D('',#9176,#4572,#4573);
#3827=AXIS2_PLACEMENT_3D('',#9177,#4574,#4575);
#3828=AXIS2_PLACEMENT_3D('',#9179,#4577,#4578);
#3829=AXIS2_PLACEMENT_3D('',#9181,#4579,#4580);
#3830=AXIS2_PLACEMENT_3D('',#9184,#4582,#4583);
#3831=AXIS2_PLACEMENT_3D('',#9185,#4584,#4585);
#3832=AXIS2_PLACEMENT_3D('',#9187,#4586,#4587);
#3833=AXIS2_PLACEMENT_3D('',#9190,#4589,#4590);
#3834=AXIS2_PLACEMENT_3D('',#9191,#4591,#4592);
#3835=AXIS2_PLACEMENT_3D('',#9192,#4593,#4594);
#3836=DIRECTION('axis',(0.,0.,1.));
#3837=DIRECTION('refdir',(1.,0.,0.));
#3838=DIRECTION('center_axis',(-0.154726662591771,0.100935896716232,-0.982787670169555));
#3839=DIRECTION('ref_axis',(-0.546371089329792,-0.837543212464036,-2.2204460492503E-14));
#3840=DIRECTION('center_axis',(-0.986673990332933,0.034899496702501,0.158922817525988));
#3841=DIRECTION('ref_axis',(0.158823496784451,-0.00561772191890686,0.987291009819091));
#3842=DIRECTION('center_axis',(0.988186281823805,-0.0349529877364352,-0.149218501076573));
#3843=DIRECTION('ref_axis',(0.149125245165252,-0.00527468652553437,0.988804247025902));
#3844=DIRECTION('center_axis',(-0.835923572666541,-0.545314517747657,-0.0621599339932585));
#3845=DIRECTION('ref_axis',(0.546371089332628,-0.837543212462185,0.));
#3846=DIRECTION('center_axis',(0.835923572666538,-0.545314517747664,-0.0621599339932473));
#3847=DIRECTION('ref_axis',(0.135325130596239,0.0950226244355918,0.986234155702632));
#3848=DIRECTION('center_axis',(1.,0.,0.));
#3849=DIRECTION('ref_axis',(0.,-1.,0.));
#3850=DIRECTION('center_axis',(-0.0193246141622049,-0.994948033577231,0.0985138049629731));
#3851=DIRECTION('ref_axis',(-0.986673990332934,0.0348994967024785,0.158922817525986));
#3852=DIRECTION('center_axis',(0.154726662591795,0.100935896716221,-0.982787670169553));
#3853=DIRECTION('ref_axis',(0.986673990354921,0.0348994962309446,0.158922817493035));
#3854=DIRECTION('center_axis',(-0.988186281823805,-0.0349529877364352,-0.149218501076573));
#3855=DIRECTION('ref_axis',(-0.149125245165252,-0.00527468652553438,0.988804247025902));
#3856=DIRECTION('center_axis',(0.986673990332933,0.034899496702501,0.158922817525989));
#3857=DIRECTION('ref_axis',(-0.158823496784451,-0.00561772191890686,0.987291009819091));
#3858=DIRECTION('center_axis',(1.,0.,0.));
#3859=DIRECTION('ref_axis',(0.,-1.,0.));
#3860=DIRECTION('center_axis',(0.0193246141622049,-0.994948033577231,0.0985138049629729));
#3861=DIRECTION('ref_axis',(0.986673990332931,0.0348994967024673,0.158922817526008));
#3862=DIRECTION('center_axis',(0.0191095747947681,0.994821872175784,-0.0998211740655794));
#3863=DIRECTION('ref_axis',(-0.986673990332932,0.0348994967025007,0.158922817525997));
#3864=DIRECTION('center_axis',(0.,-1.,0.));
#3865=DIRECTION('ref_axis',(5.39030285815812E-15,0.,1.));
#3866=DIRECTION('center_axis',(0.,1.,0.));
#3867=DIRECTION('ref_axis',(-0.311091140771091,0.,0.950380082984561));
#3868=DIRECTION('center_axis',(0.,1.,0.));
#3869=DIRECTION('ref_axis',(-0.591309648363733,0.,0.806444604267372));
#3870=DIRECTION('center_axis',(0.,1.,0.));
#3871=DIRECTION('ref_axis',(-0.812846684591615,0.,0.582477696867802));
#3872=DIRECTION('center_axis',(0.,1.,0.));
#3873=DIRECTION('ref_axis',(-0.953716950742269,0.,0.300705799523169));
#3874=DIRECTION('center_axis',(0.,1.,0.));
#3875=DIRECTION('ref_axis',(-0.99994050500015,0.,-0.0109080914941824));
#3876=DIRECTION('center_axis',(0.,1.,0.));
#3877=DIRECTION('ref_axis',(-0.946930129497703,0.,-0.32143946529551));
#3878=DIRECTION('center_axis',(0.,1.,0.));
#3879=DIRECTION('ref_axis',(-0.79994656510013,0.,-0.600071239924481));
#3880=DIRECTION('center_axis',(0.,1.,0.));
#3881=DIRECTION('ref_axis',(-0.573576436363744,0.,-0.819152044280101));
#3882=DIRECTION('center_axis',(2.59308737962894E-16,1.,-4.69351598668885E-16));
#3883=DIRECTION('ref_axis',(-0.27698093429865,-3.79164835366458E-16,-0.960875414419084));
#3884=DIRECTION('center_axis',(0.,-1.,0.));
#3885=DIRECTION('ref_axis',(1.11022302462516E-16,0.,1.));
#3886=DIRECTION('center_axis',(0.,1.,0.));
#3887=DIRECTION('ref_axis',(0.27698093429865,0.,-0.960875414419084));
#3888=DIRECTION('center_axis',(1.14458238109467E-16,1.,-2.0182075543019E-17));
#3889=DIRECTION('ref_axis',(0.573576436351282,-8.21827367649303E-17,-0.819152044288827));
#3890=DIRECTION('center_axis',(0.,1.,0.));
#3891=DIRECTION('ref_axis',(0.79994656510013,0.,-0.600071239924481));
#3892=DIRECTION('center_axis',(0.,1.,0.));
#3893=DIRECTION('ref_axis',(0.946930129488829,0.,-0.321439465321651));
#3894=DIRECTION('center_axis',(0.,1.,0.));
#3895=DIRECTION('ref_axis',(0.99994050500015,0.,-0.0109080914941823));
#3896=DIRECTION('center_axis',(0.,1.,0.));
#3897=DIRECTION('ref_axis',(0.953716950750906,0.,0.300705799495776));
#3898=DIRECTION('center_axis',(0.,1.,0.));
#3899=DIRECTION('ref_axis',(0.812846684591615,0.,0.582477696867802));
#3900=DIRECTION('center_axis',(0.,1.,0.));
#3901=DIRECTION('ref_axis',(0.591309648374847,0.,0.806444604259223));
#3902=DIRECTION('center_axis',(0.,1.,0.));
#3903=DIRECTION('ref_axis',(0.311091140771091,0.,0.950380082984561));
#3904=DIRECTION('center_axis',(0.0191095747948273,-0.994821872175778,0.0998211740656344));
#3905=DIRECTION('ref_axis',(0.986673990332931,0.0348994967025673,0.158922817525986));
#3906=DIRECTION('center_axis',(0.986673990332933,0.034899496702501,0.158922817525989));
#3907=DIRECTION('ref_axis',(0.159019688023364,0.,-0.987275411838537));
#3908=DIRECTION('',(0.159019688023364,-9.68655619673657E-19,-0.987275411838537));
#3909=DIRECTION('center_axis',(0.,-1.,0.));
#3910=DIRECTION('ref_axis',(1.,0.,0.));
#3911=DIRECTION('center_axis',(0.,1.,0.));
#3912=DIRECTION('ref_axis',(1.,0.,0.));
#3913=DIRECTION('',(0.0697564737441253,0.997564050259824,-8.54270422905494E-18));
#3914=DIRECTION('center_axis',(0.,-1.,0.));
#3915=DIRECTION('ref_axis',(1.,0.,0.));
#3916=DIRECTION('center_axis',(0.,-1.,0.));
#3917=DIRECTION('ref_axis',(0.,0.,-1.));
#3918=DIRECTION('center_axis',(0.,0.,1.));
#3919=DIRECTION('ref_axis',(1.,0.,0.));
#3920=DIRECTION('',(0.,0.,1.));
#3921=DIRECTION('center_axis',(0.986673990332933,-0.034899496702501,-0.158922817525988));
#3922=DIRECTION('ref_axis',(-0.159019688023364,0.,-0.987275411838537));
#3923=DIRECTION('',(0.159019688023364,0.,0.987275411838537));
#3924=DIRECTION('center_axis',(0.,1.,0.));
#3925=DIRECTION('ref_axis',(0.,0.,1.));
#3926=DIRECTION('center_axis',(0.,-1.,0.));
#3927=DIRECTION('ref_axis',(1.,0.,6.12323399573677E-17));
#3928=DIRECTION('center_axis',(0.,1.,0.));
#3929=DIRECTION('ref_axis',(1.,0.,1.11022302462516E-16));
#3930=DIRECTION('center_axis',(1.,5.55111512312578E-16,0.));
#3931=DIRECTION('ref_axis',(-5.55111512312578E-16,1.,0.));
#3932=DIRECTION('',(0.,0.,1.));
#3933=DIRECTION('',(2.77488439504244E-16,-0.99523367676093,-0.0975188630005576));
#3934=DIRECTION('',(2.77488439504244E-16,-0.99523367676093,-0.0975188630005576));
#3935=DIRECTION('',(0.,0.,-1.));
#3936=DIRECTION('',(-2.77488439504244E-16,0.99523367676093,-0.0975188630005576));
#3937=DIRECTION('center_axis',(0.,-1.,0.));
#3938=DIRECTION('ref_axis',(0.,0.,-1.));
#3939=DIRECTION('center_axis',(0.,1.,0.));
#3940=DIRECTION('ref_axis',(0.,0.,1.));
#3941=DIRECTION('center_axis',(0.,-1.,0.));
#3942=DIRECTION('ref_axis',(-1.,0.,6.12323399573677E-17));
#3943=DIRECTION('center_axis',(0.,1.,0.));
#3944=DIRECTION('ref_axis',(-1.,0.,1.11022302462516E-16));
#3945=DIRECTION('center_axis',(-1.,-2.77555756156289E-16,0.));
#3946=DIRECTION('ref_axis',(2.77555756156289E-16,-1.,0.));
#3947=DIRECTION('',(2.77488439504244E-16,-0.99523367676093,0.0975188630005576));
#3948=DIRECTION('',(0.,0.,1.));
#3949=DIRECTION('',(2.77488439504244E-16,-0.99523367676093,-0.0975188630005576));
#3950=DIRECTION('',(-2.77488439504244E-16,0.99523367676093,0.0975188630005576));
#3951=DIRECTION('',(0.,0.,-1.));
#3952=DIRECTION('center_axis',(0.,-1.,0.));
#3953=DIRECTION('ref_axis',(0.,0.,1.));
#3954=DIRECTION('center_axis',(0.,-1.,0.));
#3955=DIRECTION('ref_axis',(1.,0.,0.));
#3956=DIRECTION('center_axis',(0.,0.,1.));
#3957=DIRECTION('ref_axis',(1.,0.,0.));
#3958=DIRECTION('center_axis',(-0.159019688023388,4.41368297530685E-16,
-0.987275411838533));
#3959=DIRECTION('ref_axis',(-2.77555756156289E-15,-1.,0.));
#3960=DIRECTION('center_axis',(0.985137859059158,0.,-0.171765533936058));
#3961=DIRECTION('ref_axis',(-0.170633416286756,0.114624107985131,-0.978644752254322));
#3962=DIRECTION('center_axis',(1.73472347597681E-16,-1.,0.));
#3963=DIRECTION('ref_axis',(-1.,-1.73472347597681E-16,0.));
#3964=DIRECTION('center_axis',(0.985137859059158,0.,-0.171765533936058));
#3965=DIRECTION('ref_axis',(-0.170633416286756,0.114624107985131,-0.978644752254322));
#3966=DIRECTION('center_axis',(-0.0182289922444836,-0.993407845719152,-0.113174890790244));
#3967=DIRECTION('ref_axis',(0.987275411838536,-3.12250225675826E-14,-0.159019688023365));
#3968=DIRECTION('center_axis',(0.,0.,1.));
#3969=DIRECTION('ref_axis',(1.,0.,0.));
#3970=DIRECTION('center_axis',(-0.98513785905916,0.,-0.171765533936047));
#3971=DIRECTION('ref_axis',(0.,-1.,0.));
#3972=DIRECTION('center_axis',(0.159019688023365,-3.33242451136134E-14,
-0.987275411838536));
#3973=DIRECTION('ref_axis',(-0.987275411838536,0.,-0.159019688023365));
#3974=DIRECTION('center_axis',(1.73472347597681E-16,-1.,0.));
#3975=DIRECTION('ref_axis',(-1.,-1.73472347597681E-16,0.));
#3976=DIRECTION('center_axis',(0.0182289922444485,-0.99340784571915,-0.113174890790269));
#3977=DIRECTION('ref_axis',(0.170633416286749,0.114624107985131,-0.978644752254323));
#3978=DIRECTION('center_axis',(0.159019688023364,0.,0.987275411838537));
#3979=DIRECTION('ref_axis',(0.69810913860977,-0.707106781186548,-0.112443899743491));
#3980=DIRECTION('center_axis',(-0.159019688023365,0.,-0.987275411838537));
#3981=DIRECTION('ref_axis',(0.987275411838536,-5.62605517728796E-12,-0.159019688023365));
#3982=DIRECTION('',(-0.159019688023364,0.,-0.987275411838537));
#3983=DIRECTION('',(0.159019688023364,0.,0.987275411838537));
#3984=DIRECTION('center_axis',(-0.989465161845914,0.,0.144771176320562));
#3985=DIRECTION('ref_axis',(-0.143881729066081,0.110679187627447,-0.983386071422147));
#3986=DIRECTION('center_axis',(0.,-1.,0.));
#3987=DIRECTION('ref_axis',(0.,0.,-1.));
#3988=DIRECTION('center_axis',(-0.989465161845913,0.,-0.144771176320567));
#3989=DIRECTION('ref_axis',(0.14388172906619,0.110679187621008,-0.983386071422855));
#3990=DIRECTION('center_axis',(0.,1.,0.));
#3991=DIRECTION('ref_axis',(2.02595442449846E-17,0.,-1.));
#3992=DIRECTION('center_axis',(0.,-1.,0.));
#3993=DIRECTION('ref_axis',(4.57653158400355E-17,0.,-1.));
#3994=DIRECTION('center_axis',(-0.159019688023299,0.,0.987275411838547));
#3995=DIRECTION('ref_axis',(-0.987275411838547,-1.20910226275584E-13,-0.159019688023299));
#3996=DIRECTION('center_axis',(0.159019688023364,0.,-0.987275411838537));
#3997=DIRECTION('ref_axis',(-0.69810913860977,-0.707106781186548,-0.112443899743491));
#3998=DIRECTION('',(-0.159019688023364,0.,0.987275411838537));
#3999=DIRECTION('',(0.159019688023364,0.,-0.987275411838537));
#4000=DIRECTION('center_axis',(0.,0.,1.));
#4001=DIRECTION('ref_axis',(1.,0.,0.));
#4002=DIRECTION('center_axis',(0.985053080426827,1.28648165728965E-9,-0.17225106310737));
#4003=DIRECTION('ref_axis',(-0.141113569967619,0.57346234436333,-0.806986926764187));
#4004=DIRECTION('center_axis',(-0.0911973221862066,-0.819207624540872,-0.566199537548529));
#4005=DIRECTION('ref_axis',(0.987275411838536,-2.22044604925031E-14,-0.159019688023365));
#4006=DIRECTION('center_axis',(0.0182291074873172,0.993407760971622,0.113175616108611));
#4007=DIRECTION('ref_axis',(-0.171115746175736,0.114624107985139,-0.978560532250986));
#4008=DIRECTION('center_axis',(0.,0.,1.));
#4009=DIRECTION('ref_axis',(1.,0.,0.));
#4010=DIRECTION('center_axis',(0.091197278970521,-0.819207669959465,-0.5661994787952));
#4011=DIRECTION('ref_axis',(0.141113569956905,0.573462344363325,-0.806986926766064));
#4012=DIRECTION('center_axis',(-0.985053080257424,-8.04583196562215E-10,
-0.172251064076139));
#4013=DIRECTION('ref_axis',(0.171115746175701,0.114624107985134,-0.978560532250992));
#4014=DIRECTION('center_axis',(-0.0182291087805819,0.993407761153252,0.113175614306035));
#4015=DIRECTION('ref_axis',(-0.987275411838536,0.,-0.159019688023365));
#4016=DIRECTION('center_axis',(0.,-1.,0.));
#4017=DIRECTION('ref_axis',(2.55694320563675E-12,0.,1.));
#4018=DIRECTION('center_axis',(0.,1.,0.));
#4019=DIRECTION('ref_axis',(1.11022302462516E-16,0.,1.));
#4020=DIRECTION('center_axis',(0.,-1.,0.));
#4021=DIRECTION('ref_axis',(1.11022302462516E-16,0.,1.));
#4022=DIRECTION('center_axis',(0.0151121126017892,0.995474125920608,0.0938237106243002));
#4023=DIRECTION('ref_axis',(0.987275411838536,-1.11022302462515E-14,-0.159019688023365));
#4024=DIRECTION('center_axis',(-0.0911984545744858,-0.819202639305209,-0.566206567993172));
#4025=DIRECTION('ref_axis',(-0.142183541189168,0.573462344363323,-0.806799095321896));
#4026=DIRECTION('center_axis',(-0.0151121126017745,0.995474125920607,0.0938237106243129));
#4027=DIRECTION('ref_axis',(0.172847307898747,0.0950226244343818,-0.980354277288449));
#4028=DIRECTION('center_axis',(0.0911984545744774,-0.819202639305206,-0.566206567993177));
#4029=DIRECTION('ref_axis',(-0.987275411838536,0.,-0.159019688023365));
#4030=DIRECTION('center_axis',(0.,-1.,0.));
#4031=DIRECTION('ref_axis',(-1.22464679914735E-16,0.,1.));
#4032=DIRECTION('center_axis',(0.,1.,0.));
#4033=DIRECTION('ref_axis',(1.11022302462516E-16,0.,1.));
#4034=DIRECTION('center_axis',(1.,0.,0.));
#4035=DIRECTION('ref_axis',(0.,-1.,0.));
#4036=DIRECTION('center_axis',(0.984364050482039,0.,-0.176146007955314));
#4037=DIRECTION('ref_axis',(0.,1.,0.));
#4038=DIRECTION('center_axis',(-0.159019688023365,1.24800359131974E-12,
-0.987275411838537));
#4039=DIRECTION('ref_axis',(0.987275411838536,0.,-0.159019688023365));
#4040=DIRECTION('center_axis',(0.0151127279114347,0.995473756520969,0.0938275307844473));
#4041=DIRECTION('ref_axis',(-0.175348967195359,0.0950226244343721,-0.979909914507005));
#4042=DIRECTION('center_axis',(1.,0.,0.));
#4043=DIRECTION('ref_axis',(0.,0.714927754870038,-0.699198330458881));
#4044=DIRECTION('center_axis',(0.159019688024598,0.,-0.987275411838338));
#4045=DIRECTION('ref_axis',(0.,1.,0.));
#4046=DIRECTION('center_axis',(-0.984364050482035,2.10807271228008E-14,
-0.176146007955335));
#4047=DIRECTION('ref_axis',(0.175348967195359,0.0950226244343711,-0.979909914507005));
#4048=DIRECTION('center_axis',(-0.0151127279119139,0.995473756521025,0.093827530783775));
#4049=DIRECTION('ref_axis',(-0.987275411838536,0.,-0.159019688023365));
#4050=DIRECTION('center_axis',(0.,-1.,0.));
#4051=DIRECTION('ref_axis',(0.,0.,-1.));
#4052=DIRECTION('center_axis',(-0.920741218271311,-4.33179957378943E-15,
-0.390173818927235));
#4053=DIRECTION('ref_axis',(0.,1.,-1.11022302462516E-14));
#4054=DIRECTION('center_axis',(0.,-1.,0.));
#4055=DIRECTION('ref_axis',(0.27698093429865,0.,-0.960875414419084));
#4056=DIRECTION('center_axis',(-0.0729087205515512,0.994821872175782,0.0708079169881995));
#4057=DIRECTION('ref_axis',(0.899390399559421,0.0348994967025007,0.435751000354856));
#4058=DIRECTION('center_axis',(-0.0722269106689006,0.994971600591087,0.0693886690493246));
#4059=DIRECTION('ref_axis',(0.899390399559425,0.0348994967025009,0.435751000354848));
#4060=DIRECTION('center_axis',(-0.822789545477681,-2.21933643608941E-12,
-0.568346165512385));
#4061=DIRECTION('ref_axis',(-0.0540057442362243,0.995475113122139,0.0781836219674984));
#4062=DIRECTION('center_axis',(0.,-1.,0.));
#4063=DIRECTION('ref_axis',(0.,0.,-1.));
#4064=DIRECTION('center_axis',(-0.815481296054899,4.28598671310103E-15,
-0.578783427358302));
#4065=DIRECTION('ref_axis',(-0.0549975202385919,0.995475113123511,0.0774891729168538));
#4066=DIRECTION('center_axis',(0.,-1.,0.));
#4067=DIRECTION('ref_axis',(0.573576436351281,0.,-0.819152044288827));
#4068=DIRECTION('center_axis',(0.0405009619328897,-0.994971600591083,-0.0916034175111885));
#4069=DIRECTION('ref_axis',(-0.717081632896575,0.0348994967025006,-0.69611490207601));
#4070=DIRECTION('center_axis',(0.0416014260342688,-0.994821872175783,-0.0927295206101299));
#4071=DIRECTION('ref_axis',(-0.717081632896575,0.0348994967025228,-0.69611490207601));
#4072=DIRECTION('center_axis',(-0.681555501906822,-1.62199418816286E-11,
-0.73176642299339));
#4073=DIRECTION('ref_axis',(-1.1651790643441E-11,1.,-1.13131726209303E-11));
#4074=DIRECTION('center_axis',(0.,-1.,0.));
#4075=DIRECTION('ref_axis',(0.,0.,-1.));
#4076=DIRECTION('center_axis',(-0.511813243731023,1.92781065155384E-15,
-0.859096737010174));
#4077=DIRECTION('ref_axis',(-5.55111512312578E-15,1.,5.55111512312578E-15));
#4078=DIRECTION('center_axis',(0.,-1.,0.));
#4079=DIRECTION('ref_axis',(0.79994656510013,0.,-0.600071239924481));
#4080=DIRECTION('center_axis',(-0.100666248788493,0.994821872175782,0.0139910326825775));
#4081=DIRECTION('ref_axis',(0.46764476406077,0.0348994967025007,0.88322726394539));
#4082=DIRECTION('center_axis',(-0.0992771918878623,0.994971600591083,0.013249648602125));
#4083=DIRECTION('ref_axis',(0.467644764060761,0.0348994967025119,0.883227263945394));
#4084=DIRECTION('center_axis',(-0.32746561812025,-2.21519020981259E-12,
-0.944863095347216));
#4085=DIRECTION('ref_axis',(-0.0897833710521432,0.995475113122139,0.0311166424438458));
#4086=DIRECTION('center_axis',(0.,-1.,0.));
#4087=DIRECTION('ref_axis',(0.,0.,-1.));
#4088=DIRECTION('center_axis',(-0.315400266174654,-1.19431645562783E-15,
-0.948958730449832));
#4089=DIRECTION('ref_axis',(-0.0901725490409333,0.995475113122809,0.0299701610371134));
#4090=DIRECTION('center_axis',(0.,-1.,0.));
#4091=DIRECTION('ref_axis',(0.946930129488829,0.,-0.321439465321651));
#4092=DIRECTION('center_axis',(0.0868277668158652,-0.994971600591083,-0.0499244722254352));
#4093=DIRECTION('ref_axis',(-0.166667155701539,0.0348994967025007,-0.985395394925444));
#4094=DIRECTION('center_axis',(0.0883811057800833,-0.99482187217578,-0.0501818969526504));
#4095=DIRECTION('ref_axis',(-0.166667155701549,0.0348994967025672,-0.98539539492544));
#4096=DIRECTION('center_axis',(-0.116936210755427,-2.63000137168555E-11,
-0.993139427580117));
#4097=DIRECTION('ref_axis',(-4.38538094726936E-12,1.,-2.59653409884208E-11));
#4098=DIRECTION('center_axis',(0.,-1.,0.));
#4099=DIRECTION('ref_axis',(0.,0.,-1.));
#4100=DIRECTION('center_axis',(0.0952431606722629,1.05741149916419E-15,
-0.995454037284071));
#4101=DIRECTION('ref_axis',(-1.11022302462516E-14,1.,0.));
#4102=DIRECTION('center_axis',(0.,-1.,0.));
#4103=DIRECTION('ref_axis',(0.99994050500015,0.,-0.0109080914941824));
#4104=DIRECTION('center_axis',(-0.0894547857831065,0.994821872175782,-0.0482419313582102));
#4105=DIRECTION('ref_axis',(-0.145131206177929,0.0348994967025007,0.988796722346536));
#4106=DIRECTION('center_axis',(-0.0878962007806377,0.994971600591085,-0.0480184538020966));
#4107=DIRECTION('ref_axis',(-0.145131206177928,0.0348994967025006,0.988796722346536));
#4108=DIRECTION('center_axis',(0.294623783845297,-2.22457109970345E-12,
-0.955613324516082));
#4109=DIRECTION('ref_axis',(-0.0908048860396641,0.995475113122139,-0.0279959251639873));
#4110=DIRECTION('center_axis',(0.,-1.,0.));
#4111=DIRECTION('ref_axis',(0.,0.,-1.));
#4112=DIRECTION('center_axis',(0.306775610373033,1.65171424713551E-16,-0.951781868329216));
#4113=DIRECTION('ref_axis',(-0.0904408109542383,0.995475113128537,-0.0291506235896496));
#4114=DIRECTION('center_axis',(0.,-1.,0.));
#4115=DIRECTION('ref_axis',(0.953716950750906,0.,0.300705799495776));
#4116=DIRECTION('center_axis',(0.0995426061656094,-0.994971600591083,0.0110807750169795));
#4117=DIRECTION('ref_axis',(0.448265976048334,0.0348994967025007,-0.893218696539289));
#4118=DIRECTION('center_axis',(0.100947505716839,-0.994821872175778,0.0117916805515125));
#4119=DIRECTION('ref_axis',(0.448265976048334,0.0348994967025007,-0.893218696539289));
#4120=DIRECTION('center_axis',(0.492950349490005,-1.79410377146362E-11,
-0.870057442320725));
#4121=DIRECTION('ref_axis',(8.06021915877863E-12,1.,-1.60538249360798E-11));
#4122=DIRECTION('center_axis',(0.,-1.,0.));
#4123=DIRECTION('ref_axis',(0.,0.,-1.));
#4124=DIRECTION('center_axis',(0.66542990976608,-7.8375653027815E-15,-0.746460337317869));
#4125=DIRECTION('ref_axis',(5.55111512312578E-15,1.,-5.55111512312578E-15));
#4126=DIRECTION('center_axis',(0.,-1.,0.));
#4127=DIRECTION('ref_axis',(0.812846684591615,0.,0.582477696867802));
#4128=DIRECTION('center_axis',(-0.0436144098528862,0.994821872175782,-0.0917999231691191));
#4129=DIRECTION('ref_axis',(-0.701725320326816,0.0348994967025006,0.711592298962081));
#4130=DIRECTION('center_axis',(-0.0424896418224761,0.994971600591085,-0.0906980945500623));
#4131=DIRECTION('ref_axis',(-0.701725320326816,0.0348994967025006,0.711592298962081));
#4132=DIRECTION('center_axis',(0.802661139662066,-2.22671409305999E-12,
-0.596435323296997));
#4133=DIRECTION('ref_axis',(-0.0566748497234872,0.995475113122138,-0.0762709680237952));
#4134=DIRECTION('center_axis',(0.,-1.,0.));
#4135=DIRECTION('ref_axis',(0.,0.,-1.));
#4136=DIRECTION('center_axis',(0.810195337586617,1.23158590530688E-14,-0.586159973857741));
#4137=DIRECTION('ref_axis',(-0.0556984590500075,0.995475113122882,-0.0769868872759554));
#4138=DIRECTION('center_axis',(0.,-1.,0.));
#4139=DIRECTION('ref_axis',(0.591309648374847,0.,0.806444604259223));
#4140=DIRECTION('center_axis',(0.0737234284580873,-0.994971600591084,0.0677965346725166));
#4141=DIRECTION('ref_axis',(0.889670511023303,0.0348994967025009,-0.455267401584438));
#4142=DIRECTION('center_axis',(0.0744360368190449,-0.994821872175784,0.0692005712645593));
#4143=DIRECTION('ref_axis',(0.889670511023303,0.0348994967025009,-0.455267401584438));
#4144=DIRECTION('center_axis',(0.912010509792807,-1.84970083618753E-11,
-0.410166831944595));
#4145=DIRECTION('ref_axis',(1.64868119156836E-11,1.,-8.43769498715118E-12));
#4146=DIRECTION('center_axis',(0.,-1.,0.));
#4147=DIRECTION('ref_axis',(0.,0.,-1.));
#4148=DIRECTION('center_axis',(0.978021559825844,2.31485703245141E-15,-0.208503785375283));
#4149=DIRECTION('ref_axis',(0.,1.,1.11022302462516E-14));
#4150=DIRECTION('center_axis',(0.,-1.,0.));
#4151=DIRECTION('ref_axis',(0.311091140771091,0.,0.950380082984561));
#4152=DIRECTION('center_axis',(0.978021559824986,-2.49275817333022E-11,
0.208503785379312));
#4153=DIRECTION('ref_axis',(2.46427878103361E-11,1.,3.96349619791181E-12));
#4154=DIRECTION('center_axis',(0.,-1.,0.));
#4155=DIRECTION('ref_axis',(0.,0.,-1.));
#4156=DIRECTION('center_axis',(0.912010509791558,-2.53133766667678E-15,
0.410166831947371));
#4157=DIRECTION('ref_axis',(2.77555756156289E-15,1.,0.));
#4158=DIRECTION('center_axis',(0.,-1.,0.));
#4159=DIRECTION('ref_axis',(-0.311091140771091,0.,0.950380082984561));
#4160=DIRECTION('center_axis',(0.0744360368190644,0.994821872175783,-0.0692005712645506));
#4161=DIRECTION('ref_axis',(-0.889670511023305,0.0348994967025227,-0.455267401584433));
#4162=DIRECTION('center_axis',(0.0737234284580831,0.994971600591085,-0.0677965346725068));
#4163=DIRECTION('ref_axis',(-0.889670511023299,0.0348994967025007,-0.455267401584447));
#4164=DIRECTION('center_axis',(0.810195337586434,-2.21726120536863E-12,
0.586159973857995));
#4165=DIRECTION('ref_axis',(0.0556984590563746,0.995475113122138,-0.0769868872809607));
#4166=DIRECTION('center_axis',(0.,-1.,0.));
#4167=DIRECTION('ref_axis',(0.,0.,-1.));
#4168=DIRECTION('center_axis',(0.802661139661861,1.05709711817185E-14,0.596435323297272));
#4169=DIRECTION('ref_axis',(0.0566748497160398,0.995475113123617,-0.0762709680100192));
#4170=DIRECTION('center_axis',(0.,-1.,0.));
#4171=DIRECTION('ref_axis',(-0.591309648363733,0.,0.806444604267372));
#4172=DIRECTION('center_axis',(-0.0424896418224915,-0.994971600591083,0.0906980945500781));
#4173=DIRECTION('ref_axis',(0.701725320326819,0.0348994967025007,0.711592298962078));
#4174=DIRECTION('center_axis',(-0.0436144098528555,-0.994821872175786,0.0917999231690882));
#4175=DIRECTION('ref_axis',(0.701725320326813,0.0348994967025005,0.711592298962084));
#4176=DIRECTION('center_axis',(0.665429909764082,-1.62411391401073E-11,
0.74646033731965));
#4177=DIRECTION('ref_axis',(1.1429746038516E-11,1.,1.15685239165941E-11));
#4178=DIRECTION('center_axis',(0.,-1.,0.));
#4179=DIRECTION('ref_axis',(0.,0.,-1.));
#4180=DIRECTION('center_axis',(0.492950349487429,5.4728482799796E-15,0.870057442322185));
#4181=DIRECTION('ref_axis',(-1.11022302462516E-14,1.,0.));
#4182=DIRECTION('center_axis',(0.,-1.,0.));
#4183=DIRECTION('ref_axis',(-0.812846684591615,0.,0.582477696867802));
#4184=DIRECTION('center_axis',(0.100947505716798,0.994821872175782,-0.0117916805514916));
#4185=DIRECTION('ref_axis',(-0.448265976048334,0.0348994967025007,-0.893218696539289));
#4186=DIRECTION('center_axis',(0.0995426061656126,0.994971600591083,-0.0110807750169699));
#4187=DIRECTION('ref_axis',(-0.448265976048343,0.0348994967025116,-0.893218696539284));
#4188=DIRECTION('center_axis',(0.306775610372479,-2.21254746701719E-12,
0.951781868329394));
#4189=DIRECTION('ref_axis',(0.090440811018733,0.995475113122139,-0.0291506236080653));
#4190=DIRECTION('center_axis',(0.,-1.,0.));
#4191=DIRECTION('ref_axis',(0.,0.,-1.));
#4192=DIRECTION('center_axis',(0.29462378384502,-3.12555157536675E-15,0.955613324516168));
#4193=DIRECTION('ref_axis',(0.0908048860344963,0.995475113122722,-0.0279959251600446));
#4194=DIRECTION('center_axis',(0.,-1.,0.));
#4195=DIRECTION('ref_axis',(-0.953716950742269,0.,0.300705799523169));
#4196=DIRECTION('center_axis',(-0.0878962007806486,-0.994971600591084,0.0480184538020983));
#4197=DIRECTION('ref_axis',(0.145131206177929,0.0348994967025007,0.988796722346536));
#4198=DIRECTION('center_axis',(-0.0894547857831134,-0.994821872175776,0.0482419313583239));
#4199=DIRECTION('ref_axis',(0.14513120617794,0.0348994967026117,0.98879672234653));
#4200=DIRECTION('center_axis',(0.0952431606677791,-2.7208772731093E-11,
0.995454037284501));
#4201=DIRECTION('ref_axis',(3.97459842815806E-12,1.,2.69527455909468E-11));
#4202=DIRECTION('center_axis',(0.,-1.,0.));
#4203=DIRECTION('ref_axis',(0.,0.,-1.));
#4204=DIRECTION('center_axis',(-0.116936210759731,0.,0.99313942757961));
#4205=DIRECTION('ref_axis',(0.,1.,0.));
#4206=DIRECTION('center_axis',(0.,-1.,0.));
#4207=DIRECTION('ref_axis',(-0.99994050500015,0.,-0.0109080914941825));
#4208=DIRECTION('center_axis',(0.0883811057800927,0.994821872175782,0.0501818969525858));
#4209=DIRECTION('ref_axis',(0.16666715570156,0.0348994967025006,-0.98539539492544));
#4210=DIRECTION('center_axis',(0.0868277668158435,0.994971600591085,0.0499244722254316));
#4211=DIRECTION('ref_axis',(0.166667155701539,0.0348994967025007,-0.985395394925444));
#4212=DIRECTION('center_axis',(-0.315400266174947,-2.22546048429808E-12,
0.948958730449735));
#4213=DIRECTION('ref_axis',(0.0901725490468966,0.995475113122138,0.0299701610414622));
#4214=DIRECTION('center_axis',(0.,-1.,0.));
#4215=DIRECTION('ref_axis',(0.,0.,-1.));
#4216=DIRECTION('center_axis',(-0.327465618120657,1.91852962552476E-15,
0.944863095347075));
#4217=DIRECTION('ref_axis',(0.0897833710185792,0.995475113125455,0.0311166424345885));
#4218=DIRECTION('center_axis',(0.,-1.,0.));
#4219=DIRECTION('ref_axis',(-0.946930129497703,0.,-0.32143946529551));
#4220=DIRECTION('center_axis',(-0.0992771918878464,-0.994971600591084,-0.0132496486021303));
#4221=DIRECTION('ref_axis',(-0.46764476406077,0.0348994967025007,0.88322726394539));
#4222=DIRECTION('center_axis',(-0.100666248788535,-0.994821872175778,-0.0139910326825486));
#4223=DIRECTION('ref_axis',(-0.467644764060758,0.034899496702545,0.883227263945394));
#4224=DIRECTION('center_axis',(-0.511813243733543,-1.76808012773809E-11,
0.859096737008673));
#4225=DIRECTION('ref_axis',(-8.26005930321116E-12,1.,1.56596957623378E-11));
#4226=DIRECTION('center_axis',(0.,-1.,0.));
#4227=DIRECTION('ref_axis',(0.,0.,-1.));
#4228=DIRECTION('center_axis',(-0.681555501908786,-4.0621196572641E-15,
0.73176642299156));
#4229=DIRECTION('ref_axis',(0.,1.,5.55111512312578E-15));
#4230=DIRECTION('center_axis',(0.,-1.,0.));
#4231=DIRECTION('ref_axis',(-0.79994656510013,0.,-0.600071239924481));
#4232=DIRECTION('center_axis',(0.0416014260342968,0.994821872175782,0.0927295206101319));
#4233=DIRECTION('ref_axis',(0.7170816328966,0.0348994967025007,-0.696114902075985));
#4234=DIRECTION('center_axis',(0.0405009619328661,0.994971600591085,0.0916034175111798));
#4235=DIRECTION('ref_axis',(0.717081632896572,0.0348994967025119,-0.696114902076013));
#4236=DIRECTION('center_axis',(-0.815481296055095,-2.2196244272915E-12,
0.578783427358025));
#4237=DIRECTION('ref_axis',(0.054997520245093,0.995475113122138,0.0774891729298795));
#4238=DIRECTION('center_axis',(0.,-1.,0.));
#4239=DIRECTION('ref_axis',(0.,0.,-1.));
#4240=DIRECTION('center_axis',(-0.822789545477851,-1.18245799436634E-14,
0.568346165512138));
#4241=DIRECTION('ref_axis',(0.0540057442308376,0.995475113122733,0.0781836219636582));
#4242=DIRECTION('center_axis',(0.,-1.,0.));
#4243=DIRECTION('ref_axis',(-0.573576436363744,0.,-0.819152044280101));
#4244=DIRECTION('center_axis',(-0.0722269106689199,-0.994971600591083,-0.0693886690493658));
#4245=DIRECTION('ref_axis',(-0.899390399559426,0.0348994967025008,0.435751000354846));
#4246=DIRECTION('center_axis',(-0.0729087205515701,-0.994821872175781,-0.0708079169881902));
#4247=DIRECTION('ref_axis',(-0.899390399559425,0.0348994967025229,0.435751000354845));
#4248=DIRECTION('center_axis',(-0.920741218272518,-1.88269532856867E-11,
0.390173818924386));
#4249=DIRECTION('ref_axis',(-1.69614322587108E-11,1.,8.2267526124724E-12));
#4250=DIRECTION('center_axis',(0.,-1.,0.));
#4251=DIRECTION('ref_axis',(0.,0.,-1.));
#4252=DIRECTION('center_axis',(0.,-1.,0.));
#4253=DIRECTION('ref_axis',(-0.27698093429865,0.,-0.960875414419084));
#4254=DIRECTION('center_axis',(-0.159019688023364,0.,0.987275411838537));
#4255=DIRECTION('ref_axis',(-0.698109138609777,0.707106781186541,-0.112443899743492));
#4256=DIRECTION('center_axis',(0.159019688023365,0.,-0.987275411838536));
#4257=DIRECTION('ref_axis',(-0.987275411838536,-1.23456800338318E-11,-0.159019688023365));
#4258=DIRECTION('',(0.159019688023364,0.,-0.987275411838537));
#4259=DIRECTION('',(-0.159019688023364,0.,0.987275411838537));
#4260=DIRECTION('center_axis',(0.99005632970999,0.,0.140671475435441));
#4261=DIRECTION('ref_axis',(0.139807215982767,0.110679187627439,-0.983973607260519));
#4262=DIRECTION('center_axis',(0.,1.,0.));
#4263=DIRECTION('ref_axis',(-1.22464679914735E-16,0.,-1.));
#4264=DIRECTION('center_axis',(0.99005632970999,0.,-0.140671475435442));
#4265=DIRECTION('ref_axis',(-0.139807215982911,0.110679187618313,-0.983973607261525));
#4266=DIRECTION('center_axis',(0.,-1.,0.));
#4267=DIRECTION('ref_axis',(2.62860570757047E-17,0.,-1.));
#4268=DIRECTION('center_axis',(0.,1.,0.));
#4269=DIRECTION('ref_axis',(4.57653158400355E-17,0.,-1.));
#4270=DIRECTION('center_axis',(0.159019688023365,-4.41368297530623E-16,
0.987275411838536));
#4271=DIRECTION('ref_axis',(0.987275411838536,0.,-0.159019688023365));
#4272=DIRECTION('center_axis',(-0.159019688023364,0.,-0.987275411838537));
#4273=DIRECTION('ref_axis',(0.698109138609779,0.707106781186539,-0.112443899743492));
#4274=DIRECTION('',(0.159019688023364,0.,0.987275411838537));
#4275=DIRECTION('',(-0.159019688023364,0.,-0.987275411838537));
#4276=DIRECTION('center_axis',(0.,1.,0.));
#4277=DIRECTION('ref_axis',(0.,0.,1.));
#4278=DIRECTION('center_axis',(0.,-1.,0.));
#4279=DIRECTION('ref_axis',(1.11022302462516E-16,0.,1.));
#4280=DIRECTION('center_axis',(0.,1.,0.));
#4281=DIRECTION('ref_axis',(6.12323399573677E-17,0.,1.));
#4282=DIRECTION('center_axis',(0.987275411838537,0.,-0.159019688023364));
#4283=DIRECTION('ref_axis',(-0.159019688023364,0.,-0.987275411838536));
#4284=DIRECTION('center_axis',(0.159019688023364,0.,0.987275411838537));
#4285=DIRECTION('ref_axis',(-0.68581912878199,0.719339800338654,0.110464357353209));
#4286=DIRECTION('',(-0.159019688023364,0.,-0.987275411838537));
#4287=DIRECTION('center_axis',(0.455544907233516,0.,0.890212804611127));
#4288=DIRECTION('ref_axis',(0.618393776212898,0.719339800338652,-0.316448082929729));
#4289=DIRECTION('',(-0.455544907233516,0.,-0.890212804611127));
#4290=DIRECTION('',(0.455544907233516,0.,0.890212804611127));
#4291=DIRECTION('center_axis',(0.889670511023302,0.034899496702501,-0.45526740158444));
#4292=DIRECTION('ref_axis',(-0.455544907233516,0.,-0.890212804611127));
#4293=DIRECTION('center_axis',(0.,1.,0.));
#4294=DIRECTION('ref_axis',(0.455544907233516,0.,0.890212804611127));
#4295=DIRECTION('center_axis',(0.701725320326818,-0.034899496702501,-0.711592298962079));
#4296=DIRECTION('ref_axis',(-0.712026045990997,0.,-0.702153052995162));
#4297=DIRECTION('',(0.712026045990997,1.93731123934732E-18,0.702153052995162));
#4298=DIRECTION('center_axis',(0.712026045990997,0.,0.702153052995162));
#4299=DIRECTION('ref_axis',(-0.487756495606427,0.719339800338654,0.494614852832467));
#4300=DIRECTION('',(-0.712026045990997,0.,-0.702153052995162));
#4301=DIRECTION('center_axis',(0.893763152903363,0.,0.448539214018395));
#4302=DIRECTION('ref_axis',(0.311581519496976,0.719339800338655,-0.620860055372143));
#4303=DIRECTION('',(-0.893763152903363,0.,-0.448539214018395));
#4304=DIRECTION('',(0.893763152903363,0.,0.448539214018395));
#4305=DIRECTION('center_axis',(0.448265976048339,0.034899496702501,-0.893218696539287));
#4306=DIRECTION('ref_axis',(-0.893763152903363,0.,-0.448539214018395));
#4307=DIRECTION('center_axis',(0.,1.,0.));
#4308=DIRECTION('ref_axis',(0.893763152903363,0.,0.448539214018395));
#4309=DIRECTION('center_axis',(0.145131206177934,-0.034899496702501,-0.988796722346535));
#4310=DIRECTION('ref_axis',(-0.989399437751335,0.,-0.145219670077241));
#4311=DIRECTION('',(0.989399437751335,9.68655619673658E-19,0.145219670077241));
#4312=DIRECTION('center_axis',(0.989399437751335,0.,0.145219670077241));
#4313=DIRECTION('ref_axis',(-0.100878059374448,0.719339800338654,0.687294601161388));
#4314=DIRECTION('',(-0.989399437751335,0.,-0.145219670077241));
#4315=DIRECTION('center_axis',(0.985996037070505,0.,-0.166768746716103));
#4316=DIRECTION('ref_axis',(-0.115847305837296,0.719339800338654,-0.684930400390423));
#4317=DIRECTION('',(-0.985996037070505,-9.68655619673658E-19,0.166768746716103));
#4318=DIRECTION('',(0.985996037070505,0.,-0.166768746716103));
#4319=DIRECTION('center_axis',(-0.166667155701544,0.034899496702501,-0.985395394925443));
#4320=DIRECTION('ref_axis',(-0.985996037070505,8.67361737988404E-19,0.166768746716103));
#4321=DIRECTION('center_axis',(0.,1.,0.));
#4322=DIRECTION('ref_axis',(0.985996037070505,0.,-0.166768746716103));
#4323=DIRECTION('center_axis',(-0.467644764060766,-0.034899496702501,-0.883227263945392));
#4324=DIRECTION('ref_axis',(-0.883765630088693,-1.73472347597681E-18,0.467929814260574));
#4325=DIRECTION('',(0.883765630088693,0.,-0.467929814260574));
#4326=DIRECTION('center_axis',(0.883765630088693,0.,-0.467929814260574));
#4327=DIRECTION('ref_axis',(0.32505136226343,0.719339800338653,0.613915192465079));
#4328=DIRECTION('',(-0.883765630088693,0.,0.467929814260574));
#4329=DIRECTION('center_axis',(0.696539214945896,0.,-0.717518725917697));
#4330=DIRECTION('ref_axis',(-0.498430388919799,0.719339800338656,-0.483856796015102));
#4331=DIRECTION('',(-0.696539214945896,1.93731123934732E-18,0.717518725917697));
#4332=DIRECTION('',(0.696539214945896,0.,-0.717518725917697));
#4333=DIRECTION('center_axis',(-0.717081632896575,0.034899496702501,-0.69611490207601));
#4334=DIRECTION('ref_axis',(-0.696539214945896,3.46944695195361E-18,0.717518725917697));
#4335=DIRECTION('center_axis',(0.,1.,0.));
#4336=DIRECTION('ref_axis',(0.696539214945896,0.,-0.717518725917697));
#4337=DIRECTION('center_axis',(-0.899390399559423,-0.034899496702501,-0.435751000354851));
#4338=DIRECTION('ref_axis',(-0.436016609892823,0.,0.89993861784989));
#4339=DIRECTION('',(0.436016609892823,0.,-0.89993861784989));
#4340=DIRECTION('center_axis',(0.436016609892823,0.,-0.89993861784989));
#4341=DIRECTION('ref_axis',(0.625149893788725,0.719339800338653,0.302882587721204));
#4342=DIRECTION('',(-0.436016609892823,0.,0.89993861784989));
#4343=DIRECTION('center_axis',(0.,1.,0.));
#4344=DIRECTION('ref_axis',(0.,0.,1.));
#4345=DIRECTION('center_axis',(0.,-1.,0.));
#4346=DIRECTION('ref_axis',(-1.83697019872103E-16,0.,1.));
#4347=DIRECTION('center_axis',(0.,-1.,0.));
#4348=DIRECTION('ref_axis',(6.69490523067967E-12,0.,1.));
#4349=DIRECTION('center_axis',(-0.893763152903363,0.,0.448539214018395));
#4350=DIRECTION('ref_axis',(-0.311581519496976,0.719339800338654,-0.620860055372144));
#4351=DIRECTION('',(0.893763152903363,0.,-0.448539214018395));
#4352=DIRECTION('',(-0.893763152903363,-1.93731123934732E-18,0.448539214018395));
#4353=DIRECTION('center_axis',(0.,-1.,0.));
#4354=DIRECTION('ref_axis',(0.,0.,-1.));
#4355=DIRECTION('',(-0.159019688023364,0.,0.987275411838537));
#4356=DIRECTION('center_axis',(0.,1.,0.));
#4357=DIRECTION('ref_axis',(-0.159019688023364,0.,0.987275411838537));
#4358=DIRECTION('center_axis',(0.,1.,0.));
#4359=DIRECTION('ref_axis',(0.455544907233514,0.,0.890212804611127));
#4360=DIRECTION('center_axis',(0.,1.,0.));
#4361=DIRECTION('ref_axis',(0.893763152903362,0.,0.448539214018397));
#4362=DIRECTION('center_axis',(0.,1.,0.));
#4363=DIRECTION('ref_axis',(0.985996037070505,0.,-0.166768746716101));
#4364=DIRECTION('center_axis',(0.,1.,0.));
#4365=DIRECTION('ref_axis',(0.696539214945897,0.,-0.717518725917696));
#4366=DIRECTION('center_axis',(0.,-1.,0.));
#4367=DIRECTION('ref_axis',(1.,0.,0.));
#4368=DIRECTION('',(-0.436016609892823,0.,-0.89993861784989));
#4369=DIRECTION('center_axis',(0.,1.,0.));
#4370=DIRECTION('ref_axis',(-0.436016609892821,0.,-0.899938617849891));
#4371=DIRECTION('',(0.696539214945896,0.,0.717518725917697));
#4372=DIRECTION('',(-0.883765630088693,0.,-0.467929814260574));
#4373=DIRECTION('center_axis',(0.,1.,0.));
#4374=DIRECTION('ref_axis',(-0.883765630088692,0.,-0.467929814260576));
#4375=DIRECTION('',(0.985996037070505,0.,0.166768746716103));
#4376=DIRECTION('',(-0.989399437751335,0.,0.14521967007724));
#4377=DIRECTION('center_axis',(0.,1.,0.));
#4378=DIRECTION('ref_axis',(-0.989399437751335,0.,0.145219670077238));
#4379=DIRECTION('',(-0.712026045990997,0.,0.702153052995162));
#4380=DIRECTION('center_axis',(0.,1.,0.));
#4381=DIRECTION('ref_axis',(-0.712026045990998,0.,0.702153052995161));
#4382=DIRECTION('',(0.455544907233516,0.,-0.890212804611126));
#4383=DIRECTION('',(-3.70074341541719E-16,0.,-1.));
#4384=DIRECTION('',(1.,0.,0.));
#4385=DIRECTION('',(2.77555756156289E-16,0.,1.));
#4386=DIRECTION('',(-1.,0.,-3.70074341541719E-16));
#4387=DIRECTION('center_axis',(-0.883765630088693,0.,-0.467929814260574));
#4388=DIRECTION('ref_axis',(-0.32505136226343,0.719339800338653,0.613915192465079));
#4389=DIRECTION('',(0.883765630088693,0.,0.467929814260574));
#4390=DIRECTION('center_axis',(-0.467644764060766,0.034899496702501,0.883227263945392));
#4391=DIRECTION('ref_axis',(0.883765630088693,-1.73472347597681E-18,0.467929814260574));
#4392=DIRECTION('center_axis',(-0.985996037070505,0.,-0.166768746716103));
#4393=DIRECTION('ref_axis',(0.115847305837297,0.719339800338654,-0.684930400390423));
#4394=DIRECTION('',(-0.985996037070505,9.68655619673658E-19,-0.166768746716103));
#4395=DIRECTION('center_axis',(-0.166667155701544,-0.034899496702501,0.985395394925443));
#4396=DIRECTION('ref_axis',(0.985996037070505,0.,0.166768746716103));
#4397=DIRECTION('center_axis',(-0.436016609892822,0.,-0.89993861784989));
#4398=DIRECTION('ref_axis',(-0.625149893788724,0.719339800338654,0.302882587721203));
#4399=DIRECTION('',(0.436016609892823,-1.93731123934731E-18,0.89993861784989));
#4400=DIRECTION('center_axis',(-0.899390399559423,0.034899496702501,0.43575100035485));
#4401=DIRECTION('ref_axis',(0.436016609892823,1.73472347597681E-18,0.89993861784989));
#4402=DIRECTION('center_axis',(-0.989399437751335,0.,0.14521967007724));
#4403=DIRECTION('ref_axis',(0.100878059374449,0.719339800338655,0.687294601161387));
#4404=DIRECTION('',(0.989399437751335,-9.68655619673657E-19,-0.14521967007724));
#4405=DIRECTION('center_axis',(-0.455544907233516,0.,0.890212804611126));
#4406=DIRECTION('ref_axis',(-0.618393776212896,0.719339800338654,-0.316448082929727));
#4407=DIRECTION('',(-0.455544907233516,0.,0.890212804611126));
#4408=DIRECTION('center_axis',(-0.712026045990997,0.,0.702153052995162));
#4409=DIRECTION('ref_axis',(0.487756495606429,0.719339800338653,0.494614852832467));
#4410=DIRECTION('',(0.712026045990997,0.,-0.702153052995162));
#4411=DIRECTION('center_axis',(-0.696539214945896,0.,-0.717518725917697));
#4412=DIRECTION('ref_axis',(0.4984303889198,0.719339800338655,-0.483856796015102));
#4413=DIRECTION('',(-0.696539214945896,0.,-0.717518725917697));
#4414=DIRECTION('center_axis',(-0.717081632896575,-0.034899496702501,0.69611490207601));
#4415=DIRECTION('ref_axis',(0.696539214945895,-3.46944695195361E-18,0.717518725917697));
#4416=DIRECTION('center_axis',(0.159019688023364,0.,-0.987275411838537));
#4417=DIRECTION('ref_axis',(0.68581912878199,0.719339800338654,0.110464357353206));
#4418=DIRECTION('center_axis',(0.,-1.,0.));
#4419=DIRECTION('ref_axis',(0.,0.,1.));
#4420=DIRECTION('center_axis',(0.448265976048339,-0.034899496702501,0.893218696539287));
#4421=DIRECTION('ref_axis',(0.893763152903363,0.,-0.448539214018395));
#4422=DIRECTION('center_axis',(0.145131206177933,0.034899496702501,0.988796722346535));
#4423=DIRECTION('ref_axis',(0.989399437751335,-8.67361737988404E-19,-0.14521967007724));
#4424=DIRECTION('center_axis',(0.,1.,0.));
#4425=DIRECTION('ref_axis',(-0.436016609892823,0.,-0.89993861784989));
#4426=DIRECTION('center_axis',(0.,-1.,0.));
#4427=DIRECTION('ref_axis',(-0.436016609892823,0.,-0.89993861784989));
#4428=DIRECTION('center_axis',(0.,-1.,0.));
#4429=DIRECTION('ref_axis',(0.696539214945896,0.,-0.717518725917697));
#4430=DIRECTION('center_axis',(0.,1.,0.));
#4431=DIRECTION('ref_axis',(-0.883765630088693,0.,-0.467929814260574));
#4432=DIRECTION('center_axis',(0.,-1.,0.));
#4433=DIRECTION('ref_axis',(-0.883765630088693,0.,-0.467929814260574));
#4434=DIRECTION('center_axis',(0.,-1.,0.));
#4435=DIRECTION('ref_axis',(0.985996037070505,0.,-0.166768746716103));
#4436=DIRECTION('center_axis',(0.,1.,0.));
#4437=DIRECTION('ref_axis',(-0.989399437751335,0.,0.14521967007724));
#4438=DIRECTION('center_axis',(0.,-1.,0.));
#4439=DIRECTION('ref_axis',(-0.989399437751335,0.,0.14521967007724));
#4440=DIRECTION('center_axis',(0.,-1.,0.));
#4441=DIRECTION('ref_axis',(0.893763152903363,0.,0.448539214018395));
#4442=DIRECTION('center_axis',(0.,1.,0.));
#4443=DIRECTION('ref_axis',(-0.712026045990997,0.,0.702153052995162));
#4444=DIRECTION('center_axis',(0.,-1.,0.));
#4445=DIRECTION('ref_axis',(-0.712026045990997,0.,0.702153052995162));
#4446=DIRECTION('center_axis',(0.,-1.,0.));
#4447=DIRECTION('ref_axis',(0.455544907233516,0.,0.890212804611127));
#4448=DIRECTION('center_axis',(0.701725320326818,0.034899496702501,0.711592298962079));
#4449=DIRECTION('ref_axis',(0.712026045990997,0.,-0.702153052995162));
#4450=DIRECTION('center_axis',(0.889670511023302,-0.034899496702501,0.455267401584441));
#4451=DIRECTION('ref_axis',(0.455544907233516,1.73472347597681E-18,-0.890212804611126));
#4452=DIRECTION('center_axis',(0.,-1.,0.));
#4453=DIRECTION('ref_axis',(-0.159019688023364,0.,0.987275411838537));
#4454=DIRECTION('center_axis',(1.,0.,3.70074341541719E-16));
#4455=DIRECTION('ref_axis',(0.,-0.866666666666667,0.498887651569858));
#4456=DIRECTION('',(-1.,0.,-3.70074341541719E-16));
#4457=DIRECTION('center_axis',(-0.707106781186548,1.28796647001403E-16,
-0.707106781186547));
#4458=DIRECTION('ref_axis',(-0.707106781186547,-1.28796647001404E-16,0.707106781186548));
#4459=DIRECTION('center_axis',(-0.707106781186548,6.69538125285073E-17,
0.707106781186547));
#4460=DIRECTION('ref_axis',(0.707106781186547,-6.69538125285072E-17,0.707106781186548));
#4461=DIRECTION('center_axis',(3.70074341541719E-16,0.,1.));
#4462=DIRECTION('ref_axis',(-0.498887651569858,-0.866666666666667,1.85037170770859E-16));
#4463=DIRECTION('',(-3.70074341541719E-16,0.,-1.));
#4464=DIRECTION('center_axis',(0.707106781186547,1.29307744806964E-16,-0.707106781186548));
#4465=DIRECTION('ref_axis',(-0.707106781186548,-1.29307744806964E-16,-0.707106781186547));
#4466=DIRECTION('center_axis',(-1.,0.,0.));
#4467=DIRECTION('ref_axis',(0.,-0.866666666666667,-0.498887651569858));
#4468=DIRECTION('',(1.,0.,0.));
#4469=DIRECTION('center_axis',(0.707106781186548,6.65704891743365E-17,0.707106781186547));
#4470=DIRECTION('ref_axis',(0.707106781186547,-6.65704891743365E-17,-0.707106781186548));
#4471=DIRECTION('center_axis',(-2.77555756156289E-16,0.,-1.));
#4472=DIRECTION('ref_axis',(0.498887651569858,-0.866666666666667,-1.85037170770859E-16));
#4473=DIRECTION('',(2.77555756156289E-16,0.,1.));
#4474=DIRECTION('center_axis',(0.,-1.,0.));
#4475=DIRECTION('ref_axis',(0.,0.,-1.));
#4476=DIRECTION('center_axis',(0.,-1.,0.));
#4477=DIRECTION('ref_axis',(0.159019688023364,0.,-0.987275411838537));
#4478=DIRECTION('center_axis',(0.987275411838537,0.,0.159019688023364));
#4479=DIRECTION('ref_axis',(0.159019688023364,0.,-0.987275411838537));
#4480=DIRECTION('center_axis',(0.,-1.,0.));
#4481=DIRECTION('ref_axis',(0.,0.,-1.));
#4482=DIRECTION('center_axis',(0.,-1.,0.));
#4483=DIRECTION('ref_axis',(1.,0.,0.));
#4484=DIRECTION('',(-1.,0.,-3.70074341541719E-16));
#4485=DIRECTION('',(2.77555756156289E-16,0.,1.));
#4486=DIRECTION('',(1.,0.,0.));
#4487=DIRECTION('',(-3.70074341541719E-16,0.,-1.));
#4488=DIRECTION('',(1.,0.,3.70074341541719E-16));
#4489=DIRECTION('',(3.70074341541719E-16,0.,1.));
#4490=DIRECTION('',(-1.,0.,0.));
#4491=DIRECTION('',(-2.77555756156289E-16,0.,-1.));
#4492=DIRECTION('center_axis',(-1.,0.,0.));
#4493=DIRECTION('ref_axis',(0.,-0.866666666666667,-0.498887651569858));
#4494=DIRECTION('center_axis',(0.707106781186547,0.,-0.707106781186548));
#4495=DIRECTION('ref_axis',(-0.707106781186548,-6.63045801809026E-17,-0.707106781186547));
#4496=DIRECTION('',(1.,0.,0.));
#4497=DIRECTION('center_axis',(0.707106781186548,0.,0.707106781186547));
#4498=DIRECTION('ref_axis',(0.707106781186547,6.63045801809027E-17,-0.707106781186548));
#4499=DIRECTION('center_axis',(3.70074341541719E-16,0.,1.));
#4500=DIRECTION('ref_axis',(-0.498887651569858,-0.866666666666667,1.85037170770859E-16));
#4501=DIRECTION('center_axis',(-0.707106781186547,0.,-0.707106781186548));
#4502=DIRECTION('ref_axis',(-0.707106781186548,6.63045801809027E-17,0.707106781186547));
#4503=DIRECTION('',(-3.2489884856996E-16,0.,-1.));
#4504=DIRECTION('center_axis',(1.,0.,3.70074341541719E-16));
#4505=DIRECTION('ref_axis',(0.,-0.866666666666667,0.498887651569858));
#4506=DIRECTION('center_axis',(-0.707106781186547,0.,0.707106781186548));
#4507=DIRECTION('ref_axis',(0.707106781186548,1.98913740542708E-16,0.707106781186548));
#4508=DIRECTION('',(-1.,0.,0.));
#4509=DIRECTION('center_axis',(-2.77555756156289E-16,0.,-1.));
#4510=DIRECTION('ref_axis',(0.498887651569858,-0.866666666666667,-1.85037170770859E-16));
#4511=DIRECTION('',(2.4367413642747E-16,0.,1.));
#4512=DIRECTION('center_axis',(1.,0.,3.70074341541719E-16));
#4513=DIRECTION('ref_axis',(0.,-0.866666666666667,0.498887651569858));
#4514=DIRECTION('',(-1.,0.,-3.70074341541719E-16));
#4515=DIRECTION('center_axis',(-0.707106781186548,6.69538125285073E-17,
0.707106781186547));
#4516=DIRECTION('ref_axis',(0.707106781186547,-6.69538125285072E-17,0.707106781186548));
#4517=DIRECTION('center_axis',(-0.707106781186548,1.28796647001403E-16,
-0.707106781186547));
#4518=DIRECTION('ref_axis',(-0.707106781186547,-1.28796647001404E-16,0.707106781186548));
#4519=DIRECTION('center_axis',(3.70074341541719E-16,0.,1.));
#4520=DIRECTION('ref_axis',(-0.498887651569858,-0.866666666666667,1.85037170770859E-16));
#4521=DIRECTION('center_axis',(0.707106781186547,1.29307744806964E-16,-0.707106781186548));
#4522=DIRECTION('ref_axis',(-0.707106781186548,-1.29307744806964E-16,-0.707106781186547));
#4523=DIRECTION('',(-3.70074341541719E-16,0.,-1.));
#4524=DIRECTION('center_axis',(-1.,0.,0.));
#4525=DIRECTION('ref_axis',(0.,-0.866666666666667,-0.498887651569858));
#4526=DIRECTION('center_axis',(0.707106781186548,6.65704891743365E-17,0.707106781186547));
#4527=DIRECTION('ref_axis',(0.707106781186547,-6.65704891743365E-17,-0.707106781186548));
#4528=DIRECTION('',(1.,0.,0.));
#4529=DIRECTION('center_axis',(-2.77555756156289E-16,0.,-1.));
#4530=DIRECTION('ref_axis',(0.498887651569858,-0.866666666666667,-1.85037170770859E-16));
#4531=DIRECTION('',(2.77555756156289E-16,0.,1.));
#4532=DIRECTION('center_axis',(-3.70074341541719E-16,7.37078684775022E-17,
1.));
#4533=DIRECTION('ref_axis',(1.,0.,3.70074341541719E-16));
#4534=DIRECTION('',(2.31424390878171E-20,1.,-3.70597600451761E-17));
#4535=DIRECTION('',(4.73608516945162E-17,1.,-3.66481084323262E-17));
#4536=DIRECTION('center_axis',(-1.,-3.96601051240565E-21,3.70074341541719E-16));
#4537=DIRECTION('ref_axis',(3.70074341541719E-16,0.,1.));
#4538=DIRECTION('',(-9.14614916625444E-17,1.,0.));
#4539=DIRECTION('center_axis',(0.,0.,-1.));
#4540=DIRECTION('ref_axis',(-1.,0.,0.));
#4541=DIRECTION('',(-2.03313372001055E-20,1.,0.));
#4542=DIRECTION('center_axis',(1.,-8.73756731562571E-20,-2.77555756156289E-16));
#4543=DIRECTION('ref_axis',(-2.77555756156289E-16,0.,-1.));
#4544=DIRECTION('center_axis',(0.,-1.,0.));
#4545=DIRECTION('ref_axis',(1.,0.,0.));
#4546=DIRECTION('center_axis',(1.,-8.35735480065286E-17,0.));
#4547=DIRECTION('ref_axis',(-8.35735480065286E-17,-1.,0.));
#4548=DIRECTION('',(-8.35735480065286E-17,-1.,0.));
#4549=DIRECTION('',(0.,0.,1.));
#4550=DIRECTION('',(-8.35735480065286E-17,-1.,0.));
#4551=DIRECTION('',(0.,0.,-1.));
#4552=DIRECTION('center_axis',(-1.,1.67147096013057E-16,0.));
#4553=DIRECTION('ref_axis',(1.67147096013057E-16,1.,0.));
#4554=DIRECTION('',(1.67147096013057E-16,1.,0.));
#4555=DIRECTION('',(0.,0.,1.));
#4556=DIRECTION('',(1.67147096013057E-16,1.,0.));
#4557=DIRECTION('',(0.,0.,-1.));
#4558=DIRECTION('center_axis',(0.,0.,1.));
#4559=DIRECTION('ref_axis',(1.,0.,0.));
#4560=DIRECTION('center_axis',(0.,0.,-1.));
#4561=DIRECTION('ref_axis',(1.,0.,0.));
#4562=DIRECTION('center_axis',(0.,0.,-1.));
#4563=DIRECTION('ref_axis',(1.,0.,0.));
#4564=DIRECTION('center_axis',(0.,0.,1.));
#4565=DIRECTION('ref_axis',(1.,0.,0.));
#4566=DIRECTION('center_axis',(0.,0.,1.));
#4567=DIRECTION('ref_axis',(1.,0.,0.));
#4568=DIRECTION('center_axis',(0.,0.,1.));
#4569=DIRECTION('ref_axis',(1.,0.,0.));
#4570=DIRECTION('center_axis',(0.,0.,1.));
#4571=DIRECTION('ref_axis',(1.,0.,0.));
#4572=DIRECTION('center_axis',(0.,0.,1.));
#4573=DIRECTION('ref_axis',(1.,0.,0.));
#4574=DIRECTION('center_axis',(0.,0.,1.));
#4575=DIRECTION('ref_axis',(1.,0.,0.));
#4576=DIRECTION('',(0.,0.,-1.));
#4577=DIRECTION('center_axis',(0.,1.,0.));
#4578=DIRECTION('ref_axis',(1.,0.,0.));
#4579=DIRECTION('center_axis',(0.,-1.,0.));
#4580=DIRECTION('ref_axis',(1.,0.,0.));
#4581=DIRECTION('',(0.,-1.,0.));
#4582=DIRECTION('center_axis',(0.,-1.,0.));
#4583=DIRECTION('ref_axis',(1.,0.,0.));
#4584=DIRECTION('center_axis',(0.,1.,0.));
#4585=DIRECTION('ref_axis',(-1.,0.,0.));
#4586=DIRECTION('center_axis',(0.,1.,0.));
#4587=DIRECTION('ref_axis',(-1.,0.,0.));
#4588=DIRECTION('',(0.,-1.,0.));
#4589=DIRECTION('center_axis',(0.,1.,0.));
#4590=DIRECTION('ref_axis',(-1.,0.,0.));
#4591=DIRECTION('center_axis',(0.,1.,0.));
#4592=DIRECTION('ref_axis',(0.,0.,1.));
#4593=DIRECTION('center_axis',(0.,1.,0.));
#4594=DIRECTION('ref_axis',(0.,0.,1.));
#4595=CARTESIAN_POINT('',(0.,0.,0.));
#4596=CARTESIAN_POINT('Ctrl Pts',(0.750118695774353,6.89896956940868,5.90118649286641));
#4597=CARTESIAN_POINT('Ctrl Pts',(0.773645255632155,6.88538363728818,6.06017142072471));
#4598=CARTESIAN_POINT('Ctrl Pts',(0.796802624602826,6.87115839060141,6.21686116793602));
#4599=CARTESIAN_POINT('Ctrl Pts',(0.819556633994861,6.85631481869594,6.37102453882173));
#4600=CARTESIAN_POINT('Ctrl Pts',(0.732443686453378,6.90917639430427,5.90490677102489));
#4601=CARTESIAN_POINT('Ctrl Pts',(0.756452624120534,6.89574490024358,6.06386521420763));
#4602=CARTESIAN_POINT('Ctrl Pts',(0.780083445739939,6.88164042664538,6.22053029235484));
#4603=CARTESIAN_POINT('Ctrl Pts',(0.803317136176925,6.86690865072862,6.37466925409835));
#4604=CARTESIAN_POINT('Ctrl Pts',(0.707424826055452,6.93710817723983,5.9114018908612));
#4605=CARTESIAN_POINT('Ctrl Pts',(0.732247742381359,6.92348826052295,6.07031601299792));
#4606=CARTESIAN_POINT('Ctrl Pts',(0.75668936432494,6.90919063427099,6.22693726487096));
#4607=CARTESIAN_POINT('Ctrl Pts',(0.780704716922326,6.8942292506188,6.38103520027631));
#4608=CARTESIAN_POINT('Ctrl Pts',(0.700703225767321,6.97356966825476,5.91578637003425));
#4609=CARTESIAN_POINT('Ctrl Pts',(0.725802752979189,6.95933576940654,6.07473615053237));
#4610=CARTESIAN_POINT('Ctrl Pts',(0.750505802969031,6.94442204749993,6.23139250242299));
#4611=CARTESIAN_POINT('Ctrl Pts',(0.774781477250582,6.92884694739482,6.38552309883876));
#4612=CARTESIAN_POINT('Ctrl Pts',(0.701459209792683,6.98905749037285,5.91707877461901));
#4613=CARTESIAN_POINT('Ctrl Pts',(0.726554206974339,6.9745658294443,6.07606370247731));
#4614=CARTESIAN_POINT('Ctrl Pts',(0.751255400543055,6.95939223297842,6.23275344968862));
#4615=CARTESIAN_POINT('Ctrl Pts',(0.775526343894559,6.94355908961259,6.38691682057433));
#4616=CARTESIAN_POINT('',(0.81955663399469,6.85631481869605,6.37102453882057));
#4617=CARTESIAN_POINT('',(0.775526343892178,6.94355908956555,6.38691682056987));
#4618=CARTESIAN_POINT('Origin',(0.87419374292767,6.94006913994246,6.37102453882057));
#4619=CARTESIAN_POINT('',(0.701459209792711,6.98905749037279,5.91707877461972));
#4620=CARTESIAN_POINT('Origin',(-0.0986673990332931,5.60348994967025,1.25375530967446));
#4621=CARTESIAN_POINT('',(0.75284064206048,6.89739391383726,5.91958142264974));
#4622=CARTESIAN_POINT('Ctrl Pts',(0.752840641671251,6.89739391319645,5.9195814202222));
#4623=CARTESIAN_POINT('Ctrl Pts',(0.745984340905975,6.90137267031081,5.92007056240042));
#4624=CARTESIAN_POINT('Ctrl Pts',(0.73964601769153,6.906159832363,5.92040726205816));
#4625=CARTESIAN_POINT('Ctrl Pts',(0.733913315248104,6.9116049943498,5.92059517094479));
#4626=CARTESIAN_POINT('Ctrl Pts',(0.730197220149073,6.91513469783123,5.92071697864361));
#4627=CARTESIAN_POINT('Ctrl Pts',(0.726735948968255,6.91894207672001,5.92077631885901));
#4628=CARTESIAN_POINT('Ctrl Pts',(0.723560476794113,6.92299531047881,5.92077390960077));
#4629=CARTESIAN_POINT('Ctrl Pts',(0.718676416482549,6.9292294189985,5.92077020402191));
#4630=CARTESIAN_POINT('Ctrl Pts',(0.714515400147011,6.93598149026711,5.92062093153561));
#4631=CARTESIAN_POINT('Ctrl Pts',(0.711179683115995,6.94312878766136,5.92033308388089));
#4632=CARTESIAN_POINT('Ctrl Pts',(0.709515900349141,6.94669370342717,5.92018951176043));
#4633=CARTESIAN_POINT('Ctrl Pts',(0.708058015121336,6.95035746955339,5.92001142317));
#4634=CARTESIAN_POINT('Ctrl Pts',(0.706810077665794,6.9540999938451,5.91980061732022));
#4635=CARTESIAN_POINT('Ctrl Pts',(0.704266950047387,6.96172675177798,5.91937102353225));
#4636=CARTESIAN_POINT('Ctrl Pts',(0.702615335762922,6.96961131100398,5.91880999177614));
#4637=CARTESIAN_POINT('Ctrl Pts',(0.701878874804987,6.97758038778067,5.91813182407401));
#4638=CARTESIAN_POINT('Ctrl Pts',(0.701526555906598,6.98139275056907,5.91780739235069));
#4639=CARTESIAN_POINT('Ctrl Pts',(0.701384409853266,6.98522469308732,5.91745606179815));
#4640=CARTESIAN_POINT('Ctrl Pts',(0.701459209792683,6.98905749037285,5.91707877461901));
#4641=CARTESIAN_POINT('Origin',(0.,5.6,1.23786302792187));
#4642=CARTESIAN_POINT('Ctrl Pts',(0.819556633998945,6.85631481869328,6.37102453880395));
#4643=CARTESIAN_POINT('Ctrl Pts',(1.12791021652877,6.65516044208367,6.34656649634083));
#4644=CARTESIAN_POINT('Ctrl Pts',(1.58917703503892,6.01331080590882,6.29239435266937));
#4645=CARTESIAN_POINT('Ctrl Pts',(1.47651378074799,5.04000250916817,6.42916116254122));
#4646=CARTESIAN_POINT('Ctrl Pts',(1.02549860833514,4.4605376029485,6.5894312754112));
#4647=CARTESIAN_POINT('Ctrl Pts',(0.553699919795364,4.16819512440867,6.68518219994296));
#4648=CARTESIAN_POINT('Ctrl Pts',(-9.04931747563016E-9,4.06507815884779,
6.72369999979215));
#4649=CARTESIAN_POINT('Ctrl Pts',(-0.553451929799553,4.16821028845366,6.68545232383288));
#4650=CARTESIAN_POINT('Ctrl Pts',(-1.02531458224296,4.46061365019616,6.58958154954975));
#4651=CARTESIAN_POINT('Ctrl Pts',(-1.47711960379867,5.03926436943702,6.42847554611053));
#4652=CARTESIAN_POINT('Ctrl Pts',(-1.58910558477177,6.01334996534324,6.29245236577481));
#4653=CARTESIAN_POINT('Ctrl Pts',(-1.12791021652877,6.65516044208367,6.34656649634083));
#4654=CARTESIAN_POINT('Ctrl Pts',(-0.819556633998944,6.85631481869328,6.37102453880395));
#4655=CARTESIAN_POINT('Ctrl Pts',(0.820411897106812,6.85575688803494,6.38742066754136));
#4656=CARTESIAN_POINT('Ctrl Pts',(1.12871425203877,6.65433438619224,6.36336865544099));
#4657=CARTESIAN_POINT('Ctrl Pts',(1.58809724098727,6.01345897356264,6.31038493281641));
#4658=CARTESIAN_POINT('Ctrl Pts',(1.4775680960955,5.04350699230502,6.44565731782883));
#4659=CARTESIAN_POINT('Ctrl Pts',(1.02781966839217,4.46250009238714,6.60442217487107));
#4660=CARTESIAN_POINT('Ctrl Pts',(0.555388915087454,4.16875234290957,6.69943202039998));
#4661=CARTESIAN_POINT('Ctrl Pts',(1.42516198156143E-7,4.06488142857802,
6.73766759456596));
#4662=CARTESIAN_POINT('Ctrl Pts',(-0.555161128646637,4.16875025833525,6.69969864778422));
#4663=CARTESIAN_POINT('Ctrl Pts',(-1.0276467852511,4.46256356553628,6.60457088470309));
#4664=CARTESIAN_POINT('Ctrl Pts',(-1.47812783404518,5.0428362329443,6.44498572564034));
#4665=CARTESIAN_POINT('Ctrl Pts',(-1.5880323285016,6.01349578701973,6.31044160068891));
#4666=CARTESIAN_POINT('Ctrl Pts',(-1.12871425203876,6.65433438619224,6.36336865544099));
#4667=CARTESIAN_POINT('Ctrl Pts',(-0.820411897106811,6.85575688803494,6.38742066754137));
#4668=CARTESIAN_POINT('Ctrl Pts',(0.826637785819637,6.86157101210414,6.42014015003166));
#4669=CARTESIAN_POINT('Ctrl Pts',(1.13678283952442,6.65885376122192,6.39689375727165));
#4670=CARTESIAN_POINT('Ctrl Pts',(1.5963672771367,6.01652022772959,6.34626697790122));
#4671=CARTESIAN_POINT('Ctrl Pts',(1.48809450848311,5.04690089737295,6.478574568891));
#4672=CARTESIAN_POINT('Ctrl Pts',(1.03722584916393,4.46089868879706,6.63435111236757));
#4673=CARTESIAN_POINT('Ctrl Pts',(0.56101170484153,4.16381762770343,6.72788922674147));
#4674=CARTESIAN_POINT('Ctrl Pts',(5.25846672742876E-8,4.05841535722927,
6.76556460556472));
#4675=CARTESIAN_POINT('Ctrl Pts',(-0.560816381249168,4.16378956470624,6.72814905471134));
#4676=CARTESIAN_POINT('Ctrl Pts',(-1.03707305782913,4.46094362669393,6.63449693633321));
#4677=CARTESIAN_POINT('Ctrl Pts',(-1.48859319283758,5.04632586948349,6.47793025945347));
#4678=CARTESIAN_POINT('Ctrl Pts',(-1.59631259358497,6.01655214069033,6.34632094440907));
#4679=CARTESIAN_POINT('Ctrl Pts',(-1.13678283952441,6.65885376122192,6.39689375727165));
#4680=CARTESIAN_POINT('Ctrl Pts',(-0.826637785819636,6.86157101210414,6.42014015003166));
#4681=CARTESIAN_POINT('Ctrl Pts',(0.850731270309503,6.89350656423726,6.46398497491806));
#4682=CARTESIAN_POINT('Ctrl Pts',(1.16994767862312,6.68630684623023,6.44115433594026));
#4683=CARTESIAN_POINT('Ctrl Pts',(1.64303251626025,6.02995661916633,6.39172978892177));
#4684=CARTESIAN_POINT('Ctrl Pts',(1.53122877643452,5.03898256167294,6.52216518932742));
#4685=CARTESIAN_POINT('Ctrl Pts',(1.06697771607558,4.43957008606532,6.67613350724831));
#4686=CARTESIAN_POINT('Ctrl Pts',(0.576983959499012,4.13572385290131,6.76877824835738));
#4687=CARTESIAN_POINT('Ctrl Pts',(9.18257355063567E-8,4.02790838589523,
6.80611295341685));
#4688=CARTESIAN_POINT('Ctrl Pts',(-0.576781275716799,4.13569167287505,6.7690332297161));
#4689=CARTESIAN_POINT('Ctrl Pts',(-1.06681941387391,4.43961356549602,6.67627612934351));
#4690=CARTESIAN_POINT('Ctrl Pts',(-1.5317448502395,5.03840875115631,6.52153945465999));
#4691=CARTESIAN_POINT('Ctrl Pts',(-1.64297567937145,6.02998770305917,6.39178237581648));
#4692=CARTESIAN_POINT('Ctrl Pts',(-1.16994767862312,6.68630684623024,6.44115433594026));
#4693=CARTESIAN_POINT('Ctrl Pts',(-0.850731270309502,6.89350656423727,6.46398497491807));
#4694=CARTESIAN_POINT('Ctrl Pts',(0.874619228747665,6.92904897906599,6.47342373589207));
#4695=CARTESIAN_POINT('Ctrl Pts',(1.20337131608926,6.71728113329536,6.44943293404989));
#4696=CARTESIAN_POINT('Ctrl Pts',(1.6935040055452,6.04335178442491,6.39666274067157));
#4697=CARTESIAN_POINT('Ctrl Pts',(1.57471868450293,5.02288572159323,6.53059943679845));
#4698=CARTESIAN_POINT('Ctrl Pts',(1.0947530644028,4.41167764585282,6.68838616837565));
#4699=CARTESIAN_POINT('Ctrl Pts',(0.591345932699453,4.10277343732858,6.78298027508977));
#4700=CARTESIAN_POINT('Ctrl Pts',(4.73937618362013E-8,3.99356600672754,
6.82107737281687));
#4701=CARTESIAN_POINT('Ctrl Pts',(-0.591100012298867,4.10277113463615,6.78324703557562));
#4702=CARTESIAN_POINT('Ctrl Pts',(-1.09456787030441,4.41174485209193,6.68853709622154));
#4703=CARTESIAN_POINT('Ctrl Pts',(-1.57532586044053,5.02218664491774,6.52992996006722));
#4704=CARTESIAN_POINT('Ctrl Pts',(-1.69343366118555,6.0433904156447,6.39671835463084));
#4705=CARTESIAN_POINT('Ctrl Pts',(-1.20337131608926,6.71728113329536,6.4494329340499));
#4706=CARTESIAN_POINT('Ctrl Pts',(-0.874619228747664,6.92904897906599,6.47342373589207));
#4707=CARTESIAN_POINT('Ctrl Pts',(0.887726255995466,6.94957140238293,6.46964795437372));
#4708=CARTESIAN_POINT('Ctrl Pts',(1.22168517645642,6.73500673399935,6.44449719631765));
#4709=CARTESIAN_POINT('Ctrl Pts',(1.72104369649886,6.05036712207951,6.38851076517514));
#4710=CARTESIAN_POINT('Ctrl Pts',(1.5986158659658,5.01217160555615,6.52591012828577));
#4711=CARTESIAN_POINT('Ctrl Pts',(1.11016671853445,4.39407570558851,6.68771004611305));
#4712=CARTESIAN_POINT('Ctrl Pts',(0.599372691656103,4.08224372847935,6.78444529168948));
#4713=CARTESIAN_POINT('Ctrl Pts',(-6.71334192498169E-9,3.97225229854775,
6.82337772465238));
#4714=CARTESIAN_POINT('Ctrl Pts',(-0.599104730571657,4.08225990346068,6.78471934600186));
#4715=CARTESIAN_POINT('Ctrl Pts',(-1.10996802311228,4.39415682265267,6.68786256736434));
#4716=CARTESIAN_POINT('Ctrl Pts',(-1.5992703090499,5.01138425650959,6.52521351543885));
#4717=CARTESIAN_POINT('Ctrl Pts',(-1.72096638898813,6.05040889214289,6.38856971537666));
#4718=CARTESIAN_POINT('Ctrl Pts',(-1.22168517645642,6.73500673399935,6.44449719631765));
#4719=CARTESIAN_POINT('Ctrl Pts',(-0.887726255995465,6.94957140238293,6.46964795437372));
#4720=CARTESIAN_POINT('',(-0.819556633998944,6.85631481869328,6.37102453880395));
#4721=CARTESIAN_POINT('',(-0.887726255991832,6.94957140238305,6.46964795437421));
#4722=CARTESIAN_POINT('Origin',(-0.874193742932207,6.9400691399395,6.37102453880395));
#4723=CARTESIAN_POINT('',(0.887726255991832,6.94957140238305,6.46964795437421));
#4724=CARTESIAN_POINT('Ctrl Pts',(-0.887726255995465,6.94957140238293,6.46964795437372));
#4725=CARTESIAN_POINT('Ctrl Pts',(-1.22168517645642,6.73500673399935,6.44449719631765));
#4726=CARTESIAN_POINT('Ctrl Pts',(-1.72096638898813,6.05040889214289,6.38856971537666));
#4727=CARTESIAN_POINT('Ctrl Pts',(-1.5992703090499,5.01138425650959,6.52521351543885));
#4728=CARTESIAN_POINT('Ctrl Pts',(-1.10996802311228,4.39415682265267,6.68786256736434));
#4729=CARTESIAN_POINT('Ctrl Pts',(-0.599104730571657,4.08225990346068,6.78471934600186));
#4730=CARTESIAN_POINT('Ctrl Pts',(-6.71334192498169E-9,3.97225229854775,
6.82337772465238));
#4731=CARTESIAN_POINT('Ctrl Pts',(0.599372691656103,4.08224372847935,6.78444529168948));
#4732=CARTESIAN_POINT('Ctrl Pts',(1.11016671853445,4.39407570558851,6.68771004611305));
#4733=CARTESIAN_POINT('Ctrl Pts',(1.5986158659658,5.01217160555615,6.52591012828577));
#4734=CARTESIAN_POINT('Ctrl Pts',(1.72104369649886,6.05036712207951,6.38851076517514));
#4735=CARTESIAN_POINT('Ctrl Pts',(1.22168517645642,6.73500673399935,6.44449719631765));
#4736=CARTESIAN_POINT('Ctrl Pts',(0.887726255995466,6.94957140238293,6.46964795437372));
#4737=CARTESIAN_POINT('Origin',(0.874193742932208,6.94006913993949,6.37102453880395));
#4738=CARTESIAN_POINT('',(-1.49901458150575,5.6003278484502,6.36129380957371));
#4739=CARTESIAN_POINT('Ctrl Pts',(0.819556633998945,6.85631481869328,6.37102453880395));
#4740=CARTESIAN_POINT('Ctrl Pts',(1.12791021652877,6.65516044208367,6.34656649634083));
#4741=CARTESIAN_POINT('Ctrl Pts',(1.58917703503892,6.01331080590882,6.29239435266937));
#4742=CARTESIAN_POINT('Ctrl Pts',(1.47651378074799,5.04000250916817,6.42916116254122));
#4743=CARTESIAN_POINT('Ctrl Pts',(1.02549860833514,4.4605376029485,6.5894312754112));
#4744=CARTESIAN_POINT('Ctrl Pts',(0.553699919795364,4.16819512440867,6.68518219994296));
#4745=CARTESIAN_POINT('Ctrl Pts',(-9.04931747563016E-9,4.06507815884779,
6.72369999979215));
#4746=CARTESIAN_POINT('Ctrl Pts',(-0.553451929799553,4.16821028845366,6.68545232383288));
#4747=CARTESIAN_POINT('Ctrl Pts',(-1.02531458224296,4.46061365019616,6.58958154954975));
#4748=CARTESIAN_POINT('Ctrl Pts',(-1.39865024966358,4.93876449439737,6.45645638614996));
#4749=CARTESIAN_POINT('Ctrl Pts',(-1.498623528515,5.36109826687165,6.386763755077));
#4750=CARTESIAN_POINT('Ctrl Pts',(-1.49908842444282,5.60057057172612,6.36120480075333));
#4751=CARTESIAN_POINT('Ctrl Pts',(-1.49908740477572,5.60008496934839,6.36125664835138));
#4752=CARTESIAN_POINT('Ctrl Pts',(-1.49937559839413,5.7277025617696,6.3476259418711));
#4753=CARTESIAN_POINT('Ctrl Pts',(-1.43870989365912,6.22264419694068,6.31009896985161));
#4754=CARTESIAN_POINT('Ctrl Pts',(-1.12791021652877,6.65516044208367,6.34656649634083));
#4755=CARTESIAN_POINT('Ctrl Pts',(-0.819556633998944,6.85631481869328,6.37102453880395));
#4756=CARTESIAN_POINT('Origin',(0.874193742925074,6.94006913994094,6.37102453880479));
#4757=CARTESIAN_POINT('Origin',(0.874193742925074,6.94006913994094,6.37102453880479));
#4758=CARTESIAN_POINT('Ctrl Pts',(-0.819556633994862,6.85631481869594,6.37102453882173));
#4759=CARTESIAN_POINT('Ctrl Pts',(-0.796802624602815,6.87115839060142,6.21686116793595));
#4760=CARTESIAN_POINT('Ctrl Pts',(-0.773645255632132,6.88538363728819,6.06017142072455));
#4761=CARTESIAN_POINT('Ctrl Pts',(-0.750118695774318,6.8989695694087,5.90118649286617));
#4762=CARTESIAN_POINT('Ctrl Pts',(-0.803317136176925,6.86690865072862,6.37466925409835));
#4763=CARTESIAN_POINT('Ctrl Pts',(-0.780083445739928,6.88164042664539,6.22053029235476));
#4764=CARTESIAN_POINT('Ctrl Pts',(-0.756452624120511,6.8957449002436,6.06386521420747));
#4765=CARTESIAN_POINT('Ctrl Pts',(-0.732443686453342,6.90917639430429,5.90490677102465));
#4766=CARTESIAN_POINT('Ctrl Pts',(-0.780704716922326,6.8942292506188,6.38103520027631));
#4767=CARTESIAN_POINT('Ctrl Pts',(-0.756689364324928,6.909190634271,6.22693726487088));
#4768=CARTESIAN_POINT('Ctrl Pts',(-0.732247742381335,6.92348826052296,6.07031601299776));
#4769=CARTESIAN_POINT('Ctrl Pts',(-0.707424826055415,6.93710817723985,5.91140189086096));
#4770=CARTESIAN_POINT('Ctrl Pts',(-0.774781477250581,6.92884694739482,6.38552309883876));
#4771=CARTESIAN_POINT('Ctrl Pts',(-0.750505802969019,6.94442204749994,6.23139250242292));
#4772=CARTESIAN_POINT('Ctrl Pts',(-0.725802752979164,6.95933576940656,6.07473615053221));
#4773=CARTESIAN_POINT('Ctrl Pts',(-0.700703225767283,6.97356966825478,5.91578637003401));
#4774=CARTESIAN_POINT('Ctrl Pts',(-0.775526343894559,6.94355908961259,6.38691682057433));
#4775=CARTESIAN_POINT('Ctrl Pts',(-0.751255400543042,6.95939223297843,6.23275344968854));
#4776=CARTESIAN_POINT('Ctrl Pts',(-0.726554206974314,6.97456582944432,6.07606370247715));
#4777=CARTESIAN_POINT('Ctrl Pts',(-0.701459209792645,6.98905749037287,5.91707877461877));
#4778=CARTESIAN_POINT('',(-0.775526343892178,6.94355908956555,6.38691682056987));
#4779=CARTESIAN_POINT('Origin',(-0.87419374292767,6.94006913994246,6.37102453882057));
#4780=CARTESIAN_POINT('',(-0.752840642060481,6.89739391383726,5.91958142264974));
#4781=CARTESIAN_POINT('Origin',(0.,5.6,1.23786302792187));
#4782=CARTESIAN_POINT('',(-0.701459209792608,6.98905749037287,5.91707877461878));
#4783=CARTESIAN_POINT('Ctrl Pts',(-0.701459209792683,6.98905749037285,5.91707877461901));
#4784=CARTESIAN_POINT('Ctrl Pts',(-0.701302663496232,6.98103595686927,5.91786838636274));
#4785=CARTESIAN_POINT('Ctrl Pts',(-0.702093059592012,6.97302288936463,5.91854450896359));
#4786=CARTESIAN_POINT('Ctrl Pts',(-0.703778992036336,6.96518877189699,5.91909650928795));
#4787=CARTESIAN_POINT('Ctrl Pts',(-0.704906158579237,6.95995110348839,5.9194655610251));
#4788=CARTESIAN_POINT('Ctrl Pts',(-0.706434745238393,6.95479308514412,5.91977892664599));
#4789=CARTESIAN_POINT('Ctrl Pts',(-0.708362027771842,6.94976811370393,5.92003170152805));
#4790=CARTESIAN_POINT('Ctrl Pts',(-0.709224110895963,6.9475204188265,5.92014476899804));
#4791=CARTESIAN_POINT('Ctrl Pts',(-0.710163643812559,6.94530579532037,5.92024534315568));
#4792=CARTESIAN_POINT('Ctrl Pts',(-0.711179673210732,6.94312879318858,5.92033302030614));
#4793=CARTESIAN_POINT('Ctrl Pts',(-0.714567091295702,6.93587071935182,5.92062533386089));
#4794=CARTESIAN_POINT('Ctrl Pts',(-0.718801513621504,6.92902855355504,5.92077459418847));
#4795=CARTESIAN_POINT('Ctrl Pts',(-0.723771183768042,6.92272725707861,5.92077400419522));
#4796=CARTESIAN_POINT('Ctrl Pts',(-0.724572327810653,6.92171144597164,5.92077390908436));
#4797=CARTESIAN_POINT('Ctrl Pts',(-0.725392664126522,6.92070976012749,5.92076991290162));
#4798=CARTESIAN_POINT('Ctrl Pts',(-0.726231814925791,6.91972281237974,5.9207619813388));
#4799=CARTESIAN_POINT('Ctrl Pts',(-0.731366213185144,6.91368410896371,5.92071345156038));
#4800=CARTESIAN_POINT('Ctrl Pts',(-0.73715383765752,6.90825096264637,5.92051786579604));
#4801=CARTESIAN_POINT('Ctrl Pts',(-0.743491770316197,6.90355022125935,5.92017232371418));
#4802=CARTESIAN_POINT('Ctrl Pts',(-0.746487517986962,6.90132832402259,5.92000899649968));
#4803=CARTESIAN_POINT('Ctrl Pts',(-0.749606721799736,6.89927057849112,5.91981213451906));
#4804=CARTESIAN_POINT('Ctrl Pts',(-0.752840641671251,6.89739391319645,5.9195814202222));
#4805=CARTESIAN_POINT('Origin',(0.0986673990332934,5.60348994967025,1.25375530967446));
#4806=CARTESIAN_POINT('Origin',(-0.874193742925051,6.94006913993973,6.3710245388049));
#4807=CARTESIAN_POINT('Origin',(-0.874193742925051,6.94006913993973,6.3710245388049));
#4808=CARTESIAN_POINT('Ctrl Pts',(0.90824990670662,13.8127322924497,5.70246003895105));
#4809=CARTESIAN_POINT('Ctrl Pts',(0.864269439901629,11.5231611849807,5.93219732403346));
#4810=CARTESIAN_POINT('Ctrl Pts',(0.820001721173544,9.23342054804269,6.16018843123933));
#4811=CARTESIAN_POINT('Ctrl Pts',(0.77552634389088,6.9435590895648,6.38691682056198));
#4812=CARTESIAN_POINT('Ctrl Pts',(0.913121899222761,13.8156103766457,5.73207582779832));
#4813=CARTESIAN_POINT('Ctrl Pts',(0.869107306511327,11.5259964907521,5.96153818060295));
#4814=CARTESIAN_POINT('Ctrl Pts',(0.824781909367885,9.2362219190436,6.18930567702384));
#4815=CARTESIAN_POINT('Ctrl Pts',(0.780278499855141,6.94632787742281,6.41581260441926));
#4816=CARTESIAN_POINT('Ctrl Pts',(0.946732282802748,13.819702243512,5.77928984666385));
#4817=CARTESIAN_POINT('Ctrl Pts',(0.902146079318922,11.5300367348696,6.00839941975332));
#4818=CARTESIAN_POINT('Ctrl Pts',(0.857355902727695,9.24021421518563,6.23582141989235));
#4819=CARTESIAN_POINT('Ctrl Pts',(0.812403257792858,6.95028097028772,6.4620388214089));
#4820=CARTESIAN_POINT('Ctrl Pts',(1.00200790797466,13.8195599968146,5.7884540703493));
#4821=CARTESIAN_POINT('Ctrl Pts',(0.956754573852271,11.5299502595411,6.01808599148899));
#4822=CARTESIAN_POINT('Ctrl Pts',(0.911369404941579,9.24017701596059,6.24596782698989));
#4823=CARTESIAN_POINT('Ctrl Pts',(0.865872437469076,6.95028595492533,6.47257775778025));
#4824=CARTESIAN_POINT('Ctrl Pts',(1.0242741274807,13.8187446052228,5.78459044716111));
#4825=CARTESIAN_POINT('Ctrl Pts',(0.978878692561438,11.5291734977539,6.01457827983957));
#4826=CARTESIAN_POINT('Ctrl Pts',(0.933350076636084,9.23943286081587,6.24276198255176));
#4827=CARTESIAN_POINT('Ctrl Pts',(0.887726255987298,6.94957140233798,6.46964795437917));
#4828=CARTESIAN_POINT('',(1.0242741274807,13.8187446052229,5.78459044716111));
#4829=CARTESIAN_POINT('Ctrl Pts',(0.887726255987298,6.94957140233798,6.46964795437917));
#4830=CARTESIAN_POINT('Ctrl Pts',(0.933350076636084,9.23943286081587,6.24276198255176));
#4831=CARTESIAN_POINT('Ctrl Pts',(0.978878692561438,11.5291734977539,6.01457827983957));
#4832=CARTESIAN_POINT('Ctrl Pts',(1.0242741274807,13.8187446052228,5.78459044716111));
#4833=CARTESIAN_POINT('',(0.90824990670662,13.8127322924497,5.70246003895105));
#4834=CARTESIAN_POINT('Origin',(1.00691730573991,13.8092423427794,5.68656775719845));
#4835=CARTESIAN_POINT('Ctrl Pts',(0.90824990670662,13.8127322924497,5.70246003895105));
#4836=CARTESIAN_POINT('Ctrl Pts',(0.864269439901629,11.5231611849807,5.93219732403346));
#4837=CARTESIAN_POINT('Ctrl Pts',(0.820001721173544,9.23342054804269,6.16018843123933));
#4838=CARTESIAN_POINT('Ctrl Pts',(0.77552634389088,6.9435590895648,6.38691682056198));
#4839=CARTESIAN_POINT('Origin',(0.,3.6,0.));
#4840=CARTESIAN_POINT('',(-1.0242741274807,13.8187446052228,5.78459044716111));
#4841=CARTESIAN_POINT('Ctrl Pts',(-1.0242741274807,13.8187446052228,5.78459044716111));
#4842=CARTESIAN_POINT('Ctrl Pts',(-0.978878692561438,11.5291734977539,6.01457827983957));
#4843=CARTESIAN_POINT('Ctrl Pts',(-0.933350076636084,9.23943286081585,6.24276198255176));
#4844=CARTESIAN_POINT('Ctrl Pts',(-0.887726255987298,6.94957140233798,6.46964795437917));
#4845=CARTESIAN_POINT('',(-1.22102938698577,14.0117647058823,5.7274406960689));
#4846=CARTESIAN_POINT('Ctrl Pts',(-1.22102938698577,14.0117647058823,5.7274406960689));
#4847=CARTESIAN_POINT('Ctrl Pts',(-1.16992099970446,14.0117647058849,5.73833646018102));
#4848=CARTESIAN_POINT('Ctrl Pts',(-1.06877463691372,13.9700838108427,5.76224094012166));
#4849=CARTESIAN_POINT('Ctrl Pts',(-1.02528734144654,13.8698472199682,5.77945718024874));
#4850=CARTESIAN_POINT('Ctrl Pts',(-1.0242741274807,13.8187446052228,5.78459044716111));
#4851=CARTESIAN_POINT('',(-2.40199838323834,14.0117647058824,5.34087010306274));
#4852=CARTESIAN_POINT('Origin',(2.77555756156289E-16,14.0117647058824,0.));
#4853=CARTESIAN_POINT('',(-2.59446379984058,13.8187446052229,5.27061492815882));
#4854=CARTESIAN_POINT('Ctrl Pts',(-2.59446379984058,13.8187446052229,5.27061492815882));
#4855=CARTESIAN_POINT('Ctrl Pts',(-2.59061134841402,13.8698472231244,5.26707435573027));
#4856=CARTESIAN_POINT('Ctrl Pts',(-2.54536170555154,13.9700832183413,5.27890464716583));
#4857=CARTESIAN_POINT('Ctrl Pts',(-2.4496572397835,14.0117647058823,5.31943604940493));
#4858=CARTESIAN_POINT('Ctrl Pts',(-2.40199838323834,14.0117647058823,5.34087010306274));
#4859=CARTESIAN_POINT('',(-3.2271019676573,5.37505310427048,5.84942188546026));
#4860=CARTESIAN_POINT('Ctrl Pts',(-3.2271019676573,5.37505310427049,5.84942188546026));
#4861=CARTESIAN_POINT('Ctrl Pts',(-3.01734781327448,8.18981438579085,5.65828378262832));
#4862=CARTESIAN_POINT('Ctrl Pts',(-2.80662708500152,11.0044069033764,5.46560232569305));
#4863=CARTESIAN_POINT('Ctrl Pts',(-2.59446379984058,13.8187446052229,5.27061492815882));
#4864=CARTESIAN_POINT('',(-3.95927614915067,4.59942875496872,5.47254541306776));
#4865=CARTESIAN_POINT('Ctrl Pts',(-3.95927614915067,4.59942875496872,5.47254541306776));
#4866=CARTESIAN_POINT('Ctrl Pts',(-3.81312012750104,4.59942875496863,5.57828634473557));
#4867=CARTESIAN_POINT('Ctrl Pts',(-3.45156316824925,4.73747107146293,5.79859578191841));
#4868=CARTESIAN_POINT('Ctrl Pts',(-3.244672998744,5.13926155046421,5.86543345651398));
#4869=CARTESIAN_POINT('Ctrl Pts',(-3.2271019676573,5.37505310427048,5.84942188546026));
#4870=CARTESIAN_POINT('',(-4.02868202429435,4.59942875496872,5.4216549198976));
#4871=CARTESIAN_POINT('Origin',(0.,4.59942875496872,0.));
#4872=CARTESIAN_POINT('',(-4.60828452697491,5.37505310427049,4.83669693305284));
#4873=CARTESIAN_POINT('Ctrl Pts',(-4.60828452697491,5.37505310427049,4.83669693305284));
#4874=CARTESIAN_POINT('Ctrl Pts',(-4.61827131956679,5.13926162552414,4.85826948865015));
#4875=CARTESIAN_POINT('Ctrl Pts',(-4.49231548148152,4.73747248163796,5.03548421527528));
#4876=CARTESIAN_POINT('Ctrl Pts',(-4.17347886046321,4.5994287549689,5.3140603902444));
#4877=CARTESIAN_POINT('Ctrl Pts',(-4.02868202429466,4.59942875496872,5.42165491989738));
#4878=CARTESIAN_POINT('',(-4.24650448663576,13.8187446052228,4.05928857986177));
#4879=CARTESIAN_POINT('Ctrl Pts',(-4.24650448663576,13.8187446052228,4.05928857986177));
#4880=CARTESIAN_POINT('Ctrl Pts',(-4.36866854255666,11.0044069033764,4.32026614251498));
#4881=CARTESIAN_POINT('Ctrl Pts',(-4.48906716906325,8.18981438579084,4.57917450450028));
#4882=CARTESIAN_POINT('Ctrl Pts',(-4.6082845269749,5.37505310427049,4.83669693305284));
#4883=CARTESIAN_POINT('',(-4.37138350480012,14.0117647058823,3.89685718814925));
#4884=CARTESIAN_POINT('Ctrl Pts',(-4.37138350480012,14.0117647058823,3.89685718814925));
#4885=CARTESIAN_POINT('Ctrl Pts',(-4.33661019200912,14.011764705884,3.93586490092948));
#4886=CARTESIAN_POINT('Ctrl Pts',(-4.26917618734765,13.9700838321186,4.01495137482316));
#4887=CARTESIAN_POINT('Ctrl Pts',(-4.24428623731341,13.8698472200872,4.05454976125313));
#4888=CARTESIAN_POINT('Ctrl Pts',(-4.24650448663576,13.8187446052228,4.05928857986177));
#4889=CARTESIAN_POINT('',(-5.09518665821938,14.0117647058823,2.88679105734591));
#4890=CARTESIAN_POINT('Origin',(0.,14.0117647058823,0.));
#4891=CARTESIAN_POINT('',(-5.20885679217819,13.8187446052229,2.71632749280955));
#4892=CARTESIAN_POINT('Ctrl Pts',(-5.20885679217819,13.8187446052229,2.71632749280955));
#4893=CARTESIAN_POINT('Ctrl Pts',(-5.20365642887553,13.8698472231123,2.71575020897704));
#4894=CARTESIAN_POINT('Ctrl Pts',(-5.17416046834635,13.9700832283796,2.75204722459167));
#4895=CARTESIAN_POINT('Ctrl Pts',(-5.12094672318828,14.0117647058823,2.8413245387316));
#4896=CARTESIAN_POINT('Ctrl Pts',(-5.09518665821938,14.0117647058823,2.88679105734591));
#4897=CARTESIAN_POINT('',(-6.06129856745995,5.37505310427049,2.80901818788469));
#4898=CARTESIAN_POINT('Ctrl Pts',(-6.06129856745995,5.37505310427049,2.80901818788469));
#4899=CARTESIAN_POINT('Ctrl Pts',(-5.77912165706081,8.18981438579085,2.77890555145685));
#4900=CARTESIAN_POINT('Ctrl Pts',(-5.49525265819119,11.0044069033764,2.748119829907));
#4901=CARTESIAN_POINT('Ctrl Pts',(-5.20885679217819,13.8187446052228,2.71632749280955));
#4902=CARTESIAN_POINT('',(-6.42890579114232,4.59942875496872,2.07214653244866));
#4903=CARTESIAN_POINT('Ctrl Pts',(-6.42890579114232,4.59942875496872,2.07214653244866));
#4904=CARTESIAN_POINT('Ctrl Pts',(-6.37356468922391,4.59942875496863,2.24384420201024));
#4905=CARTESIAN_POINT('Ctrl Pts',(-6.21226012138291,4.73747091647346,2.63530379450361));
#4906=CARTESIAN_POINT('Ctrl Pts',(-6.08493642712077,5.13926155046421,2.81154071275354));
#4907=CARTESIAN_POINT('Ctrl Pts',(-6.06129856745995,5.37505310427048,2.80901818788469));
#4908=CARTESIAN_POINT('',(-6.45478574503483,4.59942875496872,1.99006580519778));
#4909=CARTESIAN_POINT('Origin',(5.55111512312578E-16,4.59942875496872,1.38777878078145E-16));
#4910=CARTESIAN_POINT('',(-6.57631175443293,5.37505310427049,1.17560504093268));
#4911=CARTESIAN_POINT('Ctrl Pts',(-6.57631175443293,5.37505310427049,1.17560504093268));
#4912=CARTESIAN_POINT('Ctrl Pts',(-6.5919191458811,5.19820949521065,1.18422387911712));
#4913=CARTESIAN_POINT('Ctrl Pts',(-6.60499886657499,4.78951252691866,1.34823995356981));
#4914=CARTESIAN_POINT('Ctrl Pts',(-6.52565100336585,4.59942875496881,1.76021407964246));
#4915=CARTESIAN_POINT('Ctrl Pts',(-6.45478574503487,4.59942875496872,1.99006580519764));
#4916=CARTESIAN_POINT('',(-5.82486713300944,13.8187446052228,0.762592297627171));
#4917=CARTESIAN_POINT('Ctrl Pts',(-5.82486713300944,13.8187446052228,0.762592297627171));
#4918=CARTESIAN_POINT('Ctrl Pts',(-6.07770422754553,11.0044069033764,0.900819459914473));
#4919=CARTESIAN_POINT('Ctrl Pts',(-6.32789406273691,8.18981438579084,1.03842184193418));
#4920=CARTESIAN_POINT('Ctrl Pts',(-6.57631175443293,5.37505310427049,1.17560504093268));
#4921=CARTESIAN_POINT('',(-5.82952789427799,14.0117647058824,0.557758209893736));
#4922=CARTESIAN_POINT('Ctrl Pts',(-5.82952789427799,14.0117647058824,0.557758209893736));
#4923=CARTESIAN_POINT('Ctrl Pts',(-5.8245507807473,14.0117647058852,0.609777564596043));
#4924=CARTESIAN_POINT('Ctrl Pts',(-5.81693359514913,13.9700837861961,0.713430756537644));
#4925=CARTESIAN_POINT('Ctrl Pts',(-5.82027612866087,13.8698472199369,0.760082375163796));
#4926=CARTESIAN_POINT('Ctrl Pts',(-5.82486713300944,13.8187446052228,0.76259229762717));
#4927=CARTESIAN_POINT('',(-5.81597319327502,14.0117647058824,-0.68479595937429));
#4928=CARTESIAN_POINT('Origin',(0.,14.0117647058824,5.89805981832114E-16));
#4929=CARTESIAN_POINT('',(-5.80684510906767,13.8187446052229,-0.889479628159461));
#4930=CARTESIAN_POINT('Ctrl Pts',(-5.80684510906767,13.8187446052229,-0.889479628159461));
#4931=CARTESIAN_POINT('Ctrl Pts',(-5.80230995062615,13.8698472232909,-0.886870150586342));
#4932=CARTESIAN_POINT('Ctrl Pts',(-5.79998587661249,13.9700831889876,-0.840157329459253));
#4933=CARTESIAN_POINT('Ctrl Pts',(-5.80986246751928,14.0117647058823,-0.736694363125589));
#4934=CARTESIAN_POINT('Ctrl Pts',(-5.81597319327503,14.0117647058823,-0.68479595937429));
#4935=CARTESIAN_POINT('',(-6.5491010815073,5.37505310427048,-1.3187867636426));
#4936=CARTESIAN_POINT('Ctrl Pts',(-6.5491010815073,5.37505310427049,-1.3187867636426));
#4937=CARTESIAN_POINT('Ctrl Pts',(-6.3037351422096,8.18981438579085,-1.17621700714566));
#4938=CARTESIAN_POINT('Ctrl Pts',(-6.05660662556812,11.0044069033764,-1.0331895082751));
#4939=CARTESIAN_POINT('Ctrl Pts',(-5.80684510906767,13.8187446052228,-0.889479628159462));
#4940=CARTESIAN_POINT('',(-6.40983662407073,4.59942875496872,-2.13040263237817));
#4941=CARTESIAN_POINT('Ctrl Pts',(-6.40983662407073,4.59942875496872,-2.13040263237817));
#4942=CARTESIAN_POINT('Ctrl Pts',(-6.46673357964771,4.59942875496863,-1.95921424567951));
#4943=CARTESIAN_POINT('Ctrl Pts',(-6.56812406823786,4.73747126459728,-1.54814304077881));
#4944=CARTESIAN_POINT('Ctrl Pts',(-6.56965529918039,5.13926155046421,-1.33072978155709));
#4945=CARTESIAN_POINT('Ctrl Pts',(-6.5491010815073,5.37505310427048,-1.3187867636426));
#4946=CARTESIAN_POINT('',(-6.38217224727759,4.59942875496872,-2.21189925842071));
#4947=CARTESIAN_POINT('Origin',(0.,4.59942875496872,0.));
#4948=CARTESIAN_POINT('',(-5.99857773371162,5.37505310427049,-2.94057624903322));
#4949=CARTESIAN_POINT('Ctrl Pts',(-5.99857773371162,5.37505310427049,-2.94057624903322));
#4950=CARTESIAN_POINT('Ctrl Pts',(-6.01626063250781,5.19820949521088,-2.94285443463341));
#4951=CARTESIAN_POINT('Ctrl Pts',(-6.12379288373701,4.78951222817332,-2.81831902928733));
#4952=CARTESIAN_POINT('Ctrl Pts',(-6.30340760947455,4.59942875496927,-2.43916525326163));
#4953=CARTESIAN_POINT('Ctrl Pts',(-6.38217224727731,4.59942875496872,-2.21189925842152));
#4954=CARTESIAN_POINT('',(-5.14836085334516,13.8187446052228,-2.82931169250703));
#4955=CARTESIAN_POINT('Ctrl Pts',(-5.14836085334516,13.8187446052228,-2.82931169250703));
#4956=CARTESIAN_POINT('Ctrl Pts',(-5.43399501871886,11.0044069033764,-2.86734415678063));
#4957=CARTESIAN_POINT('Ctrl Pts',(-5.71712487747758,8.18981438579084,-2.90431512173764));
#4958=CARTESIAN_POINT('Ctrl Pts',(-5.99857773371162,5.37505310427049,-2.94057624903322));
#4959=CARTESIAN_POINT('',(-5.03099912673342,14.0117647058823,-2.99725499043318));
#4960=CARTESIAN_POINT('Ctrl Pts',(-5.03099912673342,14.0117647058823,-2.99725499043318));
#4961=CARTESIAN_POINT('Ctrl Pts',(-5.05774490678731,14.0117647058842,-2.95236124714961));
#4962=CARTESIAN_POINT('Ctrl Pts',(-5.11289322010784,13.970083829584,-2.86426653481423));
#4963=CARTESIAN_POINT('Ctrl Pts',(-5.1431743212776,13.8698472200676,-2.82862110076599));
#4964=CARTESIAN_POINT('Ctrl Pts',(-5.14836085334516,13.8187446052228,-2.82931169250702));
#4965=CARTESIAN_POINT('',(-4.28533374234255,14.0117647058823,-3.99129107026905));
#4966=CARTESIAN_POINT('Origin',(0.,14.0117647058823,0.));
#4967=CARTESIAN_POINT('',(-4.1569410198711,13.8187446052229,-4.15095958627964));
#4968=CARTESIAN_POINT('Ctrl Pts',(-4.1569410198711,13.8187446052229,-4.15095958627964));
#4969=CARTESIAN_POINT('Ctrl Pts',(-4.15482667509152,13.8698472230756,-4.14617350424768));
#4970=CARTESIAN_POINT('Ctrl Pts',(-4.18057414460479,13.9700832318742,-4.10712798650935));
#4971=CARTESIAN_POINT('Ctrl Pts',(-4.24971775380591,14.0117647058823,-4.0295309266854));
#4972=CARTESIAN_POINT('Ctrl Pts',(-4.28533374234255,14.0117647058823,-3.99129107026905));
#4973=CARTESIAN_POINT('',(-4.50167589250785,5.37505310427048,-4.93607512732259));
#4974=CARTESIAN_POINT('Ctrl Pts',(-4.50167589250785,5.37505310427048,-4.93607512732259));
#4975=CARTESIAN_POINT('Ctrl Pts',(-4.38810472727168,8.18981438579084,-4.67601326917737));
#4976=CARTESIAN_POINT('Ctrl Pts',(-4.273382808529,11.0044069033764,-4.41454003817545));
#4977=CARTESIAN_POINT('Ctrl Pts',(-4.1569410198711,13.8187446052229,-4.15095958627964));
#4978=CARTESIAN_POINT('',(-3.90945052829355,4.59942875496872,-5.50824994804589));
#4979=CARTESIAN_POINT('Ctrl Pts',(-3.90945052829355,4.59942875496872,-5.50824994804589));
#4980=CARTESIAN_POINT('Ctrl Pts',(-4.05656011586057,4.59942875496863,-5.40383971607468));
#4981=CARTESIAN_POINT('Ctrl Pts',(-4.38139649525447,4.73747098737127,-5.1322866639461));
#4982=CARTESIAN_POINT('Ctrl Pts',(-4.51118970872183,5.13926155046423,-4.95786041690306));
#4983=CARTESIAN_POINT('Ctrl Pts',(-4.50167589250785,5.37505310427048,-4.93607512732259));
#4984=CARTESIAN_POINT('',(-3.83895099961102,4.59942875496872,-5.55761424946963));
#4985=CARTESIAN_POINT('Origin',(-2.77555756156289E-16,4.59942875496872,
0.));
#4986=CARTESIAN_POINT('',(-3.09872953882866,5.37505310427049,-5.91842873987258));
#4987=CARTESIAN_POINT('Ctrl Pts',(-3.09872953882866,5.37505310427049,-5.91842873987258));
#4988=CARTESIAN_POINT('Ctrl Pts',(-3.11164270402452,5.19820949521065,-5.93072203902661));
#4989=CARTESIAN_POINT('Ctrl Pts',(-3.27200063594175,4.78951238593231,-5.89387589307933));
#4990=CARTESIAN_POINT('Ctrl Pts',(-3.64104710695369,4.59942875496882,-5.69431739445962));
#4991=CARTESIAN_POINT('Ctrl Pts',(-3.8389509996109,4.59942875496872,-5.55761424946971));
#4992=CARTESIAN_POINT('',(-2.47886852899483,13.8187446052228,-5.32595859405355));
#4993=CARTESIAN_POINT('Ctrl Pts',(-2.47886852899483,13.8187446052228,-5.32595859405355));
#4994=CARTESIAN_POINT('Ctrl Pts',(-2.68672769737887,11.0044069033764,-5.52552790754174));
#4995=CARTESIAN_POINT('Ctrl Pts',(-2.89319495599346,8.18981438579085,-5.72276035996973));
#4996=CARTESIAN_POINT('Ctrl Pts',(-3.09872953882866,5.37505310427049,-5.91842873987258));
#4997=CARTESIAN_POINT('',(-2.28491630537912,14.0117647058823,-5.39199843919504));
#4998=CARTESIAN_POINT('Ctrl Pts',(-2.28491630537912,14.0117647058823,-5.39199843919504));
#4999=CARTESIAN_POINT('Ctrl Pts',(-2.33303139893039,14.0117647058843,-5.37160915996378));
#5000=CARTESIAN_POINT('Ctrl Pts',(-2.42959670090035,13.9700838171323,-5.33317539022134));
#5001=CARTESIAN_POINT('Ctrl Pts',(-2.47509423175481,13.8698472200518,-5.32233482361826));
#5002=CARTESIAN_POINT('Ctrl Pts',(-2.47886852899484,13.8187446052228,-5.32595859405355));
#5003=CARTESIAN_POINT('',(-1.03153739738979,14.0117647058823,-5.76458327103142));
#5004=CARTESIAN_POINT('Origin',(-1.38777878078145E-16,14.0117647058824,
5.55111512312578E-16));
#5005=CARTESIAN_POINT('',(-1.18895090507295,3.62624527400334,-6.74348428936501));
#5006=CARTESIAN_POINT('Ctrl Pts',(-1.18895090507295,3.62624527400334,-6.74348428936501));
#5007=CARTESIAN_POINT('Ctrl Pts',(-1.13646848489888,7.08808567599921,-6.41719233273041));
#5008=CARTESIAN_POINT('Ctrl Pts',(-1.08399538115781,10.549925588503,-6.09089345556406));
#5009=CARTESIAN_POINT('Ctrl Pts',(-1.03153739738979,14.0117647058824,-5.76458327103142));
#5010=CARTESIAN_POINT('',(1.18895090507198,3.62624527405742,-6.74348428935994));
#5011=CARTESIAN_POINT('Origin',(-3.40936507817371E-16,3.62624527405742,
0.));
#5012=CARTESIAN_POINT('',(1.0315373973898,14.0117647058816,-5.76458327103149));
#5013=CARTESIAN_POINT('Ctrl Pts',(1.03153739738979,14.0117647058823,-5.76458327103143));
#5014=CARTESIAN_POINT('Ctrl Pts',(1.08399538115781,10.549925588503,-6.09089345556406));
#5015=CARTESIAN_POINT('Ctrl Pts',(1.13646848489888,7.0880856759992,-6.41719233273041));
#5016=CARTESIAN_POINT('Ctrl Pts',(1.18895090507295,3.62624527400334,-6.74348428936501));
#5017=CARTESIAN_POINT('',(2.28491630538619,14.0117647058823,-5.39199843919204));
#5018=CARTESIAN_POINT('Origin',(-2.77555756156289E-16,14.0117647058823,
0.));
#5019=CARTESIAN_POINT('',(2.47886852899483,13.8187446052229,-5.32595859405355));
#5020=CARTESIAN_POINT('Ctrl Pts',(2.47886852899483,13.8187446052229,-5.32595859405355));
#5021=CARTESIAN_POINT('Ctrl Pts',(2.47509423152735,13.8698472231314,-5.32233482339988));
#5022=CARTESIAN_POINT('Ctrl Pts',(2.42959727887183,13.9700832167714,-5.33317518459637));
#5023=CARTESIAN_POINT('Ctrl Pts',(2.3330314018371,14.0117647058823,-5.37160915873216));
#5024=CARTESIAN_POINT('Ctrl Pts',(2.28491630538619,14.0117647058823,-5.39199843919204));
#5025=CARTESIAN_POINT('',(3.09872953882866,5.37505310427048,-5.91842873987258));
#5026=CARTESIAN_POINT('Ctrl Pts',(3.09872953882866,5.37505310427048,-5.91842873987258));
#5027=CARTESIAN_POINT('Ctrl Pts',(2.89319495599347,8.18981438579085,-5.72276035996973));
#5028=CARTESIAN_POINT('Ctrl Pts',(2.68672769737887,11.0044069033764,-5.52552790754174));
#5029=CARTESIAN_POINT('Ctrl Pts',(2.47886852899484,13.8187446052229,-5.32595859405355));
#5030=CARTESIAN_POINT('',(3.83895099961152,4.59942875496872,-5.55761424946929));
#5031=CARTESIAN_POINT('Ctrl Pts',(3.83895099961152,4.59942875496872,-5.55761424946929));
#5032=CARTESIAN_POINT('Ctrl Pts',(3.64104704395533,4.59942875496861,-5.69431743797612));
#5033=CARTESIAN_POINT('Ctrl Pts',(3.27200247568061,4.7895108359147,-5.89387502960256));
#5034=CARTESIAN_POINT('Ctrl Pts',(3.11164270813519,5.19820943891578,-5.93072204293996));
#5035=CARTESIAN_POINT('Ctrl Pts',(3.09872953882866,5.37505310427048,-5.91842873987258));
#5036=CARTESIAN_POINT('',(3.90945052829425,4.59942875496872,-5.5082499480454));
#5037=CARTESIAN_POINT('Origin',(-5.55111512312578E-16,4.59942875496872,
0.));
#5038=CARTESIAN_POINT('',(4.50167589250785,5.37505310427048,-4.93607512732259));
#5039=CARTESIAN_POINT('Ctrl Pts',(4.50167589250785,5.37505310427048,-4.93607512732259));
#5040=CARTESIAN_POINT('Ctrl Pts',(4.51118970569328,5.13926162552412,-4.95786040996811));
#5041=CARTESIAN_POINT('Ctrl Pts',(4.38139792709429,4.7374724756209,-5.13228525060805));
#5042=CARTESIAN_POINT('Ctrl Pts',(4.0565600690319,4.59942875496889,-5.40383974931101));
#5043=CARTESIAN_POINT('Ctrl Pts',(3.90945052829454,4.59942875496872,-5.50824994804519));
#5044=CARTESIAN_POINT('',(4.15694101987111,13.8187446052228,-4.15095958627964));
#5045=CARTESIAN_POINT('Ctrl Pts',(4.15694101987111,13.8187446052228,-4.15095958627964));
#5046=CARTESIAN_POINT('Ctrl Pts',(4.273382808529,11.0044069033764,-4.41454003817545));
#5047=CARTESIAN_POINT('Ctrl Pts',(4.38810472727168,8.18981438579084,-4.67601326917738));
#5048=CARTESIAN_POINT('Ctrl Pts',(4.50167589250785,5.37505310427048,-4.93607512732259));
#5049=CARTESIAN_POINT('',(4.28533374234706,14.0117647058823,-3.99129107026421));
#5050=CARTESIAN_POINT('Ctrl Pts',(4.28533374234706,14.0117647058823,-3.99129107026421));
#5051=CARTESIAN_POINT('Ctrl Pts',(4.24971775589292,14.011764705884,-4.02953092444449));
#5052=CARTESIAN_POINT('Ctrl Pts',(4.18057453612648,13.9700838324325,-4.10712751305207));
#5053=CARTESIAN_POINT('Ctrl Pts',(4.15482667521516,13.8698472200875,-4.14617350452753));
#5054=CARTESIAN_POINT('Ctrl Pts',(4.1569410198711,13.8187446052228,-4.15095958627964));
#5055=CARTESIAN_POINT('',(5.03099912673711,14.0117647058823,-2.99725499042698));
#5056=CARTESIAN_POINT('Origin',(0.,14.0117647058823,0.));
#5057=CARTESIAN_POINT('',(5.14836085334516,13.8187446052229,-2.82931169250703));
#5058=CARTESIAN_POINT('Ctrl Pts',(5.14836085334516,13.8187446052229,-2.82931169250703));
#5059=CARTESIAN_POINT('Ctrl Pts',(5.14317432096914,13.8698472231068,-2.82862110072492));
#5060=CARTESIAN_POINT('Ctrl Pts',(5.11289356483826,13.9700832291218,-2.86426602687046));
#5061=CARTESIAN_POINT('Ctrl Pts',(5.05774490838174,14.0117647058823,-2.9523612444735));
#5062=CARTESIAN_POINT('Ctrl Pts',(5.03099912673711,14.0117647058823,-2.99725499042698));
#5063=CARTESIAN_POINT('',(5.99857773371162,5.37505310427048,-2.94057624903322));
#5064=CARTESIAN_POINT('Ctrl Pts',(5.99857773371162,5.37505310427048,-2.94057624903322));
#5065=CARTESIAN_POINT('Ctrl Pts',(5.71712487747758,8.18981438579084,-2.90431512173764));
#5066=CARTESIAN_POINT('Ctrl Pts',(5.43399501871886,11.0044069033764,-2.86734415678063));
#5067=CARTESIAN_POINT('Ctrl Pts',(5.14836085334516,13.8187446052229,-2.82931169250703));
#5068=CARTESIAN_POINT('',(6.38217224727808,4.59942875496872,-2.21189925841927));
#5069=CARTESIAN_POINT('Ctrl Pts',(6.38217224727808,4.59942875496872,-2.21189925841927));
#5070=CARTESIAN_POINT('Ctrl Pts',(6.32309875012111,4.59942875496863,-2.38234880880901));
#5071=CARTESIAN_POINT('Ctrl Pts',(6.1532929225943,4.73747092074067,-2.77019640069475));
#5072=CARTESIAN_POINT('Ctrl Pts',(6.02215493961193,5.13926155046423,-2.94361383080043));
#5073=CARTESIAN_POINT('Ctrl Pts',(5.99857773371162,5.37505310427048,-2.94057624903322));
#5074=CARTESIAN_POINT('',(6.40983662407093,4.59942875496872,-2.13040263237758));
#5075=CARTESIAN_POINT('Origin',(5.55111512312578E-16,4.59942875496872,1.38777878078145E-16));
#5076=CARTESIAN_POINT('',(6.5491010815073,5.37505310427049,-1.3187867636426));
#5077=CARTESIAN_POINT('Ctrl Pts',(6.5491010815073,5.37505310427049,-1.3187867636426));
#5078=CARTESIAN_POINT('Ctrl Pts',(6.56451673985483,5.19820949521066,-1.32774402422709));
#5079=CARTESIAN_POINT('Ctrl Pts',(6.57401536040057,4.78951251452091,-1.4920063870783));
#5080=CARTESIAN_POINT('Ctrl Pts',(6.48569920735747,4.59942875496883,-1.902151522772));
#5081=CARTESIAN_POINT('Ctrl Pts',(6.40983662407098,4.59942875496872,-2.13040263237742));
#5082=CARTESIAN_POINT('',(5.80684510906767,13.8187446052228,-0.889479628159463));
#5083=CARTESIAN_POINT('Ctrl Pts',(5.80684510906767,13.8187446052228,-0.889479628159463));
#5084=CARTESIAN_POINT('Ctrl Pts',(6.05660662556812,11.0044069033764,-1.0331895082751));
#5085=CARTESIAN_POINT('Ctrl Pts',(6.3037351422096,8.18981438579085,-1.17621700714566));
#5086=CARTESIAN_POINT('Ctrl Pts',(6.5491010815073,5.37505310427049,-1.3187867636426));
#5087=CARTESIAN_POINT('',(5.81597319327628,14.0117647058824,-0.684795959363636));
#5088=CARTESIAN_POINT('Ctrl Pts',(5.81597319327628,14.0117647058824,-0.684795959363636));
#5089=CARTESIAN_POINT('Ctrl Pts',(5.80986246791995,14.0117647058851,-0.736694359721367));
#5090=CARTESIAN_POINT('Ctrl Pts',(5.7999859119941,13.9700837888223,-0.840156719593599));
#5091=CARTESIAN_POINT('Ctrl Pts',(5.8023099509227,13.8698472199494,-0.886870150756973));
#5092=CARTESIAN_POINT('Ctrl Pts',(5.80684510906767,13.8187446052228,-0.889479628159463));
#5093=CARTESIAN_POINT('',(5.82952789427693,14.0117647058824,0.557758209904789));
#5094=CARTESIAN_POINT('Origin',(0.,14.0117647058824,-4.68375338513738E-16));
#5095=CARTESIAN_POINT('',(5.82486713300944,13.8187446052229,0.762592297627173));
#5096=CARTESIAN_POINT('Ctrl Pts',(5.82486713300944,13.8187446052229,0.762592297627173));
#5097=CARTESIAN_POINT('Ctrl Pts',(5.82027612835782,13.8698472233102,0.760082374998119));
#5098=CARTESIAN_POINT('Ctrl Pts',(5.81693357310907,13.9700831864238,0.713431366721355));
#5099=CARTESIAN_POINT('Ctrl Pts',(5.82455078041787,14.0117647058823,0.609777568040885));
#5100=CARTESIAN_POINT('Ctrl Pts',(5.82952789427693,14.0117647058823,0.557758209904789));
#5101=CARTESIAN_POINT('',(6.57631175443293,5.37505310427049,1.17560504093268));
#5102=CARTESIAN_POINT('Ctrl Pts',(6.57631175443293,5.37505310427049,1.17560504093268));
#5103=CARTESIAN_POINT('Ctrl Pts',(6.3278940627369,8.18981438579085,1.03842184193418));
#5104=CARTESIAN_POINT('Ctrl Pts',(6.07770422754553,11.0044069033764,0.900819459914475));
#5105=CARTESIAN_POINT('Ctrl Pts',(5.82486713300944,13.8187446052228,0.762592297627173));
#5106=CARTESIAN_POINT('',(6.45478574503465,4.59942875496872,1.99006580519836));
#5107=CARTESIAN_POINT('Ctrl Pts',(6.45478574503465,4.59942875496872,1.99006580519836));
#5108=CARTESIAN_POINT('Ctrl Pts',(6.50793470570189,4.59942875496863,1.81767695615523));
#5109=CARTESIAN_POINT('Ctrl Pts',(6.60033358894352,4.7374712794852,1.40449176269855));
#5110=CARTESIAN_POINT('Ctrl Pts',(6.59712161632159,5.13926155046423,1.1870968288368));
#5111=CARTESIAN_POINT('Ctrl Pts',(6.57631175443293,5.37505310427048,1.17560504093268));
#5112=CARTESIAN_POINT('',(6.42890579114154,4.59942875496872,2.07214653245109));
#5113=CARTESIAN_POINT('Origin',(0.,4.59942875496872,5.55111512312578E-16));
#5114=CARTESIAN_POINT('',(6.06129856745995,5.37505310427049,2.80901818788469));
#5115=CARTESIAN_POINT('Ctrl Pts',(6.06129856745995,5.37505310427049,2.80901818788469));
#5116=CARTESIAN_POINT('Ctrl Pts',(6.07902695656201,5.19820949521114,2.81091008093408));
#5117=CARTESIAN_POINT('Ctrl Pts',(6.18381689129293,4.78951222462043,2.68405851163331));
#5118=CARTESIAN_POINT('Ctrl Pts',(6.35511767873883,4.59942875496979,2.30107668565844));
#5119=CARTESIAN_POINT('Ctrl Pts',(6.42890579114103,4.59942875496872,2.07214653245268));
#5120=CARTESIAN_POINT('',(5.20885679217819,13.8187446052229,2.71632749280955));
#5121=CARTESIAN_POINT('Ctrl Pts',(5.20885679217819,13.8187446052228,2.71632749280955));
#5122=CARTESIAN_POINT('Ctrl Pts',(5.49525265819118,11.0044069033764,2.748119829907));
#5123=CARTESIAN_POINT('Ctrl Pts',(5.7791216570608,8.18981438579084,2.77890555145685));
#5124=CARTESIAN_POINT('Ctrl Pts',(6.06129856745995,5.37505310427049,2.80901818788469));
#5125=CARTESIAN_POINT('',(5.09518665821577,14.0117647058824,2.88679105735227));
#5126=CARTESIAN_POINT('Ctrl Pts',(5.09518665821577,14.0117647058824,2.88679105735227));
#5127=CARTESIAN_POINT('Ctrl Pts',(5.120946721648,14.0117647058842,2.84132454144998));
#5128=CARTESIAN_POINT('Ctrl Pts',(5.17416013482221,13.9700838288242,2.75204773985832));
#5129=CARTESIAN_POINT('Ctrl Pts',(5.20365642918573,13.8698472200641,2.71575020901147));
#5130=CARTESIAN_POINT('Ctrl Pts',(5.20885679217819,13.8187446052228,2.71632749280955));
#5131=CARTESIAN_POINT('',(4.37138350479571,14.0117647058823,3.89685718815419));
#5132=CARTESIAN_POINT('Origin',(0.,14.0117647058823,0.));
#5133=CARTESIAN_POINT('',(4.24650448663576,13.8187446052229,4.05928857986177));
#5134=CARTESIAN_POINT('Ctrl Pts',(4.24650448663576,13.8187446052229,4.05928857986177));
#5135=CARTESIAN_POINT('Ctrl Pts',(4.24428623718367,13.869847223076,4.05454976097598));
#5136=CARTESIAN_POINT('Ctrl Pts',(4.26917580625198,13.9700832315621,4.01495185670369));
#5137=CARTESIAN_POINT('Ctrl Pts',(4.33661018997107,14.0117647058823,3.93586490321585));
#5138=CARTESIAN_POINT('Ctrl Pts',(4.37138350479571,14.0117647058823,3.89685718815419));
#5139=CARTESIAN_POINT('',(4.6082845269749,5.37505310427048,4.83669693305284));
#5140=CARTESIAN_POINT('Ctrl Pts',(4.6082845269749,5.37505310427049,4.83669693305284));
#5141=CARTESIAN_POINT('Ctrl Pts',(4.48906716906325,8.18981438579085,4.57917450450028));
#5142=CARTESIAN_POINT('Ctrl Pts',(4.36866854255666,11.0044069033764,4.32026614251498));
#5143=CARTESIAN_POINT('Ctrl Pts',(4.24650448663576,13.8187446052229,4.05928857986177));
#5144=CARTESIAN_POINT('',(4.02868202429363,4.59942875496872,5.42165491989814));
#5145=CARTESIAN_POINT('Ctrl Pts',(4.02868202429363,4.59942875496872,5.42165491989814));
#5146=CARTESIAN_POINT('Ctrl Pts',(4.22174453397631,4.59942875496861,5.2781955013599));
#5147=CARTESIAN_POINT('Ctrl Pts',(4.52933720383664,4.78951073843746,4.99288170306987));
#5148=CARTESIAN_POINT('Ctrl Pts',(4.61577462380315,5.19820943891579,4.85287635490124));
#5149=CARTESIAN_POINT('Ctrl Pts',(4.6082845269749,5.37505310427048,4.83669693305284));
#5150=CARTESIAN_POINT('',(3.95927614915014,4.59942875496872,5.47254541306814));
#5151=CARTESIAN_POINT('Origin',(8.32667268468867E-16,4.59942875496872,-5.55111512312578E-16));
#5152=CARTESIAN_POINT('',(3.2271019676573,5.37505310427048,5.84942188546026));
#5153=CARTESIAN_POINT('Ctrl Pts',(3.2271019676573,5.37505310427048,5.84942188546026));
#5154=CARTESIAN_POINT('Ctrl Pts',(3.24467299315059,5.13926162552405,5.865433451417));
#5155=CARTESIAN_POINT('Ctrl Pts',(3.45156136987306,4.73747255979528,5.79859668328869));
#5156=CARTESIAN_POINT('Ctrl Pts',(3.81312017402637,4.59942875496881,5.57828631107538));
#5157=CARTESIAN_POINT('Ctrl Pts',(3.95927614914999,4.59942875496872,5.47254541306825));
#5158=CARTESIAN_POINT('',(2.59446379984058,13.8187446052228,5.27061492815882));
#5159=CARTESIAN_POINT('Ctrl Pts',(2.59446379984058,13.8187446052228,5.27061492815882));
#5160=CARTESIAN_POINT('Ctrl Pts',(2.80662708500152,11.0044069033764,5.46560232569304));
#5161=CARTESIAN_POINT('Ctrl Pts',(3.01734781327448,8.18981438579084,5.65828378262832));
#5162=CARTESIAN_POINT('Ctrl Pts',(3.2271019676573,5.37505310427048,5.84942188546026));
#5163=CARTESIAN_POINT('',(2.40199838323146,14.0117647058824,5.34087010306584));
#5164=CARTESIAN_POINT('Ctrl Pts',(2.40199838323146,14.0117647058824,5.34087010306584));
#5165=CARTESIAN_POINT('Ctrl Pts',(2.44965723691526,14.0117647058843,5.31943605069476));
#5166=CARTESIAN_POINT('Ctrl Pts',(2.54536113209877,13.9700838187262,5.27890486539691));
#5167=CARTESIAN_POINT('Ctrl Pts',(2.59061134864531,13.8698472200563,5.26707435594283));
#5168=CARTESIAN_POINT('Ctrl Pts',(2.59446379984058,13.8187446052228,5.27061492815882));
#5169=CARTESIAN_POINT('',(1.22102938697582,14.0117647058824,5.72744069607102));
#5170=CARTESIAN_POINT('Origin',(-1.38777878078145E-16,14.0117647058824,
0.));
#5171=CARTESIAN_POINT('Ctrl Pts',(1.0242741274807,13.8187446052229,5.78459044716111));
#5172=CARTESIAN_POINT('Ctrl Pts',(1.02528734151184,13.8698472232617,5.77945717991791));
#5173=CARTESIAN_POINT('Ctrl Pts',(1.0687740475338,13.9700832108693,5.76224110276515));
#5174=CARTESIAN_POINT('Ctrl Pts',(1.16992099640069,14.0117647058823,5.7383364608855));
#5175=CARTESIAN_POINT('Ctrl Pts',(1.22102938697582,14.0117647058823,5.72744069607102));
#5176=CARTESIAN_POINT('Ctrl Pts',(-0.77552634389088,6.94355908956479,6.38691682056198));
#5177=CARTESIAN_POINT('Ctrl Pts',(-0.820001721173544,9.23342054804266,6.16018843123933));
#5178=CARTESIAN_POINT('Ctrl Pts',(-0.864269439901629,11.5231611849807,5.93219732403347));
#5179=CARTESIAN_POINT('Ctrl Pts',(-0.90824990670662,13.8127322924496,5.70246003895105));
#5180=CARTESIAN_POINT('Ctrl Pts',(-0.780278499855141,6.9463278774228,6.41581260441926));
#5181=CARTESIAN_POINT('Ctrl Pts',(-0.824781909367884,9.23622191904358,6.18930567702384));
#5182=CARTESIAN_POINT('Ctrl Pts',(-0.869107306511328,11.5259964907521,5.96153818060295));
#5183=CARTESIAN_POINT('Ctrl Pts',(-0.913121899222761,13.8156103766457,5.73207582779832));
#5184=CARTESIAN_POINT('Ctrl Pts',(-0.812403257792858,6.95028097028771,6.4620388214089));
#5185=CARTESIAN_POINT('Ctrl Pts',(-0.857355902727694,9.2402142151856,6.23582141989235));
#5186=CARTESIAN_POINT('Ctrl Pts',(-0.902146079318922,11.5300367348696,6.00839941975332));
#5187=CARTESIAN_POINT('Ctrl Pts',(-0.946732282802748,13.819702243512,5.77928984666385));
#5188=CARTESIAN_POINT('Ctrl Pts',(-0.865872437469076,6.95028595492533,6.47257775778025));
#5189=CARTESIAN_POINT('Ctrl Pts',(-0.911369404941579,9.24017701596056,6.24596782698989));
#5190=CARTESIAN_POINT('Ctrl Pts',(-0.956754573852271,11.5299502595411,6.01808599148899));
#5191=CARTESIAN_POINT('Ctrl Pts',(-1.00200790797466,13.8195599968146,5.7884540703493));
#5192=CARTESIAN_POINT('Ctrl Pts',(-0.887726255987298,6.94957140233798,6.46964795437917));
#5193=CARTESIAN_POINT('Ctrl Pts',(-0.933350076636084,9.23943286081585,6.24276198255176));
#5194=CARTESIAN_POINT('Ctrl Pts',(-0.978878692561438,11.5291734977539,6.01457827983957));
#5195=CARTESIAN_POINT('Ctrl Pts',(-1.0242741274807,13.8187446052228,5.78459044716111));
#5196=CARTESIAN_POINT('',(-0.90824990670662,13.8127322924497,5.70246003895105));
#5197=CARTESIAN_POINT('Ctrl Pts',(-0.77552634389088,6.94355908956479,6.38691682056198));
#5198=CARTESIAN_POINT('Ctrl Pts',(-0.820001721173544,9.23342054804266,6.16018843123933));
#5199=CARTESIAN_POINT('Ctrl Pts',(-0.864269439901629,11.5231611849807,5.93219732403347));
#5200=CARTESIAN_POINT('Ctrl Pts',(-0.90824990670662,13.8127322924496,5.70246003895105));
#5201=CARTESIAN_POINT('Origin',(-1.00691730573991,13.8092423427794,5.68656775719845));
#5202=CARTESIAN_POINT('Origin',(-0.892124964761574,9.80878119458584,6.48161698602581));
#5203=CARTESIAN_POINT('',(-0.83395964156995,13.8127322924497,5.2412281435798));
#5204=CARTESIAN_POINT('Ctrl Pts',(-0.701459209792607,6.98905749037282,5.91707877461878));
#5205=CARTESIAN_POINT('Ctrl Pts',(-0.771864741327754,10.5966824731973,5.56195677055904));
#5206=CARTESIAN_POINT('Ctrl Pts',(-0.83395964156995,13.8127322924497,5.2412281435798));
#5207=CARTESIAN_POINT('',(-0.436158672371745,13.8127322924497,2.77147662679112));
#5208=CARTESIAN_POINT('Origin',(0.,0.,0.));
#5209=CARTESIAN_POINT('',(-5.35,-1.90622996519384E-17,6.55186037543834E-16));
#5210=CARTESIAN_POINT('Origin',(0.,0.,0.));
#5211=CARTESIAN_POINT('',(-4.44095144473436,13.,5.43859697196275E-16));
#5212=CARTESIAN_POINT('',(-5.35,0.,6.55186037543834E-16));
#5213=CARTESIAN_POINT('Origin',(0.,13.,0.));
#5214=CARTESIAN_POINT('',(1.49966434355628,5.6317310048047,4.72385818328673));
#5215=CARTESIAN_POINT('',(-1.5,5.59999999999998,4.72607958793346));
#5216=CARTESIAN_POINT('Ctrl Pts',(1.49966434355628,5.6317310048047,4.72385818328673));
#5217=CARTESIAN_POINT('Ctrl Pts',(1.50375357457999,5.43846659365304,4.73673903060282));
#5218=CARTESIAN_POINT('Ctrl Pts',(1.46854393747499,5.23350277930073,4.7634743813944));
#5219=CARTESIAN_POINT('Ctrl Pts',(1.31894562100078,4.85748777015803,4.83430232458115));
#5220=CARTESIAN_POINT('Ctrl Pts',(1.20462935535658,4.68626749005336,4.87764812801002));
#5221=CARTESIAN_POINT('Ctrl Pts',(0.939480775866487,4.41544935542878,4.95483625937082));
#5222=CARTESIAN_POINT('Ctrl Pts',(0.770711491234311,4.29729602965562,4.99389787522316));
#5223=CARTESIAN_POINT('Ctrl Pts',(0.397556967530838,4.13952666726473,5.04841536935208));
#5224=CARTESIAN_POINT('Ctrl Pts',(0.193050728599945,4.1,5.06330007103161));
#5225=CARTESIAN_POINT('Ctrl Pts',(-0.193050728599945,4.1,5.06330007103161));
#5226=CARTESIAN_POINT('Ctrl Pts',(-0.397556967530839,4.13952666726473,5.04841536935208));
#5227=CARTESIAN_POINT('Ctrl Pts',(-0.770711491234311,4.29729602965562,4.99389787522316));
#5228=CARTESIAN_POINT('Ctrl Pts',(-0.939480775866487,4.41544935542878,4.95483625937082));
#5229=CARTESIAN_POINT('Ctrl Pts',(-1.20462935535658,4.68626749005336,4.87764812801002));
#5230=CARTESIAN_POINT('Ctrl Pts',(-1.31894562100078,4.85748777015803,4.83430232458115));
#5231=CARTESIAN_POINT('Ctrl Pts',(-1.46446328864475,5.22324607826709,4.76540638150192));
#5232=CARTESIAN_POINT('Ctrl Pts',(-1.49999999999999,5.41614505321044,4.73956798801191));
#5233=CARTESIAN_POINT('Ctrl Pts',(-1.5,5.59999999999995,4.72607958793346));
#5234=CARTESIAN_POINT('Ctrl Pts',(-1.5,5.59999999999996,4.72607958793346));
#5235=CARTESIAN_POINT('Ctrl Pts',(-1.5,5.61060892657156,4.7253012708498));
#5236=CARTESIAN_POINT('Ctrl Pts',(-1.49988743050253,5.62118751458528,4.72456089459755));
#5237=CARTESIAN_POINT('Ctrl Pts',(-1.49574043244957,5.81718209941174,4.71149808439423));
#5238=CARTESIAN_POINT('Ctrl Pts',(-1.454992335791,6.01450753005921,4.71044298369197));
#5239=CARTESIAN_POINT('Ctrl Pts',(-1.29859305337114,6.37619289598964,4.72971733976547));
#5240=CARTESIAN_POINT('Ctrl Pts',(-1.18297540270981,6.5406050375976,4.74933258935083));
#5241=CARTESIAN_POINT('Ctrl Pts',(-0.918604905197534,6.80027351299946,4.78900552394845));
#5242=CARTESIAN_POINT('Ctrl Pts',(-0.751558631820945,6.91310424876915,4.81170956040268));
#5243=CARTESIAN_POINT('Ctrl Pts',(-0.385679621819733,7.06298817664761,4.84424791148631));
#5244=CARTESIAN_POINT('Ctrl Pts',(-0.186780126450914,7.1,4.85351963520108));
#5245=CARTESIAN_POINT('Ctrl Pts',(0.186780126450914,7.1,4.85351963520108));
#5246=CARTESIAN_POINT('Ctrl Pts',(0.385679621819732,7.06298817664761,4.84424791148631));
#5247=CARTESIAN_POINT('Ctrl Pts',(0.751558631820945,6.91310424876915,4.81170956040269));
#5248=CARTESIAN_POINT('Ctrl Pts',(0.918604905197534,6.80027351299946,4.78900552394845));
#5249=CARTESIAN_POINT('Ctrl Pts',(1.18297540270981,6.5406050375976,4.74933258935083));
#5250=CARTESIAN_POINT('Ctrl Pts',(1.29859305337114,6.37619289598964,4.72971733976547));
#5251=CARTESIAN_POINT('Ctrl Pts',(1.454992335791,6.01450753005921,4.71044298369197));
#5252=CARTESIAN_POINT('Ctrl Pts',(1.49574043244957,5.81718209941173,4.71149808439423));
#5253=CARTESIAN_POINT('Ctrl Pts',(1.49966434355628,5.6317310048047,4.72385818328673));
#5254=CARTESIAN_POINT('Origin',(0.,13.,0.));
#5255=CARTESIAN_POINT('Origin',(0.,5.6,0.));
#5256=CARTESIAN_POINT('',(-1.5,5.6,0.));
#5257=CARTESIAN_POINT('',(0.700238769480124,6.9265239031837,5.92323405189238));
#5258=CARTESIAN_POINT('Ctrl Pts',(0.700238769479974,6.92652390318349,5.92323405189174));
#5259=CARTESIAN_POINT('Ctrl Pts',(0.717988959977605,6.91715402185511,5.92203626824053));
#5260=CARTESIAN_POINT('Ctrl Pts',(0.735537350114249,6.90743452007075,5.92081587976387));
#5261=CARTESIAN_POINT('Ctrl Pts',(0.75284064206048,6.89739391383726,5.91958142264974));
#5262=CARTESIAN_POINT('',(-0.700238769480126,6.92652390318341,5.92323405189149));
#5263=CARTESIAN_POINT('Ctrl Pts',(-0.700238769480139,6.92652390318341,5.92323405189173));
#5264=CARTESIAN_POINT('Ctrl Pts',(-0.657020004828963,6.94933800740359,5.92615045606958));
#5265=CARTESIAN_POINT('Ctrl Pts',(-0.612538858063223,6.97010943860957,5.92893609763206));
#5266=CARTESIAN_POINT('Ctrl Pts',(-0.384407749521368,7.06328266195037,5.94181488180439));
#5267=CARTESIAN_POINT('Ctrl Pts',(-0.186022600061274,7.1,5.94792211657413));
#5268=CARTESIAN_POINT('Ctrl Pts',(0.186022600061274,7.1,5.94792211657413));
#5269=CARTESIAN_POINT('Ctrl Pts',(0.384407749521367,7.06328266195037,5.94181488180439));
#5270=CARTESIAN_POINT('Ctrl Pts',(0.612538858063164,6.9701094386096,5.92893609763206));
#5271=CARTESIAN_POINT('Ctrl Pts',(0.65702000482885,6.94933800740364,5.92615045606959));
#5272=CARTESIAN_POINT('Ctrl Pts',(0.700238769479974,6.92652390318349,5.92323405189174));
#5273=CARTESIAN_POINT('Ctrl Pts',(-0.752840642060481,6.89739391383726,5.91958142264974));
#5274=CARTESIAN_POINT('Ctrl Pts',(-0.73553687512516,6.90743479569335,5.9208159136507));
#5275=CARTESIAN_POINT('Ctrl Pts',(-0.717990432992245,6.91715324428754,5.92203616884143));
#5276=CARTESIAN_POINT('Ctrl Pts',(-0.700238769480139,6.92652390318341,5.92323405189173));
#5277=CARTESIAN_POINT('Origin',(0.892124964761573,9.80878119458584,6.48161698602581));
#5278=CARTESIAN_POINT('',(0.83395964157005,13.8127322924497,5.24122814358071));
#5279=CARTESIAN_POINT('',(0.584026218171219,13.8127322924497,3.68951384590125));
#5280=CARTESIAN_POINT('Ctrl Pts',(0.70145920979271,6.98905749037274,5.91707877461973));
#5281=CARTESIAN_POINT('Ctrl Pts',(0.771864741327854,10.5966824731972,5.56195677055998));
#5282=CARTESIAN_POINT('Ctrl Pts',(0.83395964157005,13.8127322924497,5.24122814358071));
#5283=CARTESIAN_POINT('Origin',(0.,14.5,0.));
#5284=CARTESIAN_POINT('',(0.85,14.5096245680558,-5.16826038228004));
#5285=CARTESIAN_POINT('',(0.85,14.6,-5.06736189248578));
#5286=CARTESIAN_POINT('Ctrl Pts',(0.85,14.5096246549647,-5.16826126915538));
#5287=CARTESIAN_POINT('Ctrl Pts',(0.85,14.5193918535146,-5.16730413760197));
#5288=CARTESIAN_POINT('Ctrl Pts',(0.85,14.5296025647481,-5.16463496690515));
#5289=CARTESIAN_POINT('Ctrl Pts',(0.85,14.5495024785619,-5.15632795282893));
#5290=CARTESIAN_POINT('Ctrl Pts',(0.85,14.5618086685746,-5.14802214340586));
#5291=CARTESIAN_POINT('Ctrl Pts',(0.85,14.579308039017,-5.13037955231128));
#5292=CARTESIAN_POINT('Ctrl Pts',(0.85,14.587567568527,-5.11789150462114));
#5293=CARTESIAN_POINT('Ctrl Pts',(0.85,14.5970869606289,-5.09472662708468));
#5294=CARTESIAN_POINT('Ctrl Pts',(0.85,14.6,-5.07992950480184));
#5295=CARTESIAN_POINT('Ctrl Pts',(0.85,14.6,-5.06736189248578));
#5296=CARTESIAN_POINT('',(0.85,14.6,5.06736189248578));
#5297=CARTESIAN_POINT('Origin',(0.,14.6,0.));
#5298=CARTESIAN_POINT('',(0.85,14.5096245680558,5.16826038228004));
#5299=CARTESIAN_POINT('Ctrl Pts',(0.85,14.6,5.06736189248578));
#5300=CARTESIAN_POINT('Ctrl Pts',(0.85,14.6,5.07992950480184));
#5301=CARTESIAN_POINT('Ctrl Pts',(0.85,14.5970869606289,5.09472662708468));
#5302=CARTESIAN_POINT('Ctrl Pts',(0.85,14.587567568527,5.11789150462114));
#5303=CARTESIAN_POINT('Ctrl Pts',(0.85,14.579308039017,5.13037955231128));
#5304=CARTESIAN_POINT('Ctrl Pts',(0.85,14.5618086685746,5.14802214340586));
#5305=CARTESIAN_POINT('Ctrl Pts',(0.85,14.5495024785619,5.15632795282893));
#5306=CARTESIAN_POINT('Ctrl Pts',(0.85,14.5296025647481,5.16463496690515));
#5307=CARTESIAN_POINT('Ctrl Pts',(0.85,14.5193918535146,5.16730413760197));
#5308=CARTESIAN_POINT('Ctrl Pts',(0.85,14.5096246549647,5.16826126915538));
#5309=CARTESIAN_POINT('Origin',(0.,14.5096245680558,-2.6078452226551E-16));
#5310=CARTESIAN_POINT('Origin',(0.85,14.1022624434389,0.));
#5311=CARTESIAN_POINT('',(0.85,14.6,0.));
#5312=CARTESIAN_POINT('',(0.85,14.1022624434389,-5.2081761248335));
#5313=CARTESIAN_POINT('',(0.85,14.3511312217195,-5.18379049474385));
#5314=CARTESIAN_POINT('',(0.849999993058674,14.0926372079948,-5.20911918952024));
#5315=CARTESIAN_POINT('',(0.85,14.3511312217195,-5.18379049474385));
#5316=CARTESIAN_POINT('',(0.849999999700199,14.1022624434389,-5.15894929280234));
#5317=CARTESIAN_POINT('Ctrl Pts',(0.849970100227743,14.0924839836654,-5.20914172141942));
#5318=CARTESIAN_POINT('Ctrl Pts',(0.849976531210223,14.0932993814058,-5.20701350884225));
#5319=CARTESIAN_POINT('Ctrl Pts',(0.84998347083643,14.0940699008627,-5.20486927862691));
#5320=CARTESIAN_POINT('Ctrl Pts',(0.849989283506817,14.0947934002718,-5.20270946045453));
#5321=CARTESIAN_POINT('Ctrl Pts',(0.850010582799595,14.0974445097817,-5.19479526671246));
#5322=CARTESIAN_POINT('Ctrl Pts',(0.850022951890425,14.0994571576697,-5.18670798262775));
#5323=CARTESIAN_POINT('Ctrl Pts',(0.850032743858462,14.1007257917884,-5.1785094446141));
#5324=CARTESIAN_POINT('Ctrl Pts',(0.850040444961041,14.1017235362097,-5.17206152913909));
#5325=CARTESIAN_POINT('Ctrl Pts',(0.850047224877654,14.1022603252515,-5.16554476950853));
#5326=CARTESIAN_POINT('Ctrl Pts',(0.850057341878321,14.1022624434389,-5.15899773340345));
#5327=CARTESIAN_POINT('',(0.85,14.1022624434389,5.2081761248335));
#5328=CARTESIAN_POINT('',(0.850000000000001,14.1022624434389,0.));
#5329=CARTESIAN_POINT('',(0.85,14.3511312217195,5.18379049474385));
#5330=CARTESIAN_POINT('Origin',(0.,14.6,0.));
#5331=CARTESIAN_POINT('Origin',(0.,14.5,0.));
#5332=CARTESIAN_POINT('',(-0.85,14.5096245680558,5.16826038228004));
#5333=CARTESIAN_POINT('',(-0.85,14.6,5.06736189248578));
#5334=CARTESIAN_POINT('Ctrl Pts',(-0.85,14.5096246549647,5.16826126915538));
#5335=CARTESIAN_POINT('Ctrl Pts',(-0.85,14.5193918535146,5.16730413760197));
#5336=CARTESIAN_POINT('Ctrl Pts',(-0.85,14.5296025647481,5.16463496690515));
#5337=CARTESIAN_POINT('Ctrl Pts',(-0.85,14.5495024785619,5.15632795282893));
#5338=CARTESIAN_POINT('Ctrl Pts',(-0.85,14.5618086685746,5.14802214340586));
#5339=CARTESIAN_POINT('Ctrl Pts',(-0.85,14.579308039017,5.13037955231128));
#5340=CARTESIAN_POINT('Ctrl Pts',(-0.85,14.587567568527,5.11789150462113));
#5341=CARTESIAN_POINT('Ctrl Pts',(-0.85,14.5970869606289,5.09472662708467));
#5342=CARTESIAN_POINT('Ctrl Pts',(-0.85,14.6,5.07992950480183));
#5343=CARTESIAN_POINT('Ctrl Pts',(-0.85,14.6,5.06736189248577));
#5344=CARTESIAN_POINT('',(-0.85,14.6,-5.06736189248578));
#5345=CARTESIAN_POINT('Origin',(0.,14.6,0.));
#5346=CARTESIAN_POINT('',(-0.85,14.5096245680558,-5.16826038228004));
#5347=CARTESIAN_POINT('Ctrl Pts',(-0.85,14.6,-5.06736189248577));
#5348=CARTESIAN_POINT('Ctrl Pts',(-0.85,14.6,-5.07992950480183));
#5349=CARTESIAN_POINT('Ctrl Pts',(-0.85,14.5970869606289,-5.09472662708467));
#5350=CARTESIAN_POINT('Ctrl Pts',(-0.85,14.587567568527,-5.11789150462113));
#5351=CARTESIAN_POINT('Ctrl Pts',(-0.85,14.579308039017,-5.13037955231128));
#5352=CARTESIAN_POINT('Ctrl Pts',(-0.85,14.5618086685746,-5.14802214340586));
#5353=CARTESIAN_POINT('Ctrl Pts',(-0.85,14.5495024785619,-5.15632795282893));
#5354=CARTESIAN_POINT('Ctrl Pts',(-0.85,14.5296025647481,-5.16463496690515));
#5355=CARTESIAN_POINT('Ctrl Pts',(-0.85,14.5193918535146,-5.16730413760197));
#5356=CARTESIAN_POINT('Ctrl Pts',(-0.85,14.5096246549647,-5.16826126915538));
#5357=CARTESIAN_POINT('Origin',(0.,14.5096245680558,-2.6078452226551E-16));
#5358=CARTESIAN_POINT('Origin',(-0.85,14.6,0.));
#5359=CARTESIAN_POINT('',(-0.85,14.1022624434389,5.2081761248335));
#5360=CARTESIAN_POINT('',(-0.85,14.3511312217195,5.18379049474385));
#5361=CARTESIAN_POINT('',(-0.849999999987526,14.1022624434389,-5.15894929310103));
#5362=CARTESIAN_POINT('',(-0.85,14.1022624434389,0.));
#5363=CARTESIAN_POINT('',(-0.850000000000013,14.0926372473047,-5.20911914045624));
#5364=CARTESIAN_POINT('Ctrl Pts',(-0.849883048864761,14.1022624434389,-5.15925447209967));
#5365=CARTESIAN_POINT('Ctrl Pts',(-0.849889319500966,14.102260737847,-5.16717943416536));
#5366=CARTESIAN_POINT('Ctrl Pts',(-0.849894150049348,14.1014924159514,-5.17507014994624));
#5367=CARTESIAN_POINT('Ctrl Pts',(-0.849899173546541,14.1000683773676,-5.18284154363696));
#5368=CARTESIAN_POINT('Ctrl Pts',(-0.849904421124693,14.0985808173127,-5.19095959251342));
#5369=CARTESIAN_POINT('Ctrl Pts',(-0.849908766605522,14.0963777007846,-5.19894789772491));
#5370=CARTESIAN_POINT('Ctrl Pts',(-0.849914687404736,14.0935400425773,-5.20674027743346));
#5371=CARTESIAN_POINT('Ctrl Pts',(-0.849915074824656,14.0933543640436,-5.20725016182846));
#5372=CARTESIAN_POINT('Ctrl Pts',(-0.849915473048877,14.0931659533074,-5.20775921668864));
#5373=CARTESIAN_POINT('Ctrl Pts',(-0.84991588484082,14.0929748266931,-5.20826742731907));
#5374=CARTESIAN_POINT('Ctrl Pts',(-0.849916148002759,14.0928526843071,-5.20859220709498));
#5375=CARTESIAN_POINT('Ctrl Pts',(-0.849916356513554,14.0927295781931,-5.20891621262051));
#5376=CARTESIAN_POINT('Ctrl Pts',(-0.849916687816167,14.0926055211272,-5.20923956654499));
#5377=CARTESIAN_POINT('',(-0.85,14.1022624434389,-5.2081761248335));
#5378=CARTESIAN_POINT('',(-0.85,14.3511312217195,-5.18379049474385));
#5379=CARTESIAN_POINT('',(-0.85,14.3511312217195,-5.18379049474385));
#5380=CARTESIAN_POINT('',(-0.85,14.6,0.));
#5381=CARTESIAN_POINT('Origin',(0.,14.3825148975543,0.));
#5382=CARTESIAN_POINT('',(-0.903306607754853,14.1022624434389,-5.19919568007581));
#5383=CARTESIAN_POINT('Ctrl Pts',(-0.849916687816181,14.0926055211272,-5.20923956654499));
#5384=CARTESIAN_POINT('Ctrl Pts',(-0.855242114978014,14.0944779944525,-5.20815827490543));
#5385=CARTESIAN_POINT('Ctrl Pts',(-0.860650640188222,14.0961169888063,-5.20707701924015));
#5386=CARTESIAN_POINT('Ctrl Pts',(-0.866143570575667,14.0974916300892,-5.20600360182457));
#5387=CARTESIAN_POINT('Ctrl Pts',(-0.871496154945696,14.0988311488754,-5.20495761054563));
#5388=CARTESIAN_POINT('Ctrl Pts',(-0.8768978951591,14.0999116201482,-5.20392593557806));
#5389=CARTESIAN_POINT('Ctrl Pts',(-0.882336144038394,14.1007049029047,-5.20291217303602));
#5390=CARTESIAN_POINT('Ctrl Pts',(-0.889260762197748,14.1017150038219,-5.2016213313214));
#5391=CARTESIAN_POINT('Ctrl Pts',(-0.896245423764293,14.1022603812527,-5.2003586041194));
#5392=CARTESIAN_POINT('Ctrl Pts',(-0.903257054435642,14.1022624434389,-5.19913604072101));
#5393=CARTESIAN_POINT('Origin',(0.,14.1022624434389,0.));
#5394=CARTESIAN_POINT('Origin',(-1.32908701509573,0.1,-7.62279781368824));
#5395=CARTESIAN_POINT('',(-1.32908701509573,0.,-7.62279781368824));
#5396=CARTESIAN_POINT('',(-1.23035947391187,0.1,-7.63869978249058));
#5397=CARTESIAN_POINT('Origin',(-1.32908701509573,0.1,-7.62279781368824));
#5398=CARTESIAN_POINT('',(-1.34626356848933,0.1,-7.72131159959415));
#5399=CARTESIAN_POINT('Origin',(-1.32908701509573,0.1,-7.62279781368824));
#5400=CARTESIAN_POINT('',(-1.32908701509573,0.1,-7.72279781368824));
#5401=CARTESIAN_POINT('Origin',(-1.32908701509573,0.1,-7.62279781368824));
#5402=CARTESIAN_POINT('',(-1.3461503567244,0.111462410798495,-7.72066228891367));
#5403=CARTESIAN_POINT('Origin',(-1.32908701509573,0.1,-7.62279781368824));
#5404=CARTESIAN_POINT('Origin',(-1.32908701509573,0.0999999999999839,-7.62279781368824));
#5405=CARTESIAN_POINT('Origin',(1.32908701509573,0.1,-7.62279781368824));
#5406=CARTESIAN_POINT('',(1.32908701509573,0.,-7.62279781368824));
#5407=CARTESIAN_POINT('',(1.3461503567244,0.111462410798513,-7.72066228891367));
#5408=CARTESIAN_POINT('Origin',(1.32908701509573,0.1,-7.62279781368824));
#5409=CARTESIAN_POINT('',(1.23035947391187,0.0999999999999816,-7.63869978249058));
#5410=CARTESIAN_POINT('Origin',(1.32908701509573,0.1,-7.62279781368824));
#5411=CARTESIAN_POINT('',(1.32908701509573,0.1,-7.72279781368824));
#5412=CARTESIAN_POINT('Origin',(1.32908701509573,0.1,-7.62279781368824));
#5413=CARTESIAN_POINT('Origin',(1.32908701509573,0.0999999999999808,-7.62279781368824));
#5414=CARTESIAN_POINT('Origin',(-0.653651756166783,0.1,-3.4293508781656));
#5415=CARTESIAN_POINT('',(-1.10339965540911,0.0999999999994375,-6.8504684090216));
#5416=CARTESIAN_POINT('',(-1.20212719659296,0.,-6.83456644021927));
#5417=CARTESIAN_POINT('Origin',(-1.20212719659296,0.1,-6.83456644021927));
#5418=CARTESIAN_POINT('',(-0.653651756166783,0.,-3.4293508781656));
#5419=CARTESIAN_POINT('',(-0.554924214982929,0.1,-3.44525284696793));
#5420=CARTESIAN_POINT('Ctrl Pts',(-0.975503724796085,0.,-6.66725915661112));
#5421=CARTESIAN_POINT('Ctrl Pts',(-1.03435352109942,0.,-6.65864869252852));
#5422=CARTESIAN_POINT('Ctrl Pts',(-1.14329871952333,0.,-6.69322092118653));
#5423=CARTESIAN_POINT('Ctrl Pts',(-1.19503376121296,0.,-6.79052677177827));
#5424=CARTESIAN_POINT('Ctrl Pts',(-1.20212719659294,0.,-6.83456644021914));
#5425=CARTESIAN_POINT('Ctrl Pts',(-0.977822411305281,0.,-6.68310664490542));
#5426=CARTESIAN_POINT('Ctrl Pts',(-1.03192711283025,1.86252682097464E-8,
-6.67518587118026));
#5427=CARTESIAN_POINT('Ctrl Pts',(-1.13216915848526,-1.49822798717639E-6,
-6.70660888011136));
#5428=CARTESIAN_POINT('Ctrl Pts',(-1.18055736315836,-8.45444808803051E-7,
-6.79619817047117));
#5429=CARTESIAN_POINT('Ctrl Pts',(-1.1873575909696,0.,-6.836945369189));
#5430=CARTESIAN_POINT('Ctrl Pts',(-0.982450858112306,0.0078524767720355,
-6.71474061366497));
#5431=CARTESIAN_POINT('Ctrl Pts',(-1.02708225151377,0.00784797055566362,
-6.7081968180203));
#5432=CARTESIAN_POINT('Ctrl Pts',(-1.10995047739361,0.00757526335678474,
-6.73333923436032));
#5433=CARTESIAN_POINT('Ctrl Pts',(-1.15165079815705,0.00705339362536466,
-6.80752397961458));
#5434=CARTESIAN_POINT('Ctrl Pts',(-1.15786329206052,0.00683665873784375,
-6.84169599313319));
#5435=CARTESIAN_POINT('Ctrl Pts',(-0.98874493415332,0.0459059469870573,
-6.75775863097252));
#5436=CARTESIAN_POINT('Ctrl Pts',(-1.02052421039687,0.0458812557672778,
-6.75308994401918));
#5437=CARTESIAN_POINT('Ctrl Pts',(-1.07967456901384,0.0443865277293067,
-6.77019251876467));
#5438=CARTESIAN_POINT('Ctrl Pts',(-1.11124877379931,0.0414958452177606,
-6.82340864737397));
#5439=CARTESIAN_POINT('Ctrl Pts',(-1.11632435673961,0.0402885049436723,
-6.84838663736108));
#5440=CARTESIAN_POINT('Ctrl Pts',(-0.990276843211494,0.0871911949431337,
-6.76822874444886));
#5441=CARTESIAN_POINT('Ctrl Pts',(-1.01886928899589,0.0871494779512395,
-6.76403822791274));
#5442=CARTESIAN_POINT('Ctrl Pts',(-1.0720887156487,0.0846389409525928,-6.78027647111669));
#5443=CARTESIAN_POINT('Ctrl Pts',(-1.09926229044573,0.0796636612562992,
-6.8282917684575));
#5444=CARTESIAN_POINT('Ctrl Pts',(-1.10339965540909,0.0775600524743586,
-6.85046840902148));
#5445=CARTESIAN_POINT('Ctrl Pts',(-0.989891897702693,0.111067918762744,
-6.76559776375334));
#5446=CARTESIAN_POINT('Ctrl Pts',(-1.01931763109905,0.111020758601435,-6.76129771733754));
#5447=CARTESIAN_POINT('Ctrl Pts',(-1.07384035876543,0.108190371303227,-6.778895054705));
#5448=CARTESIAN_POINT('Ctrl Pts',(-1.09980948193053,0.102453630850491,-6.82817877907896));
#5449=CARTESIAN_POINT('Ctrl Pts',(-1.10339965540909,0.1,-6.85046840902148));
#5450=CARTESIAN_POINT('',(-0.989891897702693,0.111067918762744,-6.76559776375334));
#5451=CARTESIAN_POINT('Ctrl Pts',(-1.10339965540909,0.1,-6.85046840902148));
#5452=CARTESIAN_POINT('Ctrl Pts',(-1.09980948193053,0.102453630850491,-6.82817877907896));
#5453=CARTESIAN_POINT('Ctrl Pts',(-1.07384035876543,0.108190371303227,-6.778895054705));
#5454=CARTESIAN_POINT('Ctrl Pts',(-1.01931763109905,0.111020758601435,-6.76129771733754));
#5455=CARTESIAN_POINT('Ctrl Pts',(-0.989891897702693,0.111067918762744,
-6.76559776375334));
#5456=CARTESIAN_POINT('',(-0.975503724796085,0.,-6.66725915661112));
#5457=CARTESIAN_POINT('Origin',(-0.975503724796085,0.0999999999999998,-6.66725915661112));
#5458=CARTESIAN_POINT('Ctrl Pts',(-0.975503724796085,0.,-6.66725915661112));
#5459=CARTESIAN_POINT('Ctrl Pts',(-1.03435352109942,0.,-6.65864869252852));
#5460=CARTESIAN_POINT('Ctrl Pts',(-1.14329871952333,0.,-6.69322092118653));
#5461=CARTESIAN_POINT('Ctrl Pts',(-1.19503376121296,0.,-6.79052677177827));
#5462=CARTESIAN_POINT('Ctrl Pts',(-1.20212719659294,0.,-6.83456644021914));
#5463=CARTESIAN_POINT('Origin',(0.,0.1,0.));
#5464=CARTESIAN_POINT('',(0.989891897702716,0.111067918762109,-6.76559776375348));
#5465=CARTESIAN_POINT('',(0.975503724796087,0.,-6.66725915661112));
#5466=CARTESIAN_POINT('Origin',(0.975503724796087,0.1,-6.66725915661112));
#5467=CARTESIAN_POINT('Origin',(0.,0.,0.));
#5468=CARTESIAN_POINT('Origin',(-1.56463173461901E-16,0.111067918762744,
0.));
#5469=CARTESIAN_POINT('Ctrl Pts',(1.20212719659294,0.,-6.83456644021915));
#5470=CARTESIAN_POINT('Ctrl Pts',(1.19503376119018,0.,-6.7905267716368));
#5471=CARTESIAN_POINT('Ctrl Pts',(1.14329876508816,0.,-6.69322100457163));
#5472=CARTESIAN_POINT('Ctrl Pts',(1.03435352128848,0.,-6.65864869250086));
#5473=CARTESIAN_POINT('Ctrl Pts',(0.975503724796087,0.,-6.66725915661112));
#5474=CARTESIAN_POINT('Ctrl Pts',(1.1873575909696,0.,-6.83694536918901));
#5475=CARTESIAN_POINT('Ctrl Pts',(1.18055736313652,-8.45444811519234E-7,
-6.79619817034028));
#5476=CARTESIAN_POINT('Ctrl Pts',(1.13216920100609,-1.4982261696945E-6,
-6.70660895674376));
#5477=CARTESIAN_POINT('Ctrl Pts',(1.03192711300407,1.86252682695942E-8,
-6.67518587115482));
#5478=CARTESIAN_POINT('Ctrl Pts',(0.977822411305283,0.,-6.68310664490542));
#5479=CARTESIAN_POINT('Ctrl Pts',(1.15786329206052,0.00683665873784369,
-6.8416959931332));
#5480=CARTESIAN_POINT('Ctrl Pts',(1.15165079813709,0.00705339362606086,
-6.80752397950481));
#5481=CARTESIAN_POINT('Ctrl Pts',(1.10995051383162,0.00757526290358972,
-6.73333929751238));
#5482=CARTESIAN_POINT('Ctrl Pts',(1.02708225165716,0.00784797055564914,
-6.70819681799928));
#5483=CARTESIAN_POINT('Ctrl Pts',(0.982450858112309,0.0078524767720355,
-6.71474061366497));
#5484=CARTESIAN_POINT('Ctrl Pts',(1.11632435673961,0.040288504943672,-6.84838663736108));
#5485=CARTESIAN_POINT('Ctrl Pts',(1.11124877378301,0.0414958452216389,-6.82340864729373));
#5486=CARTESIAN_POINT('Ctrl Pts',(1.07967459641473,0.0443865252263109,-6.77019256377329));
#5487=CARTESIAN_POINT('Ctrl Pts',(1.02052421049897,0.0458812557671985,-6.75308994400418));
#5488=CARTESIAN_POINT('Ctrl Pts',(0.988744934153321,0.0459059469870573,
-6.75775863097252));
#5489=CARTESIAN_POINT('Ctrl Pts',(1.10339965540909,0.077560052474358,-6.85046840902148));
#5490=CARTESIAN_POINT('Ctrl Pts',(1.09926229043244,0.0796636612630566,-6.82829176838626));
#5491=CARTESIAN_POINT('Ctrl Pts',(1.07208873931435,0.0846389366601791,-6.78027651190802));
#5492=CARTESIAN_POINT('Ctrl Pts',(1.01886928908775,0.0871494779511055,-6.76403822789928));
#5493=CARTESIAN_POINT('Ctrl Pts',(0.990276843211495,0.0871911949431337,
-6.76822874444886));
#5494=CARTESIAN_POINT('Ctrl Pts',(1.10339965540909,0.0999999999999993,-6.85046840902148));
#5495=CARTESIAN_POINT('Ctrl Pts',(1.099809481919,0.102453630858373,-6.82817877900736));
#5496=CARTESIAN_POINT('Ctrl Pts',(1.0738403816351,0.108190366376426,-6.77889509693929));
#5497=CARTESIAN_POINT('Ctrl Pts',(1.01931763119359,0.111020758601283,-6.76129771732373));
#5498=CARTESIAN_POINT('Ctrl Pts',(0.989891897702694,0.111067918762744,-6.76559776375334));
#5499=CARTESIAN_POINT('',(1.10339965540909,0.0999999999999878,-6.85046840902148));
#5500=CARTESIAN_POINT('Ctrl Pts',(0.989891897702694,0.111067918762744,-6.76559776375334));
#5501=CARTESIAN_POINT('Ctrl Pts',(1.01931763119359,0.111020758601283,-6.76129771732373));
#5502=CARTESIAN_POINT('Ctrl Pts',(1.0738403816351,0.108190366376426,-6.77889509693929));
#5503=CARTESIAN_POINT('Ctrl Pts',(1.099809481919,0.102453630858373,-6.82817877900736));
#5504=CARTESIAN_POINT('Ctrl Pts',(1.10339965540909,0.0999999999999993,-6.85046840902148));
#5505=CARTESIAN_POINT('',(1.20212719659294,0.,-6.83456644021915));
#5506=CARTESIAN_POINT('Origin',(1.20212719659294,0.0999999999999999,-6.83456644021915));
#5507=CARTESIAN_POINT('Ctrl Pts',(1.20212719659294,0.,-6.83456644021915));
#5508=CARTESIAN_POINT('Ctrl Pts',(1.19503376119018,0.,-6.7905267716368));
#5509=CARTESIAN_POINT('Ctrl Pts',(1.14329876508816,0.,-6.69322100457163));
#5510=CARTESIAN_POINT('Ctrl Pts',(1.03435352128848,0.,-6.65864869250086));
#5511=CARTESIAN_POINT('Ctrl Pts',(0.975503724796087,0.,-6.66725915661112));
#5512=CARTESIAN_POINT('Origin',(0.653651756166783,0.1,-3.4293508781656));
#5513=CARTESIAN_POINT('',(0.653651756166783,0.,-3.4293508781656));
#5514=CARTESIAN_POINT('',(0.554924214982929,0.1,-3.44525284696793));
#5515=CARTESIAN_POINT('Origin',(-1.28388374634642,2.56339118457695,-7.34215284245446));
#5516=CARTESIAN_POINT('',(-1.29799510261751,2.62073742553068,-7.42285153062638));
#5517=CARTESIAN_POINT('',(-1.30099532096352,2.57485359537547,-7.44000889567964));
#5518=CARTESIAN_POINT('Origin',(-1.28388374641858,2.56339118457696,-7.34215284244184));
#5519=CARTESIAN_POINT('',(-1.18515620516257,2.56339118457695,-7.3580548112568));
#5520=CARTESIAN_POINT('Origin',(-1.28388374634642,2.56339118457695,-7.34215284245446));
#5521=CARTESIAN_POINT('Origin',(-1.28388374634927,2.56339118442164,-7.34215284247216));
#5522=CARTESIAN_POINT('Origin',(1.28388374634595,2.56339118457696,-7.34215284245454));
#5523=CARTESIAN_POINT('',(1.29799510330396,2.62073741901329,-7.42285153513774));
#5524=CARTESIAN_POINT('',(1.18515620516257,2.56339118457695,-7.3580548112568));
#5525=CARTESIAN_POINT('Origin',(1.28388374665032,2.56339118184712,-7.3421528443412));
#5526=CARTESIAN_POINT('',(1.30099532096684,2.57485359522015,-7.44000889569725));
#5527=CARTESIAN_POINT('Origin',(1.28388374634595,2.56339118457696,-7.34215284245454));
#5528=CARTESIAN_POINT('Origin',(1.28388374634642,2.56339118457695,-7.34215284245446));
#5529=CARTESIAN_POINT('Origin',(0.,2.56339118457696,0.));
#5530=CARTESIAN_POINT('Origin',(-3.76058682899644E-16,2.57485359537547,
0.));
#5531=CARTESIAN_POINT('Origin',(-3.7519145619328E-16,2.62073741901329,0.));
#5532=CARTESIAN_POINT('Ctrl Pts',(1.23035947391187,0.0999999999999808,-7.63869978249058));
#5533=CARTESIAN_POINT('Ctrl Pts',(1.21529176502415,0.921130429227785,-7.54515175279372));
#5534=CARTESIAN_POINT('Ctrl Pts',(1.20022401058082,1.74226082539774,-7.45160344026442));
#5535=CARTESIAN_POINT('Ctrl Pts',(1.18515620516257,2.56339118457695,-7.3580548112568));
#5536=CARTESIAN_POINT('Ctrl Pts',(1.23512459883668,0.103457861316366,-7.66828411089088));
#5537=CARTESIAN_POINT('Ctrl Pts',(1.22005724885886,0.924588648515973,-7.57473910317052));
#5538=CARTESIAN_POINT('Ctrl Pts',(1.2049902216746,1.74571939187199,-7.48119365605119));
#5539=CARTESIAN_POINT('Ctrl Pts',(1.18992280295815,2.56685013715152,-7.38764828399089));
#5540=CARTESIAN_POINT('Ctrl Pts',(1.26857695592556,0.109445762418168,-7.71545557391338));
#5541=CARTESIAN_POINT('Ctrl Pts',(1.25351584653538,0.930577118539683,-7.62191444776524));
#5542=CARTESIAN_POINT('Ctrl Pts',(1.23845482950872,1.75170849032989,-7.52837343434573));
#5543=CARTESIAN_POINT('Ctrl Pts',(1.22339413866551,2.57283984919825,-7.43483224464976));
#5544=CARTESIAN_POINT('Ctrl Pts',(1.32386259466141,0.111495705835769,-7.72454441320801));
#5545=CARTESIAN_POINT('Ctrl Pts',(1.30880880635748,0.932626550037024,-7.63099757725355));
#5546=CARTESIAN_POINT('Ctrl Pts',(1.29375536325566,1.75375736431892,-7.53745041224905));
#5547=CARTESIAN_POINT('Ctrl Pts',(1.2787025613492,2.57488817100892,-7.44390306356092));
#5548=CARTESIAN_POINT('Ctrl Pts',(1.3461503567244,0.111462410798494,-7.72066228891367));
#5549=CARTESIAN_POINT('Ctrl Pts',(1.33109813552545,0.932592840026298,-7.62711155883219));
#5550=CARTESIAN_POINT('Ctrl Pts',(1.31604643627119,1.75372323619625,-7.53356044319934));
#5551=CARTESIAN_POINT('Ctrl Pts',(1.300995320964,2.57485359537546,-7.44000889567956));
#5552=CARTESIAN_POINT('Ctrl Pts',(1.300995320964,2.57485359537546,-7.44000889567956));
#5553=CARTESIAN_POINT('Ctrl Pts',(1.31604643627119,1.75372323619625,-7.53356044319934));
#5554=CARTESIAN_POINT('Ctrl Pts',(1.33109813552545,0.932592840026298,-7.62711155883219));
#5555=CARTESIAN_POINT('Ctrl Pts',(1.3461503567244,0.111462410798494,-7.72066228891367));
#5556=CARTESIAN_POINT('Ctrl Pts',(1.23035947391187,0.0999999999999808,-7.63869978249058));
#5557=CARTESIAN_POINT('Ctrl Pts',(1.21529176502415,0.921130429227785,-7.54515175279372));
#5558=CARTESIAN_POINT('Ctrl Pts',(1.20022401058082,1.74226082539774,-7.45160344026442));
#5559=CARTESIAN_POINT('Ctrl Pts',(1.18515620516257,2.56339118457695,-7.3580548112568));
#5560=CARTESIAN_POINT('Ctrl Pts',(-1.19149036829237,3.57840130206452,-6.76093268730775));
#5561=CARTESIAN_POINT('Ctrl Pts',(-1.19006963454955,3.59247964570041,-6.75117636130642));
#5562=CARTESIAN_POINT('Ctrl Pts',(-1.18918607485931,3.60913763036038,-6.74510101586728));
#5563=CARTESIAN_POINT('Ctrl Pts',(-1.18895090507287,3.62624527400334,-6.74348428936502));
#5564=CARTESIAN_POINT('Ctrl Pts',(-1.16177363983705,3.57861013362255,-6.76602128082911));
#5565=CARTESIAN_POINT('Ctrl Pts',(-1.16034229649933,3.59261737104857,-6.75637470067078));
#5566=CARTESIAN_POINT('Ctrl Pts',(-1.15944453979718,3.60931247778685,-6.75031991509392));
#5567=CARTESIAN_POINT('Ctrl Pts',(-1.15920803618691,3.62628761425291,-6.7487241823848));
#5568=CARTESIAN_POINT('Ctrl Pts',(-1.10668773192168,3.56434848273901,-6.75425979173594));
#5569=CARTESIAN_POINT('Ctrl Pts',(-1.10477972397306,3.58193511355175,-6.74218391713756));
#5570=CARTESIAN_POINT('Ctrl Pts',(-1.10359821298336,3.60262964501149,-6.73470536074051));
#5571=CARTESIAN_POINT('Ctrl Pts',(-1.10328281931216,3.62392915510729,-6.73270864794972));
#5572=CARTESIAN_POINT('Ctrl Pts',(-1.08149018675236,3.53402342248581,-6.71444324157139));
#5573=CARTESIAN_POINT('Ctrl Pts',(-1.07871163127787,3.55901540565977,-6.69719504022122));
#5574=CARTESIAN_POINT('Ctrl Pts',(-1.07698445443919,3.5885471973183,-6.68646893516576));
#5575=CARTESIAN_POINT('Ctrl Pts',(-1.0765242388575,3.61889557489393,-6.68361210164144));
#5576=CARTESIAN_POINT('Ctrl Pts',(-1.0785444729896,3.52105506762819,-6.6961547465779));
#5577=CARTESIAN_POINT('Ctrl Pts',(-1.07540990500615,3.54921175489995,-6.67669374816153));
#5578=CARTESIAN_POINT('Ctrl Pts',(-1.07345804918899,3.5825277242199,-6.66457563071524));
#5579=CARTESIAN_POINT('Ctrl Pts',(-1.07293863310004,3.61674301150583,-6.6613508304436));
#5580=CARTESIAN_POINT('',(-1.19149036829237,3.57840130206452,-6.76093268730775));
#5581=CARTESIAN_POINT('Ctrl Pts',(-1.19149036829237,3.57840130206452,-6.76093268730775));
#5582=CARTESIAN_POINT('Ctrl Pts',(-1.19006963454955,3.59247964570041,-6.75117636130642));
#5583=CARTESIAN_POINT('Ctrl Pts',(-1.18918607485931,3.60913763036038,-6.74510101586728));
#5584=CARTESIAN_POINT('Ctrl Pts',(-1.18895090507287,3.62624527400334,-6.74348428936502));
#5585=CARTESIAN_POINT('',(-1.07293863309922,3.61674301155991,-6.6613508304385));
#5586=CARTESIAN_POINT('Origin',(-1.17166617428307,3.61674301155991,-6.64544886163617));
#5587=CARTESIAN_POINT('',(-1.0785444729896,3.52105506762819,-6.6961547465779));
#5588=CARTESIAN_POINT('Ctrl Pts',(-1.07293863310004,3.61674301150583,-6.6613508304436));
#5589=CARTESIAN_POINT('Ctrl Pts',(-1.07345804918899,3.5825277242199,-6.66457563071524));
#5590=CARTESIAN_POINT('Ctrl Pts',(-1.07540990500615,3.54921175489995,-6.67669374816153));
#5591=CARTESIAN_POINT('Ctrl Pts',(-1.0785444729896,3.52105506762819,-6.6961547465779));
#5592=CARTESIAN_POINT('Origin',(-1.17727201417346,3.52105506762819,-6.68025277777557));
#5593=CARTESIAN_POINT('Ctrl Pts',(1.18895090507287,3.62624527400334,-6.74348428936502));
#5594=CARTESIAN_POINT('Ctrl Pts',(1.18918607485931,3.60913763036038,-6.74510101586728));
#5595=CARTESIAN_POINT('Ctrl Pts',(1.19006963454955,3.5924796457004,-6.75117636130642));
#5596=CARTESIAN_POINT('Ctrl Pts',(1.19149036829237,3.57840130206453,-6.76093268730775));
#5597=CARTESIAN_POINT('Ctrl Pts',(1.15920803618691,3.62628761425291,-6.7487241823848));
#5598=CARTESIAN_POINT('Ctrl Pts',(1.15944453979718,3.60931247778685,-6.75031991509392));
#5599=CARTESIAN_POINT('Ctrl Pts',(1.16034229649933,3.59261737104856,-6.75637470067078));
#5600=CARTESIAN_POINT('Ctrl Pts',(1.16177363983705,3.57861013362255,-6.76602128082911));
#5601=CARTESIAN_POINT('Ctrl Pts',(1.10328281931216,3.62392915510729,-6.73270864794972));
#5602=CARTESIAN_POINT('Ctrl Pts',(1.10359821298336,3.60262964501149,-6.73470536074051));
#5603=CARTESIAN_POINT('Ctrl Pts',(1.10477972397307,3.58193511355175,-6.74218391713756));
#5604=CARTESIAN_POINT('Ctrl Pts',(1.10668773192168,3.56434848273902,-6.75425979173594));
#5605=CARTESIAN_POINT('Ctrl Pts',(1.0765242388575,3.61889557489392,-6.68361210164144));
#5606=CARTESIAN_POINT('Ctrl Pts',(1.07698445443919,3.5885471973183,-6.68646893516576));
#5607=CARTESIAN_POINT('Ctrl Pts',(1.07871163127787,3.55901540565977,-6.69719504022122));
#5608=CARTESIAN_POINT('Ctrl Pts',(1.08149018675236,3.53402342248581,-6.71444324157139));
#5609=CARTESIAN_POINT('Ctrl Pts',(1.07293863310004,3.61674301150583,-6.6613508304436));
#5610=CARTESIAN_POINT('Ctrl Pts',(1.07345804918899,3.58252772421991,-6.66457563071524));
#5611=CARTESIAN_POINT('Ctrl Pts',(1.07540990500616,3.54921175489995,-6.67669374816154));
#5612=CARTESIAN_POINT('Ctrl Pts',(1.0785444729896,3.5210550676282,-6.6961547465779));
#5613=CARTESIAN_POINT('',(1.07293863309922,3.6167430115599,-6.6613508304385));
#5614=CARTESIAN_POINT('Origin',(1.17166617428307,3.6167430115599,-6.64544886163617));
#5615=CARTESIAN_POINT('',(1.19149036829237,3.57840130206453,-6.76093268730775));
#5616=CARTESIAN_POINT('Ctrl Pts',(1.18895090507287,3.62624527400334,-6.74348428936502));
#5617=CARTESIAN_POINT('Ctrl Pts',(1.18918607485931,3.60913763036038,-6.74510101586728));
#5618=CARTESIAN_POINT('Ctrl Pts',(1.19006963454955,3.5924796457004,-6.75117636130642));
#5619=CARTESIAN_POINT('Ctrl Pts',(1.19149036829237,3.57840130206453,-6.76093268730775));
#5620=CARTESIAN_POINT('',(1.0785444729896,3.52105506762819,-6.6961547465779));
#5621=CARTESIAN_POINT('Origin',(1.17727201417346,3.52105506762819,-6.68025277777556));
#5622=CARTESIAN_POINT('Ctrl Pts',(1.0785444729896,3.5210550676282,-6.6961547465779));
#5623=CARTESIAN_POINT('Ctrl Pts',(1.07540990500616,3.54921175489995,-6.67669374816154));
#5624=CARTESIAN_POINT('Ctrl Pts',(1.07345804918899,3.58252772421991,-6.66457563071524));
#5625=CARTESIAN_POINT('Ctrl Pts',(1.07293863310004,3.61674301150583,-6.6613508304436));
#5626=CARTESIAN_POINT('Origin',(0.,3.63574753650086,0.));
#5627=CARTESIAN_POINT('Origin',(-3.41814022012521E-16,3.57840130206452,
0.));
#5628=CARTESIAN_POINT('Ctrl Pts',(1.18515620546646,2.56339118184712,-7.35805481314354));
#5629=CARTESIAN_POINT('Ctrl Pts',(1.14962633246814,2.88254910327034,-7.13746722155027));
#5630=CARTESIAN_POINT('Ctrl Pts',(1.11408677502394,3.20179145982514,-6.91681950397248));
#5631=CARTESIAN_POINT('Ctrl Pts',(1.0785444729896,3.52105506762819,-6.6961547465779));
#5632=CARTESIAN_POINT('Ctrl Pts',(1.18908115246771,2.58067023854778,-7.38242288803584));
#5633=CARTESIAN_POINT('Ctrl Pts',(1.15355184791824,2.89983190202721,-7.16184048358172));
#5634=CARTESIAN_POINT('Ctrl Pts',(1.11801370816674,3.2190780719589,-6.94119790354376));
#5635=CARTESIAN_POINT('Ctrl Pts',(1.08247209133994,3.53834620743835,-6.72053940656922));
#5636=CARTESIAN_POINT('Ctrl Pts',(1.22101696786898,2.6105931594536,-7.4205730927374));
#5637=CARTESIAN_POINT('Ctrl Pts',(1.18550043153764,2.92976077152553,-7.19999700581731));
#5638=CARTESIAN_POINT('Ctrl Pts',(1.14997516528876,3.24901384951513,-6.9793620800983));
#5639=CARTESIAN_POINT('Ctrl Pts',(1.11444898053081,3.56828918148021,-6.75871120059138));
#5640=CARTESIAN_POINT('Ctrl Pts',(1.27571937599735,2.62087985379286,-7.42664555746878));
#5641=CARTESIAN_POINT('Ctrl Pts',(1.24021844722484,2.9400421157058,-7.20605913468364));
#5642=CARTESIAN_POINT('Ctrl Pts',(1.20471016130257,3.25928906800916,-6.98541252189024));
#5643=CARTESIAN_POINT('Ctrl Pts',(1.16920282195088,3.57855792573305,-6.76474913244877));
#5644=CARTESIAN_POINT('Ctrl Pts',(1.29799510364601,2.62073741628345,-7.42285153701781));
#5645=CARTESIAN_POINT('Ctrl Pts',(1.26249768565279,2.93989533770667,-7.20225827018808));
#5646=CARTESIAN_POINT('Ctrl Pts',(1.226993478876,3.25913769426148,-6.98160435147662));
#5647=CARTESIAN_POINT('Ctrl Pts',(1.19149036829237,3.57840130206453,-6.76093268730775));
#5648=CARTESIAN_POINT('Ctrl Pts',(1.19149036829237,3.57840130206453,-6.76093268730775));
#5649=CARTESIAN_POINT('Ctrl Pts',(1.22699347877479,3.25913769517164,-6.98160435084753));
#5650=CARTESIAN_POINT('Ctrl Pts',(1.26249768545035,2.93989533952688,-7.20225826892999));
#5651=CARTESIAN_POINT('Ctrl Pts',(1.29799510334242,2.62073741901304,-7.42285153513119));
#5652=CARTESIAN_POINT('Ctrl Pts',(1.18515620516257,2.56339118457695,-7.3580548112568));
#5653=CARTESIAN_POINT('Ctrl Pts',(1.14962633226549,2.8825491050907,-7.1374672202921));
#5654=CARTESIAN_POINT('Ctrl Pts',(1.1140867749226,3.20179146073539,-6.91681950334335));
#5655=CARTESIAN_POINT('Ctrl Pts',(1.0785444729896,3.52105506762819,-6.6961547465779));
#5656=CARTESIAN_POINT('Origin',(-1.01400250067027,14.0022624434389,-5.66659227958085));
#5657=CARTESIAN_POINT('',(-1.01400250067025,14.1022624434389,-5.66659227958072));
#5658=CARTESIAN_POINT('Origin',(-1.01400250067025,14.0022624434389,-5.66659227958072));
#5659=CARTESIAN_POINT('',(-0.91527495948641,14.0022624434383,-5.68249424838312));
#5660=CARTESIAN_POINT('Origin',(-1.01400250067027,14.0022624434389,-5.66659227958085));
#5661=CARTESIAN_POINT('Origin',(-1.01400250067026,14.0022624434382,-5.66659227958079));
#5662=CARTESIAN_POINT('Origin',(1.01400250067025,14.0022624434389,-5.66659227958072));
#5663=CARTESIAN_POINT('',(1.01400250067025,14.1022624434389,-5.66659227958072));
#5664=CARTESIAN_POINT('',(0.91527495948642,14.0022624434389,-5.68249424838318));
#5665=CARTESIAN_POINT('Origin',(1.01400250067025,14.0022624434389,-5.66659227958072));
#5666=CARTESIAN_POINT('Origin',(1.01400250067025,14.0022624434389,-5.66659227958072));
#5667=CARTESIAN_POINT('Origin',(1.01400250067026,14.0022624434383,-5.66659227958079));
#5668=CARTESIAN_POINT('Origin',(0.,14.0022624434389,0.));
#5669=CARTESIAN_POINT('',(2.2460754727328,14.1022624434389,-5.30034094235055));
#5670=CARTESIAN_POINT('Origin',(2.2460754727328,14.0022624434389,-5.30034094235055));
#5671=CARTESIAN_POINT('Origin',(0.,14.1022624434389,0.));
#5672=CARTESIAN_POINT('Ctrl Pts',(2.47886852899483,13.8187446052229,-5.32595859405355));
#5673=CARTESIAN_POINT('Ctrl Pts',(2.47509423152735,13.8698472231314,-5.32233482339988));
#5674=CARTESIAN_POINT('Ctrl Pts',(2.42959727887183,13.9700832167714,-5.33317518459637));
#5675=CARTESIAN_POINT('Ctrl Pts',(2.3330314018371,14.0117647058823,-5.37160915873216));
#5676=CARTESIAN_POINT('Ctrl Pts',(2.28491630538619,14.0117647058823,-5.39199843919204));
#5677=CARTESIAN_POINT('Ctrl Pts',(2.50614253225703,13.8198317940118,-5.31314994871713));
#5678=CARTESIAN_POINT('Ctrl Pts',(2.50137758637548,13.8785850889171,-5.30917108411879));
#5679=CARTESIAN_POINT('Ctrl Pts',(2.44873494329619,13.9930441868938,-5.32216484408734));
#5680=CARTESIAN_POINT('Ctrl Pts',(2.33864612774896,14.0399944877093,-5.36631252509556));
#5681=CARTESIAN_POINT('Ctrl Pts',(2.28387421988513,14.0397447641847,-5.3895393016814));
#5682=CARTESIAN_POINT('Ctrl Pts',(2.54263766894076,13.8192890858391,-5.26794721124762));
#5683=CARTESIAN_POINT('Ctrl Pts',(2.53660554924306,13.8912623771604,-5.2641258098845));
#5684=CARTESIAN_POINT('Ctrl Pts',(2.47229411707261,14.030509670071,-5.28199057427149));
#5685=CARTESIAN_POINT('Ctrl Pts',(2.33942289297579,14.0868352783772,-5.33667495086552));
#5686=CARTESIAN_POINT('Ctrl Pts',(2.27352218848932,14.0862204227233,-5.36511033813597));
#5687=CARTESIAN_POINT('Ctrl Pts',(2.53654895176981,13.8148908555967,-5.2124232637501));
#5688=CARTESIAN_POINT('Ctrl Pts',(2.53134649637612,13.8915840688412,-5.20910711492169));
#5689=CARTESIAN_POINT('Ctrl Pts',(2.46522074867244,14.0411025956207,-5.22932396672691));
#5690=CARTESIAN_POINT('Ctrl Pts',(2.3244669477117,14.1025367078953,-5.28881272722025));
#5691=CARTESIAN_POINT('Ctrl Pts',(2.25430050472335,14.1022624434389,-5.31975056341667));
#5692=CARTESIAN_POINT('Ctrl Pts',(2.52680193977178,13.8127322924497,-5.19213254318799));
#5693=CARTESIAN_POINT('Ctrl Pts',(2.52225373059316,13.8893862193125,-5.1888842839723));
#5694=CARTESIAN_POINT('Ctrl Pts',(2.45725910922565,14.0397402097724,-5.20918087334538));
#5695=CARTESIAN_POINT('Ctrl Pts',(2.31645767939925,14.1022624434389,-5.2691136619181));
#5696=CARTESIAN_POINT('Ctrl Pts',(2.2460754727328,14.1022624434389,-5.30034094235055));
#5697=CARTESIAN_POINT('',(2.52680193977178,13.8127322924497,-5.19213254318799));
#5698=CARTESIAN_POINT('Ctrl Pts',(2.2460754727328,14.1022624434389,-5.30034094235055));
#5699=CARTESIAN_POINT('Ctrl Pts',(2.31645767939925,14.1022624434389,-5.2691136619181));
#5700=CARTESIAN_POINT('Ctrl Pts',(2.45725910922565,14.0397402097724,-5.20918087334538));
#5701=CARTESIAN_POINT('Ctrl Pts',(2.52225373059316,13.8893862193125,-5.1888842839723));
#5702=CARTESIAN_POINT('Ctrl Pts',(2.52680193977178,13.8127322924497,-5.19213254318799));
#5703=CARTESIAN_POINT('Origin',(2.43686289981583,13.8092423427794,-5.23570764322348));
#5704=CARTESIAN_POINT('Ctrl Pts',(2.52680193977178,13.8127322924497,-5.19213254318799));
#5705=CARTESIAN_POINT('Ctrl Pts',(2.73305973001604,10.9983945906032,-5.39244718839508));
#5706=CARTESIAN_POINT('Ctrl Pts',(2.9381652464121,8.18380207301766,-5.59036313118513));
#5707=CARTESIAN_POINT('Ctrl Pts',(3.14249420566474,5.36904079149729,-5.78666274305379));
#5708=CARTESIAN_POINT('Ctrl Pts',(2.53979795576916,13.8156103766457,-5.2191868372708));
#5709=CARTESIAN_POINT('Ctrl Pts',(2.74589626932635,11.0012200916176,-5.41920059289939));
#5710=CARTESIAN_POINT('Ctrl Pts',(2.95090507517455,8.18658741739942,-5.61685818432437));
#5711=CARTESIAN_POINT('Ctrl Pts',(3.15511200569472,5.3717883203645,-5.81292594285333));
#5712=CARTESIAN_POINT('Ctrl Pts',(2.53934531263787,13.8197020867869,-5.2771397406907));
#5713=CARTESIAN_POINT('Ctrl Pts',(2.74577045782377,11.005248347146,-5.47639527411512));
#5714=CARTESIAN_POINT('Ctrl Pts',(2.95099502071621,8.19055893749597,-5.67339714647071));
#5715=CARTESIAN_POINT('Ctrl Pts',(3.15543607329498,5.3757143688808,-5.86888465236377));
#5716=CARTESIAN_POINT('Ctrl Pts',(2.49932403144148,13.8195599968146,-5.31635211005123));
#5717=CARTESIAN_POINT('Ctrl Pts',(2.70678918680043,11.0051748112648,-5.51566324266117));
#5718=CARTESIAN_POINT('Ctrl Pts',(2.91290857691966,8.19054366185821,-5.71270178739348));
#5719=CARTESIAN_POINT('Ctrl Pts',(3.11813455308052,5.37574798261613,-5.90819392746234));
#5720=CARTESIAN_POINT('Ctrl Pts',(2.47886852899484,13.8187446052229,-5.32595859405355));
#5721=CARTESIAN_POINT('Ctrl Pts',(2.68672769737887,11.0044069033764,-5.52552790754174));
#5722=CARTESIAN_POINT('Ctrl Pts',(2.89319495599347,8.18981438579085,-5.72276035996973));
#5723=CARTESIAN_POINT('Ctrl Pts',(3.09872953882866,5.37505310427048,-5.91842873987258));
#5724=CARTESIAN_POINT('',(3.14249420566474,5.36904079149729,-5.78666274305379));
#5725=CARTESIAN_POINT('Origin',(3.0525551657088,5.36555084182704,-5.83023784308928));
#5726=CARTESIAN_POINT('Ctrl Pts',(2.52680193977178,13.8127322924497,-5.19213254318799));
#5727=CARTESIAN_POINT('Ctrl Pts',(2.73305973001604,10.9983945906032,-5.39244718839508));
#5728=CARTESIAN_POINT('Ctrl Pts',(2.9381652464121,8.18380207301766,-5.59036313118513));
#5729=CARTESIAN_POINT('Ctrl Pts',(3.14249420566474,5.36904079149729,-5.78666274305379));
#5730=CARTESIAN_POINT('Ctrl Pts',(3.83895099961152,4.59942875496872,-5.55761424946929));
#5731=CARTESIAN_POINT('Ctrl Pts',(3.64104704395533,4.59942875496861,-5.69431743797612));
#5732=CARTESIAN_POINT('Ctrl Pts',(3.27200247568061,4.7895108359147,-5.89387502960256));
#5733=CARTESIAN_POINT('Ctrl Pts',(3.11164270813519,5.19820943891578,-5.93072204293996));
#5734=CARTESIAN_POINT('Ctrl Pts',(3.09872953882866,5.37505310427048,-5.91842873987258));
#5735=CARTESIAN_POINT('Ctrl Pts',(3.83733515152258,4.62921330070411,-5.55527500097018));
#5736=CARTESIAN_POINT('Ctrl Pts',(3.64659697737515,4.6283298044826,-5.68708734955736));
#5737=CARTESIAN_POINT('Ctrl Pts',(3.2908096685114,4.81155566693858,-5.88060955526398));
#5738=CARTESIAN_POINT('Ctrl Pts',(3.13701801043024,5.2056319258674,-5.91660728858704));
#5739=CARTESIAN_POINT('Ctrl Pts',(3.12460289116448,5.37597960873134,-5.90478232332559));
#5740=CARTESIAN_POINT('Ctrl Pts',(3.82033877564134,4.67841680326724,-5.530669503063));
#5741=CARTESIAN_POINT('Ctrl Pts',(3.64359563319768,4.67628300836607,-5.65489582802179));
#5742=CARTESIAN_POINT('Ctrl Pts',(3.31226480455349,4.84748214458472,-5.83754685885129));
#5743=CARTESIAN_POINT('Ctrl Pts',(3.16995356744652,5.21614126434911,-5.8710609458569));
#5744=CARTESIAN_POINT('Ctrl Pts',(3.15839859094136,5.37531025418908,-5.86000631318416));
#5745=CARTESIAN_POINT('Ctrl Pts',(3.78966892811765,4.69160630654356,-5.48626904532235));
#5746=CARTESIAN_POINT('Ctrl Pts',(3.62009762921262,4.69095277582534,-5.60824279411226));
#5747=CARTESIAN_POINT('Ctrl Pts',(3.30153524963718,4.85783716929483,-5.78530816451919));
#5748=CARTESIAN_POINT('Ctrl Pts',(3.16319578444586,5.21621130165134,-5.81715092083355));
#5749=CARTESIAN_POINT('Ctrl Pts',(3.15195755568723,5.3711014381477,-5.80636014290345));
#5750=CARTESIAN_POINT('Ctrl Pts',(3.77697297884747,4.6894740038375,-5.46788923568643));
#5751=CARTESIAN_POINT('Ctrl Pts',(3.60834185346547,4.68990570125392,-5.58986866336889));
#5752=CARTESIAN_POINT('Ctrl Pts',(3.29206822420363,4.8566647074392,-5.76588873883595));
#5753=CARTESIAN_POINT('Ctrl Pts',(3.15372680247963,5.21430255195258,-5.79745377520946));
#5754=CARTESIAN_POINT('Ctrl Pts',(3.14249420566474,5.36904079149729,-5.78666274305379));
#5755=CARTESIAN_POINT('',(3.77697297884731,4.6894740038375,-5.46788923568651));
#5756=CARTESIAN_POINT('Ctrl Pts',(3.14249420566474,5.36904079149729,-5.78666274305379));
#5757=CARTESIAN_POINT('Ctrl Pts',(3.15372680247963,5.21430255195258,-5.79745377520946));
#5758=CARTESIAN_POINT('Ctrl Pts',(3.29206822420363,4.8566647074392,-5.76588873883595));
#5759=CARTESIAN_POINT('Ctrl Pts',(3.60834185346547,4.68990570125392,-5.58986866336889));
#5760=CARTESIAN_POINT('Ctrl Pts',(3.77697297884747,4.6894740038375,-5.46788923568643));
#5761=CARTESIAN_POINT('Origin',(3.78237355327094,4.58992649252528,-5.47570759788326));
#5762=CARTESIAN_POINT('Origin',(0.,4.58992649252528,0.));
#5763=CARTESIAN_POINT('',(3.84633432648811,4.68947400383776,-5.41932189720977));
#5764=CARTESIAN_POINT('Origin',(3.85183407851198,4.58992649252528,-5.42707081450147));
#5765=CARTESIAN_POINT('Origin',(-2.77555756156289E-16,4.6894740038375,-5.55111512312578E-16));
#5766=CARTESIAN_POINT('Ctrl Pts',(4.50167589250785,5.37505310427048,-4.93607512732259));
#5767=CARTESIAN_POINT('Ctrl Pts',(4.51118970569328,5.13926162552412,-4.95786040996811));
#5768=CARTESIAN_POINT('Ctrl Pts',(4.38139792709429,4.7374724756209,-5.13228525060805));
#5769=CARTESIAN_POINT('Ctrl Pts',(4.0565600690319,4.59942875496889,-5.40383974931101));
#5770=CARTESIAN_POINT('Ctrl Pts',(3.90945052829454,4.59942875496872,-5.50824994804519));
#5771=CARTESIAN_POINT('Ctrl Pts',(4.48000324790425,5.37597960873134,-4.95572077624427));
#5772=CARTESIAN_POINT('Ctrl Pts',(4.48915739395893,5.14884943721551,-4.97666846594096));
#5773=CARTESIAN_POINT('Ctrl Pts',(4.36368393507742,4.76121828809719,-5.14374606691911));
#5774=CARTESIAN_POINT('Ctrl Pts',(4.04962950290598,4.62855067874916,-5.40531692714707));
#5775=CARTESIAN_POINT('Ctrl Pts',(3.90780500633668,4.62921330070411,-5.50593147741279));
#5776=CARTESIAN_POINT('Ctrl Pts',(4.42636886525983,5.37531017265558,-4.97216311264281));
#5777=CARTESIAN_POINT('Ctrl Pts',(4.43495009189836,5.16308492042698,-4.99168181737124));
#5778=CARTESIAN_POINT('Ctrl Pts',(4.31826784514173,4.80023730812286,-5.1463071062252));
#5779=CARTESIAN_POINT('Ctrl Pts',(4.0233843328153,4.67681560797771,-5.38884684742943));
#5780=CARTESIAN_POINT('Ctrl Pts',(3.89049616828169,4.67841595364392,-5.4815440588672));
#5781=CARTESIAN_POINT('Ctrl Pts',(4.37816080495922,5.3711014381477,-4.94776338438596));
#5782=CARTESIAN_POINT('Ctrl Pts',(4.38655588733039,5.16458132189445,-4.96676490373643));
#5783=CARTESIAN_POINT('Ctrl Pts',(4.27416448182066,4.81203599703241,-5.11720434423165));
#5784=CARTESIAN_POINT('Ctrl Pts',(3.98872436009041,4.69111615866115,-5.34931791583461));
#5785=CARTESIAN_POINT('Ctrl Pts',(3.8592634275848,4.69160630654356,-5.43753845217753));
#5786=CARTESIAN_POINT('Ctrl Pts',(4.36288796000286,5.3690407914973,-4.9321338366822));
#5787=CARTESIAN_POINT('Ctrl Pts',(4.37128592921591,5.16272320444843,-4.95112841557393));
#5788=CARTESIAN_POINT('Ctrl Pts',(4.25941096830718,4.81111340979755,-5.10151827085901));
#5789=CARTESIAN_POINT('Ctrl Pts',(3.97555809266637,4.68979777679698,-5.33176542296731));
#5790=CARTESIAN_POINT('Ctrl Pts',(3.84633432648752,4.6894740038375,-5.41932189720851));
#5791=CARTESIAN_POINT('',(4.36288796000286,5.3690407914973,-4.9321338366822));
#5792=CARTESIAN_POINT('Ctrl Pts',(3.84633432648752,4.6894740038375,-5.41932189720851));
#5793=CARTESIAN_POINT('Ctrl Pts',(3.97555809266637,4.68979777679698,-5.33176542296731));
#5794=CARTESIAN_POINT('Ctrl Pts',(4.25941096830718,4.81111340979755,-5.10151827085901));
#5795=CARTESIAN_POINT('Ctrl Pts',(4.37128592921591,5.16272320444843,-4.95112841557393));
#5796=CARTESIAN_POINT('Ctrl Pts',(4.36288796000286,5.3690407914973,-4.9321338366822));
#5797=CARTESIAN_POINT('Origin',(4.43459612329251,5.36555084182705,-4.86252234647459));
#5798=CARTESIAN_POINT('Ctrl Pts',(4.36288796000286,5.3690407914973,-4.93213383668219));
#5799=CARTESIAN_POINT('Ctrl Pts',(4.2483112831959,8.18380207301766,-4.67298900007354));
#5800=CARTESIAN_POINT('Ctrl Pts',(4.13248135033488,10.9983945906032,-4.41256162071419));
#5801=CARTESIAN_POINT('Ctrl Pts',(4.0147914753798,13.8127322924497,-4.15023105357808));
#5802=CARTESIAN_POINT('Ctrl Pts',(4.383251753278,5.3717883203645,-4.95297323362055));
#5803=CARTESIAN_POINT('Ctrl Pts',(4.2688512110589,8.18658741739943,-4.69402236502378));
#5804=CARTESIAN_POINT('Ctrl Pts',(4.15323097211375,11.0012200916176,-4.43377422522353));
#5805=CARTESIAN_POINT('Ctrl Pts',(4.03576929663591,13.8156103766457,-4.17169642745022));
#5806=CARTESIAN_POINT('Ctrl Pts',(4.43572486351114,5.37571430448533,-4.97241608098293));
#5807=CARTESIAN_POINT('Ctrl Pts',(4.32194965487223,8.19055887310051,-4.71344366770503));
#5808=CARTESIAN_POINT('Ctrl Pts',(4.20701935886757,11.0052482734139,-4.45321697149042));
#5809=CARTESIAN_POINT('Ctrl Pts',(4.09038196220038,13.8197020130548,-4.19109137971433));
#5810=CARTESIAN_POINT('Ctrl Pts',(4.48542140905515,5.37574798261613,-4.95080936401385));
#5811=CARTESIAN_POINT('Ctrl Pts',(4.37191030539149,8.1905436618582,-4.69109777885651));
#5812=CARTESIAN_POINT('Ctrl Pts',(4.25725162224692,11.0051748112648,-4.43001775765055));
#5813=CARTESIAN_POINT('Ctrl Pts',(4.14091768386383,13.8195599968146,-4.1668958599479));
#5814=CARTESIAN_POINT('Ctrl Pts',(4.50167589250785,5.37505310427048,-4.93607512732259));
#5815=CARTESIAN_POINT('Ctrl Pts',(4.38810472727168,8.18981438579084,-4.67601326917738));
#5816=CARTESIAN_POINT('Ctrl Pts',(4.273382808529,11.0044069033764,-4.41454003817545));
#5817=CARTESIAN_POINT('Ctrl Pts',(4.15694101987111,13.8187446052228,-4.15095958627964));
#5818=CARTESIAN_POINT('',(4.0147914753798,13.8127322924497,-4.15023105357808));
#5819=CARTESIAN_POINT('Origin',(4.08649963866946,13.8092423427794,-4.08061956337048));
#5820=CARTESIAN_POINT('Ctrl Pts',(4.36288796000286,5.3690407914973,-4.93213383668219));
#5821=CARTESIAN_POINT('Ctrl Pts',(4.2483112831959,8.18380207301766,-4.67298900007354));
#5822=CARTESIAN_POINT('Ctrl Pts',(4.13248135033488,10.9983945906032,-4.41256162071419));
#5823=CARTESIAN_POINT('Ctrl Pts',(4.0147914753798,13.8127322924497,-4.15023105357808));
#5824=CARTESIAN_POINT('Ctrl Pts',(4.28533374234706,14.0117647058823,-3.99129107026421));
#5825=CARTESIAN_POINT('Ctrl Pts',(4.24971775589292,14.011764705884,-4.02953092444449));
#5826=CARTESIAN_POINT('Ctrl Pts',(4.18057453612648,13.9700838324325,-4.10712751305207));
#5827=CARTESIAN_POINT('Ctrl Pts',(4.15482667521516,13.8698472200875,-4.14617350452753));
#5828=CARTESIAN_POINT('Ctrl Pts',(4.1569410198711,13.8187446052228,-4.15095958627964));
#5829=CARTESIAN_POINT('Ctrl Pts',(4.28337932320787,14.0397447641847,-3.98947075564412));
#5830=CARTESIAN_POINT('Ctrl Pts',(4.24282019928356,14.0399944876963,-4.03299548524059));
#5831=CARTESIAN_POINT('Ctrl Pts',(4.16368279484716,13.9930448830829,-4.12134521001328));
#5832=CARTESIAN_POINT('Ctrl Pts',(4.13346736975822,13.8785850854174,-4.16636951519489));
#5833=CARTESIAN_POINT('Ctrl Pts',(4.13557657186141,13.8198317940118,-4.17220795117065));
#5834=CARTESIAN_POINT('Ctrl Pts',(4.26396391606517,14.0862198985,-3.97138755703633));
#5835=CARTESIAN_POINT('Ctrl Pts',(4.21470402701835,14.0868347541195,-4.02358848440763));
#5836=CARTESIAN_POINT('Ctrl Pts',(4.11787361783273,14.0305102164938,-4.12974251093868));
#5837=CARTESIAN_POINT('Ctrl Pts',(4.07909007139338,13.8912622968143,-4.18406572613597));
#5838=CARTESIAN_POINT('Ctrl Pts',(4.08061790752079,13.8192890097801,-4.19104106033003));
#5839=CARTESIAN_POINT('Ctrl Pts',(4.22791416714643,14.1022624434389,-3.93781139947205));
#5840=CARTESIAN_POINT('Ctrl Pts',(4.17484377704314,14.1025367078814,-3.99316492170768));
#5841=CARTESIAN_POINT('Ctrl Pts',(4.07080257277371,14.0411035075619,-4.10508321413727));
#5842=CARTESIAN_POINT('Ctrl Pts',(4.02918802535742,13.8915840642729,-4.16030718569994));
#5843=CARTESIAN_POINT('Ctrl Pts',(4.03052484132188,13.8148908555967,-4.16633008398219));
#5844=CARTESIAN_POINT('Ctrl Pts',(4.21248821607866,14.1022624434389,-3.92344391622586));
#5845=CARTESIAN_POINT('Ctrl Pts',(4.15907204185912,14.1022624434414,-3.97890119423238));
#5846=CARTESIAN_POINT('Ctrl Pts',(4.05459729606161,14.0397411332642,-4.09071238251435));
#5847=CARTESIAN_POINT('Ctrl Pts',(4.01329468940872,13.8893862147466,-4.1448461652134));
#5848=CARTESIAN_POINT('Ctrl Pts',(4.0147914753798,13.8127322924497,-4.15023105357808));
#5849=CARTESIAN_POINT('',(4.21248821607516,14.1022624434389,-3.92344391622925));
#5850=CARTESIAN_POINT('Ctrl Pts',(4.0147914753798,13.8127322924497,-4.15023105357808));
#5851=CARTESIAN_POINT('Ctrl Pts',(4.01329468940872,13.8893862147466,-4.1448461652134));
#5852=CARTESIAN_POINT('Ctrl Pts',(4.05459729606161,14.0397411332642,-4.09071238251435));
#5853=CARTESIAN_POINT('Ctrl Pts',(4.15907204185912,14.1022624434414,-3.97890119423238));
#5854=CARTESIAN_POINT('Ctrl Pts',(4.21248821607866,14.1022624434389,-3.92344391622586));
#5855=CARTESIAN_POINT('Origin',(4.21248821607633,14.0022624434389,-3.92344391622812));
#5856=CARTESIAN_POINT('Origin',(0.,14.0022624434389,0.));
#5857=CARTESIAN_POINT('',(4.9454781845913,14.1022624434389,-2.94630525575693));
#5858=CARTESIAN_POINT('Origin',(4.9454781845913,14.0022624434389,-2.94630525575693));
#5859=CARTESIAN_POINT('Origin',(0.,14.1022624434389,0.));
#5860=CARTESIAN_POINT('Ctrl Pts',(5.14836085334516,13.8187446052229,-2.82931169250703));
#5861=CARTESIAN_POINT('Ctrl Pts',(5.14317432096914,13.8698472231068,-2.82862110072492));
#5862=CARTESIAN_POINT('Ctrl Pts',(5.11289356483826,13.9700832291218,-2.86426602687046));
#5863=CARTESIAN_POINT('Ctrl Pts',(5.05774490838174,14.0117647058823,-2.9523612444735));
#5864=CARTESIAN_POINT('Ctrl Pts',(5.03099912673711,14.0117647058823,-2.99725499042698));
#5865=CARTESIAN_POINT('Ctrl Pts',(5.16278195054284,13.8198317940118,-2.80285484830906));
#5866=CARTESIAN_POINT('Ctrl Pts',(5.15658654462349,13.8785850888888,-2.80246367289649));
#5867=CARTESIAN_POINT('Ctrl Pts',(5.12181651136397,13.9930441983982,-2.84407051181307));
#5868=CARTESIAN_POINT('Ctrl Pts',(5.05914092322285,14.0399944877092,-2.94476976125489));
#5869=CARTESIAN_POINT('Ctrl Pts',(5.0287046307709,14.0397447641847,-2.99588802746158));
#5870=CARTESIAN_POINT('Ctrl Pts',(5.1654839940475,13.8192890430773,-2.74482159923296));
#5871=CARTESIAN_POINT('Ctrl Pts',(5.15835979217216,13.8912623343639,-2.74530670130004));
#5872=CARTESIAN_POINT('Ctrl Pts',(5.11705992638072,14.0305095199153,-2.79774145093516));
#5873=CARTESIAN_POINT('Ctrl Pts',(5.04224216394089,14.0868349836485,-2.92040927520255));
#5874=CARTESIAN_POINT('Ctrl Pts',(5.00591101525584,14.0862201279949,-2.98230856220401));
#5875=CARTESIAN_POINT('Ctrl Pts',(5.12774238282533,13.8148908555967,-2.70364474748155));
#5876=CARTESIAN_POINT('Ctrl Pts',(5.12158601994947,13.8915840688042,-2.70404671922121));
#5877=CARTESIAN_POINT('Ctrl Pts',(5.08021369479325,14.0411026124609,-2.75945126691144));
#5878=CARTESIAN_POINT('Ctrl Pts',(5.00187982175519,14.1025367078951,-2.89065475339583));
#5879=CARTESIAN_POINT('Ctrl Pts',(4.96358831346749,14.1022624434389,-2.95709449916247));
#5880=CARTESIAN_POINT('Ctrl Pts',(5.10788385875116,13.8127322924497,-2.69304490760469));
#5881=CARTESIAN_POINT('Ctrl Pts',(5.10229525298806,13.8893862192756,-2.69311476645699));
#5882=CARTESIAN_POINT('Ctrl Pts',(5.06188226896391,14.0397402282981,-2.74791477096155));
#5883=CARTESIAN_POINT('Ctrl Pts',(4.98377254316357,14.1022624434389,-2.87950450610345));
#5884=CARTESIAN_POINT('Ctrl Pts',(4.9454781845913,14.1022624434389,-2.94630525575693));
#5885=CARTESIAN_POINT('',(5.10788385875116,13.8127322924497,-2.69304490760469));
#5886=CARTESIAN_POINT('Ctrl Pts',(4.9454781845913,14.1022624434389,-2.94630525575693));
#5887=CARTESIAN_POINT('Ctrl Pts',(4.98377254316357,14.1022624434389,-2.87950450610345));
#5888=CARTESIAN_POINT('Ctrl Pts',(5.06188226896391,14.0397402282981,-2.74791477096155));
#5889=CARTESIAN_POINT('Ctrl Pts',(5.10229525298806,13.8893862192756,-2.69311476645699));
#5890=CARTESIAN_POINT('Ctrl Pts',(5.10788385875116,13.8127322924497,-2.69304490760469));
#5891=CARTESIAN_POINT('Origin',(5.06111938234508,13.8092423427794,-2.78136763399923));
#5892=CARTESIAN_POINT('Ctrl Pts',(5.10788385875116,13.8127322924497,-2.69304490760469));
#5893=CARTESIAN_POINT('Ctrl Pts',(5.39266732320126,10.9983945906032,-2.73262535096612));
#5894=CARTESIAN_POINT('Ctrl Pts',(5.67510316674109,8.18380207301766,-2.77095272435008));
#5895=CARTESIAN_POINT('Ctrl Pts',(5.95595700789394,5.36904079149729,-2.80843580211519));
#5896=CARTESIAN_POINT('Ctrl Pts',(5.13436189085006,13.8156103766457,-2.7071780274405));
#5897=CARTESIAN_POINT('Ctrl Pts',(5.4188388272755,11.0012200916176,-2.74661012012862));
#5898=CARTESIAN_POINT('Ctrl Pts',(5.701043913461,8.18658741739942,-2.78478633332827));
#5899=CARTESIAN_POINT('Ctrl Pts',(5.98166224808421,5.3717883203645,-2.82215459098548));
#5900=CARTESIAN_POINT('Ctrl Pts',(5.16826471828179,13.8197020620186,-2.75418153726406));
#5901=CARTESIAN_POINT('Ctrl Pts',(5.45255688220578,11.0052483223777,-2.79280890705135));
#5902=CARTESIAN_POINT('Ctrl Pts',(5.73454825968181,8.1905589158641,-2.83032874034192));
#5903=CARTESIAN_POINT('Ctrl Pts',(6.01501229179382,5.37571434724892,-2.86709061775966));
#5904=CARTESIAN_POINT('Ctrl Pts',(5.15917667624342,13.8195599968146,-2.80946905935855));
#5905=CARTESIAN_POINT('Ctrl Pts',(5.44434042709468,11.0051748112648,-2.84752629875928));
#5906=CARTESIAN_POINT('Ctrl Pts',(5.72707508969098,8.1905436618582,-2.88454658589905));
#5907=CARTESIAN_POINT('Ctrl Pts',(6.00817485942339,5.37574798261613,-2.92084806763553));
#5908=CARTESIAN_POINT('Ctrl Pts',(5.14836085334516,13.8187446052229,-2.82931169250703));
#5909=CARTESIAN_POINT('Ctrl Pts',(5.43399501871886,11.0044069033764,-2.86734415678063));
#5910=CARTESIAN_POINT('Ctrl Pts',(5.71712487747758,8.18981438579084,-2.90431512173764));
#5911=CARTESIAN_POINT('Ctrl Pts',(5.99857773371162,5.37505310427048,-2.94057624903322));
#5912=CARTESIAN_POINT('',(5.95595700789394,5.3690407914973,-2.80843580211519));
#5913=CARTESIAN_POINT('Origin',(5.90919253148786,5.36555084182704,-2.89675852850973));
#5914=CARTESIAN_POINT('Ctrl Pts',(5.10788385875116,13.8127322924497,-2.69304490760469));
#5915=CARTESIAN_POINT('Ctrl Pts',(5.39266732320126,10.9983945906032,-2.73262535096612));
#5916=CARTESIAN_POINT('Ctrl Pts',(5.67510316674109,8.18380207301766,-2.77095272435008));
#5917=CARTESIAN_POINT('Ctrl Pts',(5.95595700789394,5.36904079149729,-2.80843580211519));
#5918=CARTESIAN_POINT('Ctrl Pts',(6.38217224727808,4.59942875496872,-2.21189925841927));
#5919=CARTESIAN_POINT('Ctrl Pts',(6.32309875012111,4.59942875496863,-2.38234880880901));
#5920=CARTESIAN_POINT('Ctrl Pts',(6.1532929225943,4.73747092074067,-2.77019640069475));
#5921=CARTESIAN_POINT('Ctrl Pts',(6.02215493961193,5.13926155046423,-2.94361383080043));
#5922=CARTESIAN_POINT('Ctrl Pts',(5.99857773371162,5.37505310427048,-2.94057624903322));
#5923=CARTESIAN_POINT('Ctrl Pts',(6.379485935098,4.62921330070411,-2.21096825065441));
#5924=CARTESIAN_POINT('Ctrl Pts',(6.32257754169103,4.62855067853798,-2.37528176063835));
#5925=CARTESIAN_POINT('Ctrl Pts',(6.15933895164568,4.76121678626705,-2.74998308049793));
#5926=CARTESIAN_POINT('Ctrl Pts',(6.03404633065248,5.14884936491277,-2.91719867333405));
#5927=CARTESIAN_POINT('Ctrl Pts',(6.01137390132732,5.37597960873134,-2.91427200716963));
#5928=CARTESIAN_POINT('Ctrl Pts',(6.35122994507846,4.67841697963646,-2.20117544015848));
#5929=CARTESIAN_POINT('Ctrl Pts',(6.29942194830139,4.67681663346058,-2.35469412131852));
#5930=CARTESIAN_POINT('Ctrl Pts',(6.14908966094167,4.80023660362116,-2.70566480627011));
#5931=CARTESIAN_POINT('Ctrl Pts',(6.03329216670701,5.1630849513276,-2.86095534137365));
#5932=CARTESIAN_POINT('Ctrl Pts',(6.01215195415563,5.37531027111423,-2.85817883500435));
#5933=CARTESIAN_POINT('Ctrl Pts',(6.30024187905817,4.69160630654356,-2.18350426786028));
#5934=CARTESIAN_POINT('Ctrl Pts',(6.25177267565764,4.69111615850489,-2.3324799303868));
#5935=CARTESIAN_POINT('Ctrl Pts',(6.10880733015255,4.81203462926823,-2.67146724901432));
#5936=CARTESIAN_POINT('Ctrl Pts',(5.99582753809976,5.16458125615254,-2.82146741582401));
#5937=CARTESIAN_POINT('Ctrl Pts',(5.97523593803665,5.3711014381477,-2.81872489376791));
#5938=CARTESIAN_POINT('Ctrl Pts',(6.27913514050038,4.6894740038375,-2.17618920685052));
#5939=CARTESIAN_POINT('Ctrl Pts',(6.23123710398636,4.68979777689982,-2.32475135390475));
#5940=CARTESIAN_POINT('Ctrl Pts',(6.08961945561189,4.81111204794729,-2.66169256366408));
#5941=CARTESIAN_POINT('Ctrl Pts',(5.97654275259091,5.16272313877099,-2.81118303782665));
#5942=CARTESIAN_POINT('Ctrl Pts',(5.95595700789394,5.3690407914973,-2.80843580211519));
#5943=CARTESIAN_POINT('',(6.2791351405003,4.6894740038375,-2.17618920685068));
#5944=CARTESIAN_POINT('Ctrl Pts',(5.95595700789394,5.3690407914973,-2.80843580211519));
#5945=CARTESIAN_POINT('Ctrl Pts',(5.97654275259091,5.16272313877099,-2.81118303782665));
#5946=CARTESIAN_POINT('Ctrl Pts',(6.08961945561189,4.81111204794729,-2.66169256366408));
#5947=CARTESIAN_POINT('Ctrl Pts',(6.23123710398636,4.68979777689982,-2.32475135390475));
#5948=CARTESIAN_POINT('Ctrl Pts',(6.27913514050038,4.6894740038375,-2.17618920685052));
#5949=CARTESIAN_POINT('Origin',(6.28811347760552,4.58992649252528,-2.17930087109506));
#5950=CARTESIAN_POINT('Origin',(0.,4.58992649252528,0.));
#5951=CARTESIAN_POINT('',(6.30635288921255,4.68947400383763,-2.09600830470897));
#5952=CARTESIAN_POINT('Origin',(6.31537014411665,4.58992649252528,-2.09900532081268));
#5953=CARTESIAN_POINT('Origin',(0.,4.6894740038375,6.93889390390723E-16));
#5954=CARTESIAN_POINT('Ctrl Pts',(6.5491010815073,5.37505310427049,-1.3187867636426));
#5955=CARTESIAN_POINT('Ctrl Pts',(6.56451673985483,5.19820949521066,-1.32774402422709));
#5956=CARTESIAN_POINT('Ctrl Pts',(6.57401536040057,4.78951251452091,-1.4920063870783));
#5957=CARTESIAN_POINT('Ctrl Pts',(6.48569920735747,4.59942875496883,-1.902151522772));
#5958=CARTESIAN_POINT('Ctrl Pts',(6.40983662407098,4.59942875496872,-2.13040263237742));
#5959=CARTESIAN_POINT('Ctrl Pts',(6.54323995596228,5.37597960873135,-1.34744513507248));
#5960=CARTESIAN_POINT('Ctrl Pts',(6.55806661800307,5.20563198009441,-1.35605529740481));
#5961=CARTESIAN_POINT('Ctrl Pts',(6.56654262771747,4.81155729238202,-1.51377436507018));
#5962=CARTESIAN_POINT('Ctrl Pts',(6.48031099527704,4.62832980476406,-1.90950292143152));
#5963=CARTESIAN_POINT('Ctrl Pts',(6.40713866771248,4.62921330070411,-2.12950592725603));
#5964=CARTESIAN_POINT('Ctrl Pts',(6.50971111354552,5.37531049124172,-1.39242270841951));
#5965=CARTESIAN_POINT('Ctrl Pts',(6.52355752530811,5.21614155207022,-1.4004226524228));
#5966=CARTESIAN_POINT('Ctrl Pts',(6.53120548823331,4.84748469086964,-1.54642442960752));
#5967=CARTESIAN_POINT('Ctrl Pts',(6.44856727003898,4.67628547926236,-1.91563013076221));
#5968=CARTESIAN_POINT('Ctrl Pts',(6.37876168635948,4.67841927348407,-2.1200744238779));
#5969=CARTESIAN_POINT('Ctrl Pts',(6.45640438478221,5.3711014381477,-1.40124835847063));
#5970=CARTESIAN_POINT('Ctrl Pts',(6.4699088477368,5.21621135095771,-1.40901804313177));
#5971=CARTESIAN_POINT('Ctrl Pts',(6.47804986112773,4.85783864814383,-1.55073973940878));
#5972=CARTESIAN_POINT('Ctrl Pts',(6.39720100595537,4.69095277603357,-1.90612521295342));
#5973=CARTESIAN_POINT('Ctrl Pts',(6.32755111774303,4.69160630654356,-2.10305384494827));
#5974=CARTESIAN_POINT('Ctrl Pts',(6.43484577901854,5.3690407914973,-1.39767497463844));
#5975=CARTESIAN_POINT('Ctrl Pts',(6.44834891006151,5.2143026012106,-1.40543918121486));
#5976=CARTESIAN_POINT('Ctrl Pts',(6.45675709414724,4.85666617757603,-1.54708504416189));
#5977=CARTESIAN_POINT('Ctrl Pts',(6.37627131718875,4.6899057011167,-1.89998069676196));
#5978=CARTESIAN_POINT('Ctrl Pts',(6.30635288921196,4.6894740038375,-2.09600830470865));
#5979=CARTESIAN_POINT('',(6.43484577901854,5.3690407914973,-1.39767497463844));
#5980=CARTESIAN_POINT('Ctrl Pts',(6.30635288921196,4.6894740038375,-2.09600830470865));
#5981=CARTESIAN_POINT('Ctrl Pts',(6.37627131718875,4.6899057011167,-1.89998069676196));
#5982=CARTESIAN_POINT('Ctrl Pts',(6.45675709414724,4.85666617757603,-1.54708504416189));
#5983=CARTESIAN_POINT('Ctrl Pts',(6.44834891006151,5.2143026012106,-1.40543918121486));
#5984=CARTESIAN_POINT('Ctrl Pts',(6.43484577901854,5.3690407914973,-1.39767497463844));
#5985=CARTESIAN_POINT('Origin',(6.4515124945887,5.36555084182705,-1.29913543514589));
#5986=CARTESIAN_POINT('Ctrl Pts',(6.43484577901854,5.3690407914973,-1.39767497463844));
#5987=CARTESIAN_POINT('Ctrl Pts',(6.18921119402238,8.18380207301766,-1.256439313905));
#5988=CARTESIAN_POINT('Ctrl Pts',(5.94180754754071,10.9983945906032,-1.11491041588716));
#5989=CARTESIAN_POINT('Ctrl Pts',(5.69177858749801,13.8127322924497,-0.972946504061457));
#5990=CARTESIAN_POINT('Ctrl Pts',(6.46359058670343,5.3717883203645,-1.40243948641469));
#5991=CARTESIAN_POINT('Ctrl Pts',(6.21821273965217,8.18658741739943,-1.26125610005663));
#5992=CARTESIAN_POINT('Ctrl Pts',(5.97108418577817,11.0012200916176,-1.11974775477843));
#5993=CARTESIAN_POINT('Ctrl Pts',(5.7213887209356,13.8156103766457,-0.977852750888846));
#5994=CARTESIAN_POINT('Ctrl Pts',(6.51740542589558,5.37571451776431,-1.38709295668019));
#5995=CARTESIAN_POINT('Ctrl Pts',(6.27251913615811,8.19055908637948,-1.24552242995087));
#5996=CARTESIAN_POINT('Ctrl Pts',(6.0259598859272,11.0052485176159,-1.10362357379757));
#5997=CARTESIAN_POINT('Ctrl Pts',(5.77690089522892,13.8197022572568,-0.961202622678632));
#5998=CARTESIAN_POINT('Ctrl Pts',(6.54470523734854,5.37574798261613,-1.34028054221501));
#5999=CARTESIAN_POINT('Ctrl Pts',(6.2995948541792,8.19054366185821,-1.19795774649184));
#6000=CARTESIAN_POINT('Ctrl Pts',(6.05274984229079,11.0051748112648,-1.0552099577203));
#6001=CARTESIAN_POINT('Ctrl Pts',(5.80334644858125,13.8195599968146,-0.91180610325143));
#6002=CARTESIAN_POINT('Ctrl Pts',(6.5491010815073,5.37505310427049,-1.3187867636426));
#6003=CARTESIAN_POINT('Ctrl Pts',(6.3037351422096,8.18981438579085,-1.17621700714566));
#6004=CARTESIAN_POINT('Ctrl Pts',(6.05660662556812,11.0044069033764,-1.0331895082751));
#6005=CARTESIAN_POINT('Ctrl Pts',(5.80684510906767,13.8187446052228,-0.889479628159463));
#6006=CARTESIAN_POINT('',(5.69177858749801,13.8127322924497,-0.972946504061457));
#6007=CARTESIAN_POINT('Origin',(5.70844530306816,13.8092423427794,-0.874406964568913));
#6008=CARTESIAN_POINT('Ctrl Pts',(6.43484577901854,5.3690407914973,-1.39767497463844));
#6009=CARTESIAN_POINT('Ctrl Pts',(6.18921119402238,8.18380207301766,-1.256439313905));
#6010=CARTESIAN_POINT('Ctrl Pts',(5.94180754754071,10.9983945906032,-1.11491041588716));
#6011=CARTESIAN_POINT('Ctrl Pts',(5.69177858749801,13.8127322924497,-0.972946504061457));
#6012=CARTESIAN_POINT('Ctrl Pts',(5.81597319327628,14.0117647058824,-0.684795959363636));
#6013=CARTESIAN_POINT('Ctrl Pts',(5.80986246791995,14.0117647058851,-0.736694359721367));
#6014=CARTESIAN_POINT('Ctrl Pts',(5.7999859119941,13.9700837888223,-0.840156719593599));
#6015=CARTESIAN_POINT('Ctrl Pts',(5.8023099509227,13.8698472199494,-0.886870150756973));
#6016=CARTESIAN_POINT('Ctrl Pts',(5.80684510906767,13.8187446052228,-0.889479628159463));
#6017=CARTESIAN_POINT('Ctrl Pts',(5.81332069290915,14.0397447641847,-0.68448364335358));
#6018=CARTESIAN_POINT('Ctrl Pts',(5.80634859883816,14.0399944876968,-0.743566927834797));
#6019=CARTESIAN_POINT('Ctrl Pts',(5.79477071668625,13.9930448425027,-0.8616107532454));
#6020=CARTESIAN_POINT('Ctrl Pts',(5.79702695025378,13.8785850852587,-0.915787077988721));
#6021=CARTESIAN_POINT('Ctrl Pts',(5.8021802284191,13.8198317940118,-0.919248261615419));
#6022=CARTESIAN_POINT('Ctrl Pts',(5.78697170619373,14.0862215210309,-0.681381208206182));
#6023=CARTESIAN_POINT('Ctrl Pts',(5.77811324649715,14.0868363766502,-0.75260621190072));
#6024=CARTESIAN_POINT('Ctrl Pts',(5.76279485555992,14.0305110804682,-0.895471326670514));
#6025=CARTESIAN_POINT('Ctrl Pts',(5.7636399603593,13.8912625320311,-0.962214204519173));
#6026=CARTESIAN_POINT('Ctrl Pts',(5.76899665795548,13.8192892451914,-0.966936000886914));
#6027=CARTESIAN_POINT('Ctrl Pts',(5.73804444134601,14.1022624434389,-0.675620316234472));
#6028=CARTESIAN_POINT('Ctrl Pts',(5.72797718339682,14.1025367078821,-0.751640899073635));
#6029=CARTESIAN_POINT('Ctrl Pts',(5.71025209400813,14.041103448132,-0.903417311204586));
#6030=CARTESIAN_POINT('Ctrl Pts',(5.7093467217019,13.8915840640656,-0.972559527549094));
#6031=CARTESIAN_POINT('Ctrl Pts',(5.7139861875762,13.8148908555967,-0.976626189181999));
#6032=CARTESIAN_POINT('Ctrl Pts',(5.71710863487555,14.1022624434389,-0.673155250595211));
#6033=CARTESIAN_POINT('Ctrl Pts',(5.70682387298055,14.102262443443,-0.749463972199391));
#6034=CARTESIAN_POINT('Ctrl Pts',(5.68868582496353,14.0397410678488,-0.90141036295444));
#6035=CARTESIAN_POINT('Ctrl Pts',(5.68738737609435,13.8893862145394,-0.969488953890752));
#6036=CARTESIAN_POINT('Ctrl Pts',(5.691778587498,13.8127322924497,-0.972946504061458));
#6037=CARTESIAN_POINT('',(5.71710863487423,14.1022624434389,-0.673155250603001));
#6038=CARTESIAN_POINT('Ctrl Pts',(5.691778587498,13.8127322924497,-0.972946504061458));
#6039=CARTESIAN_POINT('Ctrl Pts',(5.68738737609435,13.8893862145394,-0.969488953890752));
#6040=CARTESIAN_POINT('Ctrl Pts',(5.68868582496353,14.0397410678488,-0.90141036295444));
#6041=CARTESIAN_POINT('Ctrl Pts',(5.70682387298055,14.102262443443,-0.749463972199391));
#6042=CARTESIAN_POINT('Ctrl Pts',(5.71710863487555,14.1022624434389,-0.673155250595211));
#6043=CARTESIAN_POINT('Origin',(5.71710863487467,14.0022624434389,-0.673155250600404));
#6044=CARTESIAN_POINT('Origin',(0.,14.0022624434389,0.));
#6045=CARTESIAN_POINT('',(5.7304329222396,14.1022624434389,0.548276990290355));
#6046=CARTESIAN_POINT('Origin',(5.7304329222396,14.0022624434389,0.548276990290355));
#6047=CARTESIAN_POINT('Origin',(0.,14.1022624434389,0.));
#6048=CARTESIAN_POINT('Ctrl Pts',(5.82486713300944,13.8187446052229,0.762592297627173));
#6049=CARTESIAN_POINT('Ctrl Pts',(5.82027612835782,13.8698472233102,0.760082374998119));
#6050=CARTESIAN_POINT('Ctrl Pts',(5.81693357310907,13.9700831864238,0.713431366721355));
#6051=CARTESIAN_POINT('Ctrl Pts',(5.82455078041787,14.0117647058823,0.609777568040885));
#6052=CARTESIAN_POINT('Ctrl Pts',(5.82952789427693,14.0117647058823,0.557758209904789));
#6053=CARTESIAN_POINT('Ctrl Pts',(5.82085276179261,13.8198317940118,0.792455610789546));
#6054=CARTESIAN_POINT('Ctrl Pts',(5.81562520430125,13.8785850891226,0.789107668781369));
#6055=CARTESIAN_POINT('Ctrl Pts',(5.81218762924669,13.9930441587792,0.734994153908925));
#6056=CARTESIAN_POINT('Ctrl Pts',(5.8211876717786,14.0399944877102,0.6167251557944));
#6057=CARTESIAN_POINT('Ctrl Pts',(5.82686921199507,14.0397447641847,0.557503832209522));
#6058=CARTESIAN_POINT('Ctrl Pts',(5.78871748625718,13.8192892612833,0.840856052037031));
#6059=CARTESIAN_POINT('Ctrl Pts',(5.78325905760607,13.8912625528564,0.83625223476841));
#6060=CARTESIAN_POINT('Ctrl Pts',(5.78095811354395,14.0305103170681,0.769544451203367));
#6061=CARTESIAN_POINT('Ctrl Pts',(5.79315631403157,14.0868364875975,0.626378248609961));
#6062=CARTESIAN_POINT('Ctrl Pts',(5.80045890086753,14.0862216319415,0.554976943561818));
#6063=CARTESIAN_POINT('Ctrl Pts',(5.73393140163653,13.8148908555967,0.851743826824876));
#6064=CARTESIAN_POINT('Ctrl Pts',(5.7292043257626,13.8915840691095,0.847779342101255));
#6065=CARTESIAN_POINT('Ctrl Pts',(5.72860109248381,14.0411025543284,0.778634724744676));
#6066=CARTESIAN_POINT('Ctrl Pts',(5.74301103918641,14.1025367078962,0.626506870186141));
#6067=CARTESIAN_POINT('Ctrl Pts',(5.75141752167863,14.1022624434389,0.550284757099426));
#6068=CARTESIAN_POINT('Ctrl Pts',(5.71164881445791,13.8127322924497,0.848549473612347));
#6069=CARTESIAN_POINT('Ctrl Pts',(5.70718322169049,13.8893862195807,0.845188539795849));
#6070=CARTESIAN_POINT('Ctrl Pts',(5.7069961718821,14.0397401642511,0.777098715603324));
#6071=CARTESIAN_POINT('Ctrl Pts',(5.72181527326177,14.1022624434389,0.624791918415666));
#6072=CARTESIAN_POINT('Ctrl Pts',(5.7304329222396,14.1022624434389,0.548276990290355));
#6073=CARTESIAN_POINT('',(5.71164881445791,13.8127322924497,0.848549473612347));
#6074=CARTESIAN_POINT('Ctrl Pts',(5.7304329222396,14.1022624434389,0.548276990290355));
#6075=CARTESIAN_POINT('Ctrl Pts',(5.72181527326177,14.1022624434389,0.624791918415666));
#6076=CARTESIAN_POINT('Ctrl Pts',(5.7069961718821,14.0397401642511,0.777098715603324));
#6077=CARTESIAN_POINT('Ctrl Pts',(5.70718322169049,13.8893862195807,0.845188539795849));
#6078=CARTESIAN_POINT('Ctrl Pts',(5.71164881445791,13.8127322924497,0.848549473612347));
#6079=CARTESIAN_POINT('Origin',(5.7261619350757,13.8092423427794,0.749669801377693));
#6080=CARTESIAN_POINT('Ctrl Pts',(5.71164881445791,13.8127322924497,0.848549473612347));
#6081=CARTESIAN_POINT('Ctrl Pts',(5.96471520079441,10.9983945906032,0.985025248852759));
#6082=CARTESIAN_POINT('Ctrl Pts',(6.21514740854721,8.18380207301766,1.12112338472033));
#6083=CARTESIAN_POINT('Ctrl Pts',(6.4638045788656,5.3690407914973,1.25696694495897));
#6084=CARTESIAN_POINT('Ctrl Pts',(5.74135893069608,13.8156103766457,0.852808611229052));
#6085=CARTESIAN_POINT('Ctrl Pts',(5.99409039797657,11.0012200916176,0.989222770091022));
#6086=CARTESIAN_POINT('Ctrl Pts',(6.24424713023064,8.18658741739943,1.12530635922356));
#6087=CARTESIAN_POINT('Ctrl Pts',(6.49264648334131,5.3717883203645,1.26110325823545));
#6088=CARTESIAN_POINT('Ctrl Pts',(5.79649479523955,13.8197022746396,0.834951587173708));
#6089=CARTESIAN_POINT('Ctrl Pts',(6.04860141331771,11.0052485349987,0.97190545271412));
#6090=CARTESIAN_POINT('Ctrl Pts',(6.298197480224,8.19055910156109,1.10839186761882));
#6091=CARTESIAN_POINT('Ctrl Pts',(6.5461138384209,5.37571453294592,1.24458653813933));
#6092=CARTESIAN_POINT('Ctrl Pts',(5.82185635459682,13.8195599968146,0.784989782498953));
#6093=CARTESIAN_POINT('Ctrl Pts',(6.07432873565123,11.0051748112648,0.922918804372817));
#6094=CARTESIAN_POINT('Ctrl Pts',(6.32422903171234,8.19054366185821,1.06024772748053));
#6095=CARTESIAN_POINT('Ctrl Pts',(6.57238584067455,5.37574798261613,1.19718959940279));
#6096=CARTESIAN_POINT('Ctrl Pts',(5.82486713300944,13.8187446052228,0.762592297627173));
#6097=CARTESIAN_POINT('Ctrl Pts',(6.07770422754553,11.0044069033764,0.900819459914475));
#6098=CARTESIAN_POINT('Ctrl Pts',(6.3278940627369,8.18981438579085,1.03842184193418));
#6099=CARTESIAN_POINT('Ctrl Pts',(6.57631175443293,5.37505310427049,1.17560504093268));
#6100=CARTESIAN_POINT('',(6.4638045788656,5.3690407914973,1.25696694495897));
#6101=CARTESIAN_POINT('Origin',(6.47831769948339,5.36555084182705,1.15808727272431));
#6102=CARTESIAN_POINT('Ctrl Pts',(5.71164881445791,13.8127322924497,0.848549473612347));
#6103=CARTESIAN_POINT('Ctrl Pts',(5.96471520079441,10.9983945906032,0.985025248852759));
#6104=CARTESIAN_POINT('Ctrl Pts',(6.21514740854721,8.18380207301766,1.12112338472033));
#6105=CARTESIAN_POINT('Ctrl Pts',(6.4638045788656,5.3690407914973,1.25696694495897));
#6106=CARTESIAN_POINT('Ctrl Pts',(6.45478574503465,4.59942875496872,1.99006580519836));
#6107=CARTESIAN_POINT('Ctrl Pts',(6.50793470570189,4.59942875496863,1.81767695615523));
#6108=CARTESIAN_POINT('Ctrl Pts',(6.60033358894352,4.7374712794852,1.40449176269855));
#6109=CARTESIAN_POINT('Ctrl Pts',(6.59712161632159,5.13926155046423,1.1870968288368));
#6110=CARTESIAN_POINT('Ctrl Pts',(6.57631175443293,5.37505310427048,1.17560504093268));
#6111=CARTESIAN_POINT('Ctrl Pts',(6.45206886919758,4.62921330070411,1.98922816907626));
#6112=CARTESIAN_POINT('Ctrl Pts',(6.50333556620699,4.62855067853798,1.82306794344705));
#6113=CARTESIAN_POINT('Ctrl Pts',(6.59325702209793,4.76121713900591,1.42436776527331));
#6114=CARTESIAN_POINT('Ctrl Pts',(6.59109182699056,5.14884936491278,1.21543068430118));
#6115=CARTESIAN_POINT('Ctrl Pts',(6.57107720275509,5.37597960873134,1.20438445222616));
#6116=CARTESIAN_POINT('Ctrl Pts',(6.42349306449442,4.67841953503527,1.9804180034035));
#6117=CARTESIAN_POINT('Ctrl Pts',(6.47248986240963,4.67681918885939,1.82597912297107));
#6118=CARTESIAN_POINT('Ctrl Pts',(6.55878733276101,4.80023868709288,1.45404867728861));
#6119=CARTESIAN_POINT('Ctrl Pts',(6.55722785284324,5.16308519655467,1.26034431293066));
#6120=CARTESIAN_POINT('Ctrl Pts',(6.5385376674932,5.37531051634129,1.25008299986081));
#6121=CARTESIAN_POINT('Ctrl Pts',(6.37192320977533,4.69160630654356,1.96451857490046));
#6122=CARTESIAN_POINT('Ctrl Pts',(6.42092622884311,4.69111615850489,1.81571764806958));
#6123=CARTESIAN_POINT('Ctrl Pts',(6.50607893280899,4.81203495328663,1.45780658501247));
#6124=CARTESIAN_POINT('Ctrl Pts',(6.50366367173914,5.16458125615255,1.27003349959466));
#6125=CARTESIAN_POINT('Ctrl Pts',(6.48543600722238,5.3711014381477,1.26006917991633));
#6126=CARTESIAN_POINT('Ctrl Pts',(6.35057632819828,4.6894740038375,1.95793714822696));
#6127=CARTESIAN_POINT('Ctrl Pts',(6.3997954460313,4.68979777689982,1.8098074352083));
#6128=CARTESIAN_POINT('Ctrl Pts',(6.48482510952878,4.81111236094145,1.45434332854697));
#6129=CARTESIAN_POINT('Ctrl Pts',(6.48203030858381,5.162723138771,1.26692400100088));
#6130=CARTESIAN_POINT('Ctrl Pts',(6.4638045788656,5.3690407914973,1.25696694495897));
#6131=CARTESIAN_POINT('',(6.35057632819831,4.6894740038375,1.95793714822679));
#6132=CARTESIAN_POINT('Ctrl Pts',(6.4638045788656,5.3690407914973,1.25696694495897));
#6133=CARTESIAN_POINT('Ctrl Pts',(6.48203030858381,5.162723138771,1.26692400100088));
#6134=CARTESIAN_POINT('Ctrl Pts',(6.48482510952878,4.81111236094145,1.45434332854697));
#6135=CARTESIAN_POINT('Ctrl Pts',(6.3997954460313,4.68979777689982,1.8098074352083));
#6136=CARTESIAN_POINT('Ctrl Pts',(6.35057632819828,4.6894740038375,1.95793714822696));
#6137=CARTESIAN_POINT('Origin',(6.35965681680227,4.58992649252528,1.96073674074319));
#6138=CARTESIAN_POINT('Origin',(0.,4.58992649252528,0.));
#6139=CARTESIAN_POINT('',(6.32511419374179,4.68947400383876,2.03869272154819));
#6140=CARTESIAN_POINT('Origin',(6.33415827483727,4.58992649252528,2.04160778390717));
#6141=CARTESIAN_POINT('Origin',(0.,4.6894740038375,1.38777878078145E-16));
#6142=CARTESIAN_POINT('Ctrl Pts',(6.06129856745995,5.37505310427049,2.80901818788469));
#6143=CARTESIAN_POINT('Ctrl Pts',(6.07902695656201,5.19820949521114,2.81091008093408));
#6144=CARTESIAN_POINT('Ctrl Pts',(6.18381689129293,4.78951222462043,2.68405851163331));
#6145=CARTESIAN_POINT('Ctrl Pts',(6.35511767873883,4.59942875496979,2.30107668565844));
#6146=CARTESIAN_POINT('Ctrl Pts',(6.42890579114103,4.59942875496872,2.07214653245268));
#6147=CARTESIAN_POINT('Ctrl Pts',(6.07351786592211,5.37597960873135,2.78244105879293));
#6148=CARTESIAN_POINT('Ctrl Pts',(6.09056601958524,5.20563198009488,2.7842645881559));
#6149=CARTESIAN_POINT('Ctrl Pts',(6.19066218262956,4.8115570004683,2.66208515065288));
#6150=CARTESIAN_POINT('Ctrl Pts',(6.3551193371363,4.62832980476498,2.29196208808498));
#6151=CARTESIAN_POINT('Ctrl Pts',(6.42619980840319,4.6292133007041,2.07127434783369));
#6152=CARTESIAN_POINT('Ctrl Pts',(6.07307221380651,5.37531028501209,2.72634419568691));
#6153=CARTESIAN_POINT('Ctrl Pts',(6.08896902193639,5.21614134584102,2.72808020088145));
#6154=CARTESIAN_POINT('Ctrl Pts',(6.1814691212868,4.84748354369337,2.61485994878595));
#6155=CARTESIAN_POINT('Ctrl Pts',(6.33314146096954,4.67628333023873,2.26825001150101));
#6156=CARTESIAN_POINT('Ctrl Pts',(6.39773700773565,4.67841712445956,2.06210029930587));
#6157=CARTESIAN_POINT('Ctrl Pts',(6.03530415319384,5.3711014381477,2.68770502853136));
#6158=CARTESIAN_POINT('Ctrl Pts',(6.05078904398193,5.21621135095814,2.68942452750053));
#6159=CARTESIAN_POINT('Ctrl Pts',(6.14115563908936,4.85783838432056,2.57994796268616));
#6160=CARTESIAN_POINT('Ctrl Pts',(6.28609846307478,4.69095277603441,2.24554228430037));
#6161=CARTESIAN_POINT('Ctrl Pts',(6.34637548667572,4.69160630654355,2.04554560069556));
#6162=CARTESIAN_POINT('Ctrl Pts',(6.01580535556292,5.3690407914973,2.67783895304848));
#6163=CARTESIAN_POINT('Ctrl Pts',(6.03128593299373,5.21430260121102,2.67956208221733));
#6164=CARTESIAN_POINT('Ctrl Pts',(6.12182315249258,4.85666592417072,2.57030464175954));
#6165=CARTESIAN_POINT('Ctrl Pts',(6.26558651679141,4.68990570111754,2.23812156932385));
#6166=CARTESIAN_POINT('Ctrl Pts',(6.32511419373521,4.68947400383751,2.03869272154732));
#6167=CARTESIAN_POINT('',(6.01580535556292,5.3690407914973,2.67783895304848));
#6168=CARTESIAN_POINT('Ctrl Pts',(6.32511419373521,4.68947400383751,2.03869272154732));
#6169=CARTESIAN_POINT('Ctrl Pts',(6.26558651679141,4.68990570111754,2.23812156932385));
#6170=CARTESIAN_POINT('Ctrl Pts',(6.12182315249258,4.85666592417072,2.57030464175954));
#6171=CARTESIAN_POINT('Ctrl Pts',(6.03128593299373,5.21430260121102,2.67956208221733));
#6172=CARTESIAN_POINT('Ctrl Pts',(6.01580535556292,5.3690407914973,2.67783895304848));
#6173=CARTESIAN_POINT('Origin',(5.97097875795809,5.36555084182705,2.76716082270241));
#6174=CARTESIAN_POINT('Ctrl Pts',(6.01580535556292,5.3690407914973,2.67783895304848));
#6175=CARTESIAN_POINT('Ctrl Pts',(5.73420066098659,8.18380207301766,2.6464915894971));
#6176=CARTESIAN_POINT('Ctrl Pts',(5.45099592228513,10.9983945906032,2.61433464244657));
#6177=CARTESIAN_POINT('Ctrl Pts',(5.16541678576611,13.8127322924497,2.58097613669554));
#6178=CARTESIAN_POINT('Ctrl Pts',(6.04180375240415,5.3717883203645,2.69099372035898));
#6179=CARTESIAN_POINT('Ctrl Pts',(5.76043701310072,8.18658741739943,2.65975601204356));
#6180=CARTESIAN_POINT('Ctrl Pts',(5.47746627438164,11.0012200916176,2.62774515526015));
#6181=CARTESIAN_POINT('Ctrl Pts',(5.19219682919479,13.8156103766457,2.59452827800538));
#6182=CARTESIAN_POINT('Ctrl Pts',(6.07612620469878,5.37571435412524,2.73519150821614));
#6183=CARTESIAN_POINT('Ctrl Pts',(5.79492695930195,8.1905589227404,2.70455666974658));
#6184=CARTESIAN_POINT('Ctrl Pts',(5.51218420625225,11.005248330251,2.67319737457807));
#6185=CARTESIAN_POINT('Ctrl Pts',(5.22711704453357,13.8197020698919,2.640780997931));
#6186=CARTESIAN_POINT('Ctrl Pts',(6.07046304130657,5.37574798261613,2.78908534106587));
#6187=CARTESIAN_POINT('Ctrl Pts',(5.78863825305653,8.19054366185821,2.75892465725896));
#6188=CARTESIAN_POINT('Ctrl Pts',(5.5051632803456,11.0051748112648,2.72808100410485));
#6189=CARTESIAN_POINT('Ctrl Pts',(5.21923717644257,13.8195599968146,2.69625363573735));
#6190=CARTESIAN_POINT('Ctrl Pts',(6.06129856745995,5.37505310427049,2.80901818788469));
#6191=CARTESIAN_POINT('Ctrl Pts',(5.7791216570608,8.18981438579084,2.77890555145685));
#6192=CARTESIAN_POINT('Ctrl Pts',(5.49525265819118,11.0044069033764,2.748119829907));
#6193=CARTESIAN_POINT('Ctrl Pts',(5.20885679217819,13.8187446052228,2.71632749280955));
#6194=CARTESIAN_POINT('',(5.16541678576611,13.8127322924497,2.58097613669554));
#6195=CARTESIAN_POINT('Origin',(5.12059018816128,13.8092423427794,2.67029800634947));
#6196=CARTESIAN_POINT('Ctrl Pts',(6.01580535556292,5.3690407914973,2.67783895304848));
#6197=CARTESIAN_POINT('Ctrl Pts',(5.73420066098659,8.18380207301766,2.6464915894971));
#6198=CARTESIAN_POINT('Ctrl Pts',(5.45099592228513,10.9983945906032,2.61433464244657));
#6199=CARTESIAN_POINT('Ctrl Pts',(5.16541678576611,13.8127322924497,2.58097613669554));
#6200=CARTESIAN_POINT('Ctrl Pts',(5.09518665821577,14.0117647058824,2.88679105735227));
#6201=CARTESIAN_POINT('Ctrl Pts',(5.120946721648,14.0117647058842,2.84132454144998));
#6202=CARTESIAN_POINT('Ctrl Pts',(5.17416013482221,13.9700838288242,2.75204773985832));
#6203=CARTESIAN_POINT('Ctrl Pts',(5.20365642918573,13.8698472200641,2.71575020901147));
#6204=CARTESIAN_POINT('Ctrl Pts',(5.20885679217819,13.8187446052228,2.71632749280955));
#6205=CARTESIAN_POINT('Ctrl Pts',(5.09286288813703,14.0397447641847,2.88547447385363));
#6206=CARTESIAN_POINT('Ctrl Pts',(5.12217679672961,14.0399944876964,2.83370441127175));
#6207=CARTESIAN_POINT('Ctrl Pts',(5.18264034859315,13.9930448797409,2.73166245584597));
#6208=CARTESIAN_POINT('Ctrl Pts',(5.21649483987285,13.8785850853905,2.68930641980631));
#6209=CARTESIAN_POINT('Ctrl Pts',(5.2226973045307,13.8198317940118,2.68956235004661));
#6210=CARTESIAN_POINT('Ctrl Pts',(5.06977849111319,14.0862201710929,2.87239549650644));
#6211=CARTESIAN_POINT('Ctrl Pts',(5.1047506660566,14.0868350267124,2.80971838375922));
#6212=CARTESIAN_POINT('Ctrl Pts',(5.17687420747101,14.030510367361,2.68544831433172));
#6213=CARTESIAN_POINT('Ctrl Pts',(5.21702085760872,13.8912623363315,2.63212433887317));
#6214=CARTESIAN_POINT('Ctrl Pts',(5.22413278124767,13.8192890493303,2.63148393864051));
#6215=CARTESIAN_POINT('Ctrl Pts',(5.02691579039281,14.1022624434389,2.84811068234175));
#6216=CARTESIAN_POINT('Ctrl Pts',(5.06374880872962,14.1025367078815,2.78085142658903));
#6217=CARTESIAN_POINT('Ctrl Pts',(5.13920138574142,14.0411035026544,2.64797109143703));
#6218=CARTESIAN_POINT('Ctrl Pts',(5.17935568984265,13.8915840642377,2.59167641907563));
#6219=CARTESIAN_POINT('Ctrl Pts',(5.18550181833762,13.8148908555967,2.59114024267792));
#6220=CARTESIAN_POINT('Ctrl Pts',(5.00857460513238,14.1022624434389,2.83771907686341));
#6221=CARTESIAN_POINT('Ctrl Pts',(5.04540259781749,14.1022624434417,2.77009884097586));
#6222=CARTESIAN_POINT('Ctrl Pts',(5.12062265910388,14.0397411278517,2.63683723711978));
#6223=CARTESIAN_POINT('Ctrl Pts',(5.15983103423527,13.8893862147115,2.58116789370414));
#6224=CARTESIAN_POINT('Ctrl Pts',(5.16541678576612,13.8127322924496,2.58097613669555));
#6225=CARTESIAN_POINT('',(5.00857460513479,14.1022624434389,2.8377190768586));
#6226=CARTESIAN_POINT('Ctrl Pts',(5.16541678576612,13.8127322924496,2.58097613669555));
#6227=CARTESIAN_POINT('Ctrl Pts',(5.15983103423527,13.8893862147115,2.58116789370414));
#6228=CARTESIAN_POINT('Ctrl Pts',(5.12062265910388,14.0397411278517,2.63683723711978));
#6229=CARTESIAN_POINT('Ctrl Pts',(5.04540259781749,14.1022624434417,2.77009884097586));
#6230=CARTESIAN_POINT('Ctrl Pts',(5.00857460513238,14.1022624434389,2.83771907686341));
#6231=CARTESIAN_POINT('Origin',(5.00857460513399,14.0022624434389,2.8377190768602));
#6232=CARTESIAN_POINT('Origin',(0.,14.0022624434389,0.));
#6233=CARTESIAN_POINT('',(4.29707523592244,14.1022624434389,3.83061529668427));
#6234=CARTESIAN_POINT('Origin',(4.29707523592244,14.0022624434389,3.83061529668427));
#6235=CARTESIAN_POINT('Origin',(0.,14.1022624434389,0.));
#6236=CARTESIAN_POINT('Ctrl Pts',(4.24650448663576,13.8187446052229,4.05928857986177));
#6237=CARTESIAN_POINT('Ctrl Pts',(4.24428623718367,13.869847223076,4.05454976097598));
#6238=CARTESIAN_POINT('Ctrl Pts',(4.26917580625198,13.9700832315621,4.01495185670369));
#6239=CARTESIAN_POINT('Ctrl Pts',(4.33661018997107,14.0117647058823,3.93586490321585));
#6240=CARTESIAN_POINT('Ctrl Pts',(4.37138350479571,14.0117647058823,3.89685718815419));
#6241=CARTESIAN_POINT('Ctrl Pts',(4.22560865342341,13.8198317940118,4.0809979511945));
#6242=CARTESIAN_POINT('Ctrl Pts',(4.22337258831285,13.8785850888533,4.07520691627113));
#6243=CARTESIAN_POINT('Ctrl Pts',(4.25259818305785,13.9930442006377,4.02953473075605));
#6244=CARTESIAN_POINT('Ctrl Pts',(4.32978985350599,14.039994487709,3.93947910926074));
#6245=CARTESIAN_POINT('Ctrl Pts',(4.36938984080058,14.0397447641847,3.8950799421492));
#6246=CARTESIAN_POINT('Ctrl Pts',(4.17107390887316,13.8192890108974,4.10102550810801));
#6247=CARTESIAN_POINT('Ctrl Pts',(4.16939427011763,13.8912623021406,4.0940851630182));
#6248=CARTESIAN_POINT('Ctrl Pts',(4.20698298994154,14.0305093964272,4.0389294750472));
#6249=CARTESIAN_POINT('Ctrl Pts',(4.30147516338772,14.0868347618536,3.93068770254646));
#6250=CARTESIAN_POINT('Ctrl Pts',(4.34958457549899,14.0862199062004,3.87742459565097));
#6251=CARTESIAN_POINT('Ctrl Pts',(4.120453697354,13.8148908555967,4.07741317420366));
#6252=CARTESIAN_POINT('Ctrl Pts',(4.11898581059609,13.8915840687579,4.07142087134425));
#6253=CARTESIAN_POINT('Ctrl Pts',(4.15938516570195,14.0411026157692,4.01530291768929));
#6254=CARTESIAN_POINT('Ctrl Pts',(4.26096070793099,14.102536707895,3.90114092286865));
#6255=CARTESIAN_POINT('Ctrl Pts',(4.31281094102689,14.1022624434389,3.84464284550941));
#6256=CARTESIAN_POINT('Ctrl Pts',(4.10437287702952,13.8127322924497,4.06166119650206));
#6257=CARTESIAN_POINT('Ctrl Pts',(4.10275897643799,13.8893862192293,4.05631024149594));
#6258=CARTESIAN_POINT('Ctrl Pts',(4.14287024771067,14.0397402319586,4.00128901762118));
#6259=CARTESIAN_POINT('Ctrl Pts',(4.24488156439768,14.1022624434389,3.88722464837057));
#6260=CARTESIAN_POINT('Ctrl Pts',(4.29707523592244,14.1022624434389,3.83061529668427));
#6261=CARTESIAN_POINT('',(4.10437287702952,13.8127322924497,4.06166119650206));
#6262=CARTESIAN_POINT('Ctrl Pts',(4.29707523592244,14.1022624434389,3.83061529668427));
#6263=CARTESIAN_POINT('Ctrl Pts',(4.24488156439768,14.1022624434389,3.88722464837057));
#6264=CARTESIAN_POINT('Ctrl Pts',(4.14287024771067,14.0397402319586,4.00128901762118));
#6265=CARTESIAN_POINT('Ctrl Pts',(4.10275897643799,13.8893862192293,4.05631024149594));
#6266=CARTESIAN_POINT('Ctrl Pts',(4.10437287702952,13.8127322924497,4.06166119650206));
#6267=CARTESIAN_POINT('Origin',(4.17454540906221,13.8092423427794,3.99050196660586));
#6268=CARTESIAN_POINT('Ctrl Pts',(4.10437287702952,13.8127322924497,4.06166119650206));
#6269=CARTESIAN_POINT('Ctrl Pts',(4.22775745614452,10.9983945906032,4.3213619449752));
#6270=CARTESIAN_POINT('Ctrl Pts',(4.34924101795876,8.18380207301766,4.57920053300169));
#6271=CARTESIAN_POINT('Ctrl Pts',(4.46944364343728,5.3690407914973,4.83578422312467));
#6272=CARTESIAN_POINT('Ctrl Pts',(4.12581397079549,13.8156103766457,4.08266383343752));
#6273=CARTESIAN_POINT('Ctrl Pts',(4.24896489060396,11.0012200916176,4.34211685084549));
#6274=CARTESIAN_POINT('Ctrl Pts',(4.37023489831343,8.18658741739943,4.59978081641571));
#6275=CARTESIAN_POINT('Ctrl Pts',(4.49025719972947,5.3717883203645,4.85617442704172));
#6276=CARTESIAN_POINT('Ctrl Pts',(4.18083673901333,13.8197020133642,4.1008628044013));
#6277=CARTESIAN_POINT('Ctrl Pts',(4.30316461878784,11.0052482737233,4.36038158598587));
#6278=CARTESIAN_POINT('Ctrl Pts',(4.4237443798443,8.19055887337072,4.61803916376498));
#6279=CARTESIAN_POINT('Ctrl Pts',(4.54314196648735,5.37571430475555,4.87446795552523));
#6280=CARTESIAN_POINT('Ctrl Pts',(4.2308326117265,13.8195599968146,4.07557060836132));
#6281=CARTESIAN_POINT('Ctrl Pts',(4.35287883973103,11.0051748112648,4.33609207868619));
#6282=CARTESIAN_POINT('Ctrl Pts',(4.47320566786138,8.19054366185821,4.59460870392611));
#6283=CARTESIAN_POINT('Ctrl Pts',(4.59235533732859,5.37574798261613,4.85178225308258));
#6284=CARTESIAN_POINT('Ctrl Pts',(4.24650448663576,13.8187446052229,4.05928857986177));
#6285=CARTESIAN_POINT('Ctrl Pts',(4.36866854255666,11.0044069033764,4.32026614251498));
#6286=CARTESIAN_POINT('Ctrl Pts',(4.48906716906325,8.18981438579085,4.57917450450028));
#6287=CARTESIAN_POINT('Ctrl Pts',(4.6082845269749,5.37505310427049,4.83669693305284));
#6288=CARTESIAN_POINT('',(4.46944364343728,5.3690407914973,4.83578422312467));
#6289=CARTESIAN_POINT('Origin',(4.53961617546996,5.36555084182705,4.76462499322846));
#6290=CARTESIAN_POINT('Ctrl Pts',(4.10437287702952,13.8127322924497,4.06166119650206));
#6291=CARTESIAN_POINT('Ctrl Pts',(4.22775745614452,10.9983945906032,4.3213619449752));
#6292=CARTESIAN_POINT('Ctrl Pts',(4.34924101795876,8.18380207301766,4.57920053300169));
#6293=CARTESIAN_POINT('Ctrl Pts',(4.46944364343728,5.3690407914973,4.83578422312467));
#6294=CARTESIAN_POINT('Ctrl Pts',(4.02868202429363,4.59942875496872,5.42165491989814));
#6295=CARTESIAN_POINT('Ctrl Pts',(4.22174453397631,4.59942875496861,5.2781955013599));
#6296=CARTESIAN_POINT('Ctrl Pts',(4.52933720383664,4.78951073843746,4.99288170306987));
#6297=CARTESIAN_POINT('Ctrl Pts',(4.61577462380315,5.19820943891579,4.85287635490124));
#6298=CARTESIAN_POINT('Ctrl Pts',(4.6082845269749,5.37505310427048,4.83669693305284));
#6299=CARTESIAN_POINT('Ctrl Pts',(4.02698631675517,4.62921330070411,5.41937289787127));
#6300=CARTESIAN_POINT('Ctrl Pts',(4.21311417778274,4.6283298044826,5.2811268647764));
#6301=CARTESIAN_POINT('Ctrl Pts',(4.51073035676819,4.81155556879437,5.00642675957632));
#6302=CARTESIAN_POINT('Ctrl Pts',(4.59425231403432,5.20563192586743,4.87236795409739));
#6303=CARTESIAN_POINT('Ctrl Pts',(4.58704560744649,5.37597960873134,4.8568106930925));
#6304=CARTESIAN_POINT('Ctrl Pts',(4.00914958305529,4.67841593905591,5.39536886517872));
#6305=CARTESIAN_POINT('Ctrl Pts',(4.18359545423834,4.67628214415473,5.26793670188849));
#6306=CARTESIAN_POINT('Ctrl Pts',(4.46305639426998,4.84748169947587,5.01290043638943));
#6307=CARTESIAN_POINT('Ctrl Pts',(4.54053641689203,5.2161411814157,4.8889142790573));
#6308=CARTESIAN_POINT('Ctrl Pts',(4.53378267761312,5.37531017125565,4.87441912844351));
#6309=CARTESIAN_POINT('Ctrl Pts',(3.97696430360194,4.69160630654356,5.35205507728372));
#6310=CARTESIAN_POINT('Ctrl Pts',(4.1469718289894,4.69095277582534,5.23069008184496));
#6311=CARTESIAN_POINT('Ctrl Pts',(4.4170389611635,4.85783708059364,4.9859495073524));
#6312=CARTESIAN_POINT('Ctrl Pts',(4.49165951315599,5.21621130165136,4.86518727536421));
#6313=CARTESIAN_POINT('Ctrl Pts',(4.48505381065642,5.3711014381477,4.85107687606245));
#6314=CARTESIAN_POINT('Ctrl Pts',(3.96364088722823,4.6894740038375,5.33412490421551));
#6315=CARTESIAN_POINT('Ctrl Pts',(4.13335158125561,4.68990570125392,5.21365201283284));
#6316=CARTESIAN_POINT('Ctrl Pts',(4.40169319454052,4.85666462223287,4.97074272940398));
#6317=CARTESIAN_POINT('Ctrl Pts',(4.47605139699968,5.2143025519526,4.84988937108734));
#6318=CARTESIAN_POINT('Ctrl Pts',(4.46944364343728,5.3690407914973,4.83578422312466));
#6319=CARTESIAN_POINT('',(3.96364088722835,4.6894740038375,5.33412490421538));
#6320=CARTESIAN_POINT('Ctrl Pts',(4.46944364343728,5.3690407914973,4.83578422312466));
#6321=CARTESIAN_POINT('Ctrl Pts',(4.47605139699968,5.2143025519526,4.84988937108734));
#6322=CARTESIAN_POINT('Ctrl Pts',(4.40169319454052,4.85666462223287,4.97074272940398));
#6323=CARTESIAN_POINT('Ctrl Pts',(4.13335158125561,4.68990570125392,5.21365201283284));
#6324=CARTESIAN_POINT('Ctrl Pts',(3.96364088722823,4.6894740038375,5.33412490421551));
#6325=CARTESIAN_POINT('Origin',(3.9693083722007,4.58992649252528,5.34175200101776));
#6326=CARTESIAN_POINT('Origin',(0.,4.58992649252528,0.));
#6327=CARTESIAN_POINT('',(3.89535553661676,4.68947400383764,5.38419379480703));
#6328=CARTESIAN_POINT('Origin',(3.90092538252177,4.58992649252528,5.39189248353463));
#6329=CARTESIAN_POINT('Origin',(-8.32667268468867E-16,4.6894740038375,1.11022302462516E-15));
#6330=CARTESIAN_POINT('Ctrl Pts',(3.2271019676573,5.37505310427048,5.84942188546026));
#6331=CARTESIAN_POINT('Ctrl Pts',(3.24467299315059,5.13926162552405,5.865433451417));
#6332=CARTESIAN_POINT('Ctrl Pts',(3.45156136987306,4.73747255979528,5.79859668328869));
#6333=CARTESIAN_POINT('Ctrl Pts',(3.81312017402637,4.59942875496881,5.57828631107538));
#6334=CARTESIAN_POINT('Ctrl Pts',(3.95927614914999,4.59942875496872,5.47254541306825));
#6335=CARTESIAN_POINT('Ctrl Pts',(3.2526714678278,5.37597960873134,5.8352142921842));
#6336=CARTESIAN_POINT('Ctrl Pts',(3.26956496253179,5.14884943721544,5.85061604306861));
#6337=CARTESIAN_POINT('Ctrl Pts',(3.46810793746751,4.76121837086518,5.78550672374234));
#6338=CARTESIAN_POINT('Ctrl Pts',(3.81674671569571,4.62855067874908,5.57219837245008));
#6339=CARTESIAN_POINT('Ctrl Pts',(3.95760965515208,4.62921330070411,5.47024197078722));
#6340=CARTESIAN_POINT('Ctrl Pts',(3.28548220904999,5.37531024247491,5.7897116604701));
#6341=CARTESIAN_POINT('Ctrl Pts',(3.30120671374374,5.16308499024625,5.80411156453347));
#6342=CARTESIAN_POINT('Ctrl Pts',(3.4851320540319,4.80023788475315,5.74332440480539));
#6343=CARTESIAN_POINT('Ctrl Pts',(3.8095872259445,4.67681633553294,5.54205229947195));
#6344=CARTESIAN_POINT('Ctrl Pts',(3.94008050892796,4.67841668119922,5.44601303470137));
#6345=CARTESIAN_POINT('Ctrl Pts',(3.27787255413039,5.3711014381477,5.73621879471401));
#6346=CARTESIAN_POINT('Ctrl Pts',(3.29316715452097,5.16458132189439,5.75027618937083));
#6347=CARTESIAN_POINT('Ctrl Pts',(3.4717498652102,4.81203607306246,5.69220650748294));
#6348=CARTESIAN_POINT('Ctrl Pts',(3.7832968812028,4.69111615866108,5.49652516542307));
#6349=CARTESIAN_POINT('Ctrl Pts',(3.90844941802844,4.69160630654355,5.40229226987173));
#6350=CARTESIAN_POINT('Ctrl Pts',(3.26798175961574,5.3690407914973,5.7167325242049));
#6351=CARTESIAN_POINT('Ctrl Pts',(3.28326885993192,5.16272320444837,5.73079042156193));
#6352=CARTESIAN_POINT('Ctrl Pts',(3.4616386060404,4.81111348323678,5.67319383983146));
#6353=CARTESIAN_POINT('Ctrl Pts',(3.77090805481983,4.68979777679691,5.47841556618424));
#6354=CARTESIAN_POINT('Ctrl Pts',(3.89535553661623,4.6894740038375,5.38419379480652));
#6355=CARTESIAN_POINT('',(3.26798175961574,5.3690407914973,5.7167325242049));
#6356=CARTESIAN_POINT('Ctrl Pts',(3.89535553661623,4.6894740038375,5.38419379480652));
#6357=CARTESIAN_POINT('Ctrl Pts',(3.77090805481983,4.68979777679691,5.47841556618424));
#6358=CARTESIAN_POINT('Ctrl Pts',(3.4616386060404,4.81111348323678,5.67319383983146));
#6359=CARTESIAN_POINT('Ctrl Pts',(3.28326885993192,5.16272320444837,5.73079042156193));
#6360=CARTESIAN_POINT('Ctrl Pts',(3.26798175961574,5.3690407914973,5.7167325242049));
#6361=CARTESIAN_POINT('Origin',(3.17901470851341,5.36555084182705,5.76225926436334));
#6362=CARTESIAN_POINT('Ctrl Pts',(3.26798175961574,5.36904079149729,5.7167325242049));
#6363=CARTESIAN_POINT('Ctrl Pts',(3.05941917165696,8.18380207301766,5.52493703908341));
#6364=CARTESIAN_POINT('Ctrl Pts',(2.85004495128109,10.9983945906032,5.33154254818834));
#6365=CARTESIAN_POINT('Ctrl Pts',(2.63946640384953,13.8127322924497,5.13577506242396));
#6366=CARTESIAN_POINT('Ctrl Pts',(3.28116948563528,5.3717883203645,5.74271421821705));
#6367=CARTESIAN_POINT('Ctrl Pts',(3.07273395522337,8.18658741739942,5.55114786921767));
#6368=CARTESIAN_POINT('Ctrl Pts',(2.8634620582862,11.0012200916176,5.35800955847755));
#6369=CARTESIAN_POINT('Ctrl Pts',(2.65304951346214,13.8156103766457,5.16253941172252));
#6370=CARTESIAN_POINT('Ctrl Pts',(3.28271413203557,5.37571436106833,5.79865251053552));
#6371=CARTESIAN_POINT('Ctrl Pts',(3.07405719342432,8.19055892968351,5.60767138343343));
#6372=CARTESIAN_POINT('Ctrl Pts',(2.86458388696766,11.0052483382008,5.4151933364693));
#6373=CARTESIAN_POINT('Ctrl Pts',(2.65386112882219,13.8197020778417,5.22048836127649));
#6374=CARTESIAN_POINT('Ctrl Pts',(3.24627909278517,5.37574798261613,5.83876619050321));
#6375=CARTESIAN_POINT('Ctrl Pts',(3.03683731628837,8.1905436618582,5.64779755334584));
#6376=CARTESIAN_POINT('Ctrl Pts',(2.82646860380158,11.0051748112648,5.45530236925023));
#6377=CARTESIAN_POINT('Ctrl Pts',(2.61470487008748,13.8195599968146,5.26056449580536));
#6378=CARTESIAN_POINT('Ctrl Pts',(3.2271019676573,5.37505310427048,5.84942188546026));
#6379=CARTESIAN_POINT('Ctrl Pts',(3.01734781327448,8.18981438579084,5.65828378262832));
#6380=CARTESIAN_POINT('Ctrl Pts',(2.80662708500152,11.0044069033764,5.46560232569304));
#6381=CARTESIAN_POINT('Ctrl Pts',(2.59446379984058,13.8187446052228,5.27061492815882));
#6382=CARTESIAN_POINT('',(2.63946640384953,13.8127322924497,5.13577506242396));
#6383=CARTESIAN_POINT('Origin',(2.5504993527472,13.8092423427794,5.1813018025824));
#6384=CARTESIAN_POINT('Ctrl Pts',(3.26798175961574,5.36904079149729,5.7167325242049));
#6385=CARTESIAN_POINT('Ctrl Pts',(3.05941917165696,8.18380207301766,5.52493703908341));
#6386=CARTESIAN_POINT('Ctrl Pts',(2.85004495128109,10.9983945906032,5.33154254818834));
#6387=CARTESIAN_POINT('Ctrl Pts',(2.63946640384953,13.8127322924497,5.13577506242396));
#6388=CARTESIAN_POINT('Ctrl Pts',(2.40199838323146,14.0117647058824,5.34087010306584));
#6389=CARTESIAN_POINT('Ctrl Pts',(2.44965723691526,14.0117647058843,5.31943605069476));
#6390=CARTESIAN_POINT('Ctrl Pts',(2.54536113209877,13.9700838187262,5.27890486539691));
#6391=CARTESIAN_POINT('Ctrl Pts',(2.59061134864531,13.8698472200563,5.26707435594283));
#6392=CARTESIAN_POINT('Ctrl Pts',(2.59446379984058,13.8187446052228,5.27061492815882));
#6393=CARTESIAN_POINT('Ctrl Pts',(2.4009028999155,14.0397447641847,5.33843428373916));
#6394=CARTESIAN_POINT('Ctrl Pts',(2.45515508082283,14.0399944876964,5.31401819309314));
#6395=CARTESIAN_POINT('Ctrl Pts',(2.56425396943194,13.9930448703132,5.26747969472004));
#6396=CARTESIAN_POINT('Ctrl Pts',(2.61660128336776,13.8785850853816,5.25334038093095));
#6397=CARTESIAN_POINT('Ctrl Pts',(2.62145189350311,13.8198317940118,5.25721435168754));
#6398=CARTESIAN_POINT('Ctrl Pts',(2.3900203985742,14.0862203640662,5.31423692105341));
#6399=CARTESIAN_POINT('Ctrl Pts',(2.45528510184596,14.0868352196857,5.28437068614015));
#6400=CARTESIAN_POINT('Ctrl Pts',(2.58693094607625,14.0305104626114,5.22680107987788));
#6401=CARTESIAN_POINT('Ctrl Pts',(2.65083811186178,13.8912623643189,5.20753731069126));
#6402=CARTESIAN_POINT('Ctrl Pts',(2.65695215914183,13.8192890773286,5.21122621244463));
#6403=CARTESIAN_POINT('Ctrl Pts',(2.36981378919292,14.1022624434389,5.26930730050173));
#6404=CARTESIAN_POINT('Ctrl Pts',(2.43928862494737,14.1025367078815,5.23684615573872));
#6405=CARTESIAN_POINT('Ctrl Pts',(2.5787103606995,14.0411034888738,5.17430137001503));
#6406=CARTESIAN_POINT('Ctrl Pts',(2.64438017762069,13.8915840642261,5.15264645588208));
#6407=CARTESIAN_POINT('Ctrl Pts',(2.64965373605899,13.8148908555967,5.15584832439788));
#6408=CARTESIAN_POINT('Ctrl Pts',(2.3611672958851,14.1022624434389,5.25008172652714));
#6409=CARTESIAN_POINT('Ctrl Pts',(2.43085152976642,14.1022624434418,5.21732649956584));
#6410=CARTESIAN_POINT('Ctrl Pts',(2.57031120123797,14.0397411127047,5.15433675338053));
#6411=CARTESIAN_POINT('Ctrl Pts',(2.63484841689807,13.8893862146999,5.1326267950558));
#6412=CARTESIAN_POINT('Ctrl Pts',(2.63946640384953,13.8127322924497,5.13577506242396));
#6413=CARTESIAN_POINT('',(2.36116729589005,14.1022624434389,5.25008172652461));
#6414=CARTESIAN_POINT('Ctrl Pts',(2.63946640384953,13.8127322924497,5.13577506242396));
#6415=CARTESIAN_POINT('Ctrl Pts',(2.63484841689807,13.8893862146999,5.1326267950558));
#6416=CARTESIAN_POINT('Ctrl Pts',(2.57031120123797,14.0397411127047,5.15433675338053));
#6417=CARTESIAN_POINT('Ctrl Pts',(2.43085152976642,14.1022624434418,5.21732649956584));
#6418=CARTESIAN_POINT('Ctrl Pts',(2.3611672958851,14.1022624434389,5.25008172652714));
#6419=CARTESIAN_POINT('Origin',(2.3611672958884,14.0022624434389,5.25008172652545));
#6420=CARTESIAN_POINT('Origin',(0.,14.0022624434389,0.));
#6421=CARTESIAN_POINT('',(1.20027335404254,14.1022624434389,5.63008108378066));
#6422=CARTESIAN_POINT('Origin',(1.20027335404254,14.0022624434389,5.63008108378066));
#6423=CARTESIAN_POINT('Origin',(0.,14.1022624434389,0.));
#6424=CARTESIAN_POINT('Ctrl Pts',(1.0242741274807,13.8187446052229,5.78459044716111));
#6425=CARTESIAN_POINT('Ctrl Pts',(1.02528734151184,13.8698472232617,5.77945717991791));
#6426=CARTESIAN_POINT('Ctrl Pts',(1.0687740475338,13.9700832108693,5.76224110276515));
#6427=CARTESIAN_POINT('Ctrl Pts',(1.16992099640069,14.0117647058823,5.7383364608855));
#6428=CARTESIAN_POINT('Ctrl Pts',(1.22102938697582,14.0117647058823,5.72744069607102));
#6429=CARTESIAN_POINT('Ctrl Pts',(0.994585834805975,13.8198317940118,5.78974194474536));
#6430=CARTESIAN_POINT('Ctrl Pts',(0.996206866992863,13.8785850890668,5.78374958898226));
#6431=CARTESIAN_POINT('Ctrl Pts',(1.04678211896423,13.9930441815501,5.76419887264436));
#6432=CARTESIAN_POINT('Ctrl Pts',(1.16228365792788,14.0399944877099,5.73721818709765));
#6433=CARTESIAN_POINT('Ctrl Pts',(1.22047251011449,14.0397447641847,5.72482857286392));
#6434=CARTESIAN_POINT('Ctrl Pts',(0.938762748606284,13.8192891936632,5.77364770270992));
#6435=CARTESIAN_POINT('Ctrl Pts',(0.941512106019336,13.8912624851679,5.76705751223463));
#6436=CARTESIAN_POINT('Ctrl Pts',(1.00444022288258,14.0305100872505,5.74480376392633));
#6437=CARTESIAN_POINT('Ctrl Pts',(1.14464807347006,14.0868360215373,5.71338659815407));
#6438=CARTESIAN_POINT('Ctrl Pts',(1.21494063854625,14.0862211658819,5.69888041249746));
#6439=CARTESIAN_POINT('Ctrl Pts',(0.911903901093727,13.8148908555967,5.7246718805865));
#6440=CARTESIAN_POINT('Ctrl Pts',(0.914263438243398,13.8915840690366,5.71897144465503));
#6441=CARTESIAN_POINT('Ctrl Pts',(0.98002640123099,14.0411025876606,5.6976039477643));
#6442=CARTESIAN_POINT('Ctrl Pts',(1.12944650431508,14.102536707896,5.66560122568637));
#6443=CARTESIAN_POINT('Ctrl Pts',(1.20466870355516,14.1022624434389,5.65069819909387));
#6444=CARTESIAN_POINT('Ctrl Pts',(0.90824990670662,13.8127322924497,5.70246003895105));
#6445=CARTESIAN_POINT('Ctrl Pts',(0.910112456612604,13.8893862195079,5.69719047514826));
#6446=CARTESIAN_POINT('Ctrl Pts',(0.974994591498139,14.0397402009194,5.67653708266049));
#6447=CARTESIAN_POINT('Ctrl Pts',(1.12470839315015,14.1022624434389,5.6448707684968));
#6448=CARTESIAN_POINT('Ctrl Pts',(1.20027335404254,14.1022624434389,5.63008108378066));
#6449=CARTESIAN_POINT('Ctrl Pts',(1.20027335404254,14.1022624434389,5.63008108378066));
#6450=CARTESIAN_POINT('Ctrl Pts',(1.12470839315015,14.1022624434389,5.6448707684968));
#6451=CARTESIAN_POINT('Ctrl Pts',(0.974994591498139,14.0397402009194,5.67653708266049));
#6452=CARTESIAN_POINT('Ctrl Pts',(0.910112456612604,13.8893862195079,5.69719047514826));
#6453=CARTESIAN_POINT('Ctrl Pts',(0.90824990670662,13.8127322924497,5.70246003895105));
#6454=CARTESIAN_POINT('Ctrl Pts',(-1.22102938698577,14.0117647058823,5.7274406960689));
#6455=CARTESIAN_POINT('Ctrl Pts',(-1.16992099970446,14.0117647058849,5.73833646018102));
#6456=CARTESIAN_POINT('Ctrl Pts',(-1.06877463691372,13.9700838108427,5.76224094012166));
#6457=CARTESIAN_POINT('Ctrl Pts',(-1.02528734144654,13.8698472199682,5.77945718024874));
#6458=CARTESIAN_POINT('Ctrl Pts',(-1.0242741274807,13.8187446052228,5.78459044716111));
#6459=CARTESIAN_POINT('Ctrl Pts',(-1.22047251012582,14.0397447641847,5.72482857286151));
#6460=CARTESIAN_POINT('Ctrl Pts',(-1.16228366168937,14.0399944876967,5.73721818629658));
#6461=CARTESIAN_POINT('Ctrl Pts',(-1.04678279648487,13.9930448630588,5.76419868926783));
#6462=CARTESIAN_POINT('Ctrl Pts',(-0.996206866888386,13.8785850852803,5.78374958936847));
#6463=CARTESIAN_POINT('Ctrl Pts',(-0.994585834805975,13.8198317940118,5.78974194474536));
#6464=CARTESIAN_POINT('Ctrl Pts',(-1.21494063855994,14.0862211658818,5.69888041249464));
#6465=CARTESIAN_POINT('Ctrl Pts',(-1.14464807801402,14.0868360215011,5.71338659721617));
#6466=CARTESIAN_POINT('Ctrl Pts',(-1.00444105066287,14.0305109105036,5.74480355302015));
#6467=CARTESIAN_POINT('Ctrl Pts',(-0.941512105842137,13.8912624805294,5.76705751265936));
#6468=CARTESIAN_POINT('Ctrl Pts',(-0.938762748606282,13.8192891936632,5.77364770270992));
#6469=CARTESIAN_POINT('Ctrl Pts',(-1.20466870356981,14.1022624434389,5.65069819909096));
#6470=CARTESIAN_POINT('Ctrl Pts',(-1.12944650917767,14.102536707882,5.66560122472283));
#6471=CARTESIAN_POINT('Ctrl Pts',(-0.980027278272077,14.0411034781815,5.69760373596528));
#6472=CARTESIAN_POINT('Ctrl Pts',(-0.914263438091322,13.8915840640939,5.71897144502241));
#6473=CARTESIAN_POINT('Ctrl Pts',(-0.911903901093725,13.8148908555967,5.7246718805865));
#6474=CARTESIAN_POINT('Ctrl Pts',(-1.20027335405725,14.1022624434389,5.63008108377778));
#6475=CARTESIAN_POINT('Ctrl Pts',(-1.12470839803487,14.1022624434428,5.6448707675406));
#6476=CARTESIAN_POINT('Ctrl Pts',(-0.974995465586255,14.0397411008795,5.67653687432421));
#6477=CARTESIAN_POINT('Ctrl Pts',(-0.910112456492559,13.8893862145677,5.69719047548787));
#6478=CARTESIAN_POINT('Ctrl Pts',(-0.908249906706619,13.8127322924496,5.70246003895105));
#6479=CARTESIAN_POINT('',(-1.20027335404985,14.1022624434389,5.63008108377898));
#6480=CARTESIAN_POINT('Ctrl Pts',(-0.908249906706619,13.8127322924496,5.70246003895105));
#6481=CARTESIAN_POINT('Ctrl Pts',(-0.910112456492559,13.8893862145677,5.69719047548787));
#6482=CARTESIAN_POINT('Ctrl Pts',(-0.974995465586255,14.0397411008795,5.67653687432421));
#6483=CARTESIAN_POINT('Ctrl Pts',(-1.12470839803487,14.1022624434428,5.6448707675406));
#6484=CARTESIAN_POINT('Ctrl Pts',(-1.20027335405725,14.1022624434389,5.63008108377778));
#6485=CARTESIAN_POINT('Origin',(-1.20027335405232,14.0022624434389,5.63008108377858));
#6486=CARTESIAN_POINT('Origin',(0.,14.0022624434389,0.));
#6487=CARTESIAN_POINT('',(-2.36116729589517,14.1022624434389,5.25008172652241));
#6488=CARTESIAN_POINT('Origin',(-2.36116729589517,14.0022624434389,5.25008172652241));
#6489=CARTESIAN_POINT('Origin',(0.,14.1022624434389,0.));
#6490=CARTESIAN_POINT('Ctrl Pts',(-2.59446379984058,13.8187446052229,5.27061492815882));
#6491=CARTESIAN_POINT('Ctrl Pts',(-2.59061134841402,13.8698472231244,5.26707435573027));
#6492=CARTESIAN_POINT('Ctrl Pts',(-2.54536170555154,13.9700832183413,5.27890464716583));
#6493=CARTESIAN_POINT('Ctrl Pts',(-2.4496572397835,14.0117647058823,5.31943604940493));
#6494=CARTESIAN_POINT('Ctrl Pts',(-2.40199838323834,14.0117647058823,5.34087010306274));
#6495=CARTESIAN_POINT('Ctrl Pts',(-2.62145189350312,13.8198317940118,5.25721435168754));
#6496=CARTESIAN_POINT('Ctrl Pts',(-2.61660128307654,13.878585088909,5.25334038069836));
#6497=CARTESIAN_POINT('Ctrl Pts',(-2.56425462649902,13.9930441883511,5.26747944096051));
#6498=CARTESIAN_POINT('Ctrl Pts',(-2.45515508408787,14.0399944877093,5.31401819162385));
#6499=CARTESIAN_POINT('Ctrl Pts',(-2.40090289992333,14.0397447641847,5.33843428373564));
#6500=CARTESIAN_POINT('Ctrl Pts',(-2.65695215914189,13.8192890773286,5.21122621244464));
#6501=CARTESIAN_POINT('Ctrl Pts',(-2.65083811149477,13.89126236864,5.2075373104698));
#6502=CARTESIAN_POINT('Ctrl Pts',(-2.58693174105825,14.0305096388301,5.22680075923847));
#6503=CARTESIAN_POINT('Ctrl Pts',(-2.4552851057738,14.0868352197201,5.28437068434287));
#6504=CARTESIAN_POINT('Ctrl Pts',(-2.39002039858365,14.0862203640663,5.31423692104911));
#6505=CARTESIAN_POINT('Ctrl Pts',(-2.64965373605899,13.8148908555967,5.15584832439788));
#6506=CARTESIAN_POINT('Ctrl Pts',(-2.64438017730408,13.8915840688306,5.15264645568985));
#6507=CARTESIAN_POINT('Ctrl Pts',(-2.57871119610884,14.0411025977584,5.17430102086728));
#6508=CARTESIAN_POINT('Ctrl Pts',(-2.43928862912854,14.1025367078952,5.23684615378526));
#6509=CARTESIAN_POINT('Ctrl Pts',(-2.36981378920296,14.1022624434389,5.26930730049704));
#6510=CARTESIAN_POINT('Ctrl Pts',(-2.63946640384953,13.8127322924497,5.13577506242396));
#6511=CARTESIAN_POINT('Ctrl Pts',(-2.63484841662082,13.8893862193019,5.13262679486678));
#6512=CARTESIAN_POINT('Ctrl Pts',(-2.57031203222472,14.0397402121273,5.15433640317837));
#6513=CARTESIAN_POINT('Ctrl Pts',(-2.43085153396018,14.1022624434389,5.21732649759468));
#6514=CARTESIAN_POINT('Ctrl Pts',(-2.36116729589517,14.1022624434389,5.2500817265224));
#6515=CARTESIAN_POINT('',(-2.63946640384953,13.8127322924497,5.13577506242396));
#6516=CARTESIAN_POINT('Ctrl Pts',(-2.36116729589517,14.1022624434389,5.2500817265224));
#6517=CARTESIAN_POINT('Ctrl Pts',(-2.43085153396018,14.1022624434389,5.21732649759468));
#6518=CARTESIAN_POINT('Ctrl Pts',(-2.57031203222472,14.0397402121273,5.15433640317837));
#6519=CARTESIAN_POINT('Ctrl Pts',(-2.63484841662082,13.8893862193019,5.13262679486678));
#6520=CARTESIAN_POINT('Ctrl Pts',(-2.63946640384953,13.8127322924497,5.13577506242396));
#6521=CARTESIAN_POINT('Origin',(-2.5504993527472,13.8092423427794,5.1813018025824));
#6522=CARTESIAN_POINT('Ctrl Pts',(-2.63946640384953,13.8127322924497,5.13577506242396));
#6523=CARTESIAN_POINT('Ctrl Pts',(-2.85004495128109,10.9983945906032,5.33154254818833));
#6524=CARTESIAN_POINT('Ctrl Pts',(-3.05941917165696,8.18380207301766,5.52493703908341));
#6525=CARTESIAN_POINT('Ctrl Pts',(-3.26798175961574,5.3690407914973,5.7167325242049));
#6526=CARTESIAN_POINT('Ctrl Pts',(-2.65304951346215,13.8156103766457,5.16253941172252));
#6527=CARTESIAN_POINT('Ctrl Pts',(-2.8634620582862,11.0012200916176,5.35800955847755));
#6528=CARTESIAN_POINT('Ctrl Pts',(-3.07273395522337,8.18658741739943,5.55114786921767));
#6529=CARTESIAN_POINT('Ctrl Pts',(-3.28116948563528,5.3717883203645,5.74271421821705));
#6530=CARTESIAN_POINT('Ctrl Pts',(-2.65386112882219,13.8197020778417,5.22048836127649));
#6531=CARTESIAN_POINT('Ctrl Pts',(-2.86458388696766,11.0052483382008,5.4151933364693));
#6532=CARTESIAN_POINT('Ctrl Pts',(-3.07405719342432,8.1905589296835,5.60767138343342));
#6533=CARTESIAN_POINT('Ctrl Pts',(-3.28271413203557,5.37571436106833,5.79865251053552));
#6534=CARTESIAN_POINT('Ctrl Pts',(-2.61470487008748,13.8195599968146,5.26056449580536));
#6535=CARTESIAN_POINT('Ctrl Pts',(-2.82646860380158,11.0051748112648,5.45530236925023));
#6536=CARTESIAN_POINT('Ctrl Pts',(-3.03683731628838,8.19054366185821,5.64779755334584));
#6537=CARTESIAN_POINT('Ctrl Pts',(-3.24627909278518,5.37574798261613,5.83876619050321));
#6538=CARTESIAN_POINT('Ctrl Pts',(-2.59446379984058,13.8187446052229,5.27061492815882));
#6539=CARTESIAN_POINT('Ctrl Pts',(-2.80662708500152,11.0044069033764,5.46560232569305));
#6540=CARTESIAN_POINT('Ctrl Pts',(-3.01734781327448,8.18981438579085,5.65828378262832));
#6541=CARTESIAN_POINT('Ctrl Pts',(-3.2271019676573,5.37505310427049,5.84942188546026));
#6542=CARTESIAN_POINT('',(-3.26798175961574,5.3690407914973,5.7167325242049));
#6543=CARTESIAN_POINT('Origin',(-3.17901470851341,5.36555084182705,5.76225926436334));
#6544=CARTESIAN_POINT('Ctrl Pts',(-2.63946640384953,13.8127322924497,5.13577506242396));
#6545=CARTESIAN_POINT('Ctrl Pts',(-2.85004495128109,10.9983945906032,5.33154254818833));
#6546=CARTESIAN_POINT('Ctrl Pts',(-3.05941917165696,8.18380207301766,5.52493703908341));
#6547=CARTESIAN_POINT('Ctrl Pts',(-3.26798175961574,5.3690407914973,5.7167325242049));
#6548=CARTESIAN_POINT('Ctrl Pts',(-3.95927614915067,4.59942875496872,5.47254541306776));
#6549=CARTESIAN_POINT('Ctrl Pts',(-3.81312012750104,4.59942875496863,5.57828634473557));
#6550=CARTESIAN_POINT('Ctrl Pts',(-3.45156316824925,4.73747107146293,5.79859578191841));
#6551=CARTESIAN_POINT('Ctrl Pts',(-3.244672998744,5.13926155046421,5.86543345651398));
#6552=CARTESIAN_POINT('Ctrl Pts',(-3.2271019676573,5.37505310427048,5.84942188546026));
#6553=CARTESIAN_POINT('Ctrl Pts',(-3.95760965515274,4.62921330070411,5.47024197078674));
#6554=CARTESIAN_POINT('Ctrl Pts',(-3.81674667085529,4.62855067853798,5.57219840490556));
#6555=CARTESIAN_POINT('Ctrl Pts',(-3.46810966804604,4.76121693446609,5.78550584939247));
#6556=CARTESIAN_POINT('Ctrl Pts',(-3.26956496790952,5.14884936491275,5.85061604797148));
#6557=CARTESIAN_POINT('Ctrl Pts',(-3.2526714678278,5.37597960873134,5.8352142921842));
#6558=CARTESIAN_POINT('Ctrl Pts',(-3.94008050892857,4.67841668119923,5.44601303470092));
#6559=CARTESIAN_POINT('Ctrl Pts',(-3.80958718440503,4.67681633502335,5.54205233004384));
#6560=CARTESIAN_POINT('Ctrl Pts',(-3.48513366288595,4.80023653818158,5.74332358230917));
#6561=CARTESIAN_POINT('Ctrl Pts',(-3.30120671874935,5.16308492268826,5.80411156911742));
#6562=CARTESIAN_POINT('Ctrl Pts',(-3.28548220904999,5.37531024247491,5.7897116604701));
#6563=CARTESIAN_POINT('Ctrl Pts',(-3.90844941802903,4.69160630654356,5.40229226987129));
#6564=CARTESIAN_POINT('Ctrl Pts',(-3.78329684136342,4.6911161585049,5.49652519541994));
#6565=CARTESIAN_POINT('Ctrl Pts',(-3.47175141686299,4.81203476540072,5.6922057130725));
#6566=CARTESIAN_POINT('Ctrl Pts',(-3.29316715938972,5.16458125615253,5.75027619384574));
#6567=CARTESIAN_POINT('Ctrl Pts',(-3.27787255413039,5.3711014381477,5.73621879471401));
#6568=CARTESIAN_POINT('Ctrl Pts',(-3.89535553661681,4.6894740038375,5.38419379480608));
#6569=CARTESIAN_POINT('Ctrl Pts',(-3.77090801520489,4.68979777689982,5.47841559617758));
#6570=CARTESIAN_POINT('Ctrl Pts',(-3.46164015014636,4.81111217944807,5.67319305018877));
#6571=CARTESIAN_POINT('Ctrl Pts',(-3.28326886479829,5.16272313877098,5.730790426037));
#6572=CARTESIAN_POINT('Ctrl Pts',(-3.26798175961574,5.3690407914973,5.7167325242049));
#6573=CARTESIAN_POINT('',(-3.89535553661665,4.6894740038375,5.38419379480616));
#6574=CARTESIAN_POINT('Ctrl Pts',(-3.26798175961574,5.3690407914973,5.7167325242049));
#6575=CARTESIAN_POINT('Ctrl Pts',(-3.28326886479829,5.16272313877098,5.730790426037));
#6576=CARTESIAN_POINT('Ctrl Pts',(-3.46164015014636,4.81111217944807,5.67319305018877));
#6577=CARTESIAN_POINT('Ctrl Pts',(-3.77090801520489,4.68979777689982,5.47841559617758));
#6578=CARTESIAN_POINT('Ctrl Pts',(-3.89535553661681,4.6894740038375,5.38419379480608));
#6579=CARTESIAN_POINT('Origin',(-3.90092538252229,4.58992649252528,5.39189248353426));
#6580=CARTESIAN_POINT('Origin',(0.,4.58992649252528,0.));
#6581=CARTESIAN_POINT('',(-3.9636408872298,4.68947400383779,5.33412490421622));
#6582=CARTESIAN_POINT('Origin',(-3.96930837220141,4.58992649252528,5.34175200101723));
#6583=CARTESIAN_POINT('Origin',(5.55111512312578E-16,4.6894740038375,0.));
#6584=CARTESIAN_POINT('Ctrl Pts',(-4.60828452697491,5.37505310427049,4.83669693305284));
#6585=CARTESIAN_POINT('Ctrl Pts',(-4.61827131956679,5.13926162552414,4.85826948865015));
#6586=CARTESIAN_POINT('Ctrl Pts',(-4.49231548148152,4.73747248163796,5.03548421527528));
#6587=CARTESIAN_POINT('Ctrl Pts',(-4.17347886046321,4.5994287549689,5.3140603902444));
#6588=CARTESIAN_POINT('Ctrl Pts',(-4.02868202429466,4.59942875496872,5.42165491989738));
#6589=CARTESIAN_POINT('Ctrl Pts',(-4.58704560744649,5.37597960873135,4.8568106930925));
#6590=CARTESIAN_POINT('Ctrl Pts',(-4.59665454650477,5.14884943721552,4.87755370116253));
#6591=CARTESIAN_POINT('Ctrl Pts',(-4.47485572095034,4.76121829401372,5.0473287327498));
#6592=CARTESIAN_POINT('Ctrl Pts',(-4.16658216808902,4.62855067874917,5.3156884060554));
#6593=CARTESIAN_POINT('Ctrl Pts',(-4.02698631675616,4.62921330070411,5.41937289787053));
#6594=CARTESIAN_POINT('Ctrl Pts',(-4.53378267761312,5.37531017125565,4.87441912844351));
#6595=CARTESIAN_POINT('Ctrl Pts',(-4.54278766045176,5.16308491902706,4.89374598977621));
#6596=CARTESIAN_POINT('Ctrl Pts',(-4.4295063051446,4.8002373036777,5.05087989861445));
#6597=CARTESIAN_POINT('Ctrl Pts',(-4.13998394479474,4.6768155933897,5.29979477313459));
#6598=CARTESIAN_POINT('Ctrl Pts',(-4.00914958305622,4.67841593905589,5.39536886517804));
#6599=CARTESIAN_POINT('Ctrl Pts',(-4.48505381065642,5.3711014381477,4.85107687606245));
#6600=CARTESIAN_POINT('Ctrl Pts',(-4.49386141118544,5.16458132189447,4.86989073580908));
#6601=CARTESIAN_POINT('Ctrl Pts',(-4.38477856685149,4.81203600246729,5.02274618299717));
#6602=CARTESIAN_POINT('Ctrl Pts',(-4.10446990705432,4.69111615866116,5.26103135967971));
#6603=CARTESIAN_POINT('Ctrl Pts',(-3.97696430360284,4.69160630654355,5.35205507728308));
#6604=CARTESIAN_POINT('Ctrl Pts',(-4.46944364343728,5.3690407914973,4.83578422312467));
#6605=CARTESIAN_POINT('Ctrl Pts',(-4.47825397871588,5.16272320444845,4.85459108108808));
#6606=CARTESIAN_POINT('Ctrl Pts',(-4.36968637462466,4.81111341504723,5.00738568837329));
#6607=CARTESIAN_POINT('Ctrl Pts',(-4.09092386723141,4.68979777679699,5.24377026444058));
#6608=CARTESIAN_POINT('Ctrl Pts',(-3.96364088722913,4.6894740038375,5.33412490421487));
#6609=CARTESIAN_POINT('',(-4.46944364343728,5.3690407914973,4.83578422312466));
#6610=CARTESIAN_POINT('Ctrl Pts',(-3.96364088722913,4.6894740038375,5.33412490421487));
#6611=CARTESIAN_POINT('Ctrl Pts',(-4.09092386723141,4.68979777679699,5.24377026444058));
#6612=CARTESIAN_POINT('Ctrl Pts',(-4.36968637462466,4.81111341504723,5.00738568837329));
#6613=CARTESIAN_POINT('Ctrl Pts',(-4.47825397871588,5.16272320444845,4.85459108108808));
#6614=CARTESIAN_POINT('Ctrl Pts',(-4.46944364343728,5.3690407914973,4.83578422312467));
#6615=CARTESIAN_POINT('Origin',(-4.53961617546996,5.36555084182705,4.76462499322846));
#6616=CARTESIAN_POINT('Ctrl Pts',(-4.46944364343728,5.3690407914973,4.83578422312466));
#6617=CARTESIAN_POINT('Ctrl Pts',(-4.34924101795876,8.18380207301765,4.57920053300169));
#6618=CARTESIAN_POINT('Ctrl Pts',(-4.22775745614452,10.9983945906032,4.3213619449752));
#6619=CARTESIAN_POINT('Ctrl Pts',(-4.10437287702953,13.8127322924497,4.06166119650206));
#6620=CARTESIAN_POINT('Ctrl Pts',(-4.49025719972947,5.3717883203645,4.85617442704172));
#6621=CARTESIAN_POINT('Ctrl Pts',(-4.37023489831343,8.18658741739942,4.59978081641571));
#6622=CARTESIAN_POINT('Ctrl Pts',(-4.24896489060396,11.0012200916176,4.34211685084548));
#6623=CARTESIAN_POINT('Ctrl Pts',(-4.12581397079549,13.8156103766457,4.08266383343752));
#6624=CARTESIAN_POINT('Ctrl Pts',(-4.54314196648735,5.37571430475555,4.87446795552523));
#6625=CARTESIAN_POINT('Ctrl Pts',(-4.42374437984429,8.19055887337072,4.61803916376498));
#6626=CARTESIAN_POINT('Ctrl Pts',(-4.30316461878785,11.0052482737233,4.36038158598587));
#6627=CARTESIAN_POINT('Ctrl Pts',(-4.18083673901333,13.8197020133642,4.1008628044013));
#6628=CARTESIAN_POINT('Ctrl Pts',(-4.59235533732859,5.37574798261613,4.85178225308258));
#6629=CARTESIAN_POINT('Ctrl Pts',(-4.47320566786138,8.1905436618582,4.59460870392611));
#6630=CARTESIAN_POINT('Ctrl Pts',(-4.35287883973103,11.0051748112648,4.33609207868619));
#6631=CARTESIAN_POINT('Ctrl Pts',(-4.2308326117265,13.8195599968146,4.07557060836132));
#6632=CARTESIAN_POINT('Ctrl Pts',(-4.6082845269749,5.37505310427049,4.83669693305284));
#6633=CARTESIAN_POINT('Ctrl Pts',(-4.48906716906325,8.18981438579084,4.57917450450028));
#6634=CARTESIAN_POINT('Ctrl Pts',(-4.36866854255666,11.0044069033764,4.32026614251498));
#6635=CARTESIAN_POINT('Ctrl Pts',(-4.24650448663576,13.8187446052228,4.05928857986177));
#6636=CARTESIAN_POINT('',(-4.10437287702953,13.8127322924497,4.06166119650206));
#6637=CARTESIAN_POINT('Origin',(-4.17454540906221,13.8092423427794,3.99050196660586));
#6638=CARTESIAN_POINT('Ctrl Pts',(-4.46944364343728,5.3690407914973,4.83578422312466));
#6639=CARTESIAN_POINT('Ctrl Pts',(-4.34924101795876,8.18380207301765,4.57920053300169));
#6640=CARTESIAN_POINT('Ctrl Pts',(-4.22775745614452,10.9983945906032,4.3213619449752));
#6641=CARTESIAN_POINT('Ctrl Pts',(-4.10437287702953,13.8127322924497,4.06166119650206));
#6642=CARTESIAN_POINT('Ctrl Pts',(-4.37138350480012,14.0117647058823,3.89685718814925));
#6643=CARTESIAN_POINT('Ctrl Pts',(-4.33661019200912,14.011764705884,3.93586490092948));
#6644=CARTESIAN_POINT('Ctrl Pts',(-4.26917618734765,13.9700838321186,4.01495137482316));
#6645=CARTESIAN_POINT('Ctrl Pts',(-4.24428623731341,13.8698472200872,4.05454976125313));
#6646=CARTESIAN_POINT('Ctrl Pts',(-4.24650448663576,13.8187446052228,4.05928857986177));
#6647=CARTESIAN_POINT('Ctrl Pts',(-4.3693898408056,14.0397447641847,3.89507994214357));
#6648=CARTESIAN_POINT('Ctrl Pts',(-4.32978985582693,14.0399944876963,3.93947910665836));
#6649=CARTESIAN_POINT('Ctrl Pts',(-4.25259862325614,13.9930448827898,4.02953417973327));
#6650=CARTESIAN_POINT('Ctrl Pts',(-4.22337258844363,13.8785850854172,4.07520691660981));
#6651=CARTESIAN_POINT('Ctrl Pts',(-4.22560865342342,13.8198317940118,4.08099795119449));
#6652=CARTESIAN_POINT('Ctrl Pts',(-4.34958457550509,14.0862199062004,3.87742459564422));
#6653=CARTESIAN_POINT('Ctrl Pts',(-4.30147516620743,14.0868347618199,3.93068769942452));
#6654=CARTESIAN_POINT('Ctrl Pts',(-4.20698353552714,14.0305102204314,4.0389288124686));
#6655=CARTESIAN_POINT('Ctrl Pts',(-4.16939427021587,13.8912622979312,4.09408516342411));
#6656=CARTESIAN_POINT('Ctrl Pts',(-4.17107390887317,13.8192890108974,4.10102550810802));
#6657=CARTESIAN_POINT('Ctrl Pts',(-4.31281094103347,14.1022624434389,3.84464284550225));
#6658=CARTESIAN_POINT('Ctrl Pts',(-4.26096071096994,14.1025367078814,3.90114091955714));
#6659=CARTESIAN_POINT('Ctrl Pts',(-4.15938575068698,14.0411035071335,4.01530222507822));
#6660=CARTESIAN_POINT('Ctrl Pts',(-4.11898581068194,13.8915840642725,4.07142087169471));
#6661=CARTESIAN_POINT('Ctrl Pts',(-4.120453697354,13.8148908555967,4.07741317420366));
#6662=CARTESIAN_POINT('Ctrl Pts',(-4.29707523592906,14.1022624434389,3.83061529667709));
#6663=CARTESIAN_POINT('Ctrl Pts',(-4.24488156745676,14.1022624434414,3.88722464505254));
#6664=CARTESIAN_POINT('Ctrl Pts',(-4.14287083237483,14.0397411327932,4.00128832954404));
#6665=CARTESIAN_POINT('Ctrl Pts',(-4.10275897653238,13.8893862147462,4.05631024180889));
#6666=CARTESIAN_POINT('Ctrl Pts',(-4.10437287702953,13.8127322924497,4.06166119650206));
#6667=CARTESIAN_POINT('',(-4.29707523592563,14.1022624434389,3.83061529668056));
#6668=CARTESIAN_POINT('Ctrl Pts',(-4.10437287702953,13.8127322924497,4.06166119650206));
#6669=CARTESIAN_POINT('Ctrl Pts',(-4.10275897653238,13.8893862147462,4.05631024180889));
#6670=CARTESIAN_POINT('Ctrl Pts',(-4.14287083237483,14.0397411327932,4.00128832954404));
#6671=CARTESIAN_POINT('Ctrl Pts',(-4.24488156745676,14.1022624434414,3.88722464505254));
#6672=CARTESIAN_POINT('Ctrl Pts',(-4.29707523592906,14.1022624434389,3.83061529667709));
#6673=CARTESIAN_POINT('Origin',(-4.29707523592678,14.0022624434389,3.8306152966794));
#6674=CARTESIAN_POINT('Origin',(0.,14.0022624434389,0.));
#6675=CARTESIAN_POINT('',(-5.00857460513753,14.1022624434389,2.83771907685394));
#6676=CARTESIAN_POINT('Origin',(-5.00857460513753,14.0022624434389,2.83771907685394));
#6677=CARTESIAN_POINT('Origin',(0.,14.1022624434389,0.));
#6678=CARTESIAN_POINT('Ctrl Pts',(-5.20885679217819,13.8187446052229,2.71632749280955));
#6679=CARTESIAN_POINT('Ctrl Pts',(-5.20365642887553,13.8698472231123,2.71575020897704));
#6680=CARTESIAN_POINT('Ctrl Pts',(-5.17416046834635,13.9700832283796,2.75204722459167));
#6681=CARTESIAN_POINT('Ctrl Pts',(-5.12094672318828,14.0117647058823,2.8413245387316));
#6682=CARTESIAN_POINT('Ctrl Pts',(-5.09518665821938,14.0117647058823,2.88679105734591));
#6683=CARTESIAN_POINT('Ctrl Pts',(-5.2226973045307,13.8198317940118,2.68956235004661));
#6684=CARTESIAN_POINT('Ctrl Pts',(-5.21649483950287,13.8785850888951,2.68930641979105));
#6685=CARTESIAN_POINT('Ctrl Pts',(-5.182640728554,13.9930441977121,2.73166186245902));
#6686=CARTESIAN_POINT('Ctrl Pts',(-5.12217679848239,14.0399944877092,2.83370440817647));
#6687=CARTESIAN_POINT('Ctrl Pts',(-5.09286288814114,14.0397447641847,2.88547447384638));
#6688=CARTESIAN_POINT('Ctrl Pts',(-5.22413278124766,13.8192890493303,2.63148393864051));
#6689=CARTESIAN_POINT('Ctrl Pts',(-5.2170208571845,13.8912623406247,2.63212433891137));
#6690=CARTESIAN_POINT('Ctrl Pts',(-5.17687465912955,14.0305095435007,2.68544758541345));
#6691=CARTESIAN_POINT('Ctrl Pts',(-5.10475066814771,14.0868350267466,2.80971838001178));
#6692=CARTESIAN_POINT('Ctrl Pts',(-5.06977849111809,14.086220171093,2.87239549649766));
#6693=CARTESIAN_POINT('Ctrl Pts',(-5.18550181833763,13.8148908555967,2.59114024267792));
#6694=CARTESIAN_POINT('Ctrl Pts',(-5.17935568947604,13.8915840688125,2.59167641910761));
#6695=CARTESIAN_POINT('Ctrl Pts',(-5.13920185315276,14.0411026114518,2.64797031560518));
#6696=CARTESIAN_POINT('Ctrl Pts',(-5.06374881093197,14.1025367078952,2.78085142256765));
#6697=CARTESIAN_POINT('Ctrl Pts',(-5.02691579039797,14.1022624434389,2.84811068233233));
#6698=CARTESIAN_POINT('Ctrl Pts',(-5.16541678576612,13.8127322924497,2.58097613669554));
#6699=CARTESIAN_POINT('Ctrl Pts',(-5.15983103390208,13.8893862192838,2.58116789371557));
#6700=CARTESIAN_POINT('Ctrl Pts',(-5.12062312232498,14.0397402271848,2.63683646305182));
#6701=CARTESIAN_POINT('Ctrl Pts',(-5.04540260001953,14.1022624434389,2.77009883693291));
#6702=CARTESIAN_POINT('Ctrl Pts',(-5.00857460513754,14.1022624434389,2.83771907685395));
#6703=CARTESIAN_POINT('',(-5.16541678576611,13.8127322924497,2.58097613669554));
#6704=CARTESIAN_POINT('Ctrl Pts',(-5.00857460513754,14.1022624434389,2.83771907685395));
#6705=CARTESIAN_POINT('Ctrl Pts',(-5.04540260001953,14.1022624434389,2.77009883693291));
#6706=CARTESIAN_POINT('Ctrl Pts',(-5.12062312232498,14.0397402271848,2.63683646305182));
#6707=CARTESIAN_POINT('Ctrl Pts',(-5.15983103390208,13.8893862192838,2.58116789371557));
#6708=CARTESIAN_POINT('Ctrl Pts',(-5.16541678576612,13.8127322924497,2.58097613669554));
#6709=CARTESIAN_POINT('Origin',(-5.12059018816128,13.8092423427794,2.67029800634947));
#6710=CARTESIAN_POINT('Ctrl Pts',(-5.16541678576612,13.8127322924497,2.58097613669554));
#6711=CARTESIAN_POINT('Ctrl Pts',(-5.45099592228514,10.9983945906032,2.61433464244656));
#6712=CARTESIAN_POINT('Ctrl Pts',(-5.73420066098659,8.18380207301766,2.6464915894971));
#6713=CARTESIAN_POINT('Ctrl Pts',(-6.01580535556292,5.3690407914973,2.67783895304848));
#6714=CARTESIAN_POINT('Ctrl Pts',(-5.1921968291948,13.8156103766457,2.59452827800537));
#6715=CARTESIAN_POINT('Ctrl Pts',(-5.47746627438164,11.0012200916176,2.62774515526014));
#6716=CARTESIAN_POINT('Ctrl Pts',(-5.76043701310072,8.18658741739942,2.65975601204355));
#6717=CARTESIAN_POINT('Ctrl Pts',(-6.04180375240415,5.3717883203645,2.69099372035898));
#6718=CARTESIAN_POINT('Ctrl Pts',(-5.22711704453357,13.8197020698919,2.64078099793099));
#6719=CARTESIAN_POINT('Ctrl Pts',(-5.51218420625225,11.005248330251,2.67319737457807));
#6720=CARTESIAN_POINT('Ctrl Pts',(-5.79492695930195,8.19055892274041,2.70455666974658));
#6721=CARTESIAN_POINT('Ctrl Pts',(-6.07612620469879,5.37571435412524,2.73519150821614));
#6722=CARTESIAN_POINT('Ctrl Pts',(-5.21923717644257,13.8195599968146,2.69625363573735));
#6723=CARTESIAN_POINT('Ctrl Pts',(-5.5051632803456,11.0051748112648,2.72808100410484));
#6724=CARTESIAN_POINT('Ctrl Pts',(-5.78863825305653,8.19054366185821,2.75892465725896));
#6725=CARTESIAN_POINT('Ctrl Pts',(-6.07046304130657,5.37574798261613,2.78908534106587));
#6726=CARTESIAN_POINT('Ctrl Pts',(-5.20885679217819,13.8187446052228,2.71632749280955));
#6727=CARTESIAN_POINT('Ctrl Pts',(-5.49525265819119,11.0044069033764,2.748119829907));
#6728=CARTESIAN_POINT('Ctrl Pts',(-5.77912165706081,8.18981438579085,2.77890555145685));
#6729=CARTESIAN_POINT('Ctrl Pts',(-6.06129856745995,5.37505310427049,2.80901818788469));
#6730=CARTESIAN_POINT('',(-6.01580535556292,5.3690407914973,2.67783895304848));
#6731=CARTESIAN_POINT('Origin',(-5.97097875795809,5.36555084182705,2.76716082270241));
#6732=CARTESIAN_POINT('Ctrl Pts',(-5.16541678576612,13.8127322924497,2.58097613669554));
#6733=CARTESIAN_POINT('Ctrl Pts',(-5.45099592228514,10.9983945906032,2.61433464244656));
#6734=CARTESIAN_POINT('Ctrl Pts',(-5.73420066098659,8.18380207301766,2.6464915894971));
#6735=CARTESIAN_POINT('Ctrl Pts',(-6.01580535556292,5.3690407914973,2.67783895304848));
#6736=CARTESIAN_POINT('Ctrl Pts',(-6.42890579114232,4.59942875496872,2.07214653244866));
#6737=CARTESIAN_POINT('Ctrl Pts',(-6.37356468922391,4.59942875496863,2.24384420201024));
#6738=CARTESIAN_POINT('Ctrl Pts',(-6.21226012138291,4.73747091647346,2.63530379450361));
#6739=CARTESIAN_POINT('Ctrl Pts',(-6.08493642712077,5.13926155046421,2.81154071275354));
#6740=CARTESIAN_POINT('Ctrl Pts',(-6.06129856745995,5.37505310427048,2.80901818788469));
#6741=CARTESIAN_POINT('Ctrl Pts',(-6.42619980840443,4.62921330070411,2.0712743478298));
#6742=CARTESIAN_POINT('Ctrl Pts',(-6.37288943798395,4.62855067853798,2.23679020570764));
#6743=CARTESIAN_POINT('Ctrl Pts',(-6.21786376058282,4.76121678207127,2.61496339129998));
#6744=CARTESIAN_POINT('Ctrl Pts',(-6.09624874470897,5.14884936491276,2.78487243205087));
#6745=CARTESIAN_POINT('Ctrl Pts',(-6.07351786592211,5.37597960873134,2.78244105879293));
#6746=CARTESIAN_POINT('Ctrl Pts',(-6.39773700773678,4.6784171244596,2.06210029930224));
#6747=CARTESIAN_POINT('Ctrl Pts',(-6.34929033224016,4.67681677828373,2.216712632667));
#6748=CARTESIAN_POINT('Ctrl Pts',(-6.20665022308235,4.80023669898696,2.57087924561668));
#6749=CARTESIAN_POINT('Ctrl Pts',(-6.09426796472702,5.16308496522543,2.72865887001647));
#6750=CARTESIAN_POINT('Ctrl Pts',(-6.07307221380651,5.37531028501208,2.72634419568691));
#6751=CARTESIAN_POINT('Ctrl Pts',(-6.34637548667678,4.69160630654356,2.04554560069204));
#6752=CARTESIAN_POINT('Ctrl Pts',(-6.30116770458508,4.69111615850489,2.19554316114503));
#6753=CARTESIAN_POINT('Ctrl Pts',(-6.1656313501819,4.81203462541407,2.53756858561471));
#6754=CARTESIAN_POINT('Ctrl Pts',(-6.05595068081712,5.16458125615253,2.68999769455342));
#6755=CARTESIAN_POINT('Ctrl Pts',(-6.03530415319384,5.3711014381477,2.68770502853135));
#6756=CARTESIAN_POINT('Ctrl Pts',(-6.32511419373625,4.6894740038375,2.03869272154381));
#6757=CARTESIAN_POINT('Ctrl Pts',(-6.28046842181632,4.68979777689982,2.18826440499002));
#6758=CARTESIAN_POINT('Ctrl Pts',(-6.14623480835453,4.81111204422426,2.52821480742177));
#6759=CARTESIAN_POINT('Ctrl Pts',(-6.03644613204133,5.16272313877098,2.68013645933831));
#6760=CARTESIAN_POINT('Ctrl Pts',(-6.01580535556292,5.3690407914973,2.67783895304848));
#6761=CARTESIAN_POINT('',(-6.32511419373617,4.6894740038375,2.03869272154396));
#6762=CARTESIAN_POINT('Ctrl Pts',(-6.01580535556292,5.3690407914973,2.67783895304848));
#6763=CARTESIAN_POINT('Ctrl Pts',(-6.03644613204133,5.16272313877098,2.68013645933831));
#6764=CARTESIAN_POINT('Ctrl Pts',(-6.14623480835453,4.81111204422426,2.52821480742177));
#6765=CARTESIAN_POINT('Ctrl Pts',(-6.28046842181632,4.68979777689982,2.18826440499002));
#6766=CARTESIAN_POINT('Ctrl Pts',(-6.32511419373625,4.6894740038375,2.03869272154381));
#6767=CARTESIAN_POINT('Origin',(-6.33415827483805,4.58992649252528,2.04160778390477));
#6768=CARTESIAN_POINT('Origin',(0.,4.58992649252528,0.));
#6769=CARTESIAN_POINT('',(-6.350576328199,4.68947400383761,1.95793714822661));
#6770=CARTESIAN_POINT('Origin',(-6.35965681680245,4.58992649252528,1.96073674074262));
#6771=CARTESIAN_POINT('Origin',(0.,4.6894740038375,-2.77555756156289E-16));
#6772=CARTESIAN_POINT('Ctrl Pts',(-6.57631175443293,5.37505310427049,1.17560504093268));
#6773=CARTESIAN_POINT('Ctrl Pts',(-6.5919191458811,5.19820949521065,1.18422387911712));
#6774=CARTESIAN_POINT('Ctrl Pts',(-6.60499886657499,4.78951252691866,1.34823995356981));
#6775=CARTESIAN_POINT('Ctrl Pts',(-6.52565100336585,4.59942875496881,1.76021407964246));
#6776=CARTESIAN_POINT('Ctrl Pts',(-6.45478574503487,4.59942875496872,1.99006580519764));
#6777=CARTESIAN_POINT('Ctrl Pts',(-6.57107720275509,5.37597960873135,1.20438445222616));
#6778=CARTESIAN_POINT('Ctrl Pts',(-6.58608816615323,5.20563198009441,1.21266912364515));
#6779=CARTESIAN_POINT('Ctrl Pts',(-6.59800277725011,4.81155730486587,1.37016576788723));
#6780=CARTESIAN_POINT('Ctrl Pts',(-6.52042444345058,4.62832980476405,1.76768127209525));
#6781=CARTESIAN_POINT('Ctrl Pts',(-6.45206886919779,4.62921330070411,1.98922816907557));
#6782=CARTESIAN_POINT('Ctrl Pts',(-6.5385376674932,5.3753105163413,1.25008299986081));
#6783=CARTESIAN_POINT('Ctrl Pts',(-6.55255530204347,5.21614157716979,1.25777898221332));
#6784=CARTESIAN_POINT('Ctrl Pts',(-6.56338646066914,4.84748481092559,1.40357911905429));
#6785=CARTESIAN_POINT('Ctrl Pts',(-6.48882210758526,4.67628574081354,1.77449956170987));
#6786=CARTESIAN_POINT('Ctrl Pts',(-6.42349306449462,4.67841953503527,1.98041800340286));
#6787=CARTESIAN_POINT('Ctrl Pts',(-6.48543600722238,5.3711014381477,1.26006917991633));
#6788=CARTESIAN_POINT('Ctrl Pts',(-6.49910675125812,5.21621135095771,1.26754241729611));
#6789=CARTESIAN_POINT('Ctrl Pts',(-6.51033746619959,4.85783865942638,1.40905280407762));
#6790=CARTESIAN_POINT('Ctrl Pts',(-6.43726054773362,4.69095277603356,1.76611740228259));
#6791=CARTESIAN_POINT('Ctrl Pts',(-6.37192320977554,4.69160630654356,1.96451857489985));
#6792=CARTESIAN_POINT('Ctrl Pts',(-6.4638045788656,5.3690407914973,1.25696694495896));
#6793=CARTESIAN_POINT('Ctrl Pts',(-6.47747387180289,5.2143026012106,1.26443473461317));
#6794=CARTESIAN_POINT('Ctrl Pts',(-6.48897003960431,4.85666618841305,1.40586347723362));
#6795=CARTESIAN_POINT('Ctrl Pts',(-6.41620179775184,4.68990570111669,1.76043092707383));
#6796=CARTESIAN_POINT('Ctrl Pts',(-6.35057632819849,4.6894740038375,1.95793714822635));
#6797=CARTESIAN_POINT('',(-6.4638045788656,5.3690407914973,1.25696694495896));
#6798=CARTESIAN_POINT('Ctrl Pts',(-6.35057632819849,4.6894740038375,1.95793714822635));
#6799=CARTESIAN_POINT('Ctrl Pts',(-6.41620179775184,4.68990570111669,1.76043092707383));
#6800=CARTESIAN_POINT('Ctrl Pts',(-6.48897003960431,4.85666618841305,1.40586347723362));
#6801=CARTESIAN_POINT('Ctrl Pts',(-6.47747387180289,5.2143026012106,1.26443473461317));
#6802=CARTESIAN_POINT('Ctrl Pts',(-6.4638045788656,5.3690407914973,1.25696694495896));
#6803=CARTESIAN_POINT('Origin',(-6.47831769948339,5.36555084182705,1.15808727272431));
#6804=CARTESIAN_POINT('Ctrl Pts',(-6.4638045788656,5.3690407914973,1.25696694495896));
#6805=CARTESIAN_POINT('Ctrl Pts',(-6.21514740854721,8.18380207301765,1.12112338472033));
#6806=CARTESIAN_POINT('Ctrl Pts',(-5.96471520079441,10.9983945906032,0.985025248852757));
#6807=CARTESIAN_POINT('Ctrl Pts',(-5.71164881445791,13.8127322924496,0.848549473612345));
#6808=CARTESIAN_POINT('Ctrl Pts',(-6.49264648334131,5.3717883203645,1.26110325823545));
#6809=CARTESIAN_POINT('Ctrl Pts',(-6.24424713023064,8.18658741739942,1.12530635922356));
#6810=CARTESIAN_POINT('Ctrl Pts',(-5.99409039797657,11.0012200916176,0.989222770091019));
#6811=CARTESIAN_POINT('Ctrl Pts',(-5.74135893069608,13.8156103766457,0.85280861122905));
#6812=CARTESIAN_POINT('Ctrl Pts',(-6.5461138384209,5.37571453294591,1.24458653813933));
#6813=CARTESIAN_POINT('Ctrl Pts',(-6.298197480224,8.19055910156108,1.10839186761882));
#6814=CARTESIAN_POINT('Ctrl Pts',(-6.04860141331771,11.0052485349986,0.971905452714119));
#6815=CARTESIAN_POINT('Ctrl Pts',(-5.79649479523955,13.8197022746395,0.834951587173706));
#6816=CARTESIAN_POINT('Ctrl Pts',(-6.57238584067455,5.37574798261613,1.19718959940279));
#6817=CARTESIAN_POINT('Ctrl Pts',(-6.32422903171234,8.19054366185821,1.06024772748053));
#6818=CARTESIAN_POINT('Ctrl Pts',(-6.07432873565123,11.0051748112648,0.922918804372814));
#6819=CARTESIAN_POINT('Ctrl Pts',(-5.82185635459682,13.8195599968146,0.784989782498951));
#6820=CARTESIAN_POINT('Ctrl Pts',(-6.57631175443293,5.37505310427049,1.17560504093268));
#6821=CARTESIAN_POINT('Ctrl Pts',(-6.32789406273691,8.18981438579084,1.03842184193418));
#6822=CARTESIAN_POINT('Ctrl Pts',(-6.07770422754553,11.0044069033764,0.900819459914473));
#6823=CARTESIAN_POINT('Ctrl Pts',(-5.82486713300944,13.8187446052228,0.762592297627171));
#6824=CARTESIAN_POINT('',(-5.71164881445791,13.8127322924497,0.848549473612344));
#6825=CARTESIAN_POINT('Origin',(-5.7261619350757,13.8092423427794,0.749669801377691));
#6826=CARTESIAN_POINT('Ctrl Pts',(-6.4638045788656,5.3690407914973,1.25696694495896));
#6827=CARTESIAN_POINT('Ctrl Pts',(-6.21514740854721,8.18380207301765,1.12112338472033));
#6828=CARTESIAN_POINT('Ctrl Pts',(-5.96471520079441,10.9983945906032,0.985025248852757));
#6829=CARTESIAN_POINT('Ctrl Pts',(-5.71164881445791,13.8127322924496,0.848549473612345));
#6830=CARTESIAN_POINT('Ctrl Pts',(-5.82952789427799,14.0117647058824,0.557758209893736));
#6831=CARTESIAN_POINT('Ctrl Pts',(-5.8245507807473,14.0117647058852,0.609777564596043));
#6832=CARTESIAN_POINT('Ctrl Pts',(-5.81693359514913,13.9700837861961,0.713430756537644));
#6833=CARTESIAN_POINT('Ctrl Pts',(-5.82027612866087,13.8698472199369,0.760082375163796));
#6834=CARTESIAN_POINT('Ctrl Pts',(-5.82486713300944,13.8187446052228,0.76259229762717));
#6835=CARTESIAN_POINT('Ctrl Pts',(-5.82686921199627,14.0397447641847,0.557503832196945));
#6836=CARTESIAN_POINT('Ctrl Pts',(-5.82118767215467,14.0399944876968,0.61672515187261));
#6837=CARTESIAN_POINT('Ctrl Pts',(-5.81218765800493,13.9930448400643,0.734993453545034));
#6838=CARTESIAN_POINT('Ctrl Pts',(-5.81562520464632,13.8785850852443,0.789107669002364));
#6839=CARTESIAN_POINT('Ctrl Pts',(-5.82085276179261,13.8198317940118,0.792455610789543));
#6840=CARTESIAN_POINT('Ctrl Pts',(-5.80045890086909,14.0862216319413,0.554976943546647));
#6841=CARTESIAN_POINT('Ctrl Pts',(-5.793156314515,14.0868364875606,0.626378243881545));
#6842=CARTESIAN_POINT('Ctrl Pts',(-5.78095816120386,14.0305111400576,0.769543599451939));
#6843=CARTESIAN_POINT('Ctrl Pts',(-5.78325905796639,13.8912625481054,0.836252235072325));
#6844=CARTESIAN_POINT('Ctrl Pts',(-5.78871748625719,13.8192892612833,0.840856052037048));
#6845=CARTESIAN_POINT('Ctrl Pts',(-5.75141752168042,14.1022624434389,0.550284757083237));
#6846=CARTESIAN_POINT('Ctrl Pts',(-5.74301103974294,14.1025367078822,0.626506865138524));
#6847=CARTESIAN_POINT('Ctrl Pts',(-5.72860115408967,14.0411034445565,0.778633825818047));
#6848=CARTESIAN_POINT('Ctrl Pts',(-5.72920432607463,13.891584064047,0.847779342362949));
#6849=CARTESIAN_POINT('Ctrl Pts',(-5.73393140163653,13.8148908555967,0.851743826824873));
#6850=CARTESIAN_POINT('Ctrl Pts',(-5.73043292224144,14.1022624434389,0.548276990274101));
#6851=CARTESIAN_POINT('Ctrl Pts',(-5.72181527383228,14.1022624434431,0.624791913348684));
#6852=CARTESIAN_POINT('Ctrl Pts',(-5.70699623590007,14.0397410639096,0.77709782053701));
#6853=CARTESIAN_POINT('Ctrl Pts',(-5.70718322198526,13.8893862145208,0.845188540017702));
#6854=CARTESIAN_POINT('Ctrl Pts',(-5.71164881445791,13.8127322924497,0.848549473612344));
#6855=CARTESIAN_POINT('',(-5.73043292224025,14.1022624434389,0.548276990282187));
#6856=CARTESIAN_POINT('Ctrl Pts',(-5.71164881445791,13.8127322924497,0.848549473612344));
#6857=CARTESIAN_POINT('Ctrl Pts',(-5.70718322198526,13.8893862145208,0.845188540017702));
#6858=CARTESIAN_POINT('Ctrl Pts',(-5.70699623590007,14.0397410639096,0.77709782053701));
#6859=CARTESIAN_POINT('Ctrl Pts',(-5.72181527383228,14.1022624434431,0.624791913348684));
#6860=CARTESIAN_POINT('Ctrl Pts',(-5.73043292224144,14.1022624434389,0.548276990274101));
#6861=CARTESIAN_POINT('Origin',(-5.73043292224065,14.0022624434389,0.548276990279492));
#6862=CARTESIAN_POINT('Origin',(0.,14.0022624434389,0.));
#6863=CARTESIAN_POINT('',(-5.71710863487343,14.1022624434389,-0.673155250610878));
#6864=CARTESIAN_POINT('Origin',(-5.71710863487343,14.0022624434389,-0.673155250610878));
#6865=CARTESIAN_POINT('Origin',(0.,14.1022624434389,0.));
#6866=CARTESIAN_POINT('Ctrl Pts',(-5.80684510906767,13.8187446052229,-0.889479628159461));
#6867=CARTESIAN_POINT('Ctrl Pts',(-5.80230995062615,13.8698472232909,-0.886870150586342));
#6868=CARTESIAN_POINT('Ctrl Pts',(-5.79998587661249,13.9700831889876,-0.840157329459253));
#6869=CARTESIAN_POINT('Ctrl Pts',(-5.80986246751928,14.0117647058823,-0.736694363125589));
#6870=CARTESIAN_POINT('Ctrl Pts',(-5.81597319327503,14.0117647058823,-0.68479595937429));
#6871=CARTESIAN_POINT('Ctrl Pts',(-5.8021802284191,13.8198317940118,-0.919248261615417));
#6872=CARTESIAN_POINT('Ctrl Pts',(-5.79702694991682,13.8785850891004,-0.915787077762398));
#6873=CARTESIAN_POINT('Ctrl Pts',(-5.79477067261486,13.9930441611488,-0.86161145316623));
#6874=CARTESIAN_POINT('Ctrl Pts',(-5.80634859838101,14.0399944877101,-0.74356693171032));
#6875=CARTESIAN_POINT('Ctrl Pts',(-5.81332069290772,14.0397447641847,-0.684483643365704));
#6876=CARTESIAN_POINT('Ctrl Pts',(-5.76899665795549,13.8192892451914,-0.966936000886927));
#6877=CARTESIAN_POINT('Ctrl Pts',(-5.76363996000904,13.8912625367373,-0.962214204210434));
#6878=CARTESIAN_POINT('Ctrl Pts',(-5.76279478927719,14.0305102573983,-0.895472177603305));
#6879=CARTESIAN_POINT('Ctrl Pts',(-5.77811324591627,14.0868363766868,-0.752606216572708));
#6880=CARTESIAN_POINT('Ctrl Pts',(-5.78697170619192,14.086221521031,-0.681381208220808));
#6881=CARTESIAN_POINT('Ctrl Pts',(-5.7139861875762,13.8148908555967,-0.976626189181998));
#6882=CARTESIAN_POINT('Ctrl Pts',(-5.70934672139853,13.8915840690805,-0.972559527283179));
#6883=CARTESIAN_POINT('Ctrl Pts',(-5.71025201274741,14.0411025578137,-0.903418209024971));
#6884=CARTESIAN_POINT('Ctrl Pts',(-5.72797718273663,14.1025367078961,-0.751640904060139));
#6885=CARTESIAN_POINT('Ctrl Pts',(-5.73804444134394,14.1022624434389,-0.675620316250077));
#6886=CARTESIAN_POINT('Ctrl Pts',(-5.691778587498,13.8127322924497,-0.972946504061455));
#6887=CARTESIAN_POINT('Ctrl Pts',(-5.68738737580721,13.8893862195517,-0.969488953664665));
#6888=CARTESIAN_POINT('Ctrl Pts',(-5.68868574137464,14.0397401680968,-0.901411256863971));
#6889=CARTESIAN_POINT('Ctrl Pts',(-5.7068238723061,14.1022624434389,-0.749463977204771));
#6890=CARTESIAN_POINT('Ctrl Pts',(-5.71710863487344,14.1022624434389,-0.673155250610878));
#6891=CARTESIAN_POINT('',(-5.691778587498,13.8127322924497,-0.972946504061455));
#6892=CARTESIAN_POINT('Ctrl Pts',(-5.71710863487344,14.1022624434389,-0.673155250610878));
#6893=CARTESIAN_POINT('Ctrl Pts',(-5.7068238723061,14.1022624434389,-0.749463977204771));
#6894=CARTESIAN_POINT('Ctrl Pts',(-5.68868574137464,14.0397401680968,-0.901411256863971));
#6895=CARTESIAN_POINT('Ctrl Pts',(-5.68738737580721,13.8893862195517,-0.969488953664665));
#6896=CARTESIAN_POINT('Ctrl Pts',(-5.691778587498,13.8127322924497,-0.972946504061455));
#6897=CARTESIAN_POINT('Origin',(-5.70844530306816,13.8092423427794,-0.874406964568911));
#6898=CARTESIAN_POINT('Ctrl Pts',(-5.69177858749801,13.8127322924497,-0.972946504061455));
#6899=CARTESIAN_POINT('Ctrl Pts',(-5.94180754754071,10.9983945906032,-1.11491041588716));
#6900=CARTESIAN_POINT('Ctrl Pts',(-6.18921119402238,8.18380207301766,-1.25643931390499));
#6901=CARTESIAN_POINT('Ctrl Pts',(-6.43484577901854,5.3690407914973,-1.39767497463844));
#6902=CARTESIAN_POINT('Ctrl Pts',(-5.7213887209356,13.8156103766457,-0.977852750888844));
#6903=CARTESIAN_POINT('Ctrl Pts',(-5.97108418577817,11.0012200916176,-1.11974775477843));
#6904=CARTESIAN_POINT('Ctrl Pts',(-6.21821273965217,8.18658741739942,-1.26125610005663));
#6905=CARTESIAN_POINT('Ctrl Pts',(-6.46359058670343,5.3717883203645,-1.40243948641469));
#6906=CARTESIAN_POINT('Ctrl Pts',(-5.77690089522892,13.8197022572568,-0.96120262267863));
#6907=CARTESIAN_POINT('Ctrl Pts',(-6.0259598859272,11.0052485176159,-1.10362357379757));
#6908=CARTESIAN_POINT('Ctrl Pts',(-6.27251913615811,8.19055908637949,-1.24552242995087));
#6909=CARTESIAN_POINT('Ctrl Pts',(-6.51740542589559,5.37571451776431,-1.38709295668019));
#6910=CARTESIAN_POINT('Ctrl Pts',(-5.80334644858124,13.8195599968146,-0.911806103251428));
#6911=CARTESIAN_POINT('Ctrl Pts',(-6.05274984229079,11.0051748112648,-1.0552099577203));
#6912=CARTESIAN_POINT('Ctrl Pts',(-6.2995948541792,8.19054366185821,-1.19795774649184));
#6913=CARTESIAN_POINT('Ctrl Pts',(-6.54470523734854,5.37574798261613,-1.34028054221501));
#6914=CARTESIAN_POINT('Ctrl Pts',(-5.80684510906767,13.8187446052228,-0.889479628159462));
#6915=CARTESIAN_POINT('Ctrl Pts',(-6.05660662556812,11.0044069033764,-1.0331895082751));
#6916=CARTESIAN_POINT('Ctrl Pts',(-6.3037351422096,8.18981438579085,-1.17621700714566));
#6917=CARTESIAN_POINT('Ctrl Pts',(-6.5491010815073,5.37505310427049,-1.3187867636426));
#6918=CARTESIAN_POINT('',(-6.43484577901854,5.3690407914973,-1.39767497463844));
#6919=CARTESIAN_POINT('Origin',(-6.4515124945887,5.36555084182705,-1.29913543514589));
#6920=CARTESIAN_POINT('Ctrl Pts',(-5.69177858749801,13.8127322924497,-0.972946504061455));
#6921=CARTESIAN_POINT('Ctrl Pts',(-5.94180754754071,10.9983945906032,-1.11491041588716));
#6922=CARTESIAN_POINT('Ctrl Pts',(-6.18921119402238,8.18380207301766,-1.25643931390499));
#6923=CARTESIAN_POINT('Ctrl Pts',(-6.43484577901854,5.3690407914973,-1.39767497463844));
#6924=CARTESIAN_POINT('Ctrl Pts',(-6.40983662407073,4.59942875496872,-2.13040263237817));
#6925=CARTESIAN_POINT('Ctrl Pts',(-6.46673357964771,4.59942875496863,-1.95921424567951));
#6926=CARTESIAN_POINT('Ctrl Pts',(-6.56812406823786,4.73747126459728,-1.54814304077881));
#6927=CARTESIAN_POINT('Ctrl Pts',(-6.56965529918039,5.13926155046421,-1.33072978155709));
#6928=CARTESIAN_POINT('Ctrl Pts',(-6.5491010815073,5.37505310427048,-1.3187867636426));
#6929=CARTESIAN_POINT('Ctrl Pts',(-6.40713866771224,4.62921330070411,-2.12950592725675));
#6930=CARTESIAN_POINT('Ctrl Pts',(-6.46201793085547,4.62855067853798,-1.964503620363));
#6931=CARTESIAN_POINT('Ctrl Pts',(-6.56061559367444,4.76121712436722,-1.56785993875538));
#6932=CARTESIAN_POINT('Ctrl Pts',(-6.56300884497639,5.14884936491277,-1.3589253551701));
#6933=CARTESIAN_POINT('Ctrl Pts',(-6.54323995596228,5.37597960873134,-1.34744513507248));
#6934=CARTESIAN_POINT('Ctrl Pts',(-6.37876168635925,4.67841927348408,-2.12007442387857));
#6935=CARTESIAN_POINT('Ctrl Pts',(-6.43111589078489,4.6768189273082,-1.96674115523106));
#6936=CARTESIAN_POINT('Ctrl Pts',(-6.52550646094362,4.80023849400945,-1.59678170927263));
#6937=CARTESIAN_POINT('Ctrl Pts',(-6.52817300177264,5.16308517145511,-1.4030893038194));
#6938=CARTESIAN_POINT('Ctrl Pts',(-6.50971111354552,5.37531049124171,-1.39242270841951));
#6939=CARTESIAN_POINT('Ctrl Pts',(-6.3275511177428,4.69160630654356,-2.10305384494892));
#6940=CARTESIAN_POINT('Ctrl Pts',(-6.37978855053089,4.69111615850489,-1.95535732393639));
#6941=CARTESIAN_POINT('Ctrl Pts',(-6.47272878502375,4.81203493983983,-1.59938902149899));
#6942=CARTESIAN_POINT('Ctrl Pts',(-6.47441034112018,5.16458125615259,-1.41160794131659));
#6943=CARTESIAN_POINT('Ctrl Pts',(-6.45640438478221,5.3711014381477,-1.40124835847063));
#6944=CARTESIAN_POINT('Ctrl Pts',(-6.30635288921173,4.6894740038375,-2.0960083047093));
#6945=CARTESIAN_POINT('Ctrl Pts',(-6.35879172688727,4.68979777689982,-1.94898755194799));
#6946=CARTESIAN_POINT('Ctrl Pts',(-6.45155557008315,4.81111234795216,-1.59546294045292));
#6947=CARTESIAN_POINT('Ctrl Pts',(-6.45284995947379,5.16272313877104,-1.40802725336912));
#6948=CARTESIAN_POINT('Ctrl Pts',(-6.43484577901854,5.3690407914973,-1.39767497463844));
#6949=CARTESIAN_POINT('',(-6.30635288921176,4.6894740038375,-2.09600830470912));
#6950=CARTESIAN_POINT('Ctrl Pts',(-6.43484577901854,5.3690407914973,-1.39767497463844));
#6951=CARTESIAN_POINT('Ctrl Pts',(-6.45284995947379,5.16272313877104,-1.40802725336912));
#6952=CARTESIAN_POINT('Ctrl Pts',(-6.45155557008315,4.81111234795216,-1.59546294045292));
#6953=CARTESIAN_POINT('Ctrl Pts',(-6.35879172688727,4.68979777689982,-1.94898755194799));
#6954=CARTESIAN_POINT('Ctrl Pts',(-6.30635288921173,4.6894740038375,-2.0960083047093));
#6955=CARTESIAN_POINT('Origin',(-6.31537014411645,4.58992649252528,-2.09900532081327));
#6956=CARTESIAN_POINT('Origin',(0.,4.58992649252528,0.));
#6957=CARTESIAN_POINT('',(-6.27913514050314,4.68947400383815,-2.17618920685301));
#6958=CARTESIAN_POINT('Origin',(-6.28811347760503,4.58992649252528,-2.17930087109648));
#6959=CARTESIAN_POINT('Origin',(0.,4.6894740038375,0.));
#6960=CARTESIAN_POINT('Ctrl Pts',(-5.99857773371162,5.37505310427049,-2.94057624903322));
#6961=CARTESIAN_POINT('Ctrl Pts',(-6.01626063250781,5.19820949521088,-2.94285443463341));
#6962=CARTESIAN_POINT('Ctrl Pts',(-6.12379288373701,4.78951222817332,-2.81831902928733));
#6963=CARTESIAN_POINT('Ctrl Pts',(-6.30340760947455,4.59942875496927,-2.43916525326163));
#6964=CARTESIAN_POINT('Ctrl Pts',(-6.38217224727731,4.59942875496872,-2.21189925842152));
#6965=CARTESIAN_POINT('Ctrl Pts',(-6.01137390132732,5.37597960873135,-2.91427200716963));
#6966=CARTESIAN_POINT('Ctrl Pts',(-6.02837821790816,5.20563198009462,-2.91646700609421));
#6967=CARTESIAN_POINT('Ctrl Pts',(-6.13111589216912,4.8115570040459,-2.7965002265319));
#6968=CARTESIAN_POINT('Ctrl Pts',(-6.30360810137554,4.62832980476449,-2.43005286089335));
#6969=CARTESIAN_POINT('Ctrl Pts',(-6.37948593509725,4.62921330070411,-2.21096825065658));
#6970=CARTESIAN_POINT('Ctrl Pts',(-6.01215195415563,5.37531027111424,-2.85817883500435));
#6971=CARTESIAN_POINT('Ctrl Pts',(-6.02800710852195,5.21614133194293,-2.86026121411844));
#6972=CARTESIAN_POINT('Ctrl Pts',(-6.12295510247109,4.84748348609357,-2.74908574830333));
#6973=CARTESIAN_POINT('Ctrl Pts',(-6.28215263803112,4.67628318541514,-2.40586694988054));
#6974=CARTESIAN_POINT('Ctrl Pts',(-6.35122994507778,4.67841697963644,-2.20117544016051));
#6975=CARTESIAN_POINT('Ctrl Pts',(-5.97523593803664,5.3711014381477,-2.81872489376791));
#6976=CARTESIAN_POINT('Ctrl Pts',(-5.99067963316775,5.21621135095791,-2.82078178465521));
#6977=CARTESIAN_POINT('Ctrl Pts',(-6.08341294329488,4.85783838755388,-2.71330260586302));
#6978=CARTESIAN_POINT('Ctrl Pts',(-6.2356162950958,4.69095277603396,-2.38213842133248));
#6979=CARTESIAN_POINT('Ctrl Pts',(-6.30024187905753,4.69160630654355,-2.18350426786225));
#6980=CARTESIAN_POINT('Ctrl Pts',(-5.95595700789394,5.3690407914973,-2.80843580211519));
#6981=CARTESIAN_POINT('Ctrl Pts',(-5.97139631150183,5.21430260121079,-2.81049622824288));
#6982=CARTESIAN_POINT('Ctrl Pts',(-6.06429542515478,4.85666592727634,-2.7032398439538));
#6983=CARTESIAN_POINT('Ctrl Pts',(-6.21527111214426,4.68990570111709,-2.37427200653517));
#6984=CARTESIAN_POINT('Ctrl Pts',(-6.27913514049975,4.6894740038375,-2.17618920685249));
#6985=CARTESIAN_POINT('',(-5.95595700789394,5.3690407914973,-2.80843580211519));
#6986=CARTESIAN_POINT('Ctrl Pts',(-6.27913514049975,4.6894740038375,-2.17618920685249));
#6987=CARTESIAN_POINT('Ctrl Pts',(-6.21527111214426,4.68990570111709,-2.37427200653517));
#6988=CARTESIAN_POINT('Ctrl Pts',(-6.06429542515478,4.85666592727634,-2.7032398439538));
#6989=CARTESIAN_POINT('Ctrl Pts',(-5.97139631150183,5.21430260121079,-2.81049622824288));
#6990=CARTESIAN_POINT('Ctrl Pts',(-5.95595700789394,5.3690407914973,-2.80843580211519));
#6991=CARTESIAN_POINT('Origin',(-5.90919253148786,5.36555084182705,-2.89675852850973));
#6992=CARTESIAN_POINT('Ctrl Pts',(-5.95595700789394,5.3690407914973,-2.80843580211519));
#6993=CARTESIAN_POINT('Ctrl Pts',(-5.6751031667411,8.18380207301765,-2.77095272435008));
#6994=CARTESIAN_POINT('Ctrl Pts',(-5.39266732320126,10.9983945906032,-2.73262535096612));
#6995=CARTESIAN_POINT('Ctrl Pts',(-5.10788385875116,13.8127322924497,-2.69304490760469));
#6996=CARTESIAN_POINT('Ctrl Pts',(-5.98166224808421,5.3717883203645,-2.82215459098548));
#6997=CARTESIAN_POINT('Ctrl Pts',(-5.701043913461,8.18658741739941,-2.78478633332827));
#6998=CARTESIAN_POINT('Ctrl Pts',(-5.4188388272755,11.0012200916176,-2.74661012012862));
#6999=CARTESIAN_POINT('Ctrl Pts',(-5.13436189085006,13.8156103766457,-2.7071780274405));
#7000=CARTESIAN_POINT('Ctrl Pts',(-6.01501229179382,5.37571434724893,-2.86709061775966));
#7001=CARTESIAN_POINT('Ctrl Pts',(-5.73454825968181,8.1905589158641,-2.83032874034192));
#7002=CARTESIAN_POINT('Ctrl Pts',(-5.45255688220578,11.0052483223777,-2.79280890705135));
#7003=CARTESIAN_POINT('Ctrl Pts',(-5.1682647182818,13.8197020620186,-2.75418153726406));
#7004=CARTESIAN_POINT('Ctrl Pts',(-6.00817485942339,5.37574798261613,-2.92084806763553));
#7005=CARTESIAN_POINT('Ctrl Pts',(-5.72707508969098,8.1905436618582,-2.88454658589905));
#7006=CARTESIAN_POINT('Ctrl Pts',(-5.44434042709468,11.0051748112648,-2.84752629875928));
#7007=CARTESIAN_POINT('Ctrl Pts',(-5.15917667624342,13.8195599968146,-2.80946905935855));
#7008=CARTESIAN_POINT('Ctrl Pts',(-5.99857773371162,5.37505310427049,-2.94057624903322));
#7009=CARTESIAN_POINT('Ctrl Pts',(-5.71712487747758,8.18981438579084,-2.90431512173764));
#7010=CARTESIAN_POINT('Ctrl Pts',(-5.43399501871886,11.0044069033764,-2.86734415678063));
#7011=CARTESIAN_POINT('Ctrl Pts',(-5.14836085334516,13.8187446052228,-2.82931169250703));
#7012=CARTESIAN_POINT('',(-5.10788385875116,13.8127322924497,-2.69304490760469));
#7013=CARTESIAN_POINT('Origin',(-5.06111938234508,13.8092423427794,-2.78136763399923));
#7014=CARTESIAN_POINT('Ctrl Pts',(-5.95595700789394,5.3690407914973,-2.80843580211519));
#7015=CARTESIAN_POINT('Ctrl Pts',(-5.6751031667411,8.18380207301765,-2.77095272435008));
#7016=CARTESIAN_POINT('Ctrl Pts',(-5.39266732320126,10.9983945906032,-2.73262535096612));
#7017=CARTESIAN_POINT('Ctrl Pts',(-5.10788385875116,13.8127322924497,-2.69304490760469));
#7018=CARTESIAN_POINT('Ctrl Pts',(-5.03099912673342,14.0117647058823,-2.99725499043318));
#7019=CARTESIAN_POINT('Ctrl Pts',(-5.05774490678731,14.0117647058842,-2.95236124714961));
#7020=CARTESIAN_POINT('Ctrl Pts',(-5.11289322010784,13.970083829584,-2.86426653481423));
#7021=CARTESIAN_POINT('Ctrl Pts',(-5.1431743212776,13.8698472200676,-2.82862110076599));
#7022=CARTESIAN_POINT('Ctrl Pts',(-5.14836085334516,13.8187446052228,-2.82931169250702));
#7023=CARTESIAN_POINT('Ctrl Pts',(-5.0287046307667,14.0397447641847,-2.99588802746863));
#7024=CARTESIAN_POINT('Ctrl Pts',(-5.05914092140841,14.0399944876964,-2.94476976430205));
#7025=CARTESIAN_POINT('Ctrl Pts',(-5.12181611849761,13.9930448804464,-2.84407109685625));
#7026=CARTESIAN_POINT('Ctrl Pts',(-5.15658654499195,13.8785850853945,-2.80246367291975));
#7027=CARTESIAN_POINT('Ctrl Pts',(-5.16278195054284,13.8198317940118,-2.80285484830906));
#7028=CARTESIAN_POINT('Ctrl Pts',(-5.00591101525082,14.0862201279948,-2.98230856221255));
#7029=CARTESIAN_POINT('Ctrl Pts',(-5.04224216177503,14.0868349836143,-2.9204092788924));
#7030=CARTESIAN_POINT('Ctrl Pts',(-5.11705945886717,14.0305103437983,-2.79774216993174));
#7031=CARTESIAN_POINT('Ctrl Pts',(-5.15835979259585,13.8912623300834,-2.74530670127119));
#7032=CARTESIAN_POINT('Ctrl Pts',(-5.1654839940475,13.8192890430773,-2.74482159923296));
#7033=CARTESIAN_POINT('Ctrl Pts',(-4.96358831346221,14.1022624434389,-2.95709449917164));
#7034=CARTESIAN_POINT('Ctrl Pts',(-5.00187981947249,14.1025367078815,-2.89065475735632));
#7035=CARTESIAN_POINT('Ctrl Pts',(-5.08021321050383,14.041103503689,-2.75945203247415));
#7036=CARTESIAN_POINT('Ctrl Pts',(-5.12158602031561,13.891584064243,-2.7040467191973));
#7037=CARTESIAN_POINT('Ctrl Pts',(-5.12774238282533,13.8148908555967,-2.70364474748155));
#7038=CARTESIAN_POINT('Ctrl Pts',(-4.94547818458602,14.1022624434389,-2.94630525576615));
#7039=CARTESIAN_POINT('Ctrl Pts',(-4.98377254088072,14.1022624434416,-2.87950451008545));
#7040=CARTESIAN_POINT('Ctrl Pts',(-5.06188178890219,14.0397411289914,-2.74791553485261));
#7041=CARTESIAN_POINT('Ctrl Pts',(-5.10229525332043,13.8893862147167,-2.69311476645284));
#7042=CARTESIAN_POINT('Ctrl Pts',(-5.10788385875116,13.8127322924497,-2.69304490760469));
#7043=CARTESIAN_POINT('',(-4.9454781845885,14.1022624434389,-2.94630525576145));
#7044=CARTESIAN_POINT('Ctrl Pts',(-5.10788385875116,13.8127322924497,-2.69304490760469));
#7045=CARTESIAN_POINT('Ctrl Pts',(-5.10229525332043,13.8893862147167,-2.69311476645284));
#7046=CARTESIAN_POINT('Ctrl Pts',(-5.06188178890219,14.0397411289914,-2.74791553485261));
#7047=CARTESIAN_POINT('Ctrl Pts',(-4.98377254088072,14.1022624434416,-2.87950451008545));
#7048=CARTESIAN_POINT('Ctrl Pts',(-4.94547818458602,14.1022624434389,-2.94630525576615));
#7049=CARTESIAN_POINT('Origin',(-4.94547818458767,14.0022624434389,-2.94630525576302));
#7050=CARTESIAN_POINT('Origin',(0.,14.0022624434389,0.));
#7051=CARTESIAN_POINT('',(-4.2124882160719,14.1022624434389,-3.92344391623288));
#7052=CARTESIAN_POINT('Origin',(-4.2124882160719,14.0022624434389,-3.92344391623288));
#7053=CARTESIAN_POINT('Origin',(0.,14.1022624434389,0.));
#7054=CARTESIAN_POINT('Ctrl Pts',(-4.1569410198711,13.8187446052229,-4.15095958627964));
#7055=CARTESIAN_POINT('Ctrl Pts',(-4.15482667509152,13.8698472230756,-4.14617350424768));
#7056=CARTESIAN_POINT('Ctrl Pts',(-4.18057414460479,13.9700832318742,-4.10712798650935));
#7057=CARTESIAN_POINT('Ctrl Pts',(-4.24971775380591,14.0117647058823,-4.0295309266854));
#7058=CARTESIAN_POINT('Ctrl Pts',(-4.28533374234255,14.0117647058823,-3.99129107026905));
#7059=CARTESIAN_POINT('Ctrl Pts',(-4.1355765718614,13.8198317940118,-4.17220795117065));
#7060=CARTESIAN_POINT('Ctrl Pts',(-4.13346736963489,13.8785850888529,-4.16636951485349));
#7061=CARTESIAN_POINT('Ctrl Pts',(-4.16368234272793,13.9930442009287,-4.12134575130772));
#7062=CARTESIAN_POINT('Ctrl Pts',(-4.24282019690689,14.039994487709,-4.0329954877912));
#7063=CARTESIAN_POINT('Ctrl Pts',(-4.28337932320274,14.0397447641847,-3.98947075564962));
#7064=CARTESIAN_POINT('Ctrl Pts',(-4.08061790752079,13.8192890097801,-4.19104106033003));
#7065=CARTESIAN_POINT('Ctrl Pts',(-4.07909007130404,13.8912623010228,-4.1840657257281));
#7066=CARTESIAN_POINT('Ctrl Pts',(-4.11787305791654,14.0305093924871,-4.12974316146453));
#7067=CARTESIAN_POINT('Ctrl Pts',(-4.2147040241318,14.0868347541533,-4.02358848746668));
#7068=CARTESIAN_POINT('Ctrl Pts',(-4.26396391605893,14.0862198985001,-3.97138755704294));
#7069=CARTESIAN_POINT('Ctrl Pts',(-4.03052484132188,13.8148908555967,-4.16633008398219));
#7070=CARTESIAN_POINT('Ctrl Pts',(-4.02918802527925,13.8915840687574,-4.16030718534777));
#7071=CARTESIAN_POINT('Ctrl Pts',(-4.07080197281186,14.0411026161949,-4.10508389382934));
#7072=CARTESIAN_POINT('Ctrl Pts',(-4.17484377393331,14.102536707895,-3.99316492495144));
#7073=CARTESIAN_POINT('Ctrl Pts',(-4.22791416713971,14.1022624434389,-3.93781139947906));
#7074=CARTESIAN_POINT('Ctrl Pts',(-4.0147914753798,13.8127322924497,-4.15023105357808));
#7075=CARTESIAN_POINT('Ctrl Pts',(-4.0132946893212,13.8893862192288,-4.14484616489853));
#7076=CARTESIAN_POINT('Ctrl Pts',(-4.05459669651942,14.0397402324267,-4.09071305768057));
#7077=CARTESIAN_POINT('Ctrl Pts',(-4.15907203872904,14.1022624434389,-3.97890119748221));
#7078=CARTESIAN_POINT('Ctrl Pts',(-4.2124882160719,14.1022624434389,-3.92344391623288));
#7079=CARTESIAN_POINT('',(-4.0147914753798,13.8127322924497,-4.15023105357808));
#7080=CARTESIAN_POINT('Ctrl Pts',(-4.2124882160719,14.1022624434389,-3.92344391623288));
#7081=CARTESIAN_POINT('Ctrl Pts',(-4.15907203872904,14.1022624434389,-3.97890119748221));
#7082=CARTESIAN_POINT('Ctrl Pts',(-4.05459669651942,14.0397402324267,-4.09071305768057));
#7083=CARTESIAN_POINT('Ctrl Pts',(-4.0132946893212,13.8893862192288,-4.14484616489853));
#7084=CARTESIAN_POINT('Ctrl Pts',(-4.0147914753798,13.8127322924497,-4.15023105357808));
#7085=CARTESIAN_POINT('Origin',(-4.08649963866946,13.8092423427794,-4.08061956337048));
#7086=CARTESIAN_POINT('Ctrl Pts',(-4.0147914753798,13.8127322924497,-4.15023105357808));
#7087=CARTESIAN_POINT('Ctrl Pts',(-4.13248135033488,10.9983945906032,-4.41256162071419));
#7088=CARTESIAN_POINT('Ctrl Pts',(-4.2483112831959,8.18380207301765,-4.67298900007354));
#7089=CARTESIAN_POINT('Ctrl Pts',(-4.36288796000285,5.36904079149729,-4.9321338366822));
#7090=CARTESIAN_POINT('Ctrl Pts',(-4.03576929663591,13.8156103766457,-4.17169642745022));
#7091=CARTESIAN_POINT('Ctrl Pts',(-4.15323097211375,11.0012200916176,-4.43377422522353));
#7092=CARTESIAN_POINT('Ctrl Pts',(-4.2688512110589,8.18658741739942,-4.69402236502378));
#7093=CARTESIAN_POINT('Ctrl Pts',(-4.383251753278,5.3717883203645,-4.95297323362055));
#7094=CARTESIAN_POINT('Ctrl Pts',(-4.09038196220038,13.8197020130548,-4.19109137971433));
#7095=CARTESIAN_POINT('Ctrl Pts',(-4.20701935886757,11.0052482734139,-4.45321697149042));
#7096=CARTESIAN_POINT('Ctrl Pts',(-4.32194965487223,8.1905588731005,-4.71344366770503));
#7097=CARTESIAN_POINT('Ctrl Pts',(-4.43572486351114,5.37571430448532,-4.97241608098293));
#7098=CARTESIAN_POINT('Ctrl Pts',(-4.14091768386383,13.8195599968146,-4.16689585994789));
#7099=CARTESIAN_POINT('Ctrl Pts',(-4.25725162224692,11.0051748112648,-4.43001775765055));
#7100=CARTESIAN_POINT('Ctrl Pts',(-4.37191030539149,8.19054366185821,-4.69109777885651));
#7101=CARTESIAN_POINT('Ctrl Pts',(-4.48542140905515,5.37574798261613,-4.95080936401385));
#7102=CARTESIAN_POINT('Ctrl Pts',(-4.1569410198711,13.8187446052229,-4.15095958627964));
#7103=CARTESIAN_POINT('Ctrl Pts',(-4.273382808529,11.0044069033764,-4.41454003817545));
#7104=CARTESIAN_POINT('Ctrl Pts',(-4.38810472727168,8.18981438579084,-4.67601326917737));
#7105=CARTESIAN_POINT('Ctrl Pts',(-4.50167589250785,5.37505310427048,-4.93607512732259));
#7106=CARTESIAN_POINT('',(-4.36288796000286,5.3690407914973,-4.9321338366822));
#7107=CARTESIAN_POINT('Origin',(-4.43459612329251,5.36555084182704,-4.86252234647459));
#7108=CARTESIAN_POINT('Ctrl Pts',(-4.0147914753798,13.8127322924497,-4.15023105357808));
#7109=CARTESIAN_POINT('Ctrl Pts',(-4.13248135033488,10.9983945906032,-4.41256162071419));
#7110=CARTESIAN_POINT('Ctrl Pts',(-4.2483112831959,8.18380207301765,-4.67298900007354));
#7111=CARTESIAN_POINT('Ctrl Pts',(-4.36288796000285,5.36904079149729,-4.9321338366822));
#7112=CARTESIAN_POINT('Ctrl Pts',(-3.90945052829355,4.59942875496872,-5.50824994804589));
#7113=CARTESIAN_POINT('Ctrl Pts',(-4.05656011586057,4.59942875496863,-5.40383971607468));
#7114=CARTESIAN_POINT('Ctrl Pts',(-4.38139649525447,4.73747098737127,-5.1322866639461));
#7115=CARTESIAN_POINT('Ctrl Pts',(-4.51118970872183,5.13926155046423,-4.95786041690306));
#7116=CARTESIAN_POINT('Ctrl Pts',(-4.50167589250785,5.37505310427048,-4.93607512732259));
#7117=CARTESIAN_POINT('Ctrl Pts',(-3.90780500633573,4.62921330070411,-5.50593147741346));
#7118=CARTESIAN_POINT('Ctrl Pts',(-4.04962954805229,4.62855067853798,-5.40531689511899));
#7119=CARTESIAN_POINT('Ctrl Pts',(-4.36368255060711,4.76121685178219,-5.14374742473339));
#7120=CARTESIAN_POINT('Ctrl Pts',(-4.48915739687298,5.14884936491279,-4.97666847260927));
#7121=CARTESIAN_POINT('Ctrl Pts',(-4.48000324790425,5.37597960873134,-4.95572077624427));
#7122=CARTESIAN_POINT('Ctrl Pts',(-3.8904961682808,4.67841595364393,-5.48154405886783));
#7123=CARTESIAN_POINT('Ctrl Pts',(-4.02338437511697,4.67681560746805,-5.38884681792162));
#7124=CARTESIAN_POINT('Ctrl Pts',(-4.31826654893215,4.80023596163113,-5.14630836544142));
#7125=CARTESIAN_POINT('Ctrl Pts',(-4.43495009463003,5.16308485286898,-4.99168182358466));
#7126=CARTESIAN_POINT('Ctrl Pts',(-4.42636886525983,5.37531017265557,-4.97216311264281));
#7127=CARTESIAN_POINT('Ctrl Pts',(-3.85926342758393,4.69160630654356,-5.43753845217813));
#7128=CARTESIAN_POINT('Ctrl Pts',(-3.98872440130112,4.6911161585049,-5.34931788775183));
#7129=CARTESIAN_POINT('Ctrl Pts',(-4.27416323058927,4.81203468944904,-5.1172055583083));
#7130=CARTESIAN_POINT('Ctrl Pts',(-4.38655589000281,5.16458125615258,-4.96676490978521));
#7131=CARTESIAN_POINT('Ctrl Pts',(-4.37816080495921,5.3711014381477,-4.94776338438596));
#7132=CARTESIAN_POINT('Ctrl Pts',(-3.84633432648665,4.6894740038375,-5.41932189720909));
#7133=CARTESIAN_POINT('Ctrl Pts',(-3.97555813380158,4.68979777689982,-5.33176539509592));
#7134=CARTESIAN_POINT('Ctrl Pts',(-4.25940972402542,4.81111210608054,-5.10151947931051));
#7135=CARTESIAN_POINT('Ctrl Pts',(-4.37128593188925,5.16272313877103,-4.9511284216205));
#7136=CARTESIAN_POINT('Ctrl Pts',(-4.36288796000285,5.36904079149729,-4.9321338366822));
#7137=CARTESIAN_POINT('',(-3.84633432648678,4.6894740038375,-5.41932189720897));
#7138=CARTESIAN_POINT('Ctrl Pts',(-4.36288796000285,5.36904079149729,-4.9321338366822));
#7139=CARTESIAN_POINT('Ctrl Pts',(-4.37128593188925,5.16272313877103,-4.9511284216205));
#7140=CARTESIAN_POINT('Ctrl Pts',(-4.25940972402542,4.81111210608054,-5.10151947931051));
#7141=CARTESIAN_POINT('Ctrl Pts',(-3.97555813380158,4.68979777689982,-5.33176539509592));
#7142=CARTESIAN_POINT('Ctrl Pts',(-3.84633432648665,4.6894740038375,-5.41932189720909));
#7143=CARTESIAN_POINT('Origin',(-3.85183407851129,4.58992649252528,-5.42707081450196));
#7144=CARTESIAN_POINT('Origin',(0.,4.58992649252528,0.));
#7145=CARTESIAN_POINT('',(-3.77697297884736,4.68947400383761,-5.46788923568723));
#7146=CARTESIAN_POINT('Origin',(-3.78237355327045,4.58992649252528,-5.4757075978836));
#7147=CARTESIAN_POINT('Origin',(0.,4.6894740038375,0.));
#7148=CARTESIAN_POINT('Ctrl Pts',(-3.09872953882866,5.37505310427049,-5.91842873987258));
#7149=CARTESIAN_POINT('Ctrl Pts',(-3.11164270402452,5.19820949521065,-5.93072203902661));
#7150=CARTESIAN_POINT('Ctrl Pts',(-3.27200063594175,4.78951238593231,-5.89387589307933));
#7151=CARTESIAN_POINT('Ctrl Pts',(-3.64104710695369,4.59942875496882,-5.69431739445962));
#7152=CARTESIAN_POINT('Ctrl Pts',(-3.8389509996109,4.59942875496872,-5.55761424946971));
#7153=CARTESIAN_POINT('Ctrl Pts',(-3.12460289116448,5.37597960873135,-5.90478232332559));
#7154=CARTESIAN_POINT('Ctrl Pts',(-3.13701800647812,5.20563198009441,-5.91660728482278));
#7155=CARTESIAN_POINT('Ctrl Pts',(-3.29080789825536,4.81155716290046,-5.88061039320842));
#7156=CARTESIAN_POINT('Ctrl Pts',(-3.64659703809244,4.62832980476405,-5.68708730759775));
#7157=CARTESIAN_POINT('Ctrl Pts',(-3.83733515152198,4.62921330070411,-5.55527500097059));
#7158=CARTESIAN_POINT('Ctrl Pts',(-3.15839859094136,5.37531025418909,-5.86000631318416));
#7159=CARTESIAN_POINT('Ctrl Pts',(-3.16995356376821,5.21614131501758,-5.87106094233787));
#7160=CARTESIAN_POINT('Ctrl Pts',(-3.31226315894546,4.84748354704744,-5.83754764726499));
#7161=CARTESIAN_POINT('Ctrl Pts',(-3.64359568945997,4.67628300904551,-5.65489578847703));
#7162=CARTESIAN_POINT('Ctrl Pts',(-3.82033877564079,4.67841680326724,-5.53066950306338));
#7163=CARTESIAN_POINT('Ctrl Pts',(-3.15195755568722,5.3711014381477,-5.80636014290345));
#7164=CARTESIAN_POINT('Ctrl Pts',(-3.16319578086838,5.21621135095771,-5.81715091739851));
#7165=CARTESIAN_POINT('Ctrl Pts',(-3.30153366203248,4.8578385311221,-5.78530892588683));
#7166=CARTESIAN_POINT('Ctrl Pts',(-3.62009768319191,4.69095277603356,-5.60824275528455));
#7167=CARTESIAN_POINT('Ctrl Pts',(-3.78966892811712,4.69160630654356,-5.48626904532273));
#7168=CARTESIAN_POINT('Ctrl Pts',(-3.14249420566474,5.3690407914973,-5.7866627430538));
#7169=CARTESIAN_POINT('Ctrl Pts',(-3.15372679890394,5.21430260121059,-5.79745377177434));
#7170=CARTESIAN_POINT('Ctrl Pts',(-3.29206664400919,4.85666606517528,-5.76588949561343));
#7171=CARTESIAN_POINT('Ctrl Pts',(-3.60834190714548,4.68990570111669,-5.58986862453937));
#7172=CARTESIAN_POINT('Ctrl Pts',(-3.77697297884695,4.6894740038375,-5.46788923568681));
#7173=CARTESIAN_POINT('',(-3.14249420566474,5.3690407914973,-5.7866627430538));
#7174=CARTESIAN_POINT('Ctrl Pts',(-3.77697297884695,4.6894740038375,-5.46788923568681));
#7175=CARTESIAN_POINT('Ctrl Pts',(-3.60834190714548,4.68990570111669,-5.58986862453937));
#7176=CARTESIAN_POINT('Ctrl Pts',(-3.29206664400919,4.85666606517528,-5.76588949561343));
#7177=CARTESIAN_POINT('Ctrl Pts',(-3.15372679890394,5.21430260121059,-5.79745377177434));
#7178=CARTESIAN_POINT('Ctrl Pts',(-3.14249420566474,5.3690407914973,-5.7866627430538));
#7179=CARTESIAN_POINT('Origin',(-3.05255516570879,5.36555084182705,-5.83023784308928));
#7180=CARTESIAN_POINT('Ctrl Pts',(-3.14249420566474,5.3690407914973,-5.78666274305379));
#7181=CARTESIAN_POINT('Ctrl Pts',(-2.9381652464121,8.18380207301766,-5.59036313118513));
#7182=CARTESIAN_POINT('Ctrl Pts',(-2.73305973001604,10.9983945906032,-5.39244718839508));
#7183=CARTESIAN_POINT('Ctrl Pts',(-2.52680193977178,13.8127322924497,-5.19213254318799));
#7184=CARTESIAN_POINT('Ctrl Pts',(-3.15511200569472,5.3717883203645,-5.81292594285333));
#7185=CARTESIAN_POINT('Ctrl Pts',(-2.95090507517455,8.18658741739942,-5.61685818432437));
#7186=CARTESIAN_POINT('Ctrl Pts',(-2.74589626932635,11.0012200916176,-5.41920059289939));
#7187=CARTESIAN_POINT('Ctrl Pts',(-2.53979795576916,13.8156103766457,-5.2191868372708));
#7188=CARTESIAN_POINT('Ctrl Pts',(-3.15543607329498,5.37571436888081,-5.86888465236377));
#7189=CARTESIAN_POINT('Ctrl Pts',(-2.95099502071621,8.19055893749598,-5.67339714647071));
#7190=CARTESIAN_POINT('Ctrl Pts',(-2.74577045782377,11.005248347146,-5.47639527411512));
#7191=CARTESIAN_POINT('Ctrl Pts',(-2.53934531263787,13.8197020867869,-5.2771397406907));
#7192=CARTESIAN_POINT('Ctrl Pts',(-3.11813455308052,5.37574798261613,-5.90819392746234));
#7193=CARTESIAN_POINT('Ctrl Pts',(-2.91290857691966,8.19054366185821,-5.71270178739348));
#7194=CARTESIAN_POINT('Ctrl Pts',(-2.70678918680042,11.0051748112648,-5.51566324266117));
#7195=CARTESIAN_POINT('Ctrl Pts',(-2.49932403144148,13.8195599968146,-5.31635211005123));
#7196=CARTESIAN_POINT('Ctrl Pts',(-3.09872953882866,5.37505310427049,-5.91842873987258));
#7197=CARTESIAN_POINT('Ctrl Pts',(-2.89319495599346,8.18981438579085,-5.72276035996973));
#7198=CARTESIAN_POINT('Ctrl Pts',(-2.68672769737887,11.0044069033764,-5.52552790754174));
#7199=CARTESIAN_POINT('Ctrl Pts',(-2.47886852899483,13.8187446052228,-5.32595859405355));
#7200=CARTESIAN_POINT('',(-2.52680193977178,13.8127322924497,-5.19213254318799));
#7201=CARTESIAN_POINT('Origin',(-2.43686289981583,13.8092423427794,-5.23570764322348));
#7202=CARTESIAN_POINT('Ctrl Pts',(-3.14249420566474,5.3690407914973,-5.78666274305379));
#7203=CARTESIAN_POINT('Ctrl Pts',(-2.9381652464121,8.18380207301766,-5.59036313118513));
#7204=CARTESIAN_POINT('Ctrl Pts',(-2.73305973001604,10.9983945906032,-5.39244718839508));
#7205=CARTESIAN_POINT('Ctrl Pts',(-2.52680193977178,13.8127322924497,-5.19213254318799));
#7206=CARTESIAN_POINT('Ctrl Pts',(-2.28491630537912,14.0117647058823,-5.39199843919504));
#7207=CARTESIAN_POINT('Ctrl Pts',(-2.33303139893039,14.0117647058843,-5.37160915996378));
#7208=CARTESIAN_POINT('Ctrl Pts',(-2.42959670090035,13.9700838171323,-5.33317539022134));
#7209=CARTESIAN_POINT('Ctrl Pts',(-2.47509423175481,13.8698472200518,-5.32233482361826));
#7210=CARTESIAN_POINT('Ctrl Pts',(-2.47886852899484,13.8187446052228,-5.32595859405355));
#7211=CARTESIAN_POINT('Ctrl Pts',(-2.28387421987708,14.0397447641847,-5.38953930168481));
#7212=CARTESIAN_POINT('Ctrl Pts',(-2.33864612444009,14.0399944876964,-5.3663125264986));
#7213=CARTESIAN_POINT('Ctrl Pts',(-2.44873428096989,13.9930448688294,-5.32216508340175));
#7214=CARTESIAN_POINT('Ctrl Pts',(-2.50137758666264,13.8785850853764,-5.30917108435857));
#7215=CARTESIAN_POINT('Ctrl Pts',(-2.50614253225703,13.8198317940118,-5.31314994871713));
#7216=CARTESIAN_POINT('Ctrl Pts',(-2.27352218847963,14.0862204227232,-5.36511033814013));
#7217=CARTESIAN_POINT('Ctrl Pts',(-2.33942288899459,14.0868352783427,-5.33667495258321));
#7218=CARTESIAN_POINT('Ctrl Pts',(-2.47229331542986,14.0305104938212,-5.2819908774296));
#7219=CARTESIAN_POINT('Ctrl Pts',(-2.53660554960655,13.891262372823,-5.26412581011479));
#7220=CARTESIAN_POINT('Ctrl Pts',(-2.54263766894073,13.8192890858391,-5.26794721124761));
#7221=CARTESIAN_POINT('Ctrl Pts',(-2.25430050471304,14.1022624434389,-5.31975056342122));
#7222=CARTESIAN_POINT('Ctrl Pts',(-2.32446694347284,14.1025367078816,-5.28881272908913));
#7223=CARTESIAN_POINT('Ctrl Pts',(-2.46521990599926,14.0411034867013,-5.22932429749955));
#7224=CARTESIAN_POINT('Ctrl Pts',(-2.53134649668965,13.8915840642193,-5.20910711512153));
#7225=CARTESIAN_POINT('Ctrl Pts',(-2.53654895176982,13.8148908555967,-5.2124232637501));
#7226=CARTESIAN_POINT('Ctrl Pts',(-2.24607547272245,14.1022624434389,-5.30034094235514));
#7227=CARTESIAN_POINT('Ctrl Pts',(-2.31645767514737,14.1022624434418,-5.26911366380445));
#7228=CARTESIAN_POINT('Ctrl Pts',(-2.45725827095131,14.0397411103138,-5.20918120526824));
#7229=CARTESIAN_POINT('Ctrl Pts',(-2.52225373086726,13.8893862146931,-5.18888428416805));
#7230=CARTESIAN_POINT('Ctrl Pts',(-2.52680193977178,13.8127322924497,-5.19213254318799));
#7231=CARTESIAN_POINT('',(-2.24607547272754,14.1022624434389,-5.30034094235267));
#7232=CARTESIAN_POINT('Ctrl Pts',(-2.52680193977178,13.8127322924497,-5.19213254318799));
#7233=CARTESIAN_POINT('Ctrl Pts',(-2.52225373086726,13.8893862146931,-5.18888428416805));
#7234=CARTESIAN_POINT('Ctrl Pts',(-2.45725827095131,14.0397411103138,-5.20918120526824));
#7235=CARTESIAN_POINT('Ctrl Pts',(-2.31645767514737,14.1022624434418,-5.26911366380445));
#7236=CARTESIAN_POINT('Ctrl Pts',(-2.24607547272245,14.1022624434389,-5.30034094235514));
#7237=CARTESIAN_POINT('Origin',(-2.24607547272585,14.0022624434389,-5.3003409423535));
#7238=CARTESIAN_POINT('Origin',(0.,14.0022624434389,0.));
#7239=CARTESIAN_POINT('Origin',(0.,14.1022624434389,0.));
#7240=CARTESIAN_POINT('Ctrl Pts',(1.07293863309922,3.6167430115599,-6.6613508304385));
#7241=CARTESIAN_POINT('Ctrl Pts',(1.02038506028187,7.07858341355577,-6.3350714188023));
#7242=CARTESIAN_POINT('Ctrl Pts',(0.967830672093978,10.5404233260596,-6.00878694492948));
#7243=CARTESIAN_POINT('Ctrl Pts',(0.9152749594864,14.0022624434389,-5.68249424838306));
#7244=CARTESIAN_POINT('Ctrl Pts',(1.07771944077608,3.61961309606103,-6.69103252537051));
#7245=CARTESIAN_POINT('Ctrl Pts',(1.02516752045756,7.08145486604898,-6.3647670329927));
#7246=CARTESIAN_POINT('Ctrl Pts',(0.972616871591064,10.5432962393766,-6.03849706380342));
#7247=CARTESIAN_POINT('Ctrl Pts',(0.920063426550792,14.0051372442492,-5.71222349670342));
#7248=CARTESIAN_POINT('Ctrl Pts',(1.11127456938062,3.62458124227034,-6.73834009926396));
#7249=CARTESIAN_POINT('Ctrl Pts',(1.05875137320898,7.08642518587825,-6.41209247773542));
#7250=CARTESIAN_POINT('Ctrl Pts',(1.00623120431703,10.5482692004486,-6.08584493099142));
#7251=CARTESIAN_POINT('Ctrl Pts',(0.95371729722862,14.0101132034303,-5.75959589316779));
#7252=CARTESIAN_POINT('Ctrl Pts',(1.16664375340847,3.62627702919034,-6.74741420912988));
#7253=CARTESIAN_POINT('Ctrl Pts',(1.11415417547719,7.08811901603775,-6.42114021620157));
#7254=CARTESIAN_POINT('Ctrl Pts',(1.06167228320151,10.5499606884989,-6.09486142540941));
#7255=CARTESIAN_POINT('Ctrl Pts',(1.00920453449579,14.0118019908017,-5.76857598655983));
#7256=CARTESIAN_POINT('Ctrl Pts',(1.18895090507295,3.62624527400334,-6.74348428936501));
#7257=CARTESIAN_POINT('Ctrl Pts',(1.13646848489888,7.0880856759992,-6.41719233273041));
#7258=CARTESIAN_POINT('Ctrl Pts',(1.08399538115781,10.549925588503,-6.09089345556406));
#7259=CARTESIAN_POINT('Ctrl Pts',(1.03153739738979,14.0117647058823,-5.76458327103143));
#7260=CARTESIAN_POINT('Ctrl Pts',(1.07293863309922,3.6167430115599,-6.6613508304385));
#7261=CARTESIAN_POINT('Ctrl Pts',(1.02038506028187,7.07858341355577,-6.3350714188023));
#7262=CARTESIAN_POINT('Ctrl Pts',(0.967830672093978,10.5404233260596,-6.00878694492948));
#7263=CARTESIAN_POINT('Ctrl Pts',(0.9152749594864,14.0022624434389,-5.68249424838306));
#7264=CARTESIAN_POINT('Origin',(0.72758552906652,14.0022624434389,-3.88836948772066));
#7265=CARTESIAN_POINT('',(0.857171990355363,14.0022624434377,-5.32176135114924));
#7266=CARTESIAN_POINT('',(0.955899531539217,14.1022624434389,-5.30585938234691));
#7267=CARTESIAN_POINT('Origin',(0.955899531539217,14.0022624434389,-5.30585938234691));
#7268=CARTESIAN_POINT('',(0.72758552906652,14.1022624434389,-3.88836948772066));
#7269=CARTESIAN_POINT('',(0.628857987882667,14.0022624434389,-3.904271456523));
#7270=CARTESIAN_POINT('Ctrl Pts',(0.730090935599031,14.1022624434389,-5.13843442543152));
#7271=CARTESIAN_POINT('Ctrl Pts',(0.774138249555088,14.1022624434389,-5.13217599299972));
#7272=CARTESIAN_POINT('Ctrl Pts',(0.882068730046298,14.1022624434389,-5.15346801474282));
#7273=CARTESIAN_POINT('Ctrl Pts',(0.946466546211815,14.1022624434389,-5.24729459335921));
#7274=CARTESIAN_POINT('Ctrl Pts',(0.955899531539173,14.1022624434389,-5.30585938234663));
#7275=CARTESIAN_POINT('Ctrl Pts',(0.734002647380587,14.1022624434389,-5.16596534452754));
#7276=CARTESIAN_POINT('Ctrl Pts',(0.771869244838182,14.1022627358204,-5.16059402849843));
#7277=CARTESIAN_POINT('Ctrl Pts',(0.864747517833702,14.1022482785405,-5.17942452509514));
#7278=CARTESIAN_POINT('Ctrl Pts',(0.918954187365198,14.102236831098,-5.26064287790539));
#7279=CARTESIAN_POINT('Ctrl Pts',(0.92636032029249,14.1022624434389,-5.31061724028635));
#7280=CARTESIAN_POINT('Ctrl Pts',(0.740794826264393,14.0807596658002,-5.21376920579805));
#7281=CARTESIAN_POINT('Ctrl Pts',(0.767994313609073,14.080745396192,-5.20992809054439));
#7282=CARTESIAN_POINT('Ctrl Pts',(0.834729156707824,14.080101497074,-5.22438437813074));
#7283=CARTESIAN_POINT('Ctrl Pts',(0.871202972775788,14.0782737923118,-5.28365072149901));
#7284=CARTESIAN_POINT('Ctrl Pts',(0.875206485381604,14.0771604207203,-5.31885654896475));
#7285=CARTESIAN_POINT('Ctrl Pts',(0.743746948385647,14.0340577996827,-5.23454646133743));
#7286=CARTESIAN_POINT('Ctrl Pts',(0.766270892458761,14.0340198642236,-5.23136018783045));
#7287=CARTESIAN_POINT('Ctrl Pts',(0.821564393507042,14.0322789317423,-5.24301902531703));
#7288=CARTESIAN_POINT('Ctrl Pts',(0.85313123712473,14.027506026672,-5.29202609614687));
#7289=CARTESIAN_POINT('Ctrl Pts',(0.85717199035532,14.0247023909646,-5.32176135114897));
#7290=CARTESIAN_POINT('Ctrl Pts',(0.744071657197308,14.0133303622017,-5.23683178615757));
#7291=CARTESIAN_POINT('Ctrl Pts',(0.766096118565951,14.0132849472465,-5.23370756400929));
#7292=CARTESIAN_POINT('Ctrl Pts',(0.820098562322163,14.011184480512,-5.2445845532692));
#7293=CARTESIAN_POINT('Ctrl Pts',(0.852397701569413,14.0055255455518,-5.29212012882026));
#7294=CARTESIAN_POINT('Ctrl Pts',(0.85717199035532,14.0022624434389,-5.32176135114897));
#7295=CARTESIAN_POINT('',(0.903306608029894,14.1022624434389,-5.1991956802171));
#7296=CARTESIAN_POINT('Ctrl Pts',(0.903306607748303,14.1022624434389,-5.19919568007245));
#7297=CARTESIAN_POINT('Ctrl Pts',(0.889520242615895,14.1022624434389,-5.20159091877613));
#7298=CARTESIAN_POINT('Ctrl Pts',(0.87166127927842,14.1002987320945,-5.20483393118492));
#7299=CARTESIAN_POINT('Ctrl Pts',(0.849999973758536,14.0926372380232,-5.20911914564754));
#7300=CARTESIAN_POINT('Ctrl Pts',(0.90303896206423,14.1022624434389,-5.19936739842628));
#7301=CARTESIAN_POINT('Ctrl Pts',(0.930513232402144,14.1022624434389,-5.22869007918772));
#7302=CARTESIAN_POINT('Ctrl Pts',(0.94950134460692,14.1022624434389,-5.2661361712331));
#7303=CARTESIAN_POINT('Ctrl Pts',(0.955899531539173,14.1022624434389,-5.30585938234663));
#7304=CARTESIAN_POINT('',(0.744071657197308,14.0133303622017,-5.23683178615757));
#7305=CARTESIAN_POINT('Ctrl Pts',(0.85717199035532,14.0022624434389,-5.32176135114897));
#7306=CARTESIAN_POINT('Ctrl Pts',(0.852397701569413,14.0055255455518,-5.29212012882026));
#7307=CARTESIAN_POINT('Ctrl Pts',(0.820098562322163,14.011184480512,-5.2445845532692));
#7308=CARTESIAN_POINT('Ctrl Pts',(0.766096118565951,14.0132849472465,-5.23370756400929));
#7309=CARTESIAN_POINT('Ctrl Pts',(0.744071657197308,14.0133303622017,-5.23683178615757));
#7310=CARTESIAN_POINT('',(0.730090935599031,14.1022624434389,-5.13843442543152));
#7311=CARTESIAN_POINT('Origin',(0.730090935599031,14.0022624434389,-5.13843442543152));
#7312=CARTESIAN_POINT('Ctrl Pts',(0.730090935599031,14.1022624434389,-5.13843442543152));
#7313=CARTESIAN_POINT('Ctrl Pts',(0.770887700517721,14.1022624434389,-5.13263784503312));
#7314=CARTESIAN_POINT('Ctrl Pts',(0.813579123706537,14.1022624434389,-5.14003811026611));
#7315=CARTESIAN_POINT('Ctrl Pts',(0.850057341515622,14.1022624434389,-5.15899773321494));
#7316=CARTESIAN_POINT('Origin',(0.,14.0022624434389,0.));
#7317=CARTESIAN_POINT('',(-0.74407165719734,14.0133303622008,-5.23683178615777));
#7318=CARTESIAN_POINT('',(-0.730090935599035,14.1022624434389,-5.13843442543152));
#7319=CARTESIAN_POINT('Origin',(-0.730090935599035,14.0022624434389,-5.13843442543152));
#7320=CARTESIAN_POINT('Origin',(0.,14.1022624434389,0.));
#7321=CARTESIAN_POINT('Origin',(-1.21036174156294E-16,14.0133303622017,
0.));
#7322=CARTESIAN_POINT('Ctrl Pts',(-0.744071657197311,14.0133303622017,-5.23683178615757));
#7323=CARTESIAN_POINT('Ctrl Pts',(-0.773437606088149,14.0132698089273,-5.23266615656989));
#7324=CARTESIAN_POINT('Ctrl Pts',(-0.827740767588457,14.0104316528285,-5.25036954294698));
#7325=CARTESIAN_POINT('Ctrl Pts',(-0.853591273717199,14.0047097700569,-5.29953043410015));
#7326=CARTESIAN_POINT('Ctrl Pts',(-0.857171990355319,14.0022624434389,-5.32176135114897));
#7327=CARTESIAN_POINT('Ctrl Pts',(-0.743638712115095,14.0409669455097,-5.23378468639739));
#7328=CARTESIAN_POINT('Ctrl Pts',(-0.773848505193359,14.040919891322,-5.22951531157158));
#7329=CARTESIAN_POINT('Ctrl Pts',(-0.829823653123612,14.0387168449848,-5.2488082399821));
#7330=CARTESIAN_POINT('Ctrl Pts',(-0.854347458129672,14.0341612604218,-5.29947976099896));
#7331=CARTESIAN_POINT('Ctrl Pts',(-0.857171990355319,14.0321823734731,-5.32176135114897));
#7332=CARTESIAN_POINT('Ctrl Pts',(-0.739880715796457,14.0865743689844,-5.20733562818727));
#7333=CARTESIAN_POINT('Ctrl Pts',(-0.778074313576904,14.0865607451119,-5.20193819974592));
#7334=CARTESIAN_POINT('Ctrl Pts',(-0.848439433640098,14.0859360262465,-5.22621578897873));
#7335=CARTESIAN_POINT('Ctrl Pts',(-0.878641984433929,14.0845915810238,-5.28988587992288));
#7336=CARTESIAN_POINT('Ctrl Pts',(-0.881954600172795,14.0839955091974,-5.3177696353275));
#7337=CARTESIAN_POINT('Ctrl Pts',(-0.733024719435203,14.1022624434389,-5.15908261475353));
#7338=CARTESIAN_POINT('Ctrl Pts',(-0.785603541481522,14.1022625600009,-5.15162071860465));
#7339=CARTESIAN_POINT('Ctrl Pts',(-0.882675259847402,14.1022517022493,-5.18324871395271));
#7340=CARTESIAN_POINT('Ctrl Pts',(-0.927795015634717,14.1022561328591,-5.27030693649));
#7341=CARTESIAN_POINT('Ctrl Pts',(-0.93374512310416,14.1022624434389,-5.30942777580142));
#7342=CARTESIAN_POINT('Ctrl Pts',(-0.730090935599037,14.1022624434389,-5.13843442543152));
#7343=CARTESIAN_POINT('Ctrl Pts',(-0.788820688339047,14.1022624434389,-5.13008984874232));
#7344=CARTESIAN_POINT('Ctrl Pts',(-0.897326472379983,14.1022624434389,-5.16487242430395));
#7345=CARTESIAN_POINT('Ctrl Pts',(-0.948824792447452,14.1022624434389,-5.2619357900088));
#7346=CARTESIAN_POINT('Ctrl Pts',(-0.955899531539173,14.1022624434389,-5.30585938234663));
#7347=CARTESIAN_POINT('Ctrl Pts',(-0.84988304886476,14.1022624434389,-5.15925447209967));
#7348=CARTESIAN_POINT('Ctrl Pts',(-0.813263978107207,14.1022624434389,-5.14045873971195));
#7349=CARTESIAN_POINT('Ctrl Pts',(-0.770887645730209,14.1022624434389,-5.13263785281757));
#7350=CARTESIAN_POINT('Ctrl Pts',(-0.730090935599037,14.1022624434389,-5.13843442543152));
#7351=CARTESIAN_POINT('',(-0.857171990355319,14.0022624434389,-5.32176135114897));
#7352=CARTESIAN_POINT('Ctrl Pts',(-0.744071657197311,14.0133303622017,-5.23683178615757));
#7353=CARTESIAN_POINT('Ctrl Pts',(-0.773437606088149,14.0132698089273,-5.23266615656989));
#7354=CARTESIAN_POINT('Ctrl Pts',(-0.827740767588457,14.0104316528285,-5.25036954294698));
#7355=CARTESIAN_POINT('Ctrl Pts',(-0.853591273717199,14.0047097700569,-5.29953043410015));
#7356=CARTESIAN_POINT('Ctrl Pts',(-0.857171990355319,14.0022624434389,-5.32176135114897));
#7357=CARTESIAN_POINT('',(-0.955899531539173,14.1022624434389,-5.30585938234663));
#7358=CARTESIAN_POINT('Origin',(-0.955899531539173,14.0022624434389,-5.30585938234663));
#7359=CARTESIAN_POINT('Ctrl Pts',(-0.955899531539173,14.1022624434389,-5.30585938234663));
#7360=CARTESIAN_POINT('Ctrl Pts',(-0.949501337540406,14.1022624434389,-5.26613612736058));
#7361=CARTESIAN_POINT('Ctrl Pts',(-0.930838116768912,14.1022624434389,-5.22831446823493));
#7362=CARTESIAN_POINT('Ctrl Pts',(-0.903257054440405,14.1022624434389,-5.19913604072605));
#7363=CARTESIAN_POINT('Origin',(-0.579717983267046,14.0022624434389,-2.97033226861053));
#7364=CARTESIAN_POINT('',(-0.579717983267046,14.1022624434389,-2.97033226861053));
#7365=CARTESIAN_POINT('',(-0.480990442083192,14.0022624434389,-2.98623423741287));
#7366=CARTESIAN_POINT('Ctrl Pts',(-0.9152749594864,14.0022624434389,-5.68249424838306));
#7367=CARTESIAN_POINT('Ctrl Pts',(-0.967830672093976,10.5404233260596,-6.00878694492948));
#7368=CARTESIAN_POINT('Ctrl Pts',(-1.02038506028187,7.07858341355577,-6.3350714188023));
#7369=CARTESIAN_POINT('Ctrl Pts',(-1.07293863309922,3.6167430115599,-6.6613508304385));
#7370=CARTESIAN_POINT('Ctrl Pts',(-0.920063426550791,14.0051372442492,-5.71222349670342));
#7371=CARTESIAN_POINT('Ctrl Pts',(-0.972616871591063,10.5432962393766,-6.03849706380342));
#7372=CARTESIAN_POINT('Ctrl Pts',(-1.02516752045756,7.08145486604898,-6.3647670329927));
#7373=CARTESIAN_POINT('Ctrl Pts',(-1.07771944077608,3.61961309606103,-6.69103252537051));
#7374=CARTESIAN_POINT('Ctrl Pts',(-0.953717297228619,14.0101132034303,-5.75959589316779));
#7375=CARTESIAN_POINT('Ctrl Pts',(-1.00623120431702,10.5482692004486,-6.08584493099142));
#7376=CARTESIAN_POINT('Ctrl Pts',(-1.05875137320898,7.08642518587826,-6.41209247773542));
#7377=CARTESIAN_POINT('Ctrl Pts',(-1.11127456938062,3.62458124227034,-6.73834009926396));
#7378=CARTESIAN_POINT('Ctrl Pts',(-1.00920453449579,14.0118019908017,-5.76857598655983));
#7379=CARTESIAN_POINT('Ctrl Pts',(-1.06167228320151,10.549960688499,-6.09486142540941));
#7380=CARTESIAN_POINT('Ctrl Pts',(-1.11415417547719,7.08811901603776,-6.42114021620157));
#7381=CARTESIAN_POINT('Ctrl Pts',(-1.16664375340847,3.62627702919034,-6.74741420912988));
#7382=CARTESIAN_POINT('Ctrl Pts',(-1.03153739738979,14.0117647058824,-5.76458327103142));
#7383=CARTESIAN_POINT('Ctrl Pts',(-1.08399538115781,10.549925588503,-6.09089345556406));
#7384=CARTESIAN_POINT('Ctrl Pts',(-1.13646848489888,7.08808567599921,-6.41719233273041));
#7385=CARTESIAN_POINT('Ctrl Pts',(-1.18895090507295,3.62624527400334,-6.74348428936501));
#7386=CARTESIAN_POINT('Ctrl Pts',(-0.9152749594864,14.0022624434389,-5.68249424838306));
#7387=CARTESIAN_POINT('Ctrl Pts',(-0.967830672093976,10.5404233260596,-6.00878694492948));
#7388=CARTESIAN_POINT('Ctrl Pts',(-1.02038506028187,7.07858341355577,-6.3350714188023));
#7389=CARTESIAN_POINT('Ctrl Pts',(-1.07293863309922,3.6167430115599,-6.6613508304385));
#7390=CARTESIAN_POINT('Ctrl Pts',(-1.0785444729896,3.52105506762819,-6.6961547465779));
#7391=CARTESIAN_POINT('Ctrl Pts',(-1.11408139227641,3.20183981109379,-6.91678608512767));
#7392=CARTESIAN_POINT('Ctrl Pts',(-1.1496183427626,2.88262087323733,-7.13741761737908));
#7393=CARTESIAN_POINT('Ctrl Pts',(-1.18515620516257,2.56339118457695,-7.3580548112568));
#7394=CARTESIAN_POINT('Ctrl Pts',(-1.08247209133994,3.53834620743835,-6.72053940656922));
#7395=CARTESIAN_POINT('Ctrl Pts',(-1.11800832552299,3.21912642391324,-6.94116448564706));
#7396=CARTESIAN_POINT('Ctrl Pts',(-1.15354385834053,2.89990367283569,-7.16179088057697));
#7397=CARTESIAN_POINT('Ctrl Pts',(-1.18908115216382,2.58067024127765,-7.38242288614915));
#7398=CARTESIAN_POINT('Ctrl Pts',(-1.11444898053081,3.5682891814802,-6.75871120059138));
#7399=CARTESIAN_POINT('Ctrl Pts',(-1.14996978498213,3.24906220255935,-6.97932866335524));
#7400=CARTESIAN_POINT('Ctrl Pts',(-1.18549244483116,2.92983254367169,-7.19994740423322));
#7401=CARTESIAN_POINT('Ctrl Pts',(-1.2210169675652,2.61059316218351,-7.42057309085076));
#7402=CARTESIAN_POINT('Ctrl Pts',(-1.16920282195088,3.57855792573304,-6.76474913244877));
#7403=CARTESIAN_POINT('Ctrl Pts',(-1.20470478385001,3.25933742007289,-6.9853791032526));
#7404=CARTESIAN_POINT('Ctrl Pts',(-1.24021046402808,2.94011388664886,-7.20600953077528));
#7405=CARTESIAN_POINT('Ctrl Pts',(-1.2757193756937,2.62087985652273,-7.42664555558205));
#7406=CARTESIAN_POINT('Ctrl Pts',(-1.19149036829237,3.57840130206452,-6.76093268730775));
#7407=CARTESIAN_POINT('Ctrl Pts',(-1.22698810206388,3.25918604553012,-6.9815709315858));
#7408=CARTESIAN_POINT('Ctrl Pts',(-1.26248970324551,2.93996710767366,-7.20220866474068));
#7409=CARTESIAN_POINT('Ctrl Pts',(-1.29799510334239,2.62073741901329,-7.42285153513102));
#7410=CARTESIAN_POINT('Ctrl Pts',(-1.29799510261751,2.62073742553068,-7.42285153062638));
#7411=CARTESIAN_POINT('Ctrl Pts',(-1.26248970276231,2.93996711201844,-7.20220866173765));
#7412=CARTESIAN_POINT('Ctrl Pts',(-1.2269881018223,3.25918604770248,-6.98157093008428));
#7413=CARTESIAN_POINT('Ctrl Pts',(-1.19149036829237,3.57840130206452,-6.76093268730775));
#7414=CARTESIAN_POINT('Ctrl Pts',(-1.0785444729896,3.52105506762819,-6.6961547465779));
#7415=CARTESIAN_POINT('Ctrl Pts',(-1.11408139227641,3.20183981109379,-6.91678608512767));
#7416=CARTESIAN_POINT('Ctrl Pts',(-1.1496183427626,2.88262087323733,-7.13741761737908));
#7417=CARTESIAN_POINT('Ctrl Pts',(-1.18515620516257,2.56339118457695,-7.3580548112568));
#7418=CARTESIAN_POINT('Ctrl Pts',(-1.18515620516256,2.56339118457722,-7.35805481125677));
#7419=CARTESIAN_POINT('Ctrl Pts',(-1.20022401058081,1.74226082539792,-7.4516034402644));
#7420=CARTESIAN_POINT('Ctrl Pts',(-1.21529176502415,0.921130429227878,-7.54515175279371));
#7421=CARTESIAN_POINT('Ctrl Pts',(-1.23035947391187,0.0999999999999801,
-7.63869978249058));
#7422=CARTESIAN_POINT('Ctrl Pts',(-1.18992280295814,2.56685013715179,-7.38764828399086));
#7423=CARTESIAN_POINT('Ctrl Pts',(-1.2049902216746,1.74571939187217,-7.48119365605117));
#7424=CARTESIAN_POINT('Ctrl Pts',(-1.22005724885886,0.924588648516064,-7.57473910317051));
#7425=CARTESIAN_POINT('Ctrl Pts',(-1.23512459883668,0.103457861316365,-7.66828411089088));
#7426=CARTESIAN_POINT('Ctrl Pts',(-1.22339413866551,2.57283984919853,-7.43483224464972));
#7427=CARTESIAN_POINT('Ctrl Pts',(-1.23845482950872,1.75170849033006,-7.5283734343457));
#7428=CARTESIAN_POINT('Ctrl Pts',(-1.25351584653537,0.930577118539781,-7.62191444776523));
#7429=CARTESIAN_POINT('Ctrl Pts',(-1.26857695592556,0.109445762418167,-7.71545557391337));
#7430=CARTESIAN_POINT('Ctrl Pts',(-1.2787025613492,2.57488817100919,-7.44390306356089));
#7431=CARTESIAN_POINT('Ctrl Pts',(-1.29375536325565,1.7537573643191,-7.53745041224903));
#7432=CARTESIAN_POINT('Ctrl Pts',(-1.30880880635748,0.932626550037114,-7.63099757725354));
#7433=CARTESIAN_POINT('Ctrl Pts',(-1.32386259466141,0.111495705835768,-7.72454441320801));
#7434=CARTESIAN_POINT('Ctrl Pts',(-1.30099532096399,2.57485359537574,-7.44000889567953));
#7435=CARTESIAN_POINT('Ctrl Pts',(-1.31604643627119,1.75372323619643,-7.53356044319932));
#7436=CARTESIAN_POINT('Ctrl Pts',(-1.33109813552545,0.932592840026391,-7.62711155883218));
#7437=CARTESIAN_POINT('Ctrl Pts',(-1.3461503567244,0.111462410798492,-7.72066228891367));
#7438=CARTESIAN_POINT('Ctrl Pts',(-1.3461503567244,0.111462410798492,-7.72066228891367));
#7439=CARTESIAN_POINT('Ctrl Pts',(-1.33109813552545,0.932592840026391,-7.62711155883218));
#7440=CARTESIAN_POINT('Ctrl Pts',(-1.31604643627119,1.75372323619643,-7.53356044319932));
#7441=CARTESIAN_POINT('Ctrl Pts',(-1.30099532096399,2.57485359537574,-7.44000889567953));
#7442=CARTESIAN_POINT('Ctrl Pts',(-1.18515620516256,2.56339118457722,-7.35805481125677));
#7443=CARTESIAN_POINT('Ctrl Pts',(-1.20022401058081,1.74226082539792,-7.4516034402644));
#7444=CARTESIAN_POINT('Ctrl Pts',(-1.21529176502415,0.921130429227878,-7.54515175279371));
#7445=CARTESIAN_POINT('Ctrl Pts',(-1.23035947391187,0.0999999999999801,
-7.63869978249058));
#7446=CARTESIAN_POINT('Origin',(0.,0.1,0.));
#7447=CARTESIAN_POINT('Origin',(-3.90210854597597E-16,0.111462410798513,
0.));
#7448=CARTESIAN_POINT('Origin',(0.,0.,0.));
#7449=CARTESIAN_POINT('Origin',(-1.10984842996586,7.44981898234491,-6.89050569393587));
#7450=CARTESIAN_POINT('Ctrl Pts',(-1.1033996554091,0.0999999999994304,-6.85046840902154));
#7451=CARTESIAN_POINT('Ctrl Pts',(-1.02132618484736,4.73408917456465,-6.34091440060246));
#7452=CARTESIAN_POINT('Ctrl Pts',(-0.939250991653124,9.36817714264839,-5.83134969720132));
#7453=CARTESIAN_POINT('Ctrl Pts',(-0.857171990356837,14.00226244344,-5.3217613511584));
#7454=CARTESIAN_POINT('Origin',(0.880028415271099,13.8022624434389,3.64183700064346));
#7455=CARTESIAN_POINT('',(1.12430360695236,14.1022624434389,5.15842210697077));
#7456=CARTESIAN_POINT('',(0.880028415271099,14.1022624434389,3.64183700064346));
#7457=CARTESIAN_POINT('Ctrl Pts',(0.833959641570025,13.8127322924497,5.24122814358002));
#7458=CARTESIAN_POINT('Ctrl Pts',(0.834624793607434,13.847182176117,5.23779254260703));
#7459=CARTESIAN_POINT('Ctrl Pts',(0.84148403689473,13.8832773975399,5.23322339444034));
#7460=CARTESIAN_POINT('Ctrl Pts',(0.869080777083877,13.9536226771863,5.22190812947121));
#7461=CARTESIAN_POINT('Ctrl Pts',(0.891226694714056,13.9873102684034,5.21495725025013));
#7462=CARTESIAN_POINT('Ctrl Pts',(0.942584932899152,14.0405003772479,5.20075934572368));
#7463=CARTESIAN_POINT('Ctrl Pts',(0.975215552694154,14.0635963967118,5.19255945006552));
#7464=CARTESIAN_POINT('Ctrl Pts',(1.04694678124497,14.0943776452856,5.17557568725992));
#7465=CARTESIAN_POINT('Ctrl Pts',(1.08604207503525,14.1020628054857,5.16676925527924));
#7466=CARTESIAN_POINT('Ctrl Pts',(1.12328357852897,14.1022610838992,5.15864448072414));
#7467=CARTESIAN_POINT('Ctrl Pts',(1.12379335428731,14.1022624434389,5.15853331906235));
#7468=CARTESIAN_POINT('Ctrl Pts',(1.12430360695236,14.1022624434389,5.15842210697077));
#7469=CARTESIAN_POINT('Origin',(1.8387017214106,13.8022624434389,4.22909447150247));
#7470=CARTESIAN_POINT('',(2.42664651745225,13.8127322924497,4.71988853853064));
#7471=CARTESIAN_POINT('',(2.1056028747176,13.8127322924497,4.09251425102713));
#7472=CARTESIAN_POINT('',(2.14353618479862,14.1022624434389,4.82479324518159));
#7473=CARTESIAN_POINT('Ctrl Pts',(2.14353618479862,14.1022624434389,4.82479324518158));
#7474=CARTESIAN_POINT('Ctrl Pts',(2.14401343608992,14.1022624434389,4.82458121424883));
#7475=CARTESIAN_POINT('Ctrl Pts',(2.14449027296277,14.1022610838992,4.82436942464676));
#7476=CARTESIAN_POINT('Ctrl Pts',(2.17932774009529,14.1020628054857,4.80890034491221));
#7477=CARTESIAN_POINT('Ctrl Pts',(2.21606325702255,14.0943776452856,4.79288482004208));
#7478=CARTESIAN_POINT('Ctrl Pts',(2.28395318205731,14.0635963967118,4.76416591638574));
#7479=CARTESIAN_POINT('Ctrl Pts',(2.31511664674313,14.0405003772479,4.75148387767796));
#7480=CARTESIAN_POINT('Ctrl Pts',(2.36492957874522,13.9873102684034,4.73256507941341));
#7481=CARTESIAN_POINT('Ctrl Pts',(2.38689915647267,13.9536226771863,4.72507548368958));
#7482=CARTESIAN_POINT('Ctrl Pts',(2.41584522404363,13.8832773975398,4.71788239933256));
#7483=CARTESIAN_POINT('Ctrl Pts',(2.42407860517779,13.8471821761169,4.71751122748143));
#7484=CARTESIAN_POINT('Ctrl Pts',(2.42664651745263,13.8127322924496,4.71988853853118));
#7485=CARTESIAN_POINT('',(1.8387017214106,14.1022624434389,4.22909447150247));
#7486=CARTESIAN_POINT('Origin',(3.11319329667005,9.80878119458584,5.75458714451852));
#7487=CARTESIAN_POINT('',(3.05609247756969,5.32492885876944,5.29928306608955));
#7488=CARTESIAN_POINT('Ctrl Pts',(3.05609247796464,5.32492885349764,5.29928306645714));
#7489=CARTESIAN_POINT('Ctrl Pts',(3.12672329532494,5.3396185537544,5.43843385630092));
#7490=CARTESIAN_POINT('Ctrl Pts',(3.19735298134712,5.35432354594099,5.57758360755178));
#7491=CARTESIAN_POINT('Ctrl Pts',(3.26798175961574,5.3690407914973,5.7167325242049));
#7492=CARTESIAN_POINT('Ctrl Pts',(3.05609247756965,5.32492885876944,5.29928306608957));
#7493=CARTESIAN_POINT('Ctrl Pts',(2.72075242801592,9.86714797321349,4.99216467421733));
#7494=CARTESIAN_POINT('Ctrl Pts',(2.42664651745225,13.8127322924497,4.71988853853065));
#7495=CARTESIAN_POINT('Ctrl Pts',(3.26798175961574,5.3690407914973,5.7167325242049));
#7496=CARTESIAN_POINT('Ctrl Pts',(3.18654281372792,5.35207098126046,5.55628601257809));
#7497=CARTESIAN_POINT('Ctrl Pts',(3.10510266094683,5.33511746234974,5.39583839132152));
#7498=CARTESIAN_POINT('Ctrl Pts',(3.02366095851012,5.31818489297638,5.23538934770392));
#7499=CARTESIAN_POINT('Ctrl Pts',(3.28322321173307,5.16336191210514,5.73075017866165));
#7500=CARTESIAN_POINT('Ctrl Pts',(3.20178065657274,5.14633782796832,5.57029701065599));
#7501=CARTESIAN_POINT('Ctrl Pts',(3.12034221807279,5.12932945896002,5.40983859211553));
#7502=CARTESIAN_POINT('Ctrl Pts',(3.03889564353768,5.11233277082749,5.2493804978136));
#7503=CARTESIAN_POINT('Ctrl Pts',(3.46164340159073,4.81289140220196,5.67725612601182));
#7504=CARTESIAN_POINT('Ctrl Pts',(3.38028107973568,4.79578375614823,5.51674660750824));
#7505=CARTESIAN_POINT('Ctrl Pts',(3.29892118729298,4.77867942097314,5.35623076993328));
#7506=CARTESIAN_POINT('Ctrl Pts',(3.2175682589217,4.76158402560593,5.19570411358324));
#7507=CARTESIAN_POINT('Ctrl Pts',(3.79150586195798,4.69437587422476,5.52236048640958));
#7508=CARTESIAN_POINT('Ctrl Pts',(3.71026100891041,4.67734453292128,5.36177417096194));
#7509=CARTESIAN_POINT('Ctrl Pts',(3.62902785411971,4.66032637432302,5.20117496642454));
#7510=CARTESIAN_POINT('Ctrl Pts',(3.54781302905104,4.64332113982191,5.04055702625218));
#7511=CARTESIAN_POINT('Ctrl Pts',(3.92964400719087,4.69663786000353,5.45200551085021));
#7512=CARTESIAN_POINT('Ctrl Pts',(3.84843008971514,4.67966804976669,5.29139680541247));
#7513=CARTESIAN_POINT('Ctrl Pts',(3.76723187768909,4.66271453085596,5.13077271256766));
#7514=CARTESIAN_POINT('Ctrl Pts',(3.68605344194748,4.64578196148261,4.97012841944628));
#7515=CARTESIAN_POINT('',(3.77878888673609,4.66513226983863,5.15361776491846));
#7516=CARTESIAN_POINT('Ctrl Pts',(3.89535553229537,4.68947399835818,5.38419380087607));
#7517=CARTESIAN_POINT('Ctrl Pts',(3.85649610041288,4.68135603079435,5.30733898090729));
#7518=CARTESIAN_POINT('Ctrl Pts',(3.81764039580123,4.67324194357797,5.23048048257832));
#7519=CARTESIAN_POINT('Ctrl Pts',(3.7787888644797,4.66513224708399,5.15361777856914));
#7520=CARTESIAN_POINT('',(3.65557135446206,4.64607048044489,4.9855702549065));
#7521=CARTESIAN_POINT('Ctrl Pts',(3.77878888673615,4.66513226983864,5.15361776491858));
#7522=CARTESIAN_POINT('Ctrl Pts',(3.77580045983744,4.66464985097057,5.14954206489511));
#7523=CARTESIAN_POINT('Ctrl Pts',(3.77281194438948,4.66416888066581,5.14546624410579));
#7524=CARTESIAN_POINT('Ctrl Pts',(3.73175728316662,4.65758165895357,5.08947475112903));
#7525=CARTESIAN_POINT('Ctrl Pts',(3.69366364830643,4.65170686780986,5.03752158856048));
#7526=CARTESIAN_POINT('Ctrl Pts',(3.65557135446206,4.64607048044489,4.9855702549065));
#7527=CARTESIAN_POINT('Ctrl Pts',(3.05609247796494,5.3249288534977,5.29928306645772));
#7528=CARTESIAN_POINT('Ctrl Pts',(3.05855088263476,5.29163075077594,5.30153444597455));
#7529=CARTESIAN_POINT('Ctrl Pts',(3.06321587567328,5.25857871165961,5.30250620460376));
#7530=CARTESIAN_POINT('Ctrl Pts',(3.06990330189791,5.22598055589923,5.30224519977904));
#7531=CARTESIAN_POINT('Ctrl Pts',(3.07679486129745,5.1923873439232,5.30197622780197));
#7532=CARTESIAN_POINT('Ctrl Pts',(3.08583456192121,5.15927502574715,5.30039802221122));
#7533=CARTESIAN_POINT('Ctrl Pts',(3.09686952224148,5.12687707866566,5.29753652511462));
#7534=CARTESIAN_POINT('Ctrl Pts',(3.10425481153063,5.10519433539996,5.29562143133584));
#7535=CARTESIAN_POINT('Ctrl Pts',(3.11253480736029,5.08383170973174,5.29313101013736));
#7536=CARTESIAN_POINT('Ctrl Pts',(3.12167401561596,5.06286456117656,5.29006722479139));
#7537=CARTESIAN_POINT('Ctrl Pts',(3.1353005343487,5.03160263623005,5.28549913451025));
#7538=CARTESIAN_POINT('Ctrl Pts',(3.1507339820162,5.00144510893461,5.2796859590692));
#7539=CARTESIAN_POINT('Ctrl Pts',(3.16779739912783,4.97261235543693,5.2726419409005));
#7540=CARTESIAN_POINT('Ctrl Pts',(3.18474963527648,4.94396746895781,5.26564381979439));
#7541=CARTESIAN_POINT('Ctrl Pts',(3.2033113118656,4.91662907647555,5.25743063016052));
#7542=CARTESIAN_POINT('Ctrl Pts',(3.22334780823891,4.89083615143483,5.24799417546912));
#7543=CARTESIAN_POINT('Ctrl Pts',(3.23648040633686,4.87393059509307,5.24180920357469));
#7544=CARTESIAN_POINT('Ctrl Pts',(3.25024734776596,4.85768945843944,5.23509828145603));
#7545=CARTESIAN_POINT('Ctrl Pts',(3.26461794135851,4.84218878552584,5.22785451564624));
#7546=CARTESIAN_POINT('Ctrl Pts',(3.28105758603339,4.82445635483116,5.2195678060365));
#7547=CARTESIAN_POINT('Ctrl Pts',(3.29819139143506,4.80779392252315,5.21062805145496));
#7548=CARTESIAN_POINT('Ctrl Pts',(3.31595856008338,4.79229058044361,5.20104210088628));
#7549=CARTESIAN_POINT('Ctrl Pts',(3.33945076086077,4.77179166854258,5.18836731404439));
#7550=CARTESIAN_POINT('Ctrl Pts',(3.36404941826834,4.75331706890916,5.1745634435065));
#7551=CARTESIAN_POINT('Ctrl Pts',(3.38948642781387,4.73690832709237,5.15972843161838));
#7552=CARTESIAN_POINT('Ctrl Pts',(3.41314413365007,4.72164736701964,5.14593112000055));
#7553=CARTESIAN_POINT('Ctrl Pts',(3.43752808467197,4.70817350593738,5.13124131596243));
#7554=CARTESIAN_POINT('Ctrl Pts',(3.46243853930112,4.69655537158328,5.11572601121221));
#7555=CARTESIAN_POINT('Ctrl Pts',(3.48909104692439,4.68412475082382,5.0991256807771));
#7556=CARTESIAN_POINT('Ctrl Pts',(3.5161391594083,4.67391325131296,5.08170506593572));
#7557=CARTESIAN_POINT('Ctrl Pts',(3.54334497068532,4.66595195726485,5.063598659961));
#7558=CARTESIAN_POINT('Ctrl Pts',(3.57082242022174,4.65791117313884,5.04531146935345));
#7559=CARTESIAN_POINT('Ctrl Pts',(3.5984618503412,4.6521653321043,5.02632420195308));
#7560=CARTESIAN_POINT('Ctrl Pts',(3.62603513880523,4.64879378127184,5.0067618224236));
#7561=CARTESIAN_POINT('Ctrl Pts',(3.63589042123426,4.64758871696763,4.99976981000918));
#7562=CARTESIAN_POINT('Ctrl Pts',(3.64573732916908,4.6466874353561,4.99270423975066));
#7563=CARTESIAN_POINT('Ctrl Pts',(3.65556554459702,4.64609516885249,4.98557059848677));
#7564=CARTESIAN_POINT('Origin',(0.,4.72257895462658,0.));
#7565=CARTESIAN_POINT('Ctrl Pts',(3.7787889064476,4.66513224708399,5.153617747797));
#7566=CARTESIAN_POINT('Ctrl Pts',(3.84041128947439,4.67324194359387,5.21378417276003));
#7567=CARTESIAN_POINT('Ctrl Pts',(3.90202840640839,4.68135603080884,5.27395331305959));
#7568=CARTESIAN_POINT('Ctrl Pts',(3.96364089430855,4.6894739983571,5.33412490191134));
#7569=CARTESIAN_POINT('Ctrl Pts',(4.01800332832108,4.69663786000353,5.38721777610604));
#7570=CARTESIAN_POINT('Ctrl Pts',(3.88924958000464,4.67966804983415,5.26146671769667));
#7571=CARTESIAN_POINT('Ctrl Pts',(3.76047643329953,4.66271453093297,5.13572601033033));
#7572=CARTESIAN_POINT('Ctrl Pts',(3.63167807374512,4.64578196148261,5.00999808895766));
#7573=CARTESIAN_POINT('Ctrl Pts',(4.16285356054075,4.69362187896517,5.23976638746757));
#7574=CARTESIAN_POINT('Ctrl Pts',(4.03414139154873,4.67656834012307,5.11398435471034));
#7575=CARTESIAN_POINT('Ctrl Pts',(3.90541237438998,4.65953231818213,4.98821053502453));
#7576=CARTESIAN_POINT('Ctrl Pts',(3.77666294042804,4.64250086593501,4.86244617623735));
#7577=CARTESIAN_POINT('Ctrl Pts',(4.40416369901991,4.85848373573964,4.97122735014107));
#7578=CARTESIAN_POINT('Ctrl Pts',(4.27556934889998,4.84138357674021,4.8453471431036));
#7579=CARTESIAN_POINT('Ctrl Pts',(4.14696915964063,4.82428657351989,4.71946686392141));
#7580=CARTESIAN_POINT('Ctrl Pts',(4.01835949581028,4.8072000148385,4.59358753270523));
#7581=CARTESIAN_POINT('Ctrl Pts',(4.47603290465272,5.21478163195318,4.84984763904634));
#7582=CARTESIAN_POINT('Ctrl Pts',(4.34749693428628,5.19777227947419,4.72392722466849));
#7583=CARTESIAN_POINT('Ctrl Pts',(4.21895810222858,5.18077508387896,4.59800638906993));
#7584=CARTESIAN_POINT('Ctrl Pts',(4.09041900787228,5.16379580136471,4.47208124696155));
#7585=CARTESIAN_POINT('Ctrl Pts',(4.46944364343728,5.3690407914973,4.83578422312466));
#7586=CARTESIAN_POINT('Ctrl Pts',(4.34091224945531,5.35207098132792,4.70986732392453));
#7587=CARTESIAN_POINT('Ctrl Pts',(4.21238015968308,5.33511746242675,4.58394893958929));
#7588=CARTESIAN_POINT('Ctrl Pts',(4.08384717871329,5.31818489297638,4.45802864896419));
#7589=CARTESIAN_POINT('',(4.13503135511604,5.32492885876944,4.50817235010027));
#7590=CARTESIAN_POINT('Ctrl Pts',(4.46944364343728,5.3690407914973,4.83578422312466));
#7591=CARTESIAN_POINT('Ctrl Pts',(4.35797344655943,5.35432354599053,4.7265814742145));
#7592=CARTESIAN_POINT('Ctrl Pts',(4.2465027263494,5.33961855380994,4.61737760827374));
#7593=CARTESIAN_POINT('Ctrl Pts',(4.13503135534262,5.32492885349694,4.50817235058234));
#7594=CARTESIAN_POINT('Ctrl Pts',(3.65555677484361,4.64612001619917,4.98557847593439));
#7595=CARTESIAN_POINT('Ctrl Pts',(3.68269191774429,4.64781567299906,4.96548233058396));
#7596=CARTESIAN_POINT('Ctrl Pts',(3.70932541339648,4.6519636353415,4.94512401236537));
#7597=CARTESIAN_POINT('Ctrl Pts',(3.73530483528355,4.65842520355971,4.92465624674607));
#7598=CARTESIAN_POINT('Ctrl Pts',(3.76152114738892,4.6649456908067,4.90400184827994));
#7599=CARTESIAN_POINT('Ctrl Pts',(3.78707218732633,4.67382261562802,4.88323513707207));
#7600=CARTESIAN_POINT('Ctrl Pts',(3.8117880152128,4.68496333494107,4.86251995243356));
#7601=CARTESIAN_POINT('Ctrl Pts',(3.82127346375548,4.68923892385752,4.85456987207035));
#7602=CARTESIAN_POINT('Ctrl Pts',(3.8306356951308,4.69384842422945,4.84662752135605));
#7603=CARTESIAN_POINT('Ctrl Pts',(3.83986420638748,4.69878831307705,4.83870284740938));
#7604=CARTESIAN_POINT('Ctrl Pts',(3.86394382605131,4.71167778585585,4.81802528314273));
#7605=CARTESIAN_POINT('Ctrl Pts',(3.88692803072255,4.72671233362896,4.79763244387156));
#7606=CARTESIAN_POINT('Ctrl Pts',(3.90868751972765,4.74376268495803,4.77771877134937));
#7607=CARTESIAN_POINT('Ctrl Pts',(3.93006180029727,4.76051119375952,4.75815763075636));
#7608=CARTESIAN_POINT('Ctrl Pts',(3.9502550175822,4.77920542111531,4.73905806611809));
#7609=CARTESIAN_POINT('Ctrl Pts',(3.96912475685824,4.79976519284659,4.72061896309018));
#7610=CARTESIAN_POINT('Ctrl Pts',(3.98218633316719,4.81399660449644,4.70785547188639));
#7611=CARTESIAN_POINT('Ctrl Pts',(3.99461338141136,4.82912273875303,4.69540872460147));
#7612=CARTESIAN_POINT('Ctrl Pts',(4.00635035959979,4.84512686284901,4.68335184124697));
#7613=CARTESIAN_POINT('Ctrl Pts',(4.01891330445396,4.86225724557864,4.6704464785323));
#7614=CARTESIAN_POINT('Ctrl Pts',(4.03061825436914,4.88029869816852,4.65806189212781));
#7615=CARTESIAN_POINT('Ctrl Pts',(4.04141603054573,4.8992086032774,4.6462793163457));
#7616=CARTESIAN_POINT('Ctrl Pts',(4.05626969193775,4.92522148989858,4.63007094268328));
#7617=CARTESIAN_POINT('Ctrl Pts',(4.06940824225562,4.9528767627896,4.61500031319117));
#7618=CARTESIAN_POINT('Ctrl Pts',(4.0808289195161,4.98189370802504,4.60117387300416));
#7619=CARTESIAN_POINT('Ctrl Pts',(4.09133669572514,5.00859121114587,4.5884526362562));
#7620=CARTESIAN_POINT('Ctrl Pts',(4.10039007198461,5.03644258364115,4.57678466072339));
#7621=CARTESIAN_POINT('Ctrl Pts',(4.10796130739654,5.06524634784299,4.56627666367613));
#7622=CARTESIAN_POINT('Ctrl Pts',(4.11618626604396,5.09653711567155,4.55486137456166));
#7623=CARTESIAN_POINT('Ctrl Pts',(4.12260711232167,5.12872752437646,4.5448999027435));
#7624=CARTESIAN_POINT('Ctrl Pts',(4.12720949855848,5.1615332932849,4.53647861813303));
#7625=CARTESIAN_POINT('Ctrl Pts',(4.13176420954414,5.19399923341948,4.52814456802182));
#7626=CARTESIAN_POINT('Ctrl Pts',(4.1345380978378,5.22706909637866,4.52131863238254));
#7627=CARTESIAN_POINT('Ctrl Pts',(4.13548329939402,5.26048385906382,4.51611696301182));
#7628=CARTESIAN_POINT('Ctrl Pts',(4.13608759192324,5.28184680681111,4.51279139724281));
#7629=CARTESIAN_POINT('Ctrl Pts',(4.13594374238441,5.30335100523025,4.51013039597606));
#7630=CARTESIAN_POINT('Ctrl Pts',(4.13503135534262,5.32492885349694,4.50817235058234));
#7631=CARTESIAN_POINT('Origin',(4.55209202499863,9.80878119458584,4.69954294609944));
#7632=CARTESIAN_POINT('',(3.7717310236942,13.8127322924497,3.73363177371829));
#7633=CARTESIAN_POINT('',(3.80387313233428,13.8127322924497,3.76532819808152));
#7634=CARTESIAN_POINT('Ctrl Pts',(4.13503135511606,5.32492885876944,4.50817235010025));
#7635=CARTESIAN_POINT('Ctrl Pts',(3.94296603660783,9.8671479732135,4.0960005790057));
#7636=CARTESIAN_POINT('Ctrl Pts',(3.7717310236942,13.8127322924497,3.73363177371829));
#7637=CARTESIAN_POINT('Origin',(4.01439072843232,13.8022624434389,3.5518505083929));
#7638=CARTESIAN_POINT('',(3.95691333956901,14.1022624434389,3.49517010421977));
#7639=CARTESIAN_POINT('',(4.01439072843232,14.1022624434389,3.5518505083929));
#7640=CARTESIAN_POINT('Ctrl Pts',(3.7717310236946,13.8127322924498,3.73363177371878));
#7641=CARTESIAN_POINT('Ctrl Pts',(3.77023592796294,13.8471821761171,3.73046784103434));
#7642=CARTESIAN_POINT('Ctrl Pts',(3.77306574630558,13.8832773975399,3.72272713941297));
#7643=CARTESIAN_POINT('Ctrl Pts',(3.78863016317644,13.9536226771863,3.69728378629554));
#7644=CARTESIAN_POINT('Ctrl Pts',(3.80237949700782,13.9873102684034,3.6785831924862));
#7645=CARTESIAN_POINT('Ctrl Pts',(3.83540171314384,14.0405003772479,3.63676474722713));
#7646=CARTESIAN_POINT('Ctrl Pts',(3.85686782299317,14.0635963967118,3.61085718530118));
#7647=CARTESIAN_POINT('Ctrl Pts',(3.90467242240298,14.0943776452856,3.55474535389538));
#7648=CARTESIAN_POINT('Ctrl Pts',(3.93099328293458,14.1020628054857,3.52452602991791));
#7649=CARTESIAN_POINT('Ctrl Pts',(3.95622223489668,14.1022610838992,3.49595258898166));
#7650=CARTESIAN_POINT('Ctrl Pts',(3.95656760984324,14.1022624434389,3.4955615079349));
#7651=CARTESIAN_POINT('Ctrl Pts',(3.95691333956901,14.1022624434389,3.49517010421977));
#7652=CARTESIAN_POINT('Origin',(5.12864329672931,13.8022624434389,2.89797611069993));
#7653=CARTESIAN_POINT('',(4.74787162249811,13.8127322924497,2.37142914570478));
#7654=CARTESIAN_POINT('',(5.26312308954381,13.8127322924497,2.63001050173815));
#7655=CARTESIAN_POINT('',(4.58158998751826,14.1022624434389,2.623434851595));
#7656=CARTESIAN_POINT('Ctrl Pts',(4.58158998751826,14.1022624434389,2.623434851595));
#7657=CARTESIAN_POINT('Ctrl Pts',(4.58184948831072,14.1022624434389,2.62298165710009));
#7658=CARTESIAN_POINT('Ctrl Pts',(4.58210879759882,14.1022610838992,2.62252890227466));
#7659=CARTESIAN_POINT('Ctrl Pts',(4.60105626889585,14.1020628054857,2.58945421594974));
#7660=CARTESIAN_POINT('Ctrl Pts',(4.62121129392749,14.0943776452856,2.55481651673699));
#7661=CARTESIAN_POINT('Ctrl Pts',(4.65897899283348,14.0635963967118,2.49151234414314));
#7662=CARTESIAN_POINT('Ctrl Pts',(4.67661158893081,14.0405003772479,2.46285772511096));
#7663=CARTESIAN_POINT('Ctrl Pts',(4.70559609121737,13.9873102684034,2.41814589502518));
#7664=CARTESIAN_POINT('Ctrl Pts',(4.71888466841986,13.9536226771863,2.39911512768484));
#7665=CARTESIAN_POINT('Ctrl Pts',(4.73797472824542,13.8832773975398,2.37619821458019));
#7666=CARTESIAN_POINT('Ctrl Pts',(4.74439501653918,13.8471821761169,2.3710304073403));
#7667=CARTESIAN_POINT('Ctrl Pts',(4.74787162249832,13.8127322924496,2.37142914570478));
#7668=CARTESIAN_POINT('',(5.12864329672931,14.1022624434389,2.89797611069993));
#7669=CARTESIAN_POINT('Origin',(5.91336083704409,9.80878119458584,2.79989451894215));
#7670=CARTESIAN_POINT('',(5.59808649506743,5.32492885876948,2.46648126685585));
#7671=CARTESIAN_POINT('Ctrl Pts',(5.59808649562607,5.32492885350009,2.46648126693027));
#7672=CARTESIAN_POINT('Ctrl Pts',(5.73732754014379,5.33961855358285,2.53693398596777));
#7673=CARTESIAN_POINT('Ctrl Pts',(5.87656706006621,5.35432354579516,2.60738653736819));
#7674=CARTESIAN_POINT('Ctrl Pts',(6.01580535556292,5.3690407914973,2.67783895304848));
#7675=CARTESIAN_POINT('Ctrl Pts',(5.59808649506741,5.32492885876948,2.46648126685589));
#7676=CARTESIAN_POINT('Ctrl Pts',(5.14605125320605,9.8671479732135,2.41709710364306));
#7677=CARTESIAN_POINT('Ctrl Pts',(4.74787162249811,13.8127322924497,2.37142914570478));
#7678=CARTESIAN_POINT('Ctrl Pts',(6.01580535556292,5.3690407914973,2.67783895304848));
#7679=CARTESIAN_POINT('Ctrl Pts',(5.8552557848069,5.35207098106002,2.59660336297001));
#7680=CARTESIAN_POINT('Ctrl Pts',(5.69470458612984,5.3351174621086,2.51536759244643));
#7681=CARTESIAN_POINT('Ctrl Pts',(5.53415129936198,5.31818489297637,2.43413159254797));
#7682=CARTESIAN_POINT('Ctrl Pts',(6.03638551671184,5.16336191210514,2.68013099715757));
#7683=CARTESIAN_POINT('Ctrl Pts',(5.87582909929637,5.14633782776724,2.59889217327591));
#7684=CARTESIAN_POINT('Ctrl Pts',(5.71527289855389,5.12932945871798,2.51764668166999));
#7685=CARTESIAN_POINT('Ctrl Pts',(5.55471033095172,5.11233277082748,2.43640626381484));
#7686=CARTESIAN_POINT('Ctrl Pts',(6.14863889731899,4.81288752848831,2.53149234988949));
#7687=CARTESIAN_POINT('Ctrl Pts',(5.9881138630269,4.79577988223251,2.4501606397242));
#7688=CARTESIAN_POINT('Ctrl Pts',(5.82758705030946,4.77867553259271,2.36882240418936));
#7689=CARTESIAN_POINT('Ctrl Pts',(5.66705946174977,4.76158013746894,2.28747132096183));
#7690=CARTESIAN_POINT('Ctrl Pts',(6.32306448178033,4.69437587422476,2.21152381908213));
#7691=CARTESIAN_POINT('Ctrl Pts',(6.1625887688008,4.67734453272011,2.13006071599488));
#7692=CARTESIAN_POINT('Ctrl Pts',(6.00211486988001,4.66032637408085,2.04858030204231));
#7693=CARTESIAN_POINT('Ctrl Pts',(5.84164467697784,4.64332113982191,1.96707394165572));
#7694=CARTESIAN_POINT('Ctrl Pts',(6.39286366778828,4.69663786000353,2.07310401057564));
#7695=CARTESIAN_POINT('Ctrl Pts',(6.2323996632167,4.67966804956625,1.99160455869916));
#7696=CARTESIAN_POINT('Ctrl Pts',(6.07193922700367,4.66271453061483,1.9100834117113));
#7697=CARTESIAN_POINT('Ctrl Pts',(5.91148279732476,4.64578196148261,1.82853428177159));
#7698=CARTESIAN_POINT('',(6.0947678167485,4.66513226983863,1.92167291111941));
#7699=CARTESIAN_POINT('Ctrl Pts',(6.32511419387542,4.68947399836188,2.03869272901195));
#7700=CARTESIAN_POINT('Ctrl Pts',(6.24833121770135,4.68135603075188,1.99969153091637));
#7701=CARTESIAN_POINT('Ctrl Pts',(6.17154907269729,4.67324194352982,1.96068516265002));
#7702=CARTESIAN_POINT('Ctrl Pts',(6.09476780687174,4.66513224708402,1.92167293528831));
#7703=CARTESIAN_POINT('',(5.8960315886414,4.64607048044489,1.85901161909086));
#7704=CARTESIAN_POINT('Ctrl Pts',(6.09476781674861,4.66513226983864,1.92167291111947));
#7705=CARTESIAN_POINT('Ctrl Pts',(6.08991233020304,4.66464629938294,1.92014198209223));
#7706=CARTESIAN_POINT('Ctrl Pts',(6.08505669864464,4.66416179888959,1.9186110073426));
#7707=CARTESIAN_POINT('Ctrl Pts',(6.01884003843381,4.65757486907966,1.89773297457451));
#7708=CARTESIAN_POINT('Ctrl Pts',(5.95743473980133,4.6517036111733,1.87837195828494));
#7709=CARTESIAN_POINT('Ctrl Pts',(5.8960315886414,4.64607048044489,1.85901161909086));
#7710=CARTESIAN_POINT('Ctrl Pts',(5.59808649562623,5.3249288535001,2.46648126693035));
#7711=CARTESIAN_POINT('Ctrl Pts',(5.60140034204571,5.29163058188804,2.46684320322876));
#7712=CARTESIAN_POINT('Ctrl Pts',(5.60573702193826,5.25857831844934,2.46486843921039));
#7713=CARTESIAN_POINT('Ctrl Pts',(5.61097573545796,5.2259799065997,2.46070364222055));
#7714=CARTESIAN_POINT('Ctrl Pts',(5.61637433732981,5.19238657370054,2.45641173338822));
#7715=CARTESIAN_POINT('Ctrl Pts',(5.62273112359072,5.1592740966862,2.4497938104898));
#7716=CARTESIAN_POINT('Ctrl Pts',(5.62993814929474,5.12687597484441,2.44096117867933));
#7717=CARTESIAN_POINT('Ctrl Pts',(5.63476151069342,5.1051932645699,2.4350498669853));
#7718=CARTESIAN_POINT('Ctrl Pts',(5.63996619948771,5.08383066032109,2.42814555561319));
#7719=CARTESIAN_POINT('Ctrl Pts',(5.64552475481856,5.0628635266442,2.4202708105837));
#7720=CARTESIAN_POINT('Ctrl Pts',(5.65381260034077,5.03160138124591,2.40852950975165));
#7721=CARTESIAN_POINT('Ctrl Pts',(5.66282140427088,5.00144363527178,2.39471565804073));
#7722=CARTESIAN_POINT('Ctrl Pts',(5.67241688536456,4.97261068700202,2.37894536383415));
#7723=CARTESIAN_POINT('Ctrl Pts',(5.68194977053811,4.94396582986694,2.36327794681182));
#7724=CARTESIAN_POINT('Ctrl Pts',(5.69206209571231,4.91662746995568,2.34567897761982));
#7725=CARTESIAN_POINT('Ctrl Pts',(5.70264045783222,4.89083459690119,2.32622143189826));
#7726=CARTESIAN_POINT('Ctrl Pts',(5.70957410706115,4.87392850762773,2.31346786992337));
#7727=CARTESIAN_POINT('Ctrl Pts',(5.71670833515343,4.85768689089653,2.29991500881482));
#7728=CARTESIAN_POINT('Ctrl Pts',(5.72401431452081,4.8421858031159,2.28557543379277));
#7729=CARTESIAN_POINT('Ctrl Pts',(5.73237179781998,4.82445374068715,2.26917205339191));
#7730=CARTESIAN_POINT('Ctrl Pts',(5.74090293107422,4.80779166689527,2.25183158150286));
#7731=CARTESIAN_POINT('Ctrl Pts',(5.74956273946187,4.79228867622146,2.2335954831386));
#7732=CARTESIAN_POINT('Ctrl Pts',(5.76101313911057,4.7717899040756,2.20948286944594));
#7733=CARTESIAN_POINT('Ctrl Pts',(5.77268821190746,4.75331549587545,2.1838054193577));
#7734=CARTESIAN_POINT('Ctrl Pts',(5.78442965421565,4.73690696377612,2.15680067237165));
#7735=CARTESIAN_POINT('Ctrl Pts',(5.79535055981149,4.72164512240096,2.13168311996768));
#7736=CARTESIAN_POINT('Ctrl Pts',(5.80632941830613,4.70817064759702,2.10541621296545));
#7737=CARTESIAN_POINT('Ctrl Pts',(5.81724473141908,4.69655215585324,2.07817213860441));
#7738=CARTESIAN_POINT('Ctrl Pts',(5.82892254282156,4.68412204469095,2.04902490673563));
#7739=CARTESIAN_POINT('Ctrl Pts',(5.84043434044571,4.67391103906254,2.01898225810047));
#7740=CARTESIAN_POINT('Ctrl Pts',(5.85166778774851,4.66595019397531,1.98829334816092));
#7741=CARTESIAN_POINT('Ctrl Pts',(5.86301350615244,4.65790978534718,1.95729772224911));
#7742=CARTESIAN_POINT('Ctrl Pts',(5.87407587431815,4.65216431852236,1.92564177054086));
#7743=CARTESIAN_POINT('Ctrl Pts',(5.88474480775718,4.64879311256327,1.89356118703538));
#7744=CARTESIAN_POINT('Ctrl Pts',(5.88855749929233,4.64758836529431,1.88209674498286));
#7745=CARTESIAN_POINT('Ctrl Pts',(5.89231995465822,4.64668729930351,1.87057795892111));
#7746=CARTESIAN_POINT('Ctrl Pts',(5.8960270993788,4.64609514313306,1.85901535097321));
#7747=CARTESIAN_POINT('Origin',(0.,4.72257895462658,0.));
#7748=CARTESIAN_POINT('Ctrl Pts',(6.09476782252066,4.66513224708398,1.92167288565629));
#7749=CARTESIAN_POINT('Ctrl Pts',(6.18003984842599,4.67324194359606,1.93375586479017));
#7750=CARTESIAN_POINT('Ctrl Pts',(6.26530923309582,4.68135603081057,1.94584414758004));
#7751=CARTESIAN_POINT('Ctrl Pts',(6.35057633254852,4.68947399835737,1.95793714218252));
#7752=CARTESIAN_POINT('Ctrl Pts',(6.42581095290063,4.69663786000353,1.96860857236134));
#7753=CARTESIAN_POINT('Ctrl Pts',(6.24762037323845,4.67966804984141,1.94333064347948));
#7754=CARTESIAN_POINT('Ctrl Pts',(6.06942027049992,4.66271453094536,1.91807253259164));
#7755=CARTESIAN_POINT('Ctrl Pts',(5.89120739529204,4.6457819614826,1.89283964147435));
#7756=CARTESIAN_POINT('Ctrl Pts',(6.45543521233453,4.69362187896517,1.76404585572291));
#7757=CARTESIAN_POINT('Ctrl Pts',(6.27725984866344,4.67656834013037,1.73871836148966));
#7758=CARTESIAN_POINT('Ctrl Pts',(6.09907575432547,4.65953231819458,1.71340745312393));
#7759=CARTESIAN_POINT('Ctrl Pts',(5.92088078910291,4.64250086593501,1.68811624707538));
#7760=CARTESIAN_POINT('Ctrl Pts',(6.49125341178666,4.85846548934104,1.4047745851664));
#7761=CARTESIAN_POINT('Ctrl Pts',(6.31311501111011,4.84136533034892,1.37929825137881));
#7762=CARTESIAN_POINT('Ctrl Pts',(6.13497186943884,4.82426825809314,1.35382525802908));
#7763=CARTESIAN_POINT('Ctrl Pts',(5.9568216367782,4.80718169939926,1.32835868565806));
#7764=CARTESIAN_POINT('Ctrl Pts',(6.47743428654234,5.21478163195318,1.26441201711429));
#7765=CARTESIAN_POINT('Ctrl Pts',(6.29931919091467,5.19777227948146,1.23886873782252));
#7766=CARTESIAN_POINT('Ctrl Pts',(6.12120153839755,5.18077508389137,1.21332681098207));
#7767=CARTESIAN_POINT('Ctrl Pts',(5.94308112768595,5.16379580136471,1.18778156625326));
#7768=CARTESIAN_POINT('Ctrl Pts',(6.4638045788656,5.3690407914973,1.25696694495896));
#7769=CARTESIAN_POINT('Ctrl Pts',(6.28569525239699,5.35207098133518,1.23142379440301));
#7770=CARTESIAN_POINT('Ctrl Pts',(6.10758448661526,5.33511746243913,1.20587985759218));
#7771=CARTESIAN_POINT('Ctrl Pts',(5.9294718747401,5.31818489297637,1.18033491041146));
#7772=CARTESIAN_POINT('',(6.00039953191082,5.32492885876948,1.19050733028023));
#7773=CARTESIAN_POINT('Ctrl Pts',(6.4638045788656,5.3690407914973,1.25696694495896));
#7774=CARTESIAN_POINT('Ctrl Pts',(6.30933740105145,5.35432354599558,1.23481438025565));
#7775=CARTESIAN_POINT('Ctrl Pts',(6.1548691406713,5.33961855381844,1.21266122417803));
#7776=CARTESIAN_POINT('Ctrl Pts',(6.00039953238157,5.32492885349726,1.19050733053544));
#7777=CARTESIAN_POINT('Ctrl Pts',(5.89602471550026,4.64611992475142,1.85902676783879));
#7778=CARTESIAN_POINT('Ctrl Pts',(5.90602490970076,4.64781544123321,1.82677421298116));
#7779=CARTESIAN_POINT('Ctrl Pts',(5.91546556650298,4.65196312373296,1.7946065939528));
#7780=CARTESIAN_POINT('Ctrl Pts',(5.9243140443419,4.65842435812909,1.76273732387498));
#7781=CARTESIAN_POINT('Ctrl Pts',(5.93324290229179,4.66494428677152,1.73057855140907));
#7782=CARTESIAN_POINT('Ctrl Pts',(5.94156889737768,4.67382043770898,1.6987224152135));
#7783=CARTESIAN_POINT('Ctrl Pts',(5.94925183955791,4.68496026659571,1.66740162565677));
#7784=CARTESIAN_POINT('Ctrl Pts',(5.95220024504329,4.68923528674103,1.6553819611104));
#7785=CARTESIAN_POINT('Ctrl Pts',(5.9550538679862,4.6938441657035,1.64344137006775));
#7786=CARTESIAN_POINT('Ctrl Pts',(5.95781011928981,4.69878338662591,1.63159408802638));
#7787=CARTESIAN_POINT('Ctrl Pts',(5.96500238608094,4.71167197721549,1.60067934049248));
#7788=CARTESIAN_POINT('Ctrl Pts',(5.97147962567971,4.72670563408548,1.57064191700319));
#7789=CARTESIAN_POINT('Ctrl Pts',(5.97725251450092,4.74375518268719,1.54171518905247));
#7790=CARTESIAN_POINT('Ctrl Pts',(5.98292296351666,4.76050218736396,1.51330176535479));
#7791=CARTESIAN_POINT('Ctrl Pts',(5.98791392222301,4.77919482932917,1.48595894439966));
#7792=CARTESIAN_POINT('Ctrl Pts',(5.99222811971243,4.79975303739574,1.45993140000808));
#7793=CARTESIAN_POINT('Ctrl Pts',(5.99521464824226,4.81398457757523,1.44191367966091));
#7794=CARTESIAN_POINT('Ctrl Pts',(5.99787670991531,4.82911100282824,1.42452673684809));
#7795=CARTESIAN_POINT('Ctrl Pts',(6.0002127411951,4.84511561073044,1.40786242915047));
#7796=CARTESIAN_POINT('Ctrl Pts',(6.00271316843376,4.86224652755037,1.3900253867953));
#7797=CARTESIAN_POINT('Ctrl Pts',(6.00482954253604,4.88028873032221,1.37311588719478));
#7798=CARTESIAN_POINT('Ctrl Pts',(6.00657022970319,4.8991996336713,1.3572285754202));
#7799=CARTESIAN_POINT('Ctrl Pts',(6.00896463079095,4.92521251433377,1.33537479415918));
#7800=CARTESIAN_POINT('Ctrl Pts',(6.01064858001227,4.95286807630549,1.31545302504308));
#7801=CARTESIAN_POINT('Ctrl Pts',(6.01168282928482,4.98188546111713,1.29755057049529));
#7802=CARTESIAN_POINT('Ctrl Pts',(6.01263438792896,5.0085828387039,1.2810794587154));
#7803=CARTESIAN_POINT('Ctrl Pts',(6.01303585204212,5.03643416764053,1.26631780409592));
#7804=CARTESIAN_POINT('Ctrl Pts',(6.01292797976031,5.0652378696965,1.25336793035567));
#7805=CARTESIAN_POINT('Ctrl Pts',(6.01281079128296,5.09652915165829,1.23929966406863));
#7806=CARTESIAN_POINT('Ctrl Pts',(6.0120983472242,5.12872009119066,1.22747058452257));
#7807=CARTESIAN_POINT('Ctrl Pts',(6.0108301865534,5.16152626338056,1.21795865366375));
#7808=CARTESIAN_POINT('Ctrl Pts',(6.00957509459791,5.19399435969825,1.20854474564961));
#7809=CARTESIAN_POINT('Ctrl Pts',(6.0077756136801,5.22706631968538,1.20140011599173));
#7810=CARTESIAN_POINT('Ctrl Pts',(6.0054618681361,5.26048293723016,1.19664658549575));
#7811=CARTESIAN_POINT('Ctrl Pts',(6.00398268129623,5.28184631533932,1.19360763431516));
#7812=CARTESIAN_POINT('Ctrl Pts',(6.00229314804671,5.30335083515726,1.19154689061085));
#7813=CARTESIAN_POINT('Ctrl Pts',(6.00039953238157,5.32492885349726,1.19050733053544));
#7814=CARTESIAN_POINT('Origin',(6.44989513861679,9.80878119458584,1.09822511678459));
#7815=CARTESIAN_POINT('',(5.24942462404333,13.8127322924497,0.780706252894172));
#7816=CARTESIAN_POINT('',(6.09646311927153,13.8127322924497,0.905030813962655));
#7817=CARTESIAN_POINT('Ctrl Pts',(6.00039953191083,5.32492885876948,1.19050733028019));
#7818=CARTESIAN_POINT('Ctrl Pts',(5.60178834710164,9.8671479732135,0.971683705399564));
#7819=CARTESIAN_POINT('Ctrl Pts',(5.24942462404333,13.8127322924497,0.780706252894172));
#7820=CARTESIAN_POINT('Origin',(6.14000248112491,13.8022624434389,0.608391797258695));
#7821=CARTESIAN_POINT('',(5.25775921754656,14.1022624434389,0.478900036119331));
#7822=CARTESIAN_POINT('',(6.14000248112491,14.1022624434389,0.608391797258695));
#7823=CARTESIAN_POINT('Ctrl Pts',(5.24942462404353,13.8127322924498,0.780706252894275));
#7824=CARTESIAN_POINT('Ctrl Pts',(5.24634804823478,13.847182176117,0.779038780984004));
#7825=CARTESIAN_POINT('Ctrl Pts',(5.24405298841444,13.8832773975399,0.771123035039087));
#7826=CARTESIAN_POINT('Ctrl Pts',(5.24155992823346,13.9536226771863,0.741400990336169));
#7827=CARTESIAN_POINT('Ctrl Pts',(5.24159016276445,13.9873102684034,0.718189883608962));
#7828=CARTESIAN_POINT('Ctrl Pts',(5.24349310062705,14.0405003772479,0.664939269059359));
#7829=CARTESIAN_POINT('Ctrl Pts',(5.24548493775727,14.0635963967118,0.631353137667705));
#7830=CARTESIAN_POINT('Ctrl Pts',(5.25085723171288,14.0943776452856,0.55783473312775));
#7831=CARTESIAN_POINT('Ctrl Pts',(5.25421456983336,14.1020628054857,0.517900743575943));
#7832=CARTESIAN_POINT('Ctrl Pts',(5.25766457070197,14.1022610838992,0.479939723594258));
#7833=CARTESIAN_POINT('Ctrl Pts',(5.25771184646783,14.1022624434389,0.47942011485606));
#7834=CARTESIAN_POINT('Ctrl Pts',(5.25775921754656,14.1022624434389,0.478900036119331));
#7835=CARTESIAN_POINT('Origin',(6.1154579671032,13.8022624434389,-0.7405309969562));
#7836=CARTESIAN_POINT('',(5.2311443859841,13.8127322924497,-0.895036060618548));
#7837=CARTESIAN_POINT('',(6.06545782039274,13.8127322924497,-1.03614961543383));
#7838=CARTESIAN_POINT('',(5.24606086400143,14.1022624434389,-0.593483483749487));
#7839=CARTESIAN_POINT('Ctrl Pts',(5.24606086400143,14.1022624434389,-0.593483483749487));
#7840=CARTESIAN_POINT('Ctrl Pts',(5.24600215873789,14.1022624434389,-0.594002405326924));
#7841=CARTESIAN_POINT('Ctrl Pts',(5.24594355901749,14.1022610838992,-0.594520859096917));
#7842=CARTESIAN_POINT('Ctrl Pts',(5.24166626386897,14.1020628054857,-0.632397584011509));
#7843=CARTESIAN_POINT('Ctrl Pts',(5.237438569313,14.0943776452856,-0.672248830410093));
#7844=CARTESIAN_POINT('Ctrl Pts',(5.23046375827491,14.0635963967118,-0.745632543585625));
#7845=CARTESIAN_POINT('Ctrl Pts',(5.22773971755293,14.0405003772479,-0.779167230689512));
#7846=CARTESIAN_POINT('Ctrl Pts',(5.22467557650359,13.9873102684034,-0.832363660664174));
#7847=CARTESIAN_POINT('Ctrl Pts',(5.22413900154282,13.9536226771863,-0.855568584213719));
#7848=CARTESIAN_POINT('Ctrl Pts',(5.2259830854548,13.8832773975398,-0.885337941696128));
#7849=CARTESIAN_POINT('Ctrl Pts',(5.22810491802531,13.8471821761169,-0.893301870373997));
#7850=CARTESIAN_POINT('Ctrl Pts',(5.23114438598431,13.8127322924496,-0.895036060618655));
#7851=CARTESIAN_POINT('',(6.1154579671032,14.1022624434389,-0.7405309969562));
#7852=CARTESIAN_POINT('Origin',(6.42440258357165,9.80878119458584,-1.23866748988053));
#7853=CARTESIAN_POINT('',(5.97300081876964,5.32492885876948,-1.32112204772453));
#7854=CARTESIAN_POINT('Ctrl Pts',(5.97300081923282,5.32492885349708,-1.32112204798963));
#7855=CARTESIAN_POINT('Ctrl Pts',(6.12695038311831,5.33961855380131,-1.34664040632219));
#7856=CARTESIAN_POINT('Ctrl Pts',(6.28089861569242,5.35432354597937,-1.3721579978919));
#7857=CARTESIAN_POINT('Ctrl Pts',(6.43484577901854,5.3690407914973,-1.39767497463844));
#7858=CARTESIAN_POINT('Ctrl Pts',(5.97300081876965,5.32492885876948,-1.32112204772449));
#7859=CARTESIAN_POINT('Ctrl Pts',(5.5792581048477,9.8671479732135,-1.09365483977076));
#7860=CARTESIAN_POINT('Ctrl Pts',(5.2311443859841,13.8127322924497,-0.895036060618548));
#7861=CARTESIAN_POINT('Ctrl Pts',(6.43484577901854,5.3690407914973,-1.39767497463844));
#7862=CARTESIAN_POINT('Ctrl Pts',(6.25733605841276,5.35207098131352,-1.36825246814257));
#7863=CARTESIAN_POINT('Ctrl Pts',(6.07982491620066,5.33511746241616,-1.33882914421567));
#7864=CARTESIAN_POINT('Ctrl Pts',(5.90231195063058,5.31818489297637,-1.30940476992927));
#7865=CARTESIAN_POINT('Ctrl Pts',(6.45279784672823,5.16336191210514,-1.40799581588615));
#7866=CARTESIAN_POINT('Ctrl Pts',(6.27528069249195,5.14633782802156,-1.37857186877765));
#7867=CARTESIAN_POINT('Ctrl Pts',(6.09775976822149,5.12932945902671,-1.34915342659561));
#7868=CARTESIAN_POINT('Ctrl Pts',(5.92023670579205,5.11233277082748,-1.31972712729965));
#7869=CARTESIAN_POINT('Ctrl Pts',(6.45543519649824,4.81287552458368,-1.59423189499761));
#7870=CARTESIAN_POINT('Ctrl Pts',(6.27788842645722,4.79576787858345,-1.56490141267361));
#7871=CARTESIAN_POINT('Ctrl Pts',(6.10033636684567,4.77866348430344,-1.53557512005616));
#7872=CARTESIAN_POINT('Ctrl Pts',(5.92277607557319,4.76156808886915,-1.50625874969994));
#7873=CARTESIAN_POINT('Ctrl Pts',(6.40689660557626,4.69437587422476,-1.95541758419399));
#7874=CARTESIAN_POINT('Ctrl Pts',(6.2293119165397,4.67734453297454,-1.9262222271489));
#7875=CARTESIAN_POINT('Ctrl Pts',(6.05171845227956,4.66032637438973,-1.89704190268552));
#7876=CARTESIAN_POINT('Ctrl Pts',(5.87411263054225,4.64332113982191,-1.86788469336534));
#7877=CARTESIAN_POINT('Ctrl Pts',(6.3813368142201,4.69663786000353,-2.10831842402221));
#7878=CARTESIAN_POINT('Ctrl Pts',(6.20374007397636,4.67966804981975,-2.07915930355613));
#7879=CARTESIAN_POINT('Ctrl Pts',(6.02613338080756,4.66271453092239,-2.05001978865802));
#7880=CARTESIAN_POINT('Ctrl Pts',(5.84851336829771,4.6457819614826,-2.02090520894066));
#7881=CARTESIAN_POINT('',(6.05139635342377,4.66513226983863,-2.05417226424));
#7882=CARTESIAN_POINT('Ctrl Pts',(6.30635289369452,4.68947399835753,-2.09600829876147));
#7883=CARTESIAN_POINT('Ctrl Pts',(6.2213698927373,4.68135603080575,-2.08205808998388));
#7884=CARTESIAN_POINT('Ctrl Pts',(6.13638450436912,4.67324194359105,-2.06811254205408));
#7885=CARTESIAN_POINT('Ctrl Pts',(6.05139635975003,4.66513224708399,-2.05417223890886));
#7886=CARTESIAN_POINT('',(5.85407436803893,4.64607048044489,-1.98719047593373));
#7887=CARTESIAN_POINT('Ctrl Pts',(6.05139635342388,4.66513226983864,-2.05417226424002));
#7888=CARTESIAN_POINT('Ctrl Pts',(6.04661016781127,4.66464980216982,-2.05254757315011));
#7889=CARTESIAN_POINT('Ctrl Pts',(6.04182384036645,4.66416878335739,-2.05092283391437));
#7890=CARTESIAN_POINT('Ctrl Pts',(5.97607842914205,4.65758156565603,-2.02860527407456));
#7891=CARTESIAN_POINT('Ctrl Pts',(5.91507532493704,4.65170682306196,-2.00789751054758));
#7892=CARTESIAN_POINT('Ctrl Pts',(5.85407436803893,4.64607048044489,-1.98719047593373));
#7893=CARTESIAN_POINT('Ctrl Pts',(5.97300081923304,5.3249288534971,-1.32112204798967));
#7894=CARTESIAN_POINT('Ctrl Pts',(5.97588731457948,5.29163005864695,-1.32278970198031));
#7895=CARTESIAN_POINT('Ctrl Pts',(5.97821697763876,5.258577099846,-1.32694652622865));
#7896=CARTESIAN_POINT('Ctrl Pts',(5.97997910109679,5.22597789387011,-1.33340285202558));
#7897=CARTESIAN_POINT('Ctrl Pts',(5.98179498149722,5.19238418683937,-1.34005614037491));
#7898=CARTESIAN_POINT('Ctrl Pts',(5.98300821429797,5.15927121782782,-1.34915172812958));
#7899=CARTESIAN_POINT('Ctrl Pts',(5.98359754861175,5.12687255431747,-1.36053607569024));
#7900=CARTESIAN_POINT('Ctrl Pts',(5.98399195245663,5.10519019651375,-1.36815489296316));
#7901=CARTESIAN_POINT('Ctrl Pts',(5.98410672801891,5.08382790135232,-1.37679990866815));
#7902=CARTESIAN_POINT('Ctrl Pts',(5.98393306951308,5.06286104634406,-1.38643670519463));
#7903=CARTESIAN_POINT('Ctrl Pts',(5.98367413425985,5.03159820733211,-1.40080574710766));
#7904=CARTESIAN_POINT('Ctrl Pts',(5.98277108838569,5.00143976772371,-1.41727251088947));
#7905=CARTESIAN_POINT('Ctrl Pts',(5.98118428219458,4.97260619492154,-1.43566400815008));
#7906=CARTESIAN_POINT('Ctrl Pts',(5.97960786502552,4.94396139918947,-1.45393509393787));
#7907=CARTESIAN_POINT('Ctrl Pts',(5.97735660145621,4.91662310655481,-1.47410646982939));
#7908=CARTESIAN_POINT('Ctrl Pts',(5.97438217770492,4.89083035784208,-1.49605228563015));
#7909=CARTESIAN_POINT('Ctrl Pts',(5.97243256136077,4.87392423798299,-1.51043689412867));
#7910=CARTESIAN_POINT('Ctrl Pts',(5.97017206382101,4.857682623962,-1.5255847197268));
#7911=CARTESIAN_POINT('Ctrl Pts',(5.96758487537267,4.84218158823857,-1.54146858261091));
#7912=CARTESIAN_POINT('Ctrl Pts',(5.96462519722338,4.82444879542579,-1.55963932001298));
#7913=CARTESIAN_POINT('Ctrl Pts',(5.96125139979006,4.80778614789136,-1.57866858181664));
#7914=CARTESIAN_POINT('Ctrl Pts',(5.95745172461573,4.79228277544825,-1.5984963494068));
#7915=CARTESIAN_POINT('Ctrl Pts',(5.95242785011824,4.77178444496773,-1.62471233139687));
#7916=CARTESIAN_POINT('Ctrl Pts',(5.94665983263412,4.75331062681058,-1.65232324464702));
#7917=CARTESIAN_POINT('Ctrl Pts',(5.94016048861871,4.73690273563103,-1.68104385763212));
#7918=CARTESIAN_POINT('Ctrl Pts',(5.93411577041236,4.7216425680963,-1.70775547834298));
#7919=CARTESIAN_POINT('Ctrl Pts',(5.92743824727783,4.70816955942716,-1.73542817731487));
#7920=CARTESIAN_POINT('Ctrl Pts',(5.92013176918208,4.69655223170427,-1.76385124580149));
#7921=CARTESIAN_POINT('Ctrl Pts',(5.9123143857611,4.68412256258778,-1.79426179674668));
#7922=CARTESIAN_POINT('Ctrl Pts',(5.90383367086823,4.67391192200719,-1.82529630307649));
#7923=CARTESIAN_POINT('Ctrl Pts',(5.89474637646622,4.66595126695686,-1.85668735106382));
#7924=CARTESIAN_POINT('Ctrl Pts',(5.88556795071184,4.65791077898503,-1.88839320217397));
#7925=CARTESIAN_POINT('Ctrl Pts',(5.87577055573661,4.65216520924889,-1.92046400457144));
#7926=CARTESIAN_POINT('Ctrl Pts',(5.86540480548038,4.64879378153462,-1.95264450541689));
#7927=CARTESIAN_POINT('Ctrl Pts',(5.86169949933635,4.64758864234884,-1.96414763876983));
#7928=CARTESIAN_POINT('Ctrl Pts',(5.85792151081944,4.6466873268635,-1.97566488675161));
#7929=CARTESIAN_POINT('Ctrl Pts',(5.85407297217701,4.64609506343342,-1.98718475042297));
#7930=CARTESIAN_POINT('Origin',(0.,4.72257895462658,0.));
#7931=CARTESIAN_POINT('Ctrl Pts',(6.05139634302211,4.66513224708399,-2.05417228818773));
#7932=CARTESIAN_POINT('Ctrl Pts',(6.12730829033637,4.67324194359447,-2.09485020650709));
#7933=CARTESIAN_POINT('Ctrl Pts',(6.20322124376323,4.6813560308095,-2.13552228594425));
#7934=CARTESIAN_POINT('Ctrl Pts',(6.27913514043174,4.68947399835708,-2.17618921429591));
#7935=CARTESIAN_POINT('Ctrl Pts',(6.34611781369812,4.69663786000353,-2.21207025391501));
#7936=CARTESIAN_POINT('Ctrl Pts',(6.18746989891873,4.67966804983702,-2.12708969424512));
#7937=CARTESIAN_POINT('Ctrl Pts',(6.0288260228651,4.66271453093534,-2.04208752136761));
#7938=CARTESIAN_POINT('Ctrl Pts',(5.87018675936281,4.6457819614826,-1.95705745773649));
#7939=CARTESIAN_POINT('Ctrl Pts',(6.24904822983024,4.69362187896517,-2.39455586341127));
#7940=CARTESIAN_POINT('Ctrl Pts',(6.09038327743426,4.67656834012596,-2.30962427281391));
#7941=CARTESIAN_POINT('Ctrl Pts',(5.93172109161079,4.65953231818451,-2.22467414409929));
#7942=CARTESIAN_POINT('Ctrl Pts',(5.77306178933803,4.64250086593501,-2.13970169857692));
#7943=CARTESIAN_POINT('Ctrl Pts',(6.06549863754729,4.85847776025533,-2.70545496956092));
#7944=CARTESIAN_POINT('Ctrl Pts',(5.90677548349425,4.84137760125879,-2.6206652663944));
#7945=CARTESIAN_POINT('Ctrl Pts',(5.74805049706859,4.82428057542795,-2.53587003237013));
#7946=CARTESIAN_POINT('Ctrl Pts',(5.58932357333059,4.80719401674418,-2.45106546086765));
#7947=CARTESIAN_POINT('Ctrl Pts',(5.9713509551058,5.21478163195318,-2.81049114150078));
#7948=CARTESIAN_POINT('Ctrl Pts',(5.81260700976115,5.19777227947706,-2.72576920667517));
#7949=CARTESIAN_POINT('Ctrl Pts',(5.65386180213251,5.18077508388133,-2.64104466925279));
#7950=CARTESIAN_POINT('Ctrl Pts',(5.4951124084202,5.1637958013647,-2.5563211766549));
#7951=CARTESIAN_POINT('Ctrl Pts',(5.95595700789394,5.3690407914973,-2.80843580211519));
#7952=CARTESIAN_POINT('Ctrl Pts',(5.79721779117921,5.35207098133079,-2.72371717483069));
#7953=CARTESIAN_POINT('Ctrl Pts',(5.6384769488063,5.33511746242911,-2.63899833053116));
#7954=CARTESIAN_POINT('Ctrl Pts',(5.47973402036661,5.31818489297637,-2.55427920950446));
#7955=CARTESIAN_POINT('',(5.5429482968005,5.32492885876944,-2.58801592440958));
#7956=CARTESIAN_POINT('Ctrl Pts',(5.95595700789394,5.3690407914973,-2.80843580211519));
#7957=CARTESIAN_POINT('Ctrl Pts',(5.81828876053757,5.35432354599273,-2.73496268577965));
#7958=CARTESIAN_POINT('Ctrl Pts',(5.6806192904575,5.33961855381181,-2.66148940621827));
#7959=CARTESIAN_POINT('Ctrl Pts',(5.5429482973283,5.32492885349693,-2.5880159244807));
#7960=CARTESIAN_POINT('Ctrl Pts',(5.85407781078483,4.64611998625109,-1.98717413048478));
#7961=CARTESIAN_POINT('Ctrl Pts',(5.8430713714922,4.64781559708153,-2.0190966774723));
#7962=CARTESIAN_POINT('Ctrl Pts',(5.83166400420762,4.65196346770048,-2.0506197091027));
#7963=CARTESIAN_POINT('Ctrl Pts',(5.81995554612413,4.65842492634249,-2.08155189224209));
#7964=CARTESIAN_POINT('Ctrl Pts',(5.80814045743275,4.66494523041555,-2.11276577921198));
#7965=CARTESIAN_POINT('Ctrl Pts',(5.79601818411622,4.67382190139682,-2.14337901344943));
#7966=CARTESIAN_POINT('Ctrl Pts',(5.7836938932118,4.68496232843562,-2.17318022332495));
#7967=CARTESIAN_POINT('Ctrl Pts',(5.77896408192264,4.68923779693785,-2.18461731938127));
#7968=CARTESIAN_POINT('Ctrl Pts',(5.77420458960947,4.69384716994136,-2.19593458105809));
#7969=CARTESIAN_POINT('Ctrl Pts',(5.7694217453954,4.69878692630974,-2.20711899873827));
#7970=CARTESIAN_POINT('Ctrl Pts',(5.75694196314984,4.71167613638316,-2.23630228193647));
#7971=CARTESIAN_POINT('Ctrl Pts',(5.74440432842518,4.72671041772572,-2.26435523502043));
#7972=CARTESIAN_POINT('Ctrl Pts',(5.73195541659949,4.74376053060176,-2.29109603858497));
#7973=CARTESIAN_POINT('Ctrl Pts',(5.71972706021526,4.76050856927043,-2.31736307947711));
#7974=CARTESIAN_POINT('Ctrl Pts',(5.70758377375891,4.77920229865601,-2.34236492922748));
#7975=CARTESIAN_POINT('Ctrl Pts',(5.6956724205597,4.79976157830047,-2.36590593468958));
#7976=CARTESIAN_POINT('Ctrl Pts',(5.68742713830195,4.81399313208363,-2.38220150005651));
#7977=CARTESIAN_POINT('Ctrl Pts',(5.67929314964698,4.8291194719167,-2.39779660328849));
#7978=CARTESIAN_POINT('Ctrl Pts',(5.67132349658465,4.84512387467773,-2.41261626978329));
#7979=CARTESIAN_POINT('Ctrl Pts',(5.66279315951546,4.86225422515536,-2.42847853498669));
#7980=CARTESIAN_POINT('Ctrl Pts',(5.65450151181208,4.88029569060248,-2.44336586806243));
#7981=CARTESIAN_POINT('Ctrl Pts',(5.64651124533927,4.89920566583319,-2.45720692573358));
#7982=CARTESIAN_POINT('Ctrl Pts',(5.63551969806584,4.92521855131014,-2.47624692148645));
#7983=CARTESIAN_POINT('Ctrl Pts',(5.62509753754511,4.95287391900494,-2.49330896120321));
#7984=CARTESIAN_POINT('Ctrl Pts',(5.61534542795957,4.98189100737778,-2.5083584552592));
#7985=CARTESIAN_POINT('Ctrl Pts',(5.60637279010872,5.00858880267758,-2.52220506545351));
#7986=CARTESIAN_POINT('Ctrl Pts',(5.59796734338778,5.0364405222518,-2.53434780841534));
#7987=CARTESIAN_POINT('Ctrl Pts',(5.59022250715095,5.06524464786596,-2.54472817704757));
#7988=CARTESIAN_POINT('Ctrl Pts',(5.58180901226369,5.09653560821379,-2.55600474581477));
#7989=CARTESIAN_POINT('Ctrl Pts',(5.57423953813873,5.12872621122315,-2.56512353761399));
#7990=CARTESIAN_POINT('Ctrl Pts',(5.5675921191746,5.16153212911548,-2.57204495005253));
#7991=CARTESIAN_POINT('Ctrl Pts',(5.5610134438274,5.19399878789609,-2.57889478539808));
#7992=CARTESIAN_POINT('Ctrl Pts',(5.55533758541582,5.22706934649699,-2.58359270420874));
#7993=CARTESIAN_POINT('Ctrl Pts',(5.55066090878538,5.26048472197663,-2.58605817812547));
#7994=CARTESIAN_POINT('Ctrl Pts',(5.54767107355703,5.28184742773384,-2.5876343745045));
#7995=CARTESIAN_POINT('Ctrl Pts',(5.54509004506668,5.30335134191536,-2.58829728347232));
#7996=CARTESIAN_POINT('Ctrl Pts',(5.5429482973283,5.32492885349693,-2.5880159244807));
#7997=CARTESIAN_POINT('Origin',(5.85087424025853,9.80878119458584,-2.92822750669552));
#7998=CARTESIAN_POINT('',(4.69500930344234,13.8127322924497,-2.47443908338954));
#7999=CARTESIAN_POINT('',(5.17866448527757,13.8127322924497,-2.73052132023733));
#8000=CARTESIAN_POINT('Ctrl Pts',(5.54294829680049,5.32492885876944,-2.58801592440958));
#8001=CARTESIAN_POINT('Ctrl Pts',(5.09209793692865,9.8671479732135,-2.5287824164575));
#8002=CARTESIAN_POINT('Ctrl Pts',(4.69500930344234,13.8127322924497,-2.47443908338954));
#8003=CARTESIAN_POINT('Origin',(5.03837105605934,13.8022624434389,-2.99548949942095));
#8004=CARTESIAN_POINT('',(4.52326976348707,14.1022624434389,-2.7227574039959));
#8005=CARTESIAN_POINT('',(5.03837105605934,14.1022624434389,-2.99548949942095));
#8006=CARTESIAN_POINT('Ctrl Pts',(4.69500930344292,13.8127322924498,-2.47443908338984));
#8007=CARTESIAN_POINT('Ctrl Pts',(4.69154222325342,13.8471821761171,-2.47396459815502));
#8008=CARTESIAN_POINT('Ctrl Pts',(4.68501072769361,13.8832773975399,-2.47899111774571));
#8009=CARTESIAN_POINT('Ctrl Pts',(4.66542528096062,13.9536226771863,-2.5014861297852));
#8010=CARTESIAN_POINT('Ctrl Pts',(4.65172471207801,13.9873102684034,-2.52022247953433));
#8011=CARTESIAN_POINT('Ctrl Pts',(4.62177172388509,14.0405003772479,-2.56429137583017));
#8012=CARTESIAN_POINT('Ctrl Pts',(4.60351822664824,14.0635963967118,-2.59255452278226));
#8013=CARTESIAN_POINT('Ctrl Pts',(4.56437854218451,14.0943776452856,-2.65501973268765));
#8014=CARTESIAN_POINT('Ctrl Pts',(4.54347269607683,14.1020628054857,-2.68920950951204));
#8015=CARTESIAN_POINT('Ctrl Pts',(4.52380821328515,14.1022610838992,-2.72186298804924));
#8016=CARTESIAN_POINT('Ctrl Pts',(4.52353908891117,14.1022624434389,-2.72230997832897));
#8017=CARTESIAN_POINT('Ctrl Pts',(4.52326976348707,14.1022624434389,-2.7227574039959));
#8018=CARTESIAN_POINT('Origin',(3.90441310808658,13.8022624434389,-3.60608969664921));
#8019=CARTESIAN_POINT('',(3.68938470594391,13.8127322924497,-3.81502314912607));
#8020=CARTESIAN_POINT('',(3.68928861821761,13.8127322924497,-3.81492416727201));
#8021=CARTESIAN_POINT('',(3.87972496734726,14.1022624434389,-3.58065795797828));
#8022=CARTESIAN_POINT('Ctrl Pts',(3.87972496734726,14.1022624434389,-3.58065795797828));
#8023=CARTESIAN_POINT('Ctrl Pts',(3.87937078146875,14.1022624434389,-3.5810417264957));
#8024=CARTESIAN_POINT('Ctrl Pts',(3.879016957324,14.1022610838992,-3.58142518016101));
#8025=CARTESIAN_POINT('Ctrl Pts',(3.8531706828402,14.1020628054857,-3.60944145470549));
#8026=CARTESIAN_POINT('Ctrl Pts',(3.82619685488225,14.0943776452856,-3.63907940075568));
#8027=CARTESIAN_POINT('Ctrl Pts',(3.77717955852136,14.0635963967118,-3.69413502722486));
#8028=CARTESIAN_POINT('Ctrl Pts',(3.75515338653993,14.0405003772479,-3.71956814313415));
#8029=CARTESIAN_POINT('Ctrl Pts',(3.72122676422146,13.9873102684034,-3.76065626088709));
#8030=CARTESIAN_POINT('Ctrl Pts',(3.70707275105518,13.9536226771863,-3.77905246432468));
#8031=CARTESIAN_POINT('Ctrl Pts',(3.69095699427088,13.8832773975398,-3.80415022664843));
#8032=CARTESIAN_POINT('Ctrl Pts',(3.68795898683242,13.8471821761169,-3.81182735403062));
#8033=CARTESIAN_POINT('Ctrl Pts',(3.68938470594404,13.8127322924496,-3.81502314912625));
#8034=CARTESIAN_POINT('',(3.90441310808658,14.1022624434389,-3.60608969664921));
#8035=CARTESIAN_POINT('Origin',(4.44848876128278,9.80878119458584,-4.79772794633355));
#8036=CARTESIAN_POINT('',(4.03570206809666,5.32492885876948,-4.59730476078833));
#8037=CARTESIAN_POINT('Ctrl Pts',(4.03570206832312,5.32492885349839,-4.5973047612859));
#8038=CARTESIAN_POINT('Ctrl Pts',(4.1447646111685,5.33961855369664,-4.70891576535445));
#8039=CARTESIAN_POINT('Ctrl Pts',(4.25382653473897,5.35432354589778,-4.82052536483612));
#8040=CARTESIAN_POINT('Ctrl Pts',(4.36288796000286,5.3690407914973,-4.9321338366822));
#8041=CARTESIAN_POINT('Ctrl Pts',(4.03570206809667,5.32492885876948,-4.59730476078832));
#8042=CARTESIAN_POINT('Ctrl Pts',(3.85267393573405,9.8671479732135,-4.18104119257134));
#8043=CARTESIAN_POINT('Ctrl Pts',(3.68938470594391,13.8127322924497,-3.81502314912607));
#8044=CARTESIAN_POINT('Ctrl Pts',(4.36288796000286,5.3690407914973,-4.9321338366822));
#8045=CARTESIAN_POINT('Ctrl Pts',(4.23713401474147,5.35207098119965,-4.80344300373847));
#8046=CARTESIAN_POINT('Ctrl Pts',(4.11137940696231,5.33511746226622,-4.67475067155989));
#8047=CARTESIAN_POINT('Ctrl Pts',(3.98562395121703,5.31818489297637,-4.54605641557109));
#8048=CARTESIAN_POINT('Ctrl Pts',(4.37126249513377,5.16336191210514,-4.95107225426273));
#8049=CARTESIAN_POINT('Ctrl Pts',(4.2455034069093,5.14633782790732,-4.82237586396725));
#8050=CARTESIAN_POINT('Ctrl Pts',(4.11973802381909,5.12932945887619,-4.69368168441995));
#8051=CARTESIAN_POINT('Ctrl Pts',(3.99397556379285,5.11233277082748,-4.56497990564729));
#8052=CARTESIAN_POINT('Ctrl Pts',(4.26325350716527,4.81289543550088,-5.10283058496629));
#8053=CARTESIAN_POINT('Ctrl Pts',(4.13741526880547,4.79578778938584,-4.97419205673126));
#8054=CARTESIAN_POINT('Ctrl Pts',(4.01157026057063,4.77868346920527,-4.84555380263909));
#8055=CARTESIAN_POINT('Ctrl Pts',(3.88571277550294,4.76158807392237,-4.71691866169207));
#8056=CARTESIAN_POINT('Ctrl Pts',(4.01054991355291,4.69437587422476,-5.36539573880813));
#8057=CARTESIAN_POINT('Ctrl Pts',(3.88460119474186,4.67734453286025,-5.23684375975784));
#8058=CARTESIAN_POINT('Ctrl Pts',(3.75863651086317,4.66032637423914,-5.10829871536466));
#8059=CARTESIAN_POINT('Ctrl Pts',(3.63264819454269,4.64332113982191,-4.97976500637231));
#8060=CARTESIAN_POINT('Ctrl Pts',(3.89952561589421,4.69663786000353,-5.4735880448365));
#8061=CARTESIAN_POINT('Ctrl Pts',(3.77354575141316,4.67966804970588,-5.3450581625849));
#8062=CARTESIAN_POINT('Ctrl Pts',(3.64754626806265,4.66271453077245,-5.21653820646419));
#8063=CARTESIAN_POINT('Ctrl Pts',(3.52152130037509,4.64578196148261,-5.08803048474407));
#8064=CARTESIAN_POINT('',(3.66546405825654,4.66513226983863,-5.23482518858394));
#8065=CARTESIAN_POINT('Ctrl Pts',(3.8463343336291,4.68947399835893,-5.41932189507377));
#8066=CARTESIAN_POINT('Ctrl Pts',(3.78604914390868,4.68135603078146,-5.35782055586906));
#8067=CARTESIAN_POINT('Ctrl Pts',(3.72575927302709,4.67324194356234,-5.29632156384179));
#8068=CARTESIAN_POINT('Ctrl Pts',(3.66546407833685,4.66513224708401,-5.23482517189658));
#8069=CARTESIAN_POINT('',(3.54594178552971,4.64607048044489,-5.06412969302786));
#8070=CARTESIAN_POINT('Ctrl Pts',(3.66546405825661,4.66513226983864,-5.23482518858401));
#8071=CARTESIAN_POINT('Ctrl Pts',(3.66259660967153,4.66465506927049,-5.2307300476028));
#8072=CARTESIAN_POINT('Ctrl Pts',(3.6597290771108,4.66417928610868,-5.22663478669191));
#8073=CARTESIAN_POINT('Ctrl Pts',(3.6199056692779,4.6575916355122,-5.16976106617383));
#8074=CARTESIAN_POINT('Ctrl Pts',(3.58292307016675,4.6517116527395,-5.11694444096901));
#8075=CARTESIAN_POINT('Ctrl Pts',(3.54594178552971,4.64607048044489,-5.06412969302786));
#8076=CARTESIAN_POINT('Ctrl Pts',(4.03570206832327,5.32492885349841,-4.59730476128605));
#8077=CARTESIAN_POINT('Ctrl Pts',(4.0370437320542,5.29163092658799,-4.60035636485417));
#8078=CARTESIAN_POINT('Ctrl Pts',(4.03646438149864,5.2585791211099,-4.60508614464982));
#8079=CARTESIAN_POINT('Ctrl Pts',(4.03406759415513,5.22598123216792,-4.61133477236984));
#8080=CARTESIAN_POINT('Ctrl Pts',(4.03159763408719,5.19238814590443,-4.61777416758346));
#8081=CARTESIAN_POINT('Ctrl Pts',(4.02719740026639,5.15927599304068,-4.62582688149667));
#8082=CARTESIAN_POINT('Ctrl Pts',(4.02094061437688,5.12687822795868,-4.63535647405337));
#8083=CARTESIAN_POINT('Ctrl Pts',(4.01675313386285,5.10519536836037,-4.64173434662925));
#8084=CARTESIAN_POINT('Ctrl Pts',(4.01173324196403,5.08383264087478,-4.64877452882341));
#8085=CARTESIAN_POINT('Ctrl Pts',(4.00589421162849,5.06286540063843,-4.65644403697828));
#8086=CARTESIAN_POINT('Ctrl Pts',(3.99718834639426,5.031603708655,-4.66787910420216));
#8087=CARTESIAN_POINT('Ctrl Pts',(3.98672265832349,5.00144641428329,-4.68062498424832));
#8088=CARTESIAN_POINT('Ctrl Pts',(3.97456752952528,4.97261387045005,-4.69451867686264));
#8089=CARTESIAN_POINT('Ctrl Pts',(3.96249150388956,4.94396896308188,-4.70832195208668));
#8090=CARTESIAN_POINT('Ctrl Pts',(3.94874754649574,4.91663054770304,-4.72325868910599));
#8091=CARTESIAN_POINT('Ctrl Pts',(3.93337118267336,4.89083758056469,-4.73919876377611));
#8092=CARTESIAN_POINT('Ctrl Pts',(3.92329302391174,4.87393204810223,-4.74964639658796));
#8093=CARTESIAN_POINT('Ctrl Pts',(3.91251293062928,4.85769092304538,-4.76052564101566));
#8094=CARTESIAN_POINT('Ctrl Pts',(3.90103424460031,4.84219024386634,-4.7718052154313));
#8095=CARTESIAN_POINT('Ctrl Pts',(3.88790305432829,4.8244580428869,-4.78470862941662));
#8096=CARTESIAN_POINT('Ctrl Pts',(3.87393038287514,4.80779578923094,-4.79805942530806));
#8097=CARTESIAN_POINT('Ctrl Pts',(3.85914226343009,4.79229256309731,-4.81180223104351));
#8098=CARTESIAN_POINT('Ctrl Pts',(3.83958874930106,4.77179350286347,-4.82997358454921));
#8099=CARTESIAN_POINT('Ctrl Pts',(3.81861044513915,4.75331870494135,-4.84882971432772));
#8100=CARTESIAN_POINT('Ctrl Pts',(3.79638625692112,4.73690974769294,-4.86814823965744));
#8101=CARTESIAN_POINT('Ctrl Pts',(3.77571619711646,4.72164826212913,-4.8861158283939));
#8102=CARTESIAN_POINT('Ctrl Pts',(3.75396753190514,4.70817393664747,-4.90448424163676));
#8103=CARTESIAN_POINT('Ctrl Pts',(3.73126789617899,4.69655543021273,-4.92308587162509));
#8104=CARTESIAN_POINT('Ctrl Pts',(3.70698128475045,4.68412465138593,-4.94298797776081));
#8105=CARTESIAN_POINT('Ctrl Pts',(3.68179075629383,4.67391301944571,-4.96300101461879));
#8106=CARTESIAN_POINT('Ctrl Pts',(3.65590012278223,4.66595165147908,-4.98294294549911));
#8107=CARTESIAN_POINT('Ctrl Pts',(3.62975127812582,4.65791088360375,-5.00308376022676));
#8108=CARTESIAN_POINT('Ctrl Pts',(3.60288744038546,4.65216506657709,-5.02315293325003));
#8109=CARTESIAN_POINT('Ctrl Pts',(3.57550024684873,4.64879357944978,-5.04297463569976));
#8110=CARTESIAN_POINT('Ctrl Pts',(3.56571226996411,4.64758863532052,-5.05005876299932));
#8111=CARTESIAN_POINT('Ctrl Pts',(3.55585733842387,4.64668742985575,-5.05711132409925));
#8112=CARTESIAN_POINT('Ctrl Pts',(3.54594396137702,4.64609519563148,-5.06412431503897));
#8113=CARTESIAN_POINT('Origin',(0.,4.72257895462658,0.));
#8114=CARTESIAN_POINT('Ctrl Pts',(3.66546403570765,4.66513224708399,-5.23482520174586));
#8115=CARTESIAN_POINT('Ctrl Pts',(3.70262957045357,4.67324194359719,-5.31251715638642));
#8116=CARTESIAN_POINT('Ctrl Pts',(3.73979936914545,4.68135603081156,-5.39020499718361));
#8117=CARTESIAN_POINT('Ctrl Pts',(3.77697297438892,4.68947399835693,-5.46788924164875));
#8118=CARTESIAN_POINT('Ctrl Pts',(3.80977398490457,4.69663786000353,-5.53643281342206));
#8119=CARTESIAN_POINT('Ctrl Pts',(3.73208305495437,4.67966804984702,-5.37409065700248));
#8120=CARTESIAN_POINT('Ctrl Pts',(3.65440816209077,4.6627145309509,-5.21173345882368));
#8121=CARTESIAN_POINT('Ctrl Pts',(3.57675348096907,4.64578196148261,-5.04935649554041));
#8122=CARTESIAN_POINT('Ctrl Pts',(3.62358724117319,4.69362187896517,-5.62619916705307));
#8123=CARTESIAN_POINT('Ctrl Pts',(3.54585361544398,4.67656834013601,-5.46388642697072));
#8124=CARTESIAN_POINT('Ctrl Pts',(3.46813318254965,4.65953231820016,-5.30156037278267));
#8125=CARTESIAN_POINT('Ctrl Pts',(3.39042827112596,4.64250086593501,-5.13921802619403));
#8126=CARTESIAN_POINT('Ctrl Pts',(3.29172884953765,4.85847960763977,-5.76838635736686));
#8127=CARTESIAN_POINT('Ctrl Pts',(3.21386438798938,4.84137944865331,-5.60615362643611));
#8128=CARTESIAN_POINT('Ctrl Pts',(3.13600172406546,4.82428242981822,-5.44391534895924));
#8129=CARTESIAN_POINT('Ctrl Pts',(3.05814301414818,4.80719587111875,-5.28166839824339));
#8130=CARTESIAN_POINT('Ctrl Pts',(3.15369322932276,5.21478163195318,-5.79742284992401));
#8131=CARTESIAN_POINT('Ctrl Pts',(3.07577192867576,5.19777227948708,-5.63523247631477));
#8132=CARTESIAN_POINT('Ctrl Pts',(2.99785114898703,5.18077508389693,-5.47303925741264));
#8133=CARTESIAN_POINT('Ctrl Pts',(2.91992637554158,5.16379580136471,-5.31084440562936));
#8134=CARTESIAN_POINT('Ctrl Pts',(3.14249420566474,5.3690407914973,-5.7866627430538));
#8135=CARTESIAN_POINT('Ctrl Pts',(3.06457476261485,5.35207098134078,-5.62447783287773));
#8136=CARTESIAN_POINT('Ctrl Pts',(2.98665413686457,5.33511746244467,-5.46229178638162));
#8137=CARTESIAN_POINT('Ctrl Pts',(2.90873199235113,5.31818489297637,-5.30010428300642));
#8138=CARTESIAN_POINT('',(2.93976195946641,5.32492885876944,-5.36469028627706));
#8139=CARTESIAN_POINT('Ctrl Pts',(3.14249420566474,5.3690407914973,-5.7866627430538));
#8140=CARTESIAN_POINT('Ctrl Pts',(3.07491775302147,5.35432354599963,-5.64600618195712));
#8141=CARTESIAN_POINT('Ctrl Pts',(3.00734041082108,5.33961855382228,-5.50534876618787));
#8142=CARTESIAN_POINT('Ctrl Pts',(2.93976195984917,5.32492885349675,-5.36469028664476));
#8143=CARTESIAN_POINT('Ctrl Pts',(3.54595423628585,4.64611999550986,-5.06411854169463));
#8144=CARTESIAN_POINT('Ctrl Pts',(3.51820211876677,4.64781562046648,-5.08335404272246));
#8145=CARTESIAN_POINT('Ctrl Pts',(3.49036293781333,4.65196351904968,-5.1020302715334));
#8146=CARTESIAN_POINT('Ctrl Pts',(3.4626303332177,4.65842501031732,-5.12005196967732));
#8147=CARTESIAN_POINT('Ctrl Pts',(3.43464506703005,4.66494536986272,-5.13823785690518));
#8148=CARTESIAN_POINT('Ctrl Pts',(3.40676726126185,4.67382211736573,-5.15575769881285));
#8149=CARTESIAN_POINT('Ctrl Pts',(3.37920670470413,4.6849626315018,-5.17250322769709));
#8150=CARTESIAN_POINT('Ctrl Pts',(3.36862871936599,4.68923845934816,-5.17893030977165));
#8151=CARTESIAN_POINT('Ctrl Pts',(3.35809766537964,4.69384824415334,-5.18524318318063));
#8152=CARTESIAN_POINT('Ctrl Pts',(3.34762634199372,4.69878846341882,-5.1914350976186));
#8153=CARTESIAN_POINT('Ctrl Pts',(3.32030583816499,4.7116778828726,-5.20759028792981));
#8154=CARTESIAN_POINT('Ctrl Pts',(3.2936070655815,4.72671237048325,-5.22279971582201));
#8155=CARTESIAN_POINT('Ctrl Pts',(3.26775573127975,4.74376267657905,-5.23700343157203));
#8156=CARTESIAN_POINT('Ctrl Pts',(3.24236230177918,4.76051097052601,-5.25095555684085));
#8157=CARTESIAN_POINT('Ctrl Pts',(3.21778560404801,4.77920495782412,-5.26393767163067));
#8158=CARTESIAN_POINT('Ctrl Pts',(3.19425976055103,4.79976448753788,-5.27587883922684));
#8159=CARTESIAN_POINT('Ctrl Pts',(3.17797437916581,4.81399648659595,-5.28414491769979));
#8160=CARTESIAN_POINT('Ctrl Pts',(3.16219295993497,4.8291233021571,-5.29191190141592));
#8161=CARTESIAN_POINT('Ctrl Pts',(3.14700261450442,4.84512820669531,-5.29915069169438));
#8162=CARTESIAN_POINT('Ctrl Pts',(3.13074505426489,4.86225755380908,-5.30689805132825));
#8163=CARTESIAN_POINT('Ctrl Pts',(3.11525636280188,4.88029787646204,-5.31400041321735));
#8164=CARTESIAN_POINT('Ctrl Pts',(3.10062926105134,4.89920657396546,-5.32043731964484));
#8165=CARTESIAN_POINT('Ctrl Pts',(3.0805066066117,4.92521946375415,-5.32929263807427));
#8166=CARTESIAN_POINT('Ctrl Pts',(3.06201268973697,4.95287480279566,-5.33688954345966));
#8167=CARTESIAN_POINT('Ctrl Pts',(3.04524915775225,4.98189184291559,-5.34325965675667));
#8168=CARTESIAN_POINT('Ctrl Pts',(3.02982459489414,5.00859117809713,-5.34912096409051));
#8169=CARTESIAN_POINT('Ctrl Pts',(3.01586511695936,5.03644455779764,-5.35394346524226));
#8170=CARTESIAN_POINT('Ctrl Pts',(3.00348068862812,5.06525043899626,-5.35773521188478));
#8171=CARTESIAN_POINT('Ctrl Pts',(2.9900278323078,5.09654145789355,-5.36185407966136));
#8172=CARTESIAN_POINT('Ctrl Pts',(2.97853155536622,5.12873210089503,-5.3647318966517));
#8173=CARTESIAN_POINT('Ctrl Pts',(2.96907822239563,5.16153805543339,-5.36638285820135));
#8174=CARTESIAN_POINT('Ctrl Pts',(2.95972270691475,5.19400455338741,-5.36801673657886));
#8175=CARTESIAN_POINT('Ctrl Pts',(2.95236771340193,5.2270749405121,-5.36844906183808));
#8176=CARTESIAN_POINT('Ctrl Pts',(2.94713858654379,5.26049015279243,-5.36767186404443));
#8177=CARTESIAN_POINT('Ctrl Pts',(2.94379583073139,5.28185106028284,-5.36717503493461));
#8178=CARTESIAN_POINT('Ctrl Pts',(2.94132265916304,5.30335315715341,-5.36618349755847));
#8179=CARTESIAN_POINT('Ctrl Pts',(2.93976195984918,5.32492885349675,-5.36469028664476));
#8180=CARTESIAN_POINT('Origin',(2.9869167839914,9.80878119458584,-5.82113166246904));
#8181=CARTESIAN_POINT('',(2.32310521545053,13.8127322924497,-4.77170234767033));
#8182=CARTESIAN_POINT('',(1.990929279172,13.8127322924497,-4.08609095995048));
#8183=CARTESIAN_POINT('Ctrl Pts',(2.9397619594664,5.32492885876943,-5.36469028627707));
#8184=CARTESIAN_POINT('Ctrl Pts',(2.61120146417419,9.8671479732135,-5.05032957563686));
#8185=CARTESIAN_POINT('Ctrl Pts',(2.32310521545053,13.8127322924497,-4.77170234767033));
#8186=CARTESIAN_POINT('Origin',(1.72111215930417,13.8022624434389,-4.21681626005693));
#8187=CARTESIAN_POINT('',(2.03777377127424,14.1022624434389,-4.870406070483));
#8188=CARTESIAN_POINT('',(1.72111215930417,14.1022624434389,-4.21681626005693));
#8189=CARTESIAN_POINT('Ctrl Pts',(2.32310521545082,13.8127322924498,-4.77170234767089));
#8190=CARTESIAN_POINT('Ctrl Pts',(2.3205897750368,13.8471821761171,-4.76926958364576));
#8191=CARTESIAN_POINT('Ctrl Pts',(2.31235025615313,13.8832773975399,-4.76946105690516));
#8192=CARTESIAN_POINT('Ctrl Pts',(2.28325416065413,13.9536226771863,-4.77602097436662));
#8193=CARTESIAN_POINT('Ctrl Pts',(2.26112642642158,13.9873102684034,-4.78302952395711));
#8194=CARTESIAN_POINT('Ctrl Pts',(2.21091263713924,14.0405003772479,-4.80085715667512));
#8195=CARTESIAN_POINT('Ctrl Pts',(2.17947993129769,14.0635963967118,-4.81285635000172));
#8196=CARTESIAN_POINT('Ctrl Pts',(2.11097966264506,14.0943776452856,-4.84008740842705));
#8197=CARTESIAN_POINT('Ctrl Pts',(2.07390351094223,14.1020628054857,-4.85529774095752));
#8198=CARTESIAN_POINT('Ctrl Pts',(2.03873687798749,14.1022610838992,-4.8700031641296));
#8199=CARTESIAN_POINT('Ctrl Pts',(2.03825553442308,14.1022624434389,-4.87020450118991));
#8200=CARTESIAN_POINT('Ctrl Pts',(2.03777377127424,14.1022624434389,-4.870406070483));
#8201=CARTESIAN_POINT('Origin',(0.,0.,0.));
#8202=CARTESIAN_POINT('Origin',(0.,0.,0.));
#8203=CARTESIAN_POINT('Origin',(0.,2.6,0.));
#8204=CARTESIAN_POINT('Origin',(-0.457577736918304,13.8022624434389,0.553780035912141));
#8205=CARTESIAN_POINT('',(-4.58158998751827,14.1022624434389,2.623434851595));
#8206=CARTESIAN_POINT('',(-0.457577736918304,14.1022624434389,0.553780035912141));
#8207=CARTESIAN_POINT('',(-4.74787162249817,13.8127322924497,2.37142914570466));
#8208=CARTESIAN_POINT('Ctrl Pts',(-4.74787162249831,13.8127322924498,2.37142914570477));
#8209=CARTESIAN_POINT('Ctrl Pts',(-4.74439501653915,13.847182176117,2.37103040734032));
#8210=CARTESIAN_POINT('Ctrl Pts',(-4.73797472824541,13.8832773975399,2.37619821458021));
#8211=CARTESIAN_POINT('Ctrl Pts',(-4.71888466841986,13.9536226771863,2.39911512768484));
#8212=CARTESIAN_POINT('Ctrl Pts',(-4.70559609121737,13.9873102684034,2.41814589502518));
#8213=CARTESIAN_POINT('Ctrl Pts',(-4.67661158893081,14.0405003772479,2.46285772511096));
#8214=CARTESIAN_POINT('Ctrl Pts',(-4.65897899283348,14.0635963967118,2.49151234414314));
#8215=CARTESIAN_POINT('Ctrl Pts',(-4.62121129392749,14.0943776452856,2.55481651673699));
#8216=CARTESIAN_POINT('Ctrl Pts',(-4.60105626889585,14.1020628054857,2.58945421594974));
#8217=CARTESIAN_POINT('Ctrl Pts',(-4.58210879759882,14.1022610838992,2.62252890227466));
#8218=CARTESIAN_POINT('Ctrl Pts',(-4.58184948831072,14.1022624434389,2.62298165710009));
#8219=CARTESIAN_POINT('Ctrl Pts',(-4.58158998751827,14.1022624434389,2.623434851595));
#8220=CARTESIAN_POINT('',(-0.592057529732806,13.8127322924497,0.285814426950355));
#8221=CARTESIAN_POINT('Origin',(5.8475113122172,14.1022624434389,0.));
#8222=CARTESIAN_POINT('',(-1.12430360695236,14.1022624434389,5.15842210697077));
#8223=CARTESIAN_POINT('',(-0.732160869471624,14.1022624434389,2.72379978153333));
#8224=CARTESIAN_POINT('Origin',(0.,14.1022624434389,0.));
#8225=CARTESIAN_POINT('Origin',(1.83576652418356E-14,14.1022624434389,1.18073459004033E-14));
#8226=CARTESIAN_POINT('Origin',(2.17862376337017E-14,14.1022624434389,-1.33309418682614E-15));
#8227=CARTESIAN_POINT('Origin',(1.67811223321402E-14,14.1022624434389,-1.39574791282959E-14));
#8228=CARTESIAN_POINT('Origin',(5.27985348291234E-15,14.1022624434389,-2.11787732775543E-14));
#8229=CARTESIAN_POINT('Origin',(0.,14.1022624434389,0.));
#8230=CARTESIAN_POINT('',(-2.03777377127424,14.1022624434389,-4.870406070483));
#8231=CARTESIAN_POINT('',(-0.609438952944123,14.1022624434389,-1.92232190793045));
#8232=CARTESIAN_POINT('',(-3.87972496734726,14.1022624434389,-3.58065795797828));
#8233=CARTESIAN_POINT('Origin',(-1.80957207212514E-14,14.1022624434389,
-1.22050064285745E-14));
#8234=CARTESIAN_POINT('',(-1.06739430091733,14.1022624434389,-0.683620902006038));
#8235=CARTESIAN_POINT('',(-4.52326976348707,14.1022624434389,-2.72275740399591));
#8236=CARTESIAN_POINT('',(-0.471220944750946,14.1022624434389,-0.57730799232815));
#8237=CARTESIAN_POINT('',(-5.24606086400143,14.1022624434389,-0.593483483749486));
#8238=CARTESIAN_POINT('Origin',(-2.18101343955401E-14,14.1022624434389,
8.57512677194913E-16));
#8239=CARTESIAN_POINT('',(-0.43057655701746,14.1022624434389,0.220994721551203));
#8240=CARTESIAN_POINT('',(-5.25775921754656,14.1022624434389,0.478900036119329));
#8241=CARTESIAN_POINT('',(-0.415807888164272,14.1022624434389,-0.23178014799421));
#8242=CARTESIAN_POINT('Origin',(-1.70816096820125E-14,14.1022624434389,
1.35880793718041E-14));
#8243=CARTESIAN_POINT('',(-3.95691333956901,14.1022624434389,3.49517010421977));
#8244=CARTESIAN_POINT('',(-1.04981306858554,14.1022624434389,0.628379848263432));
#8245=CARTESIAN_POINT('',(-2.14353618479862,14.1022624434389,4.82479324518158));
#8246=CARTESIAN_POINT('Origin',(-5.74060952498425E-15,14.1022624434389,
2.10585539063045E-14));
#8247=CARTESIAN_POINT('',(-0.625219376130014,14.1022624434389,1.85774204326738));
#8248=CARTESIAN_POINT('',(-0.749999999999999,14.1022624434389,-2.97952433788224));
#8249=CARTESIAN_POINT('',(-0.75,14.1022624434389,-4.47952433788224));
#8250=CARTESIAN_POINT('',(-0.749999999999999,14.1022624434389,-1.48976216894112));
#8251=CARTESIAN_POINT('',(0.75,14.1022624434389,-4.47952433788224));
#8252=CARTESIAN_POINT('',(2.5487556561086,14.1022624434389,-4.47952433788224));
#8253=CARTESIAN_POINT('',(0.750000000000001,14.1022624434389,-2.97952433788224));
#8254=CARTESIAN_POINT('',(0.750000000000001,14.1022624434389,-2.23976216894112));
#8255=CARTESIAN_POINT('',(3.2987556561086,14.1022624434389,-2.97952433788224));
#8256=CARTESIAN_POINT('Origin',(-0.471220944750946,13.8022624434389,-0.57730799232815));
#8257=CARTESIAN_POINT('',(-4.69500930344234,13.8127322924497,-2.47443908338954));
#8258=CARTESIAN_POINT('',(-0.611514373969177,13.8127322924497,-0.312339813144532));
#8259=CARTESIAN_POINT('Ctrl Pts',(-4.52326976348707,14.1022624434389,-2.7227574039959));
#8260=CARTESIAN_POINT('Ctrl Pts',(-4.52353908891117,14.1022624434389,-2.72230997832897));
#8261=CARTESIAN_POINT('Ctrl Pts',(-4.52380821328515,14.1022610838992,-2.72186298804923));
#8262=CARTESIAN_POINT('Ctrl Pts',(-4.54347269607683,14.1020628054857,-2.68920950951204));
#8263=CARTESIAN_POINT('Ctrl Pts',(-4.56437854218451,14.0943776452856,-2.65501973268766));
#8264=CARTESIAN_POINT('Ctrl Pts',(-4.60351822664824,14.0635963967118,-2.59255452278226));
#8265=CARTESIAN_POINT('Ctrl Pts',(-4.62177172388509,14.0405003772479,-2.56429137583017));
#8266=CARTESIAN_POINT('Ctrl Pts',(-4.65172471207801,13.9873102684034,-2.52022247953433));
#8267=CARTESIAN_POINT('Ctrl Pts',(-4.66542528096062,13.9536226771863,-2.5014861297852));
#8268=CARTESIAN_POINT('Ctrl Pts',(-4.68501072769363,13.8832773975398,-2.47899111774568));
#8269=CARTESIAN_POINT('Ctrl Pts',(-4.69154222325344,13.8471821761169,-2.473964598155));
#8270=CARTESIAN_POINT('Ctrl Pts',(-4.69500930344294,13.8127322924496,-2.47443908338984));
#8271=CARTESIAN_POINT('Origin',(-5.85087424025853,9.80878119458584,-2.92822750669552));
#8272=CARTESIAN_POINT('',(-5.5429482968005,5.32492885876944,-2.58801592440958));
#8273=CARTESIAN_POINT('Ctrl Pts',(-5.5429482973583,5.32492885350014,-2.58801592449671));
#8274=CARTESIAN_POINT('Ctrl Pts',(-5.68061928825391,5.33961855357672,-2.66148940504224));
#8275=CARTESIAN_POINT('Ctrl Pts',(-5.81828875866771,5.35432354579283,-2.73496268478171));
#8276=CARTESIAN_POINT('Ctrl Pts',(-5.95595700789394,5.3690407914973,-2.80843580211519));
#8277=CARTESIAN_POINT('Ctrl Pts',(-5.54294829680049,5.32492885876944,-2.58801592440958));
#8278=CARTESIAN_POINT('Ctrl Pts',(-5.09209793692865,9.8671479732135,-2.5287824164575));
#8279=CARTESIAN_POINT('Ctrl Pts',(-4.69500930344234,13.8127322924497,-2.47443908338954));
#8280=CARTESIAN_POINT('Origin',(-0.43057655701746,13.8022624434389,0.220994721551203));
#8281=CARTESIAN_POINT('',(-5.23114438598411,13.8127322924497,-0.895036060618638));
#8282=CARTESIAN_POINT('Ctrl Pts',(-5.2311443859843,13.8127322924498,-0.895036060618644));
#8283=CARTESIAN_POINT('Ctrl Pts',(-5.2281049180253,13.847182176117,-0.893301870373965));
#8284=CARTESIAN_POINT('Ctrl Pts',(-5.22598308545479,13.8832773975399,-0.885337941696097));
#8285=CARTESIAN_POINT('Ctrl Pts',(-5.22413900154281,13.9536226771863,-0.855568584213716));
#8286=CARTESIAN_POINT('Ctrl Pts',(-5.22467557650359,13.9873102684034,-0.832363660664172));
#8287=CARTESIAN_POINT('Ctrl Pts',(-5.22773971755293,14.0405003772479,-0.779167230689511));
#8288=CARTESIAN_POINT('Ctrl Pts',(-5.23046375827491,14.0635963967118,-0.745632543585624));
#8289=CARTESIAN_POINT('Ctrl Pts',(-5.237438569313,14.0943776452856,-0.672248830410092));
#8290=CARTESIAN_POINT('Ctrl Pts',(-5.24166626386897,14.1020628054857,-0.632397584011507));
#8291=CARTESIAN_POINT('Ctrl Pts',(-5.24594355901749,14.1022610838992,-0.594520859096915));
#8292=CARTESIAN_POINT('Ctrl Pts',(-5.24600215873789,14.1022624434389,-0.594002405326923));
#8293=CARTESIAN_POINT('Ctrl Pts',(-5.24606086400143,14.1022624434389,-0.593483483749486));
#8294=CARTESIAN_POINT('',(-0.380576410306997,13.8127322924497,-0.0746238969264291));
#8295=CARTESIAN_POINT('Origin',(-6.42440258357165,9.80878119458584,-1.23866748988053));
#8296=CARTESIAN_POINT('',(-5.97300081876966,5.32492885876948,-1.32112204772457));
#8297=CARTESIAN_POINT('Ctrl Pts',(-5.97300081876966,5.32492885876948,-1.32112204772458));
#8298=CARTESIAN_POINT('Ctrl Pts',(-5.57925810484771,9.86714797321351,-1.09365483977085));
#8299=CARTESIAN_POINT('Ctrl Pts',(-5.23114438598411,13.8127322924497,-0.895036060618638));
#8300=CARTESIAN_POINT('Ctrl Pts',(-6.43484577901854,5.3690407914973,-1.39767497463844));
#8301=CARTESIAN_POINT('Ctrl Pts',(-6.28089861584312,5.35432354599377,-1.37215799791687));
#8302=CARTESIAN_POINT('Ctrl Pts',(-6.1269503832718,5.33961855381596,-1.34664040634763));
#8303=CARTESIAN_POINT('Ctrl Pts',(-5.97300081923521,5.32492885349731,-1.32112204799003));
#8304=CARTESIAN_POINT('Origin',(-0.609438952944123,13.8022624434389,-1.92232190793045));
#8305=CARTESIAN_POINT('',(-2.32310521545081,13.8127322924497,-4.77170234767069));
#8306=CARTESIAN_POINT('',(-0.879256072811949,13.8127322924497,-1.791596607824));
#8307=CARTESIAN_POINT('Ctrl Pts',(-2.03777377127424,14.1022624434389,-4.870406070483));
#8308=CARTESIAN_POINT('Ctrl Pts',(-2.03825553442308,14.1022624434389,-4.87020450118991));
#8309=CARTESIAN_POINT('Ctrl Pts',(-2.03873687798749,14.1022610838992,-4.8700031641296));
#8310=CARTESIAN_POINT('Ctrl Pts',(-2.07390351094223,14.1020628054857,-4.85529774095752));
#8311=CARTESIAN_POINT('Ctrl Pts',(-2.11097966264506,14.0943776452856,-4.84008740842705));
#8312=CARTESIAN_POINT('Ctrl Pts',(-2.17947993129769,14.0635963967118,-4.81285635000172));
#8313=CARTESIAN_POINT('Ctrl Pts',(-2.21091263713924,14.0405003772479,-4.80085715667512));
#8314=CARTESIAN_POINT('Ctrl Pts',(-2.26112642642158,13.9873102684034,-4.78302952395711));
#8315=CARTESIAN_POINT('Ctrl Pts',(-2.28325416065413,13.9536226771863,-4.77602097436661));
#8316=CARTESIAN_POINT('Ctrl Pts',(-2.31235025615316,13.8832773975398,-4.76946105690515));
#8317=CARTESIAN_POINT('Ctrl Pts',(-2.32058977503683,13.8471821761169,-4.76926958364576));
#8318=CARTESIAN_POINT('Ctrl Pts',(-2.32310521545084,13.8127322924496,-4.77170234767091));
#8319=CARTESIAN_POINT('Origin',(-2.9869167839914,9.80878119458584,-5.82113166246904));
#8320=CARTESIAN_POINT('',(-2.93976195946665,5.32492885876949,-5.36469028627746));
#8321=CARTESIAN_POINT('Ctrl Pts',(-2.93976195985288,5.32492885349756,-5.36469028665249));
#8322=CARTESIAN_POINT('Ctrl Pts',(-3.00734041054954,5.33961855376326,-5.50534876562268));
#8323=CARTESIAN_POINT('Ctrl Pts',(-3.07491775278226,5.35432354594753,-5.64600618145922));
#8324=CARTESIAN_POINT('Ctrl Pts',(-3.14249420566474,5.3690407914973,-5.7866627430538));
#8325=CARTESIAN_POINT('Ctrl Pts',(-2.93976195946669,5.32492885876949,-5.36469028627744));
#8326=CARTESIAN_POINT('Ctrl Pts',(-2.61120146417447,9.8671479732135,-5.05032957563723));
#8327=CARTESIAN_POINT('Ctrl Pts',(-2.32310521545081,13.8127322924497,-4.77170234767069));
#8328=CARTESIAN_POINT('Origin',(-0.415807888164272,13.8022624434389,-0.23178014799421));
#8329=CARTESIAN_POINT('',(-5.24942462404379,13.8127322924497,0.78070625289432));
#8330=CARTESIAN_POINT('',(-0.372268526310892,13.8127322924497,0.06485886870975));
#8331=CARTESIAN_POINT('Ctrl Pts',(-5.25775921754656,14.1022624434389,0.478900036119329));
#8332=CARTESIAN_POINT('Ctrl Pts',(-5.25771184646783,14.1022624434389,0.479420114856058));
#8333=CARTESIAN_POINT('Ctrl Pts',(-5.25766457070197,14.1022610838992,0.479939723594255));
#8334=CARTESIAN_POINT('Ctrl Pts',(-5.25421456983336,14.1020628054857,0.51790074357594));
#8335=CARTESIAN_POINT('Ctrl Pts',(-5.25085723171288,14.0943776452856,0.557834733127747));
#8336=CARTESIAN_POINT('Ctrl Pts',(-5.24548493775727,14.0635963967118,0.631353137667701));
#8337=CARTESIAN_POINT('Ctrl Pts',(-5.24349310062705,14.0405003772479,0.664939269059355));
#8338=CARTESIAN_POINT('Ctrl Pts',(-5.24159016276446,13.9873102684034,0.718189883608959));
#8339=CARTESIAN_POINT('Ctrl Pts',(-5.24155992823346,13.9536226771863,0.741400990336167));
#8340=CARTESIAN_POINT('Ctrl Pts',(-5.24405298841444,13.8832773975398,0.77112303503912));
#8341=CARTESIAN_POINT('Ctrl Pts',(-5.2463480482348,13.8471821761169,0.779038780984039));
#8342=CARTESIAN_POINT('Ctrl Pts',(-5.24942462404355,13.8127322924495,0.780706252894285));
#8343=CARTESIAN_POINT('Origin',(-0.625219376130014,13.8022624434389,1.85774204326738));
#8344=CARTESIAN_POINT('',(-2.4266465174523,13.8127322924497,4.71988853853061));
#8345=CARTESIAN_POINT('Ctrl Pts',(-2.42664651745261,13.8127322924498,4.71988853853116));
#8346=CARTESIAN_POINT('Ctrl Pts',(-2.42407860517776,13.8471821761171,4.71751122748143));
#8347=CARTESIAN_POINT('Ctrl Pts',(-2.4158452240436,13.8832773975399,4.71788239933257));
#8348=CARTESIAN_POINT('Ctrl Pts',(-2.38689915647267,13.9536226771863,4.72507548368957));
#8349=CARTESIAN_POINT('Ctrl Pts',(-2.36492957874523,13.9873102684034,4.73256507941341));
#8350=CARTESIAN_POINT('Ctrl Pts',(-2.31511664674314,14.0405003772479,4.75148387767795));
#8351=CARTESIAN_POINT('Ctrl Pts',(-2.28395318205731,14.0635963967118,4.76416591638574));
#8352=CARTESIAN_POINT('Ctrl Pts',(-2.21606325702256,14.0943776452856,4.79288482004207));
#8353=CARTESIAN_POINT('Ctrl Pts',(-2.1793277400953,14.1020628054857,4.80890034491221));
#8354=CARTESIAN_POINT('Ctrl Pts',(-2.14449027296277,14.1022610838992,4.82436942464676));
#8355=CARTESIAN_POINT('Ctrl Pts',(-2.14401343608993,14.1022624434389,4.82458121424882));
#8356=CARTESIAN_POINT('Ctrl Pts',(-2.14353618479862,14.1022624434389,4.82479324518158));
#8357=CARTESIAN_POINT('',(-0.892120529437005,13.8127322924497,1.72116182279205));
#8358=CARTESIAN_POINT('Origin',(-1.04981306858554,13.8022624434389,0.628379848263432));
#8359=CARTESIAN_POINT('',(-3.77173102369421,13.8127322924497,3.73363177371821));
#8360=CARTESIAN_POINT('',(-0.839295472487495,13.8127322924497,0.841857537952057));
#8361=CARTESIAN_POINT('Ctrl Pts',(-3.95691333956901,14.1022624434389,3.49517010421977));
#8362=CARTESIAN_POINT('Ctrl Pts',(-3.95656760984324,14.1022624434389,3.4955615079349));
#8363=CARTESIAN_POINT('Ctrl Pts',(-3.95622223489668,14.1022610838992,3.49595258898166));
#8364=CARTESIAN_POINT('Ctrl Pts',(-3.93099328293458,14.1020628054857,3.52452602991791));
#8365=CARTESIAN_POINT('Ctrl Pts',(-3.90467242240298,14.0943776452856,3.55474535389538));
#8366=CARTESIAN_POINT('Ctrl Pts',(-3.85686782299317,14.0635963967118,3.61085718530119));
#8367=CARTESIAN_POINT('Ctrl Pts',(-3.83540171314383,14.0405003772479,3.63676474722713));
#8368=CARTESIAN_POINT('Ctrl Pts',(-3.80237949700781,13.9873102684034,3.6785831924862));
#8369=CARTESIAN_POINT('Ctrl Pts',(-3.78863016317644,13.9536226771863,3.69728378629554));
#8370=CARTESIAN_POINT('Ctrl Pts',(-3.77306574630556,13.8832773975398,3.72272713941299));
#8371=CARTESIAN_POINT('Ctrl Pts',(-3.77023592796293,13.8471821761169,3.73046784103436));
#8372=CARTESIAN_POINT('Ctrl Pts',(-3.77173102369461,13.8127322924496,3.73363177371879));
#8373=CARTESIAN_POINT('Origin',(-1.06739430091733,13.8022624434389,-0.683620902006038));
#8374=CARTESIAN_POINT('',(-3.68938470594387,13.8127322924497,-3.81502314912613));
#8375=CARTESIAN_POINT('Ctrl Pts',(-3.68938470594403,13.8127322924498,-3.81502314912623));
#8376=CARTESIAN_POINT('Ctrl Pts',(-3.68795898683243,13.847182176117,-3.81182735403059));
#8377=CARTESIAN_POINT('Ctrl Pts',(-3.69095699427089,13.8832773975399,-3.8041502266484));
#8378=CARTESIAN_POINT('Ctrl Pts',(-3.70707275105518,13.9536226771863,-3.77905246432468));
#8379=CARTESIAN_POINT('Ctrl Pts',(-3.72122676422146,13.9873102684034,-3.76065626088709));
#8380=CARTESIAN_POINT('Ctrl Pts',(-3.75515338653993,14.0405003772479,-3.71956814313415));
#8381=CARTESIAN_POINT('Ctrl Pts',(-3.77717955852136,14.0635963967118,-3.69413502722486));
#8382=CARTESIAN_POINT('Ctrl Pts',(-3.82619685488226,14.0943776452856,-3.63907940075568));
#8383=CARTESIAN_POINT('Ctrl Pts',(-3.8531706828402,14.1020628054857,-3.60944145470548));
#8384=CARTESIAN_POINT('Ctrl Pts',(-3.879016957324,14.1022610838992,-3.58142518016101));
#8385=CARTESIAN_POINT('Ctrl Pts',(-3.87937078146875,14.1022624434389,-3.5810417264957));
#8386=CARTESIAN_POINT('Ctrl Pts',(-3.87972496734726,14.1022624434389,-3.58065795797828));
#8387=CARTESIAN_POINT('',(-0.852269811048355,13.8127322924497,-0.89245537262884));
#8388=CARTESIAN_POINT('Origin',(-4.44848876128278,9.80878119458584,-4.79772794633355));
#8389=CARTESIAN_POINT('',(-4.03570206809664,5.32492885876948,-4.59730476078837));
#8390=CARTESIAN_POINT('Ctrl Pts',(-4.03570206809663,5.32492885876949,-4.59730476078839));
#8391=CARTESIAN_POINT('Ctrl Pts',(-3.852673935734,9.8671479732135,-4.1810411925714));
#8392=CARTESIAN_POINT('Ctrl Pts',(-3.68938470594387,13.8127322924497,-3.81502314912613));
#8393=CARTESIAN_POINT('Ctrl Pts',(-4.36288796000285,5.3690407914973,-4.93213383668219));
#8394=CARTESIAN_POINT('Ctrl Pts',(-4.25382653542164,5.35432354598991,-4.82052536553473));
#8395=CARTESIAN_POINT('Ctrl Pts',(-4.14476461200294,5.33961855380901,-4.70891576620839));
#8396=CARTESIAN_POINT('Ctrl Pts',(-4.03570206831281,5.324928853497,-4.59730476127535));
#8397=CARTESIAN_POINT('Origin',(-0.732160869471624,13.8022624434389,2.72379978153333));
#8398=CARTESIAN_POINT('Ctrl Pts',(-1.12430360695236,14.1022624434389,5.15842210697077));
#8399=CARTESIAN_POINT('Ctrl Pts',(-1.12379335428731,14.1022624434389,5.15853331906235));
#8400=CARTESIAN_POINT('Ctrl Pts',(-1.12328357852896,14.1022610838992,5.15864448072414));
#8401=CARTESIAN_POINT('Ctrl Pts',(-1.08604207503525,14.1020628054857,5.16676925527924));
#8402=CARTESIAN_POINT('Ctrl Pts',(-1.04694678124497,14.0943776452856,5.17557568725992));
#8403=CARTESIAN_POINT('Ctrl Pts',(-0.975215552694154,14.0635963967118,5.19255945006552));
#8404=CARTESIAN_POINT('Ctrl Pts',(-0.942584932899151,14.0405003772479,5.20075934572368));
#8405=CARTESIAN_POINT('Ctrl Pts',(-0.891226694714055,13.9873102684034,5.21495725025013));
#8406=CARTESIAN_POINT('Ctrl Pts',(-0.869080777083876,13.9536226771863,5.22190812947121));
#8407=CARTESIAN_POINT('Ctrl Pts',(-0.841484036894716,13.8832773975398,5.23322339444035));
#8408=CARTESIAN_POINT('Ctrl Pts',(-0.834624793607418,13.8471821761169,5.23779254260704));
#8409=CARTESIAN_POINT('Ctrl Pts',(-0.833959641570022,13.8127322924496,5.24122814358003));
#8410=CARTESIAN_POINT('Origin',(0.,14.3825148975543,0.));
#8411=CARTESIAN_POINT('Origin',(-5.9133608370441,9.80878119458584,2.79989451894214));
#8412=CARTESIAN_POINT('',(-5.59808649506745,5.32492885876948,2.46648126685579));
#8413=CARTESIAN_POINT('Ctrl Pts',(-5.59808649506746,5.32492885876948,2.46648126685577));
#8414=CARTESIAN_POINT('Ctrl Pts',(-5.1460512532061,9.86714797321351,2.41709710364294));
#8415=CARTESIAN_POINT('Ctrl Pts',(-4.74787162249817,13.8127322924497,2.37142914570466));
#8416=CARTESIAN_POINT('Ctrl Pts',(-6.01580535556292,5.3690407914973,2.67783895304848));
#8417=CARTESIAN_POINT('Ctrl Pts',(-5.87656706194503,5.35432354599375,2.60738653831884));
#8418=CARTESIAN_POINT('Ctrl Pts',(-5.73732754232723,5.33961855381316,2.53693398707254));
#8419=CARTESIAN_POINT('Ctrl Pts',(-5.59808649559648,5.32492885349696,2.4664812669153));
#8420=CARTESIAN_POINT('Origin',(-6.44989513861679,9.80878119458584,1.09822511678459));
#8421=CARTESIAN_POINT('',(-6.00039953191131,5.32492885876953,1.19050733028033));
#8422=CARTESIAN_POINT('Ctrl Pts',(-6.00039953237988,5.3249288534971,1.1905073305352));
#8423=CARTESIAN_POINT('Ctrl Pts',(-6.15486914050911,5.33961855380302,1.21266122415476));
#8424=CARTESIAN_POINT('Ctrl Pts',(-6.30933740089337,5.35432354598052,1.23481438023297));
#8425=CARTESIAN_POINT('Ctrl Pts',(-6.4638045788656,5.3690407914973,1.25696694495896));
#8426=CARTESIAN_POINT('Ctrl Pts',(-6.00039953191131,5.32492885876953,1.19050733028034));
#8427=CARTESIAN_POINT('Ctrl Pts',(-5.60178834710211,9.86714797321351,0.971683705399713));
#8428=CARTESIAN_POINT('Ctrl Pts',(-5.24942462404379,13.8127322924497,0.78070625289432));
#8429=CARTESIAN_POINT('Ctrl Pts',(-3.89952561589421,4.69663786000353,-5.4735880448365));
#8430=CARTESIAN_POINT('Ctrl Pts',(-3.77354575235863,4.67966804983324,-5.34505816354951));
#8431=CARTESIAN_POINT('Ctrl Pts',(-3.6475462692469,4.66271453093156,-5.21653820767177));
#8432=CARTESIAN_POINT('Ctrl Pts',(-3.52152130037509,4.64578196148261,-5.08803048474407));
#8433=CARTESIAN_POINT('Ctrl Pts',(-4.04755801277247,4.69362187896517,-5.32933163679866));
#8434=CARTESIAN_POINT('Ctrl Pts',(-3.92162039436841,4.67656834012216,-5.20077169558306));
#8435=CARTESIAN_POINT('Ctrl Pts',(-3.79566575264284,4.65953231818071,-5.07221959794665));
#8436=CARTESIAN_POINT('Ctrl Pts',(-3.66969049259855,4.64250086593501,-4.94367651358173));
#8437=CARTESIAN_POINT('Ctrl Pts',(-4.29466897176191,4.85848362530007,-5.06612057664722));
#8438=CARTESIAN_POINT('Ctrl Pts',(-4.16885128585289,4.84138346629971,-4.93746505471933));
#8439=CARTESIAN_POINT('Ctrl Pts',(-4.04302776402129,4.824286462661,-4.80880933306613));
#8440=CARTESIAN_POINT('Ctrl Pts',(-3.91719474895738,4.80719990398104,-4.68015435270191));
#8441=CARTESIAN_POINT('Ctrl Pts',(-4.36916886135104,5.21478163195318,-4.9463376498676));
#8442=CARTESIAN_POINT('Ctrl Pts',(-4.24341041842121,5.19777227947327,-4.81764320371519));
#8443=CARTESIAN_POINT('Ctrl Pts',(-4.11764912367304,5.18077508387754,-4.68894827401795));
#8444=CARTESIAN_POINT('Ctrl Pts',(-3.9918876606489,5.16379580136471,-4.56024903312824));
#8445=CARTESIAN_POINT('Ctrl Pts',(-4.36288796000285,5.3690407914973,-4.93213383668219));
#8446=CARTESIAN_POINT('Ctrl Pts',(-4.23713401568524,5.35207098132701,-4.80344300470429));
#8447=CARTESIAN_POINT('Ctrl Pts',(-4.11137940814403,5.33511746242533,-4.67475067276922));
#8448=CARTESIAN_POINT('Ctrl Pts',(-3.98562395121703,5.31818489297637,-4.54605641557109));
#8449=CARTESIAN_POINT('',(-3.54594178552974,4.64607048044489,-5.06412969302784));
#8450=CARTESIAN_POINT('Ctrl Pts',(-3.54592703052844,4.64612001564567,-5.06413759364226));
#8451=CARTESIAN_POINT('Ctrl Pts',(-3.57349411554297,4.64781567160253,-5.04463817740765));
#8452=CARTESIAN_POINT('Ctrl Pts',(-3.60056539320918,4.65196363227985,-5.02486570613068));
#8453=CARTESIAN_POINT('Ctrl Pts',(-3.62698514101389,4.65842519856871,-5.00496954422331));
#8454=CARTESIAN_POINT('Ctrl Pts',(-3.65364578857631,4.66494568251888,-4.98489196572491));
#8455=CARTESIAN_POINT('Ctrl Pts',(-3.67964377333471,4.67382260279838,-4.96468758768259));
#8456=CARTESIAN_POINT('Ctrl Pts',(-3.70480562121611,4.6849633169593,-4.94451650357328));
#8457=CARTESIAN_POINT('Ctrl Pts',(-3.71446218719076,4.68923887898506,-4.9367752833974));
#8458=CARTESIAN_POINT('Ctrl Pts',(-3.72399539820396,4.69384834848579,-4.92903910295742));
#8459=CARTESIAN_POINT('Ctrl Pts',(-3.73339453696911,4.69878820257643,-4.92131767773479));
#8460=CARTESIAN_POINT('Ctrl Pts',(-3.75791951344799,4.71167766068627,-4.90117032416337));
#8461=CARTESIAN_POINT('Ctrl Pts',(-3.78134312500395,4.7267121940481,-4.88128373083795));
#8462=CARTESIAN_POINT('Ctrl Pts',(-3.80353185946651,4.74376253181982,-4.86184947296039));
#8463=CARTESIAN_POINT('Ctrl Pts',(-3.8253277816253,4.76051102351413,-4.84275926424984));
#8464=CARTESIAN_POINT('Ctrl Pts',(-3.84593285296173,4.77920523370549,-4.82410475646131));
#8465=CARTESIAN_POINT('Ctrl Pts',(-3.86520035355756,4.79976498884239,-4.8060816814075));
#8466=CARTESIAN_POINT('Ctrl Pts',(-3.87853723716851,4.81399636566091,-4.79360618397033));
#8467=CARTESIAN_POINT('Ctrl Pts',(-3.89123283618575,4.82912246242538,-4.78143351183935));
#8468=CARTESIAN_POINT('Ctrl Pts',(-3.90323002688056,4.8451265466556,-4.76963555570552));
#8469=CARTESIAN_POINT('Ctrl Pts',(-3.91607158588823,4.86225700638023,-4.7570072534874));
#8470=CARTESIAN_POINT('Ctrl Pts',(-3.92804398424901,4.88029854640731,-4.74488089176987));
#8471=CARTESIAN_POINT('Ctrl Pts',(-3.9390962817564,4.89920854898798,-4.73333661411189));
#8472=CARTESIAN_POINT('Ctrl Pts',(-3.95429998980202,4.92522143528479,-4.71745613071086));
#8473=CARTESIAN_POINT('Ctrl Pts',(-3.96776417383654,4.95287670987757,-4.70267570687214));
#8474=CARTESIAN_POINT('Ctrl Pts',(-3.97948375116836,4.98189365806464,-4.6891017015443));
#8475=CARTESIAN_POINT('Ctrl Pts',(-3.9902664858229,5.00859104176091,-4.67661277865012));
#8476=CARTESIAN_POINT('Ctrl Pts',(-3.99957220284259,5.03644228534017,-4.66514512984885));
#8477=CARTESIAN_POINT('Ctrl Pts',(-4.00737084093594,5.06524591324244,-4.65480483987881));
#8478=CARTESIAN_POINT('Ctrl Pts',(-4.01584287550174,5.09653667558934,-4.6435716869875));
#8479=CARTESIAN_POINT('Ctrl Pts',(-4.02247951243533,5.12872708022417,-4.63375264831148));
#8480=CARTESIAN_POINT('Ctrl Pts',(-4.02726452426241,5.16153284555384,-4.62543375945702));
#8481=CARTESIAN_POINT('Ctrl Pts',(-4.03199997082295,5.19399879427245,-4.61720104132864));
#8482=CARTESIAN_POINT('Ctrl Pts',(-4.03492211895245,5.22706866675036,-4.61043723009867));
#8483=CARTESIAN_POINT('Ctrl Pts',(-4.03598058302765,5.26048343875042,-4.60525740513972));
#8484=CARTESIAN_POINT('Ctrl Pts',(-4.0366572915146,5.28184652544557,-4.60194578446897));
#8485=CARTESIAN_POINT('Ctrl Pts',(-4.03657152936697,5.30335086449051,-4.59928225722366));
#8486=CARTESIAN_POINT('Ctrl Pts',(-4.03570206831281,5.324928853497,-4.59730476127535));
#8487=CARTESIAN_POINT('',(-3.66546405825654,4.66513226983863,-5.23482518858394));
#8488=CARTESIAN_POINT('Ctrl Pts',(-3.66546405825659,4.66513226983864,-5.23482518858405));
#8489=CARTESIAN_POINT('Ctrl Pts',(-3.66256277419119,4.66464943837252,-5.23068172552906));
#8490=CARTESIAN_POINT('Ctrl Pts',(-3.65966140407856,4.6641680579475,-5.22653813958619));
#8491=CARTESIAN_POINT('Ctrl Pts',(-3.61983795792956,4.65758087014635,-5.16966436434572));
#8492=CARTESIAN_POINT('Ctrl Pts',(-3.5828892218698,4.65170648947716,-5.11689610059108));
#8493=CARTESIAN_POINT('Ctrl Pts',(-3.54594178552974,4.64607048044489,-5.06412969302784));
#8494=CARTESIAN_POINT('Ctrl Pts',(-3.66546407833686,4.66513224708399,-5.23482517189656));
#8495=CARTESIAN_POINT('Ctrl Pts',(-3.72575927325986,4.67324194359362,-5.29632156407915));
#8496=CARTESIAN_POINT('Ctrl Pts',(-3.7860491441108,4.68135603080866,-5.35782055607523));
#8497=CARTESIAN_POINT('Ctrl Pts',(-3.84633433361564,4.68947399835711,-5.41932189506003));
#8498=CARTESIAN_POINT('Origin',(0.,4.72257895462658,0.));
#8499=CARTESIAN_POINT('Ctrl Pts',(-3.77697297439408,4.68947399835806,-5.46788924165951));
#8500=CARTESIAN_POINT('Ctrl Pts',(-3.73979936907552,4.68135603079629,-5.39020499703745));
#8501=CARTESIAN_POINT('Ctrl Pts',(-3.70262957037632,4.67324194358035,-5.31251715622491));
#8502=CARTESIAN_POINT('Ctrl Pts',(-3.66546403570766,4.66513224708399,-5.23482520174585));
#8503=CARTESIAN_POINT('Ctrl Pts',(-3.14249420566474,5.3690407914973,-5.7866627430538));
#8504=CARTESIAN_POINT('Ctrl Pts',(-3.06457476228834,5.35207098126968,-5.62447783219811));
#8505=CARTESIAN_POINT('Ctrl Pts',(-2.9866541364866,5.33511746236254,-5.46229178559492));
#8506=CARTESIAN_POINT('Ctrl Pts',(-2.90873199235113,5.31818489297638,-5.30010428300642));
#8507=CARTESIAN_POINT('Ctrl Pts',(-3.15742623720876,5.16336191210515,-5.80100955221409));
#8508=CARTESIAN_POINT('Ctrl Pts',(-3.07950333062691,5.14633782797757,-5.63881790782772));
#8509=CARTESIAN_POINT('Ctrl Pts',(-3.00158465423987,5.12932945897288,-5.47662110390696));
#8510=CARTESIAN_POINT('Ctrl Pts',(-2.92365783660506,5.11233277082749,-5.31442444650367));
#8511=CARTESIAN_POINT('Ctrl Pts',(-3.33697043763349,4.81289066967475,-5.75142076098906));
#8512=CARTESIAN_POINT('Ctrl Pts',(-3.25912897454315,4.79578302363032,-5.58917452979503));
#8513=CARTESIAN_POINT('Ctrl Pts',(-3.18129007698769,4.77867868573139,-5.42692203463671));
#8514=CARTESIAN_POINT('Ctrl Pts',(-3.10345837890473,4.76158329035124,-5.26465887438147));
#8515=CARTESIAN_POINT('Ctrl Pts',(-3.67013392710604,4.69437587422476,-5.60375757864532));
#8516=CARTESIAN_POINT('Ctrl Pts',(-3.59241158018523,4.67734453293053,-5.44143713135139));
#8517=CARTESIAN_POINT('Ctrl Pts',(-3.51470120988574,4.66032637433588,-5.2791040531775));
#8518=CARTESIAN_POINT('Ctrl Pts',(-3.43700957358673,4.64332113982191,-5.11675264353062));
#8519=CARTESIAN_POINT('Ctrl Pts',(-3.80977398490457,4.69663786000353,-5.53643281342206));
#8520=CARTESIAN_POINT('Ctrl Pts',(-3.73208305462882,4.67966804977591,-5.37409065632221));
#8521=CARTESIAN_POINT('Ctrl Pts',(-3.6544081617141,4.66271453086877,-5.21173345803605));
#8522=CARTESIAN_POINT('Ctrl Pts',(-3.57675348096906,4.64578196148261,-5.04935649554041));
#8523=CARTESIAN_POINT('Ctrl Pts',(-2.93976195985297,5.32492885349758,-5.36469028665267));
#8524=CARTESIAN_POINT('Ctrl Pts',(-2.94217066821349,5.29163071884544,-5.3669947624272));
#8525=CARTESIAN_POINT('Ctrl Pts',(-2.94681335146467,5.25857863729499,-5.36806806065728));
#8526=CARTESIAN_POINT('Ctrl Pts',(-2.95350487817898,5.22598043307324,-5.36795300874631));
#8527=CARTESIAN_POINT('Ctrl Pts',(-2.96040065767028,5.19238719826713,-5.36783444498022));
#8528=CARTESIAN_POINT('Ctrl Pts',(-2.96947262335814,5.15927485006772,-5.36645382350636));
#8529=CARTESIAN_POINT('Ctrl Pts',(-2.9805673668872,5.12687686993113,-5.36383374341634));
#8530=CARTESIAN_POINT('Ctrl Pts',(-2.98799265177636,5.10519414858498,-5.36208022463965));
#8531=CARTESIAN_POINT('Ctrl Pts',(-2.99632497645861,5.08383154217632,-5.35977103604407));
#8532=CARTESIAN_POINT('Ctrl Pts',(-3.00552881346189,5.06286441100769,-5.35690736560577));
#8533=CARTESIAN_POINT('Ctrl Pts',(-3.01925172333587,5.03160244371729,-5.35263763643527));
#8534=CARTESIAN_POINT('Ctrl Pts',(-3.03480829432721,5.00144487406767,-5.34716253584399));
#8535=CARTESIAN_POINT('Ctrl Pts',(-3.05202130093443,4.97261208242443,-5.34049244079953));
#8536=CARTESIAN_POINT('Ctrl Pts',(-3.0691221270576,4.94396719964549,-5.33386581605099));
#8537=CARTESIAN_POINT('Ctrl Pts',(-3.08785851577161,4.916628811215,-5.32605952291357));
#8538=CARTESIAN_POINT('Ctrl Pts',(-3.10809606039994,4.8908358937035,-5.31706242841534));
#8539=CARTESIAN_POINT('Ctrl Pts',(-3.12136043558497,4.8739303381496,-5.31116542662034));
#8540=CARTESIAN_POINT('Ctrl Pts',(-3.13527047773656,4.85768920410198,-5.30475643745518));
#8541=CARTESIAN_POINT('Ctrl Pts',(-3.14979565423158,4.84218853655562,-5.29782789909597));
#8542=CARTESIAN_POINT('Ctrl Pts',(-3.16641218875869,4.82445605822285,-5.28990177875534));
#8543=CARTESIAN_POINT('Ctrl Pts',(-3.18373697203915,4.80779358814172,-5.28133790668528));
#8544=CARTESIAN_POINT('Ctrl Pts',(-3.20170907235671,4.7922902203545,-5.27214180326545));
#8545=CARTESIAN_POINT('Ctrl Pts',(-3.22547216831659,4.77179133542066,-5.2599825183649));
#8546=CARTESIAN_POINT('Ctrl Pts',(-3.25036609537689,4.75331677179016,-5.24671855196736));
#8547=CARTESIAN_POINT('Ctrl Pts',(-3.27612067292579,4.73690806907149,-5.23244197668668));
#8548=CARTESIAN_POINT('Ctrl Pts',(-3.30007361849577,4.72164721836067,-5.21916410288058));
#8549=CARTESIAN_POINT('Ctrl Pts',(-3.32477210206201,4.70817345226751,-5.20500979909817));
#8550=CARTESIAN_POINT('Ctrl Pts',(-3.35001496835201,4.69655539267046,-5.19004168469535));
#8551=CARTESIAN_POINT('Ctrl Pts',(-3.37702325326943,4.68412479702495,-5.17402674036123));
#8552=CARTESIAN_POINT('Ctrl Pts',(-3.40444494473645,4.67391331788238,-5.15720033761498));
#8553=CARTESIAN_POINT('Ctrl Pts',(-3.43203925623651,4.6659520334629,-5.13969174982287));
#8554=CARTESIAN_POINT('Ctrl Pts',(-3.45990914255497,4.65791124245714,-5.12200830983699));
#8555=CARTESIAN_POINT('Ctrl Pts',(-3.48795624202053,4.65216539307224,-5.10362849312726));
#8556=CARTESIAN_POINT('Ctrl Pts',(-3.51594975601751,4.64879382659137,-5.0846722609416));
#8557=CARTESIAN_POINT('Ctrl Pts',(-3.52595540688278,4.64758873611647,-5.07789678284367));
#8558=CARTESIAN_POINT('Ctrl Pts',(-3.53595428896202,4.64668743777453,-5.07104757954037));
#8559=CARTESIAN_POINT('Ctrl Pts',(-3.54593596625798,4.64609516398889,-5.06412991187523));
#8560=CARTESIAN_POINT('Origin',(0.,9.3737556561086,0.));
#8561=CARTESIAN_POINT('Origin',(0.,9.3737556561086,0.));
#8562=CARTESIAN_POINT('Ctrl Pts',(-6.3813368142201,4.69663786000353,-2.10831842402221));
#8563=CARTESIAN_POINT('Ctrl Pts',(-6.20374007417616,4.67966804983885,-2.07915930358893));
#8564=CARTESIAN_POINT('Ctrl Pts',(-6.02613338101045,4.66271453094174,-2.05001978869127));
#8565=CARTESIAN_POINT('Ctrl Pts',(-5.8485133682977,4.6457819614826,-2.02090520894066));
#8566=CARTESIAN_POINT('Ctrl Pts',(-6.41541653602831,4.69362187896517,-1.90445063758458));
#8567=CARTESIAN_POINT('Ctrl Pts',(-6.23783608961691,4.6765683401278,-1.87524229553022));
#8568=CARTESIAN_POINT('Ctrl Pts',(-6.06024655281309,4.65953231819094,-1.84605034494045));
#8569=CARTESIAN_POINT('Ctrl Pts',(-5.88264571795709,4.64250086593501,-1.81687785484023));
#8570=CARTESIAN_POINT('Ctrl Pts',(-6.45906329504348,4.85846684010915,-1.54604773605144));
#8571=CARTESIAN_POINT('Ctrl Pts',(-6.2815230497482,4.84136668111445,-1.51669139620597));
#8572=CARTESIAN_POINT('Ctrl Pts',(-6.10397799085663,4.82426961396862,-1.48733829656993));
#8573=CARTESIAN_POINT('Ctrl Pts',(-5.92642570351357,4.8071830552784,-1.4579914577154));
#8574=CARTESIAN_POINT('Ctrl Pts',(-6.44830982980081,5.21478163195318,-1.40541560557422));
#8575=CARTESIAN_POINT('Ctrl Pts',(-6.27079434441692,5.19777227947889,-1.37599284455274));
#8576=CARTESIAN_POINT('Ctrl Pts',(-6.09327627326408,5.18077508388774,-1.34657137988506));
#8577=CARTESIAN_POINT('Ctrl Pts',(-5.91575551700167,5.16379580136471,-1.31714653795705));
#8578=CARTESIAN_POINT('Ctrl Pts',(-6.43484577901854,5.3690407914973,-1.39767497463844));
#8579=CARTESIAN_POINT('Ctrl Pts',(-6.25733605861246,5.35207098133261,-1.36825246817567));
#8580=CARTESIAN_POINT('Ctrl Pts',(-6.07982491640342,5.33511746243551,-1.33882914424928));
#8581=CARTESIAN_POINT('Ctrl Pts',(-5.90231195063057,5.31818489297637,-1.30940476992927));
#8582=CARTESIAN_POINT('',(-5.85407436803893,4.64607048044489,-1.98719047593373));
#8583=CARTESIAN_POINT('Ctrl Pts',(-5.85406716417283,4.64611993152124,-1.98720547866061));
#8584=CARTESIAN_POINT('Ctrl Pts',(-5.86476854462483,4.64781545840267,-1.95517881481359));
#8585=CARTESIAN_POINT('Ctrl Pts',(-5.87490866474916,4.65196316167371,-1.92322487971595));
#8586=CARTESIAN_POINT('Ctrl Pts',(-5.88445023723529,4.65842442095529,-1.89155631500698));
#8587=CARTESIAN_POINT('Ctrl Pts',(-5.89407851016587,4.66494439110997,-1.85959999074482));
#8588=CARTESIAN_POINT('Ctrl Pts',(-5.90309745748139,4.67382059960596,-1.8279330917823));
#8589=CARTESIAN_POINT('Ctrl Pts',(-5.91146182393649,4.68496049485838,-1.79678738933589));
#8590=CARTESIAN_POINT('Ctrl Pts',(-5.91467171199018,4.68923551280291,-1.78483499356949));
#8591=CARTESIAN_POINT('Ctrl Pts',(-5.91778511596421,4.69384438654217,-1.77295958461887));
#8592=CARTESIAN_POINT('Ctrl Pts',(-5.92079913699054,4.6987835988746,-1.76117533743406));
#8593=CARTESIAN_POINT('Ctrl Pts',(-5.92866408065534,4.71167223714343,-1.73042490821316));
#8594=CARTESIAN_POINT('Ctrl Pts',(-5.93579502845918,4.72670594292419,-1.70053599606886));
#8595=CARTESIAN_POINT('Ctrl Pts',(-5.94219756526495,4.74375553451404,-1.67174214187549));
#8596=CARTESIAN_POINT('Ctrl Pts',(-5.94848650944998,4.76050263541156,-1.64345914290371));
#8597=CARTESIAN_POINT('Ctrl Pts',(-5.95407276721015,4.7791953804339,-1.61623166805166));
#8598=CARTESIAN_POINT('Ctrl Pts',(-5.95895373131135,4.79975369077774,-1.59030438715575));
#8599=CARTESIAN_POINT('Ctrl Pts',(-5.96233257231148,4.81398515416141,-1.57235626094611));
#8600=CARTESIAN_POINT('Ctrl Pts',(-5.96537326991356,4.82911148370447,-1.55503166810171));
#8601=CARTESIAN_POINT('Ctrl Pts',(-5.96807225782915,4.84511597493133,-1.53842240557372));
#8602=CARTESIAN_POINT('Ctrl Pts',(-5.97096122232616,4.86224699159139,-1.52064404892089));
#8603=CARTESIAN_POINT('Ctrl Pts',(-5.97344598880669,4.88028929546852,-1.50378463532553));
#8604=CARTESIAN_POINT('Ctrl Pts',(-5.97553285769321,4.89920029768634,-1.48793896848459));
#8605=CARTESIAN_POINT('Ctrl Pts',(-5.9784034337982,4.92521317824569,-1.46614258592542));
#8606=CARTESIAN_POINT('Ctrl Pts',(-5.9805215861702,4.95286871872731,-1.44626223302166));
#8607=CARTESIAN_POINT('Ctrl Pts',(-5.98194614469827,4.98188607154843,-1.42838652969221));
#8608=CARTESIAN_POINT('Ctrl Pts',(-5.98325679736039,5.0085832341945,-1.41194014458805));
#8609=CARTESIAN_POINT('Ctrl Pts',(-5.9839802051578,5.03643432324776,-1.39719077643006));
#8610=CARTESIAN_POINT('Ctrl Pts',(-5.98415488116945,5.06523777305737,-1.38424162159246));
#8611=CARTESIAN_POINT('Ctrl Pts',(-5.9843446440931,5.09652900071546,-1.37017403751204));
#8612=CARTESIAN_POINT('Ctrl Pts',(-5.98389044474586,5.12871988718515,-1.3583321228159));
#8613=CARTESIAN_POINT('Ctrl Pts',(-5.98283010893984,5.16152601814201,-1.34879469607831));
#8614=CARTESIAN_POINT('Ctrl Pts',(-5.98178070427469,5.19399394639289,-1.33935559192362));
#8615=CARTESIAN_POINT('Ctrl Pts',(-5.98013753712704,5.22706574513641,-1.33217334591774));
#8616=CARTESIAN_POINT('Ctrl Pts',(-5.97792806387171,5.2604822217522,-1.32737041797706));
#8617=CARTESIAN_POINT('Ctrl Pts',(-5.97651551783956,5.28184582565114,-1.32429984140911));
#8618=CARTESIAN_POINT('Ctrl Pts',(-5.97487132818159,5.30335058374047,-1.32220268227721));
#8619=CARTESIAN_POINT('Ctrl Pts',(-5.97300081923521,5.32492885349731,-1.32112204799003));
#8620=CARTESIAN_POINT('',(-6.05139635342376,4.66513226983863,-2.05417226424));
#8621=CARTESIAN_POINT('Ctrl Pts',(-6.05139635342388,4.66513226983864,-2.05417226424006));
#8622=CARTESIAN_POINT('Ctrl Pts',(-6.04657051354509,4.66464580485277,-2.05253411234061));
#8623=CARTESIAN_POINT('Ctrl Pts',(-6.04174452938011,4.66416081282126,-2.05089591146249));
#8624=CARTESIAN_POINT('Ctrl Pts',(-5.97599907327462,4.65757392365659,-2.02857833638687));
#8625=CARTESIAN_POINT('Ctrl Pts',(-5.91503565562732,4.65170315771257,-2.00788404463141));
#8626=CARTESIAN_POINT('Ctrl Pts',(-5.85407436803893,4.64607048044489,-1.98719047593373));
#8627=CARTESIAN_POINT('Ctrl Pts',(-6.05139635975002,4.66513224708398,-2.05417223890886));
#8628=CARTESIAN_POINT('Ctrl Pts',(-6.1363845044147,4.67324194359539,-2.06811254206156));
#8629=CARTESIAN_POINT('Ctrl Pts',(-6.2213698927821,4.68135603081003,-2.08205808999123));
#8630=CARTESIAN_POINT('Ctrl Pts',(-6.30635289369321,4.68947399835741,-2.09600829876126));
#8631=CARTESIAN_POINT('Origin',(0.,4.72257895462658,0.));
#8632=CARTESIAN_POINT('Ctrl Pts',(-6.27913514047409,4.68947399836161,-2.17618921431858));
#8633=CARTESIAN_POINT('Ctrl Pts',(-6.20322124321548,4.68135603075095,-2.13552228565079));
#8634=CARTESIAN_POINT('Ctrl Pts',(-6.12730828971684,4.67324194352833,-2.09485020617504));
#8635=CARTESIAN_POINT('Ctrl Pts',(-6.05139634302212,4.66513224708402,-2.05417228818769));
#8636=CARTESIAN_POINT('Ctrl Pts',(-5.95595700789394,5.3690407914973,-2.80843580211519));
#8637=CARTESIAN_POINT('Ctrl Pts',(-5.79721778860992,5.35207098105612,-2.72371717345947));
#8638=CARTESIAN_POINT('Ctrl Pts',(-5.63847694571007,5.33511746209885,-2.63899832887874));
#8639=CARTESIAN_POINT('Ctrl Pts',(-5.47973402036662,5.31818489297637,-2.55427920950446));
#8640=CARTESIAN_POINT('Ctrl Pts',(-5.97648227084308,5.16336191210514,-2.81117625462931));
#8641=CARTESIAN_POINT('Ctrl Pts',(-5.81773627707397,5.14633782776333,-2.72645424358086));
#8642=CARTESIAN_POINT('Ctrl Pts',(-5.65899064536335,5.12932945870819,-2.64172557111167));
#8643=CARTESIAN_POINT('Ctrl Pts',(-5.5002385377714,5.11233277082748,-2.55700183237172));
#8644=CARTESIAN_POINT('Ctrl Pts',(-6.09195175094353,4.81288847827169,-2.66502106323957));
#8645=CARTESIAN_POINT('Ctrl Pts',(-5.93323915913307,4.79578083201197,-2.58020687263112));
#8646=CARTESIAN_POINT('Ctrl Pts',(-5.77452493232115,4.77867648590266,-2.49538611784895));
#8647=CARTESIAN_POINT('Ctrl Pts',(-5.61581020959996,4.76158109078875,-2.41055250313583));
#8648=CARTESIAN_POINT('Ctrl Pts',(-6.27331562579721,4.69437587422476,-2.34893446103721));
#8649=CARTESIAN_POINT('Ctrl Pts',(-6.11465520988367,4.6773445327162,-2.26398998471349));
#8650=CARTESIAN_POINT('Ctrl Pts',(-5.95599698521317,4.66032637407105,-2.17902824120748));
#8651=CARTESIAN_POINT('Ctrl Pts',(-5.79734303184423,4.64332113982191,-2.09404063836682));
#8652=CARTESIAN_POINT('Ctrl Pts',(-6.34611781369812,4.69663786000353,-2.21207025391501));
#8653=CARTESIAN_POINT('Ctrl Pts',(-6.18746989635091,4.67966804956235,-2.12708969286965));
#8654=CARTESIAN_POINT('Ctrl Pts',(-6.02882601977089,4.66271453060508,-2.04208751970913));
#8655=CARTESIAN_POINT('Ctrl Pts',(-5.87018675936281,4.64578196148261,-1.95705745773649));
#8656=CARTESIAN_POINT('Ctrl Pts',(-5.5429482973589,5.3249288535002,-2.58801592449703));
#8657=CARTESIAN_POINT('Ctrl Pts',(-5.5462534554643,5.2916306232911,-2.58845006530326));
#8658=CARTESIAN_POINT('Ctrl Pts',(-5.55063217997402,5.25857841486645,-2.58657036997763));
#8659=CARTESIAN_POINT('Ctrl Pts',(-5.55596049923553,5.2259800658382,-2.58252083897757));
#8660=CARTESIAN_POINT('Ctrl Pts',(-5.56145144740569,5.19238676255402,-2.57834770975174));
#8661=CARTESIAN_POINT('Ctrl Pts',(-5.56795109627668,5.15927432447247,-2.57187001611594));
#8662=CARTESIAN_POINT('Ctrl Pts',(-5.57534909698704,5.12687624548651,-2.56319668583826));
#8663=CARTESIAN_POINT('Ctrl Pts',(-5.58030028167031,5.10519351271546,-2.55739197430806));
#8664=CARTESIAN_POINT('Ctrl Pts',(-5.58565436757639,5.08383088924074,-2.55060281218734));
#8665=CARTESIAN_POINT('Ctrl Pts',(-5.59138340746353,5.06286373852612,-2.54285116239178));
#8666=CARTESIAN_POINT('Ctrl Pts',(-5.59992542479639,5.0316016477826,-2.53129342702663));
#8667=CARTESIAN_POINT('Ctrl Pts',(-5.60923344102286,5.00144395634602,-2.51767936271806));
#8668=CARTESIAN_POINT('Ctrl Pts',(-5.61917067260449,4.97261105703902,-2.50212212464321));
#8669=CARTESIAN_POINT('Ctrl Pts',(-5.62904309752279,4.94396619440828,-2.48666634467384));
#8670=CARTESIAN_POINT('Ctrl Pts',(-5.63953696174757,4.91662782844777,-2.46929211014689));
#8671=CARTESIAN_POINT('Ctrl Pts',(-5.65053729525349,4.890834944762,-2.45006990958323));
#8672=CARTESIAN_POINT('Ctrl Pts',(-5.65774750919195,4.87392889283508,-2.43747063899224));
#8673=CARTESIAN_POINT('Ctrl Pts',(-5.66517568914162,4.85768730800402,-2.42407663995673));
#8674=CARTESIAN_POINT('Ctrl Pts',(-5.67279273949218,4.84218624492785,-2.40989986690534));
#8675=CARTESIAN_POINT('Ctrl Pts',(-5.681506069582,4.82445419996167,-2.3936827096699));
#8676=CARTESIAN_POINT('Ctrl Pts',(-5.69041344845518,4.80779213526498,-2.37653247860651));
#8677=CARTESIAN_POINT('Ctrl Pts',(-5.69946900690989,4.79228914310871,-2.35848964922648));
#8678=CARTESIAN_POINT('Ctrl Pts',(-5.71144270478227,4.77179033620183,-2.33463254655966));
#8679=CARTESIAN_POINT('Ctrl Pts',(-5.72367515479225,4.75331588124689,-2.30921589006976));
#8680=CARTESIAN_POINT('Ctrl Pts',(-5.73600291081466,4.73690729824262,-2.2824737043481));
#8681=CARTESIAN_POINT('Ctrl Pts',(-5.74746914891637,4.72164541933322,-2.25760038042059));
#8682=CARTESIAN_POINT('Ctrl Pts',(-5.75901839686155,4.70817090108739,-2.23157924456017));
#8683=CARTESIAN_POINT('Ctrl Pts',(-5.7705254306614,4.69655236618232,-2.20457978823455));
#8684=CARTESIAN_POINT('Ctrl Pts',(-5.78283631106426,4.68412219554403,-2.17569423149175));
#8685=CARTESIAN_POINT('Ctrl Pts',(-5.79500074956637,4.67391113592265,-2.14590984816644));
#8686=CARTESIAN_POINT('Ctrl Pts',(-5.80690100271244,4.66595024991912,-2.11547327938204));
#8687=CARTESIAN_POINT('Ctrl Pts',(-5.81892016012827,4.65790982078947,-2.08473259622789));
#8688=CARTESIAN_POINT('Ctrl Pts',(-5.83067044167813,4.65216433490662,-2.05332556074027));
#8689=CARTESIAN_POINT('Ctrl Pts',(-5.84203665001928,4.64879311869114,-2.02148540295656));
#8690=CARTESIAN_POINT('Ctrl Pts',(-5.84609850535154,4.64758837282075,-2.0101069282012));
#8691=CARTESIAN_POINT('Ctrl Pts',(-5.85011132297715,4.64668730679962,-1.99867302581264));
#8692=CARTESIAN_POINT('Ctrl Pts',(-5.85406980027581,4.64609514943912,-1.98719410428388));
#8693=CARTESIAN_POINT('Origin',(0.,9.3737556561086,0.));
#8694=CARTESIAN_POINT('Origin',(0.,9.3737556561086,0.));
#8695=CARTESIAN_POINT('Ctrl Pts',(-6.39286366778828,4.69663786000353,2.07310401057564));
#8696=CARTESIAN_POINT('Ctrl Pts',(-6.23239966579039,4.67966804983843,1.99160456000633));
#8697=CARTESIAN_POINT('Ctrl Pts',(-6.071939230059,4.66271453093726,1.91008341326411));
#8698=CARTESIAN_POINT('Ctrl Pts',(-5.91148279732476,4.64578196148261,1.82853428177158));
#8699=CARTESIAN_POINT('Ctrl Pts',(-6.29979808644435,4.69362187896517,2.25766375525096));
#8700=CARTESIAN_POINT('Ctrl Pts',(-6.13931811913905,4.67656834012737,2.17621363377451));
#8701=CARTESIAN_POINT('Ctrl Pts',(-5.97884051333248,4.65953231818643,2.09474491823561));
#8702=CARTESIAN_POINT('Ctrl Pts',(-5.81836530352887,4.64250086593501,2.01325382828376));
#8703=CARTESIAN_POINT('Ctrl Pts',(-6.12307405645434,4.85847695957421,2.57249383976083));
#8704=CARTESIAN_POINT('Ctrl Pts',(-5.9625389966004,4.84137680057909,2.49118684161231));
#8705=CARTESIAN_POINT('Ctrl Pts',(-5.80200198316632,4.82427977171915,2.40987435610376));
#8706=CARTESIAN_POINT('Ctrl Pts',(-5.64146283014198,4.80719321303344,2.32855257537684));
#8707=CARTESIAN_POINT('Ctrl Pts',(-6.03124047642462,5.21478163195318,2.6795579861303));
#8708=CARTESIAN_POINT('Ctrl Pts',(-5.87068610858539,5.19777227947848,2.59831919375528));
#8709=CARTESIAN_POINT('Ctrl Pts',(-5.71013042197871,5.18077508388325,2.51707782693512));
#8710=CARTESIAN_POINT('Ctrl Pts',(-5.54957057305429,5.16379580136471,2.43583759599812));
#8711=CARTESIAN_POINT('Ctrl Pts',(-6.01580535556292,5.3690407914973,2.67783895304848));
#8712=CARTESIAN_POINT('Ctrl Pts',(-5.85525578738196,5.3520709813322,2.59660336427295));
#8713=CARTESIAN_POINT('Ctrl Pts',(-5.69470458918701,5.33511746243103,2.51536759399328));
#8714=CARTESIAN_POINT('Ctrl Pts',(-5.53415129936198,5.31818489297637,2.43413159254797));
#8715=CARTESIAN_POINT('',(-5.8960315886414,4.64607048044489,1.85901161909086));
#8716=CARTESIAN_POINT('Ctrl Pts',(-5.8960346722625,4.64611998223822,1.85899520668699));
#8717=CARTESIAN_POINT('Ctrl Pts',(-5.88572722637823,4.64781558690124,1.89115029801589));
#8718=CARTESIAN_POINT('Ctrl Pts',(-5.87501022729127,4.65196344519424,1.92291472560004));
#8719=CARTESIAN_POINT('Ctrl Pts',(-5.86397931656767,4.65842488904095,1.95409501906337));
#8720=CARTESIAN_POINT('Ctrl Pts',(-5.85284796234824,4.66494516846564,1.98555922903683));
#8721=CARTESIAN_POINT('Ctrl Pts',(-5.84139639112654,4.67382180525802,2.01642963780272));
#8722=CARTESIAN_POINT('Ctrl Pts',(-5.8297251354843,4.68496219284049,2.046492625854));
#8723=CARTESIAN_POINT('Ctrl Pts',(-5.8252459164882,4.68923767417797,2.05803026253052));
#8724=CARTESIAN_POINT('Ctrl Pts',(-5.82073440883375,4.69384706360924,2.06944873977775));
#8725=CARTESIAN_POINT('Ctrl Pts',(-5.81619665654661,4.69878684017368,2.08073491251852));
#8726=CARTESIAN_POINT('Ctrl Pts',(-5.80435645804817,4.71167602657256,2.11018352872377));
#8727=CARTESIAN_POINT('Ctrl Pts',(-5.79243376302985,4.72671028335797,2.13850334557047));
#8728=CARTESIAN_POINT('Ctrl Pts',(-5.78057114749839,4.74376037503008,2.16550938489732));
#8729=CARTESIAN_POINT('Ctrl Pts',(-5.76891872254528,4.76050836059246,2.19203691128493));
#8730=CARTESIAN_POINT('Ctrl Pts',(-5.7573237490715,4.77920203260486,2.21729769210053));
#8731=CARTESIAN_POINT('Ctrl Pts',(-5.74592878828505,4.79976125512273,2.2410929137845));
#8732=CARTESIAN_POINT('Ctrl Pts',(-5.7380409065572,4.81399287194674,2.25756457155046));
#8733=CARTESIAN_POINT('Ctrl Pts',(-5.73024901415382,4.82911928782459,2.27333349451493));
#8734=CARTESIAN_POINT('Ctrl Pts',(-5.72260450632971,4.84512378079901,2.28832356608329));
#8735=CARTESIAN_POINT('Ctrl Pts',(-5.71442228095406,4.86225403582036,2.30436804491587));
#8736=CARTESIAN_POINT('Ctrl Pts',(-5.70645742054647,4.88029540056942,2.31943262135724));
#8737=CARTESIAN_POINT('Ctrl Pts',(-5.69877104531969,4.89920527223139,2.33344460106043));
#8738=CARTESIAN_POINT('Ctrl Pts',(-5.68819747805078,4.92521815791095,2.35271982580438));
#8739=CARTESIAN_POINT('Ctrl Pts',(-5.67815001901567,4.95287353836779,2.37000513037745));
#8740=CARTESIAN_POINT('Ctrl Pts',(-5.66872855076832,4.98189064556027,2.38526374474771));
#8741=CARTESIAN_POINT('Ctrl Pts',(-5.66006007188751,5.0085886266261,2.39930284915761));
#8742=CARTESIAN_POINT('Ctrl Pts',(-5.65192148850628,5.03644055166349,2.41162609155415));
#8743=CARTESIAN_POINT('Ctrl Pts',(-5.64440492077821,5.06524489364492,2.42217294532301));
#8744=CARTESIAN_POINT('Ctrl Pts',(-5.63623945403695,5.09653589040863,2.43363030016768));
#8745=CARTESIAN_POINT('Ctrl Pts',(-5.62887073578721,5.12872652845366,2.44291197988765));
#8746=CARTESIAN_POINT('Ctrl Pts',(-5.62237591495973,5.16153247374791,2.44997669624583));
#8747=CARTESIAN_POINT('Ctrl Pts',(-5.61594824488284,5.19399923434263,2.45696836963349));
#8748=CARTESIAN_POINT('Ctrl Pts',(-5.61037623434289,5.22706989007757,2.46178894119185));
#8749=CARTESIAN_POINT('Ctrl Pts',(-5.60575446628536,5.26048535003038,2.46435580585873));
#8750=CARTESIAN_POINT('Ctrl Pts',(-5.60279976978317,5.28184785490147,2.46599680254191));
#8751=CARTESIAN_POINT('Ctrl Pts',(-5.60023384980229,5.30335155964868,2.46671583460341));
#8752=CARTESIAN_POINT('Ctrl Pts',(-5.59808649559648,5.32492885349696,2.4664812669153));
#8753=CARTESIAN_POINT('',(-6.0947678167485,4.66513226983863,1.92167291111941));
#8754=CARTESIAN_POINT('Ctrl Pts',(-6.09476781674862,4.66513226983864,1.92167291111942));
#8755=CARTESIAN_POINT('Ctrl Pts',(-6.0899520779903,4.66465027761459,1.92015451452137));
#8756=CARTESIAN_POINT('Ctrl Pts',(-6.08513619667312,4.66416973139367,1.91863607297457));
#8757=CARTESIAN_POINT('Ctrl Pts',(-6.01891958145299,4.6575824746161,1.89775805439243));
#8758=CARTESIAN_POINT('Ctrl Pts',(-5.95747450266417,4.65170725902198,1.87838449546745));
#8759=CARTESIAN_POINT('Ctrl Pts',(-5.8960315886414,4.64607048044489,1.85901161909086));
#8760=CARTESIAN_POINT('Ctrl Pts',(-6.09476780687173,4.66513224708399,1.92167293528834));
#8761=CARTESIAN_POINT('Ctrl Pts',(-6.17154907331321,4.67324194359483,1.96068516296302));
#8762=CARTESIAN_POINT('Ctrl Pts',(-6.24833121824934,4.6813560308098,1.99969153119474));
#8763=CARTESIAN_POINT('Ctrl Pts',(-6.32511419382989,4.68947399835706,2.03869272898883));
#8764=CARTESIAN_POINT('Origin',(0.,4.72257895462658,0.));
#8765=CARTESIAN_POINT('Ctrl Pts',(-6.35057633254994,4.6894739983575,1.95793714218272));
#8766=CARTESIAN_POINT('Ctrl Pts',(-6.26530923304875,4.68135603080609,1.94584414757336));
#8767=CARTESIAN_POINT('Ctrl Pts',(-6.18003984837785,4.67324194359148,1.93375586478335));
#8768=CARTESIAN_POINT('Ctrl Pts',(-6.09476782252066,4.66513224708399,1.92167288565629));
#8769=CARTESIAN_POINT('Ctrl Pts',(-6.4638045788656,5.3690407914973,1.25696694495896));
#8770=CARTESIAN_POINT('Ctrl Pts',(-6.28569525218685,5.35207098131516,1.23142379437287));
#8771=CARTESIAN_POINT('Ctrl Pts',(-6.10758448639967,5.33511746241864,1.20587985756126));
#8772=CARTESIAN_POINT('Ctrl Pts',(-5.92947187474011,5.31818489297638,1.18033491041146));
#8773=CARTESIAN_POINT('Ctrl Pts',(-6.48197752243459,5.16336191210514,1.26689370783273));
#8774=CARTESIAN_POINT('Ctrl Pts',(-6.30386073246754,5.1463378280232,1.24134927914062));
#8775=CARTESIAN_POINT('Ctrl Pts',(-6.12574029344457,5.12932945902919,1.21581043630663));
#8776=CARTESIAN_POINT('Ctrl Pts',(-5.94761754533457,5.11233277082749,1.1902637848672));
#8777=CARTESIAN_POINT('Ctrl Pts',(-6.4886772943055,4.8128739222765,1.45302669035809));
#8778=CARTESIAN_POINT('Ctrl Pts',(-6.31053293450501,4.79576627627791,1.42757635027376));
#8779=CARTESIAN_POINT('Ctrl Pts',(-6.13238337841941,4.77866187603274,1.40213031151169));
#8780=CARTESIAN_POINT('Ctrl Pts',(-5.954225808413,4.76156648059596,1.37669437499483));
#8781=CARTESIAN_POINT('Ctrl Pts',(-6.44802914747606,4.69437587422476,1.81518653488251));
#8782=CARTESIAN_POINT('Ctrl Pts',(-6.26984982544616,4.67734453297618,1.78987211511946));
#8783=CARTESIAN_POINT('Ctrl Pts',(-6.09166205820672,4.66032637439221,1.76457291579008));
#8784=CARTESIAN_POINT('Ctrl Pts',(-5.9134624406502,4.64332113982191,1.73929709567512));
#8785=CARTESIAN_POINT('Ctrl Pts',(-6.42581095290063,4.69663786000353,1.96860857236134));
#8786=CARTESIAN_POINT('Ctrl Pts',(-6.24762037302821,4.67966804982139,1.94333064344966));
#8787=CARTESIAN_POINT('Ctrl Pts',(-6.06942027028422,4.66271453092487,1.9180725325611));
#8788=CARTESIAN_POINT('Ctrl Pts',(-5.89120739529205,4.64578196148261,1.89283964147435));
#8789=CARTESIAN_POINT('Ctrl Pts',(-6.00039953237962,5.32492885349708,1.19050733053516));
#8790=CARTESIAN_POINT('Ctrl Pts',(-6.00332172662793,5.29162998880004,1.1921116224703));
#8791=CARTESIAN_POINT('Ctrl Pts',(-6.00574152490669,5.25857693718951,1.1962166314129));
#8792=CARTESIAN_POINT('Ctrl Pts',(-6.00764408299772,5.22597762523322,1.20263297280993));
#8793=CARTESIAN_POINT('Ctrl Pts',(-6.00960467879996,5.19238386823917,1.20924504529696));
#8794=CARTESIAN_POINT('Ctrl Pts',(-6.01101605189233,5.15927083354632,1.21831197116102));
#8795=CARTESIAN_POINT('Ctrl Pts',(-6.01185360513021,5.12687209773779,1.22968071773406));
#8796=CARTESIAN_POINT('Ctrl Pts',(-6.01241412385042,5.10518977700869,1.23728906427391));
#8797=CARTESIAN_POINT('Ctrl Pts',(-6.01271746976636,5.08382751343136,1.24592945485291));
#8798=CARTESIAN_POINT('Ctrl Pts',(-6.01275408792751,5.06286068635152,1.25556767458111));
#8799=CARTESIAN_POINT('Ctrl Pts',(-6.01280868803688,5.03159775517121,1.26993890008489));
#8800=CARTESIAN_POINT('Ctrl Pts',(-6.01226509182004,5.00143922361151,1.28642140134806));
#8801=CARTESIAN_POINT('Ctrl Pts',(-6.01107988339799,4.97260556828061,1.30484310256018));
#8802=CARTESIAN_POINT('Ctrl Pts',(-6.00990243844158,4.94396078191869,1.32314413618179));
#8803=CARTESIAN_POINT('Ctrl Pts',(-6.0080917639189,4.91662249960282,1.34335972541529));
#8804=CARTESIAN_POINT('Ctrl Pts',(-6.00559681075124,4.89082976894919,1.36536511157565));
#8805=CARTESIAN_POINT('Ctrl Pts',(-6.00396146049625,4.87392358040908,1.37978883476809));
#8806=CARTESIAN_POINT('Ctrl Pts',(-6.0020319498249,4.85768190735222,1.39498238415278));
#8807=CARTESIAN_POINT('Ctrl Pts',(-5.99979187923246,4.84218082526712,1.41091893304152));
#8808=CARTESIAN_POINT('Ctrl Pts',(-5.99722929948614,4.82444800955516,1.42914991091628));
#8809=CARTESIAN_POINT('Ctrl Pts',(-5.99427142463798,4.8077853525832,1.44824825346836));
#8810=CARTESIAN_POINT('Ctrl Pts',(-5.99090518898378,4.79228198779823,1.4681542154797));
#8811=CARTESIAN_POINT('Ctrl Pts',(-5.98645441235707,4.7717837159276,1.49447352272778));
#8812=CARTESIAN_POINT('Ctrl Pts',(-5.98129009696638,4.75330997665421,1.52220367908761));
#8813=CARTESIAN_POINT('Ctrl Pts',(-5.97541883656337,4.73690217138013,1.55105923277215));
#8814=CARTESIAN_POINT('Ctrl Pts',(-5.96995825637957,4.72164205171429,1.57789641147429));
#8815=CARTESIAN_POINT('Ctrl Pts',(-5.96388598467438,4.708169104515,1.60570825520344));
#8816=CARTESIAN_POINT('Ctrl Pts',(-5.95720127602053,4.69655184163463,1.63428401322866));
#8817=CARTESIAN_POINT('Ctrl Pts',(-5.95004915936428,4.68412227683993,1.66485784456825));
#8818=CARTESIAN_POINT('Ctrl Pts',(-5.94224748337911,4.67391173143221,1.69606995225348));
#8819=CARTESIAN_POINT('Ctrl Pts',(-5.93384715510683,4.66595114962315,1.72765174048205));
#8820=CARTESIAN_POINT('Ctrl Pts',(-5.92536254771834,4.65791070060203,1.75955038361368));
#8821=CARTESIAN_POINT('Ctrl Pts',(-5.91626707950916,4.65216516745131,1.79182738833132));
#8822=CARTESIAN_POINT('Ctrl Pts',(-5.90660578692733,4.64879376157192,1.8242264471324));
#8823=CARTESIAN_POINT('Ctrl Pts',(-5.90315227854699,4.64758862485141,1.83580775679017));
#8824=CARTESIAN_POINT('Ctrl Pts',(-5.89962641268975,4.64668731263951,1.84740476125931));
#8825=CARTESIAN_POINT('Ctrl Pts',(-5.89603007040445,4.64609505279494,1.85900591714621));
#8826=CARTESIAN_POINT('Origin',(0.,9.3737556561086,0.));
#8827=CARTESIAN_POINT('Origin',(0.,9.3737556561086,0.));
#8828=CARTESIAN_POINT('Ctrl Pts',(-3.92964400719088,4.69663786000353,5.45200551085021));
#8829=CARTESIAN_POINT('Ctrl Pts',(-3.84843009009378,4.67966804984581,5.29139680616127));
#8830=CARTESIAN_POINT('Ctrl Pts',(-3.76723187813638,4.66271453094926,5.1307727134528));
#8831=CARTESIAN_POINT('Ctrl Pts',(-3.68605344194748,4.64578196148261,4.97012841944628));
#8832=CARTESIAN_POINT('Ctrl Pts',(-3.74545981354701,4.69362187896517,5.54581214492937));
#8833=CARTESIAN_POINT('Ctrl Pts',(-3.66420385254537,4.67656834013479,5.38523378098089));
#8834=CARTESIAN_POINT('Ctrl Pts',(-3.5829607907971,4.65953231819851,5.22464181830229));
#8835=CARTESIAN_POINT('Ctrl Pts',(-3.50173289141888,4.64250086593501,5.06403322852081));
#8836=CARTESIAN_POINT('Ctrl Pts',(-3.41678279546152,4.85848022517079,5.69520457980586));
#8837=CARTESIAN_POINT('Ctrl Pts',(-3.33539777516664,4.8413800661831,5.53470906013732));
#8838=CARTESIAN_POINT('Ctrl Pts',(-3.2540144326935,4.8242830496842,5.37420795510558));
#8839=CARTESIAN_POINT('Ctrl Pts',(-3.17263485247158,4.80719649098638,5.21369809359171));
#8840=CARTESIAN_POINT('Ctrl Pts',(-3.27941284870374,5.21478163195318,5.72724576504746));
#8841=CARTESIAN_POINT('Ctrl Pts',(-3.19797192685638,5.19777227948587,5.56679383255894));
#8842=CARTESIAN_POINT('Ctrl Pts',(-3.11653146377731,5.18077508389529,5.40633904409735));
#8843=CARTESIAN_POINT('Ctrl Pts',(-3.03508697228078,5.16379580136471,5.24588271028617));
#8844=CARTESIAN_POINT('Ctrl Pts',(-3.26798175961575,5.3690407914973,5.7167325242049));
#8845=CARTESIAN_POINT('Ctrl Pts',(-3.18654281410761,5.35207098133958,5.55628601332613));
#8846=CARTESIAN_POINT('Ctrl Pts',(-3.10510266139557,5.33511746244303,5.39583839220558));
#8847=CARTESIAN_POINT('Ctrl Pts',(-3.02366095851011,5.31818489297638,5.23538934770392));
#8848=CARTESIAN_POINT('',(-3.0560924775697,5.32492885876944,5.29928306608952));
#8849=CARTESIAN_POINT('Ctrl Pts',(-3.26798175961575,5.3690407914973,5.7167325242049));
#8850=CARTESIAN_POINT('Ctrl Pts',(-3.19735298162443,5.35432354599877,5.5775836080981));
#8851=CARTESIAN_POINT('Ctrl Pts',(-3.1267232956459,5.33961855382114,5.43843385693324));
#8852=CARTESIAN_POINT('Ctrl Pts',(-3.05609247796049,5.32492885349677,5.29928306644895));
#8853=CARTESIAN_POINT('',(-3.65557135446206,4.64607048044489,4.9855702549065));
#8854=CARTESIAN_POINT('Ctrl Pts',(-3.65558356200917,4.64611999860481,4.98555883275617));
#8855=CARTESIAN_POINT('Ctrl Pts',(-3.62825769353404,4.64781562832078,5.00539514833834));
#8856=CARTESIAN_POINT('Ctrl Pts',(-3.60083258982301,4.65196353642276,5.02467422006023));
#8857=CARTESIAN_POINT('Ctrl Pts',(-3.57349976305799,4.65842503914074,5.04329658997684));
#8858=CARTESIAN_POINT('Ctrl Pts',(-3.54591788523765,4.66494541773295,5.0620886430704));
#8859=CARTESIAN_POINT('Ctrl Pts',(-3.51842891733007,4.67382219166619,5.08021246158287));
#8860=CARTESIAN_POINT('Ctrl Pts',(-3.49124023353978,4.68496273633631,5.09755522877533));
#8861=CARTESIAN_POINT('Ctrl Pts',(-3.48080505381574,4.68923854412286,5.10421148672299));
#8862=CARTESIAN_POINT('Ctrl Pts',(-3.47041430245442,4.6938483045103,5.11075254082723));
#8863=CARTESIAN_POINT('Ctrl Pts',(-3.46008062795659,4.69878849488952,5.11717136343093));
#8864=CARTESIAN_POINT('Ctrl Pts',(-3.43311907348491,4.71167792855977,5.13391869133547));
#8865=CARTESIAN_POINT('Ctrl Pts',(-3.40675847004185,4.72671243120209,5.14970691911099));
#8866=CARTESIAN_POINT('Ctrl Pts',(-3.38122315992659,4.74376274988207,5.16447118945558));
#8867=CARTESIAN_POINT('Ctrl Pts',(-3.35614011923776,4.76051108132105,5.17897396197422));
#8868=CARTESIAN_POINT('Ctrl Pts',(-3.33185245402331,4.77920510959051,5.19248913704678));
#8869=CARTESIAN_POINT('Ctrl Pts',(-3.30859268150414,4.79976468027545,5.20494068899278));
#8870=CARTESIAN_POINT('Ctrl Pts',(-3.29249158796811,4.81399661527766,5.21356001673497));
#8871=CARTESIAN_POINT('Ctrl Pts',(-3.27688344098043,4.82912335517373,5.22166938152523));
#8872=CARTESIAN_POINT('Ctrl Pts',(-3.26185469427939,4.84512817158422,5.22923779239759));
#8873=CARTESIAN_POINT('Ctrl Pts',(-3.24576989835367,4.86225762428661,5.23733802502414));
#8874=CARTESIAN_POINT('Ctrl Pts',(-3.23043972246824,4.88029806052907,5.24477663478514));
#8875=CARTESIAN_POINT('Ctrl Pts',(-3.21595641984402,4.89920687753396,5.25153114643638));
#8876=CARTESIAN_POINT('Ctrl Pts',(-3.19603171748037,4.9252197670417,5.26082333881503));
#8877=CARTESIAN_POINT('Ctrl Pts',(-3.17770790293361,4.95287509621981,5.26882189281043));
#8878=CARTESIAN_POINT('Ctrl Pts',(-3.16108729447485,4.98189212195129,5.27555620125402));
#8879=CARTESIAN_POINT('Ctrl Pts',(-3.14579434321882,5.00859126243148,5.28175257192399));
#8880=CARTESIAN_POINT('Ctrl Pts',(-3.13194344324898,5.03644442790945,5.2868784398212));
#8881=CARTESIAN_POINT('Ctrl Pts',(-3.11964471054849,5.06525008332433,5.2909394532973));
#8882=CARTESIAN_POINT('Ctrl Pts',(-3.10628485184848,5.09654107041023,5.29535084815731));
#8883=CARTESIAN_POINT('Ctrl Pts',(-3.09485403341614,5.12873168323292,5.29847880454185));
#8884=CARTESIAN_POINT('Ctrl Pts',(-3.08543891398412,5.16153761402784,5.30033562739629));
#8885=CARTESIAN_POINT('Ctrl Pts',(-3.07612123297836,5.19400403152272,5.30217323372374));
#8886=CARTESIAN_POINT('Ctrl Pts',(-3.06877738400078,5.22707434235828,5.30276593269672));
#8887=CARTESIAN_POINT('Ctrl Pts',(-3.06353251228827,5.26048948866111,5.30210301902788));
#8888=CARTESIAN_POINT('Ctrl Pts',(-3.06017965125428,5.28185061017657,5.30167924175916));
#8889=CARTESIAN_POINT('Ctrl Pts',(-3.05768539696266,5.30335292867716,5.30074189099087));
#8890=CARTESIAN_POINT('Ctrl Pts',(-3.05609247796049,5.32492885349677,5.29928306644895));
#8891=CARTESIAN_POINT('',(-3.77878888673609,4.66513226983863,5.15361776491846));
#8892=CARTESIAN_POINT('Ctrl Pts',(-3.77878888673616,4.66513226983864,5.15361776491853));
#8893=CARTESIAN_POINT('Ctrl Pts',(-3.7758295967307,4.66465455451111,5.1495818026034));
#8894=CARTESIAN_POINT('Ctrl Pts',(-3.77287021995693,4.664178259648,5.14554572195164));
#8895=CARTESIAN_POINT('Ctrl Pts',(-3.7318155917315,4.65759065135878,5.08955427397676));
#8896=CARTESIAN_POINT('Ctrl Pts',(-3.69369279623604,4.65171118073,5.03756134132049));
#8897=CARTESIAN_POINT('Ctrl Pts',(-3.65557135446206,4.64607048044489,4.9855702549065));
#8898=CARTESIAN_POINT('Ctrl Pts',(-3.7787888644797,4.66513224708398,5.15361777856914));
#8899=CARTESIAN_POINT('Ctrl Pts',(-3.8176403958919,4.67324194359688,5.23048048275773));
#8900=CARTESIAN_POINT('Ctrl Pts',(-3.85649610049407,4.6813560308113,5.30733898106787));
#8901=CARTESIAN_POINT('Ctrl Pts',(-3.89535553228946,4.68947399835695,5.38419380086439));
#8902=CARTESIAN_POINT('Origin',(0.,4.72257895462658,0.));
#8903=CARTESIAN_POINT('Ctrl Pts',(-3.96364089432195,4.68947399835887,5.33412490192444));
#8904=CARTESIAN_POINT('Ctrl Pts',(-3.90202840620935,4.68135603078263,5.27395331286523));
#8905=CARTESIAN_POINT('Ctrl Pts',(-3.84041128924499,4.6732419435637,5.2137841725361));
#8906=CARTESIAN_POINT('Ctrl Pts',(-3.77878890644759,4.665132247084,5.15361774779701));
#8907=CARTESIAN_POINT('Ctrl Pts',(-4.46944364343728,5.3690407914973,4.83578422312466));
#8908=CARTESIAN_POINT('Ctrl Pts',(-4.34091224852526,5.35207098120512,4.7098673230134));
#8909=CARTESIAN_POINT('Ctrl Pts',(-4.21238015851766,5.33511746227321,4.58394893844756));
#8910=CARTESIAN_POINT('Ctrl Pts',(-4.08384717871329,5.31818489297637,4.45802864896419));
#8911=CARTESIAN_POINT('Ctrl Pts',(-4.47822932505787,5.16336191210514,4.85453544435357));
#8912=CARTESIAN_POINT('Ctrl Pts',(-4.34969266717367,5.14633782791281,4.72861310040619));
#8913=CARTESIAN_POINT('Ctrl Pts',(-4.22114976411911,5.12932945888321,4.60269310397343));
#8914=CARTESIAN_POINT('Ctrl Pts',(-4.09260961759195,5.11233277082748,4.476765446294));
#8915=CARTESIAN_POINT('Ctrl Pts',(-4.37355654887187,4.81289556650644,5.00861393035472));
#8916=CARTESIAN_POINT('Ctrl Pts',(-4.24494202194216,4.79578792039693,4.88275116134927));
#8917=CARTESIAN_POINT('Ctrl Pts',(-4.11632073252271,4.77868360070568,4.75688881422861));
#8918=CARTESIAN_POINT('Ctrl Pts',(-3.98768703726394,4.76158820541572,4.63102985147719));
#8919=CARTESIAN_POINT('Ctrl Pts',(-4.12664100248583,4.69437587422476,5.27662923462719));
#8920=CARTESIAN_POINT('Ctrl Pts',(-3.99791790945677,4.67734453286575,5.15085540432844));
#8921=CARTESIAN_POINT('Ctrl Pts',(-3.8691790064082,4.66032637424617,5.02508885528344));
#8922=CARTESIAN_POINT('Ctrl Pts',(-3.74041672375731,4.64332113982191,4.89933415441742));
#8923=CARTESIAN_POINT('Ctrl Pts',(-4.01800332832109,4.69663786000353,5.38721777610604));
#8924=CARTESIAN_POINT('Ctrl Pts',(-3.88924957907298,4.67966804971135,5.26146671678674));
#8925=CARTESIAN_POINT('Ctrl Pts',(-3.76047643213171,4.66271453077945,5.13572600919035));
#8926=CARTESIAN_POINT('Ctrl Pts',(-3.63167807374512,4.64578196148261,5.00999808895766));
#8927=CARTESIAN_POINT('',(-4.13503135511603,5.32492885876944,4.50817235010021));
#8928=CARTESIAN_POINT('Ctrl Pts',(-4.13503135535332,5.32492885349836,4.50817235059283));
#8929=CARTESIAN_POINT('Ctrl Pts',(-4.13643926994412,5.29163093229974,4.51119395920357));
#8930=CARTESIAN_POINT('Ctrl Pts',(-4.13596323603892,5.25857913440796,4.51593525178534));
#8931=CARTESIAN_POINT('Ctrl Pts',(-4.13370333114347,5.2259812541265,4.52223467815143));
#8932=CARTESIAN_POINT('Ctrl Pts',(-4.13137443214138,5.19238817195271,4.52872642380289));
#8933=CARTESIAN_POINT('Ctrl Pts',(-4.12715091234743,5.15927602446081,4.53687321354234));
#8934=CARTESIAN_POINT('Ctrl Pts',(-4.12110349992937,5.12687826528902,4.54653703119522));
#8935=CARTESIAN_POINT('Ctrl Pts',(-4.11705614591349,5.10519540464963,4.55300473812213));
#8936=CARTESIAN_POINT('Ctrl Pts',(-4.11219102629991,5.08383267651208,4.56015275644303));
#8937=CARTESIAN_POINT('Ctrl Pts',(-4.10652069148706,5.06286543584197,4.56794782067195));
#8938=CARTESIAN_POINT('Ctrl Pts',(-4.09806634974061,5.03160375131085,4.57957008621745));
#8939=CARTESIAN_POINT('Ctrl Pts',(-4.08788119929876,5.00144646432984,4.59254124289755));
#8940=CARTESIAN_POINT('Ctrl Pts',(-4.07603205012103,4.97261392707733,4.60669679354196));
#8941=CARTESIAN_POINT('Ctrl Pts',(-4.06426000975288,4.94396901870784,4.62076022637751));
#8942=CARTESIAN_POINT('Ctrl Pts',(-4.05084516056709,4.91663060221732,4.63599323722486));
#8943=CARTESIAN_POINT('Ctrl Pts',(-4.03582018124986,4.89083763330974,4.65226495749434));
#8944=CARTESIAN_POINT('Ctrl Pts',(-4.02597234254489,4.87393211935453,4.6629299489917));
#8945=CARTESIAN_POINT('Ctrl Pts',(-4.01543215358494,4.85769101097854,4.6740417608809));
#8946=CARTESIAN_POINT('Ctrl Pts',(-4.00420227306537,4.84219034622949,4.68556904606381));
#8947=CARTESIAN_POINT('Ctrl Pts',(-3.99135568566365,4.82445813223699,4.69875585391531));
#8948=CARTESIAN_POINT('Ctrl Pts',(-3.97767757632554,4.80779586595341,4.71240829425164));
#8949=CARTESIAN_POINT('Ctrl Pts',(-3.96319276432657,4.79229262749645,4.72647044001661));
#8950=CARTESIAN_POINT('Ctrl Pts',(-3.94404030770319,4.7717935625386,4.7450640287228));
#8951=CARTESIAN_POINT('Ctrl Pts',(-3.92347833935938,4.75331875814123,4.76437331151393));
#8952=CARTESIAN_POINT('Ctrl Pts',(-3.90168087086291,4.7369097937975,4.78417205821848));
#8953=CARTESIAN_POINT('Ctrl Pts',(-3.88140774055008,4.72164833935415,4.80258624113322));
#8954=CARTESIAN_POINT('Ctrl Pts',(-3.86006501100358,4.70817403563436,4.82142468036456));
#8955=CARTESIAN_POINT('Ctrl Pts',(-3.83777662900023,4.69655554196524,4.84051702529723));
#8956=CARTESIAN_POINT('Ctrl Pts',(-3.8139299629282,4.68412474556441,4.86094420453675));
#8957=CARTESIAN_POINT('Ctrl Pts',(-3.78918201420693,4.67391309657317,4.88150200736828));
#8958=CARTESIAN_POINT('Ctrl Pts',(-3.76373257468526,4.66595171306409,4.90200399465186));
#8959=CARTESIAN_POINT('Ctrl Pts',(-3.73802933251108,4.65791093211876,4.92271044454256));
#8960=CARTESIAN_POINT('Ctrl Pts',(-3.71160970380917,4.65216510205974,4.94336086811843));
#8961=CARTESIAN_POINT('Ctrl Pts',(-3.68466144384387,4.64879360288376,4.96377529838908));
#8962=CARTESIAN_POINT('Ctrl Pts',(-3.6750302839527,4.64758864762213,4.97107130348466));
#8963=CARTESIAN_POINT('Ctrl Pts',(-3.6653314957722,4.64668743459112,4.97833721034262));
#8964=CARTESIAN_POINT('Ctrl Pts',(-3.65557341192799,4.64609519650129,4.98556483116926));
#8965=CARTESIAN_POINT('Ctrl Pts',(-4.13503135535282,5.32492885349829,4.50817235059233));
#8966=CARTESIAN_POINT('Ctrl Pts',(-4.24650272552664,5.33961855370153,4.6173776074677));
#8967=CARTESIAN_POINT('Ctrl Pts',(-4.3579734458868,5.35432354590172,4.72658147355555));
#8968=CARTESIAN_POINT('Ctrl Pts',(-4.46944364343728,5.3690407914973,4.83578422312466));
#8969=CARTESIAN_POINT('Origin',(0.,9.3737556561086,0.));
#8970=CARTESIAN_POINT('Ctrl Pts',(-3.05609247756969,5.32492885876944,5.29928306608953));
#8971=CARTESIAN_POINT('Ctrl Pts',(-2.72075242801596,9.8671479732135,4.99216467421729));
#8972=CARTESIAN_POINT('Ctrl Pts',(-2.4266465174523,13.8127322924497,4.71988853853061));
#8973=CARTESIAN_POINT('Ctrl Pts',(-4.13503135511608,5.32492885876943,4.50817235010016));
#8974=CARTESIAN_POINT('Ctrl Pts',(-3.94296603660784,9.8671479732135,4.09600057900562));
#8975=CARTESIAN_POINT('Ctrl Pts',(-3.77173102369421,13.8127322924497,3.73363177371821));
#8976=CARTESIAN_POINT('Origin',(0.,9.3737556561086,0.));
#8977=CARTESIAN_POINT('Origin',(-4.55209202499863,9.80878119458584,4.69954294609943));
#8978=CARTESIAN_POINT('Origin',(-3.11319329667005,9.80878119458584,5.75458714451851));
#8979=CARTESIAN_POINT('Origin',(0.,9.3737556561086,0.));
#8980=CARTESIAN_POINT('Origin',(3.2987556561086,15.4022624434389,-3.72785581523702));
#8981=CARTESIAN_POINT('',(0.001668522645214,13.9022624434389,-3.72785581523702));
#8982=CARTESIAN_POINT('',(-0.00166852264521316,13.9022624434389,-3.72785581523702));
#8983=CARTESIAN_POINT('',(3.2987556561086,13.9022624434389,-3.72785581523702));
#8984=CARTESIAN_POINT('Origin',(-0.00166852264521289,15.4022624434389,-3.72785581523702));
#8985=CARTESIAN_POINT('Origin',(0.00166852264521414,15.4022624434389,-3.72785581523702));
#8986=CARTESIAN_POINT('Origin',(-0.00166852264521233,15.4022624434389,-1.48976216894112));
#8987=CARTESIAN_POINT('',(-0.00166852264521289,13.9022624434389,-3.73119286052745));
#8988=CARTESIAN_POINT('',(-0.00166852264521233,13.9022624434389,-1.48976216894112));
#8989=CARTESIAN_POINT('Origin',(-0.00166852264521316,15.4022624434389,-3.73119286052745));
#8990=CARTESIAN_POINT('Origin',(2.5487556561086,15.4022624434389,-3.73119286052745));
#8991=CARTESIAN_POINT('',(0.00166852264521414,13.9022624434389,-3.73119286052745));
#8992=CARTESIAN_POINT('',(2.5487556561086,13.9022624434389,-3.73119286052745));
#8993=CARTESIAN_POINT('Origin',(0.001668522645214,15.4022624434389,-3.73119286052745));
#8994=CARTESIAN_POINT('Origin',(0.00166852264521455,15.4022624434389,-2.23976216894112));
#8995=CARTESIAN_POINT('',(0.00166852264521455,13.9022624434389,-2.23976216894112));
#8996=CARTESIAN_POINT('Origin',(4.16333634234434E-16,13.9022624434389,-3.72952433788224));
#8997=CARTESIAN_POINT('Ctrl Pts',(-0.990283437693272,0.0889320812366882,
-6.76803184436969));
#8998=CARTESIAN_POINT('Ctrl Pts',(-0.908184849009301,4.73039987448482,-6.25765105388694));
#8999=CARTESIAN_POINT('Ctrl Pts',(-0.82610618690515,9.37186645740638,-5.74725648806624));
#9000=CARTESIAN_POINT('Ctrl Pts',(-0.744071657197308,14.0133303622017,-5.23683178615757));
#9001=CARTESIAN_POINT('Ctrl Pts',(-1.01961741818222,0.0889790803425741,
-6.76373447156889));
#9002=CARTESIAN_POINT('Ctrl Pts',(-0.93750331586975,4.73045044714634,-6.25338867737063));
#9003=CARTESIAN_POINT('Ctrl Pts',(-0.855405762547257,9.37192092983994,-5.74303259646629));
#9004=CARTESIAN_POINT('Ctrl Pts',(-0.773345245015308,14.0133907294255,-5.23266567826636));
#9005=CARTESIAN_POINT('Ctrl Pts',(-1.07397772024454,0.0917853298700244,
-6.78049986201642));
#9006=CARTESIAN_POINT('Ctrl Pts',(-0.991806966741497,4.73325861326192,-6.27018022164918));
#9007=CARTESIAN_POINT('Ctrl Pts',(-0.909641094282673,9.37473193267398,-5.75986045541619));
#9008=CARTESIAN_POINT('Ctrl Pts',(-0.827486649836593,14.0162048842761,-5.2495364707522));
#9009=CARTESIAN_POINT('Ctrl Pts',(-1.09988552608064,0.0975387577698868,
-6.82865089998768));
#9010=CARTESIAN_POINT('Ctrl Pts',(-1.0176835016377,4.7390081862708,-6.31830042985905));
#9011=CARTESIAN_POINT('Ctrl Pts',(-0.935481269590005,9.38047679124178,-5.80794260410984));
#9012=CARTESIAN_POINT('Ctrl Pts',(-0.853275099449601,14.0219433906372,-5.29756746282197));
#9013=CARTESIAN_POINT('Ctrl Pts',(-1.1033996554091,0.0999999999994304,-6.85046840902154));
#9014=CARTESIAN_POINT('Ctrl Pts',(-1.02119550353752,4.74146779324756,-6.34010306431072));
#9015=CARTESIAN_POINT('Ctrl Pts',(-0.938989623543356,9.38293437616912,-5.82972699053261));
#9016=CARTESIAN_POINT('Ctrl Pts',(-0.856779919979437,14.0243982809644,-5.31932717808129));
#9017=CARTESIAN_POINT('Ctrl Pts',(-0.744071657197308,14.0133303622017,-5.23683178615757));
#9018=CARTESIAN_POINT('Ctrl Pts',(-0.825975775355553,9.37924506373687,-5.74644505809199));
#9019=CARTESIAN_POINT('Ctrl Pts',(-0.907923885705745,4.74515709565395,-6.25602828967789));
#9020=CARTESIAN_POINT('Ctrl Pts',(-0.989891897689046,0.111067918763574,
-6.76559776376245));
#9021=CARTESIAN_POINT('Ctrl Pts',(0.744071657197308,14.0133303622017,-5.23683178615757));
#9022=CARTESIAN_POINT('Ctrl Pts',(0.826106186905147,9.37186645740652,-5.74725648806622));
#9023=CARTESIAN_POINT('Ctrl Pts',(0.908184849009295,4.73039987448516,-6.2576510538869));
#9024=CARTESIAN_POINT('Ctrl Pts',(0.990283437693263,0.0889320812372446,
-6.76803184436963));
#9025=CARTESIAN_POINT('Ctrl Pts',(0.773345245015308,14.0133907294255,-5.23266567826636));
#9026=CARTESIAN_POINT('Ctrl Pts',(0.855405762547255,9.37192092984009,-5.74303259646628));
#9027=CARTESIAN_POINT('Ctrl Pts',(0.937503315869744,4.73045044714668,-6.25338867737059));
#9028=CARTESIAN_POINT('Ctrl Pts',(1.01961741818221,0.0889790803431304,-6.76373447156883));
#9029=CARTESIAN_POINT('Ctrl Pts',(0.827486649836594,14.0162048842761,-5.24953647075219));
#9030=CARTESIAN_POINT('Ctrl Pts',(0.909641094282671,9.37473193267413,-5.75986045541618));
#9031=CARTESIAN_POINT('Ctrl Pts',(0.991806966741491,4.73325861326227,-6.27018022164915));
#9032=CARTESIAN_POINT('Ctrl Pts',(1.07397772024453,0.0917853298705809,-6.78049986201636));
#9033=CARTESIAN_POINT('Ctrl Pts',(0.853275099449603,14.0219433906372,-5.29756746282197));
#9034=CARTESIAN_POINT('Ctrl Pts',(0.935481269590005,9.38047679124192,-5.80794260410982));
#9035=CARTESIAN_POINT('Ctrl Pts',(1.01768350163769,4.73900818627114,-6.31830042985902));
#9036=CARTESIAN_POINT('Ctrl Pts',(1.09988552608063,0.0975387577704438,-6.82865089998762));
#9037=CARTESIAN_POINT('Ctrl Pts',(0.856779919979439,14.0243982809644,-5.31932717808129));
#9038=CARTESIAN_POINT('Ctrl Pts',(0.938989623543356,9.38293437616927,-5.82972699053259));
#9039=CARTESIAN_POINT('Ctrl Pts',(1.02119550353751,4.7414677932479,-6.34010306431068));
#9040=CARTESIAN_POINT('Ctrl Pts',(1.10339965540909,0.0999999999999876,-6.85046840902148));
#9041=CARTESIAN_POINT('Ctrl Pts',(0.989891897689057,0.111067918762934,-6.76559776376252));
#9042=CARTESIAN_POINT('Ctrl Pts',(0.907923885705753,4.74515709565349,-6.25602828967794));
#9043=CARTESIAN_POINT('Ctrl Pts',(0.825975775355558,9.37924506373661,-5.74644505809202));
#9044=CARTESIAN_POINT('Ctrl Pts',(0.744071657197308,14.0133303622017,-5.23683178615757));
#9045=CARTESIAN_POINT('Ctrl Pts',(0.857171990356862,14.0022624434387,-5.32176135115854));
#9046=CARTESIAN_POINT('Ctrl Pts',(0.939250991653139,9.3681771426477,-5.8313496972014));
#9047=CARTESIAN_POINT('Ctrl Pts',(1.02132618484736,4.73408917456457,-6.34091440060247));
#9048=CARTESIAN_POINT('Ctrl Pts',(1.10339965540909,0.0999999999999876,-6.85046840902148));
#9049=CARTESIAN_POINT('Origin',(0.,7.05113122171945,0.));
#9050=CARTESIAN_POINT('Origin',(1.10984842996586,7.44981898234491,-6.89050569393587));
#9051=CARTESIAN_POINT('Origin',(0.,14.6,0.));
#9052=CARTESIAN_POINT('Origin',(-0.85,14.1022624434389,0.));
#9053=CARTESIAN_POINT('',(0.750000000000001,14.1022624434389,-2.97952433788224));
#9054=CARTESIAN_POINT('',(-0.749999999999999,14.1022624434389,-2.97952433788224));
#9055=CARTESIAN_POINT('',(3.2987556561086,14.1022624434389,-2.97952433788224));
#9056=CARTESIAN_POINT('',(0.75,14.1022624434389,-4.47952433788224));
#9057=CARTESIAN_POINT('',(0.750000000000001,14.1022624434389,-2.23976216894112));
#9058=CARTESIAN_POINT('',(-0.75,14.1022624434389,-4.47952433788224));
#9059=CARTESIAN_POINT('',(2.5487556561086,14.1022624434389,-4.47952433788224));
#9060=CARTESIAN_POINT('',(-0.749999999999999,14.1022624434389,-1.48976216894112));
#9061=CARTESIAN_POINT('',(-0.709058089998303,14.1022624434389,-3.02046624788393));
#9062=CARTESIAN_POINT('',(0.709058089998305,14.1022624434389,-3.02046624788393));
#9063=CARTESIAN_POINT('',(3.2987556561086,14.1022624434389,-3.02046624788393));
#9064=CARTESIAN_POINT('',(-0.709058089998304,14.1022624434389,-4.43858242788054));
#9065=CARTESIAN_POINT('',(-0.709058089998302,14.1022624434389,-1.48976216894112));
#9066=CARTESIAN_POINT('',(0.709058089998305,14.1022624434389,-4.43858242788054));
#9067=CARTESIAN_POINT('',(2.5487556561086,14.1022624434389,-4.43858242788054));
#9068=CARTESIAN_POINT('',(0.709058089998305,14.1022624434389,-2.23976216894112));
#9069=CARTESIAN_POINT('Origin',(2.5487556561086,15.4022624434389,-3.73119286052745));
#9070=CARTESIAN_POINT('',(-0.00166852264521289,13.9222624434389,-3.73119286052745));
#9071=CARTESIAN_POINT('Origin',(-0.00166852264521316,15.4022624434389,-3.73119286052745));
#9072=CARTESIAN_POINT('',(0.00166852264521414,13.9222624434389,-3.73119286052745));
#9073=CARTESIAN_POINT('',(2.5487556561086,13.9222624434389,-3.73119286052745));
#9074=CARTESIAN_POINT('Origin',(0.001668522645214,15.4022624434389,-3.73119286052745));
#9075=CARTESIAN_POINT('Origin',(-0.00166852264521233,15.4022624434389,-1.48976216894112));
#9076=CARTESIAN_POINT('',(-0.00166852264521316,13.9222624434389,-3.72785581523702));
#9077=CARTESIAN_POINT('Origin',(-0.00166852264521289,15.4022624434389,-3.72785581523702));
#9078=CARTESIAN_POINT('',(-0.00166852264521243,13.9222624434389,-1.48976216894112));
#9079=CARTESIAN_POINT('Origin',(3.2987556561086,15.4022624434389,-3.72785581523702));
#9080=CARTESIAN_POINT('',(0.001668522645214,13.9222624434389,-3.72785581523702));
#9081=CARTESIAN_POINT('Origin',(0.001668522645214,15.4022624434389,-3.72785581523702));
#9082=CARTESIAN_POINT('',(3.2987556561086,13.9222624434389,-3.72785581523702));
#9083=CARTESIAN_POINT('Origin',(0.00166852264521455,15.4022624434389,-2.23976216894112));
#9084=CARTESIAN_POINT('',(0.0016685226452145,13.9222624434389,-2.23976216894112));
#9085=CARTESIAN_POINT('Origin',(3.2987556561086,15.4022624434389,-3.72785581523702));
#9086=CARTESIAN_POINT('',(0.001668522645214,13.9022624434389,-3.72785581523702));
#9087=CARTESIAN_POINT('',(-0.00166852264521316,13.9022624434389,-3.72785581523702));
#9088=CARTESIAN_POINT('',(3.2987556561086,13.9022624434389,-3.72785581523702));
#9089=CARTESIAN_POINT('Origin',(0.00166852264521414,15.4022624434389,-3.72785581523702));
#9090=CARTESIAN_POINT('Origin',(-0.00166852264521289,15.4022624434389,-3.72785581523702));
#9091=CARTESIAN_POINT('Origin',(-0.00166852264521233,15.4022624434389,-1.48976216894112));
#9092=CARTESIAN_POINT('',(-0.00166852264521289,13.9022624434389,-3.73119286052745));
#9093=CARTESIAN_POINT('Origin',(-0.00166852264521316,15.4022624434389,-3.73119286052745));
#9094=CARTESIAN_POINT('',(-0.00166852264521233,13.9022624434389,-1.48976216894112));
#9095=CARTESIAN_POINT('Origin',(2.5487556561086,15.4022624434389,-3.73119286052745));
#9096=CARTESIAN_POINT('',(0.00166852264521414,13.9022624434389,-3.73119286052745));
#9097=CARTESIAN_POINT('Origin',(0.001668522645214,15.4022624434389,-3.73119286052745));
#9098=CARTESIAN_POINT('',(2.5487556561086,13.9022624434389,-3.73119286052745));
#9099=CARTESIAN_POINT('Origin',(0.00166852264521455,15.4022624434389,-2.23976216894112));
#9100=CARTESIAN_POINT('',(0.00166852264521455,13.9022624434389,-2.23976216894112));
#9101=CARTESIAN_POINT('Origin',(5.55111512312578E-16,13.9022624434389,-3.72785581523702));
#9102=CARTESIAN_POINT('',(-0.00166852264521316,13.9022624434389,-3.72785581523702));
#9103=CARTESIAN_POINT('',(0.001668522645214,13.9022624434389,-3.72785581523702));
#9104=CARTESIAN_POINT('Origin',(-0.00166852264521316,13.9022624434389,-3.72952433788224));
#9105=CARTESIAN_POINT('',(-0.00166852264521289,13.9022624434389,-3.73119286052745));
#9106=CARTESIAN_POINT('Origin',(5.55111512312578E-16,13.9022624434389,-3.73119286052745));
#9107=CARTESIAN_POINT('',(0.00166852264521414,13.9022624434389,-3.73119286052745));
#9108=CARTESIAN_POINT('Origin',(0.00166852264521414,13.9022624434389,-3.72952433788224));
#9109=CARTESIAN_POINT('Origin',(0.,0.,0.));
#9110=CARTESIAN_POINT('',(1.39972710281575,5.62764123085209,4.75472693113833));
#9111=CARTESIAN_POINT('',(-1.4,5.59999999999999,4.75666146277841));
#9112=CARTESIAN_POINT('Ctrl Pts',(1.39972710281575,5.62764123085209,4.75472693113833));
#9113=CARTESIAN_POINT('Ctrl Pts',(1.39630709804628,5.80082720050779,4.74310953175431));
#9114=CARTESIAN_POINT('Ctrl Pts',(1.35849810424007,5.9851912533779,4.74121850824551));
#9115=CARTESIAN_POINT('Ctrl Pts',(1.21273978112089,6.32329227689423,4.75618628036561));
#9116=CARTESIAN_POINT('Ctrl Pts',(1.10481583070704,6.47706683128942,4.77243704578912));
#9117=CARTESIAN_POINT('Ctrl Pts',(0.857852339212896,6.71991443945717,4.80572182714316));
#9118=CARTESIAN_POINT('Ctrl Pts',(0.701799500613153,6.82538797543196,4.82496238542087));
#9119=CARTESIAN_POINT('Ctrl Pts',(0.360073774218587,6.96544686071606,4.85260566237469));
#9120=CARTESIAN_POINT('Ctrl Pts',(0.174347739511063,7.,4.86051231639543));
#9121=CARTESIAN_POINT('Ctrl Pts',(-0.174347739511063,7.,4.86051231639543));
#9122=CARTESIAN_POINT('Ctrl Pts',(-0.360073774218587,6.96544686071606,4.85260566237469));
#9123=CARTESIAN_POINT('Ctrl Pts',(-0.701799500613152,6.82538797543196,4.82496238542087));
#9124=CARTESIAN_POINT('Ctrl Pts',(-0.857852339212896,6.71991443945717,4.80572182714316));
#9125=CARTESIAN_POINT('Ctrl Pts',(-1.10481583070704,6.47706683128942,4.77243704578912));
#9126=CARTESIAN_POINT('Ctrl Pts',(-1.21273978112089,6.32329227689423,4.75618628036561));
#9127=CARTESIAN_POINT('Ctrl Pts',(-1.35849810424007,5.9851912533779,4.74121850824551));
#9128=CARTESIAN_POINT('Ctrl Pts',(-1.39630709804628,5.80082720050779,4.74310953175431));
#9129=CARTESIAN_POINT('Ctrl Pts',(-1.39990850399908,5.61845523786414,4.75534313203204));
#9130=CARTESIAN_POINT('Ctrl Pts',(-1.4,5.60924028269135,4.75598791382566));
#9131=CARTESIAN_POINT('Ctrl Pts',(-1.4,5.59999999999997,4.75666146277841));
#9132=CARTESIAN_POINT('Ctrl Pts',(-1.4,5.59999999999997,4.75666146277841));
#9133=CARTESIAN_POINT('Ctrl Pts',(-1.4,5.42819779942731,4.76918458529971));
#9134=CARTESIAN_POINT('Ctrl Pts',(-1.3667316277755,5.24769906702981,4.79248849505943));
#9135=CARTESIAN_POINT('Ctrl Pts',(-1.23047582210544,4.90606661153223,4.85397300825569));
#9136=CARTESIAN_POINT('Ctrl Pts',(-1.12369478564398,4.74636556760899,4.89235397784935));
#9137=CARTESIAN_POINT('Ctrl Pts',(-0.876067855498831,4.49380032497463,4.96062243082508));
#9138=CARTESIAN_POINT('Ctrl Pts',(-0.718511624174868,4.38368268906412,4.99510775782294));
#9139=CARTESIAN_POINT('Ctrl Pts',(-0.370436240548469,4.23674514720126,5.04320185344626));
#9140=CARTESIAN_POINT('Ctrl Pts',(-0.179816190236621,4.2,5.05630738983726));
#9141=CARTESIAN_POINT('Ctrl Pts',(0.179816190236621,4.2,5.05630738983726));
#9142=CARTESIAN_POINT('Ctrl Pts',(0.370436240548469,4.23674514720126,5.04320185344626));
#9143=CARTESIAN_POINT('Ctrl Pts',(0.718511624174868,4.38368268906412,4.99510775782294));
#9144=CARTESIAN_POINT('Ctrl Pts',(0.876067855498831,4.49380032497463,4.96062243082508));
#9145=CARTESIAN_POINT('Ctrl Pts',(1.12369478564398,4.74636556760899,4.89235397784935));
#9146=CARTESIAN_POINT('Ctrl Pts',(1.23047582210544,4.90606661153223,4.85397300825569));
#9147=CARTESIAN_POINT('Ctrl Pts',(1.37029988945099,5.25664572432679,4.79087834104805));
#9148=CARTESIAN_POINT('Ctrl Pts',(1.40328124956574,5.44766243179047,4.76679999683478));
#9149=CARTESIAN_POINT('Ctrl Pts',(1.39972710281575,5.62764123085209,4.75472693113833));
#9150=CARTESIAN_POINT('Origin',(0.5,6.9076696830622,6.));
#9151=CARTESIAN_POINT('',(0.5,6.9076696830622,6.));
#9152=CARTESIAN_POINT('',(0.5,4.2923303169378,6.));
#9153=CARTESIAN_POINT('',(0.5,6.2538348415311,6.));
#9154=CARTESIAN_POINT('',(0.5,6.9076696830622,5.5));
#9155=CARTESIAN_POINT('',(0.5,6.9076696830622,0.));
#9156=CARTESIAN_POINT('',(0.5,4.2923303169378,5.5));
#9157=CARTESIAN_POINT('',(0.5,3.93945211866195,5.5));
#9158=CARTESIAN_POINT('',(0.5,4.2923303169378,0.));
#9159=CARTESIAN_POINT('Origin',(-0.500000000000001,4.2923303169378,6.));
#9160=CARTESIAN_POINT('',(-0.500000000000001,4.2923303169378,6.));
#9161=CARTESIAN_POINT('',(-0.5,6.9076696830622,6.));
#9162=CARTESIAN_POINT('',(-0.5,4.9461651584689,6.));
#9163=CARTESIAN_POINT('',(-0.500000000000001,4.2923303169378,5.5));
#9164=CARTESIAN_POINT('',(-0.500000000000001,4.2923303169378,0.));
#9165=CARTESIAN_POINT('',(-0.5,6.9076696830622,5.5));
#9166=CARTESIAN_POINT('',(-0.5,7.26054788133805,5.5));
#9167=CARTESIAN_POINT('',(-0.5,6.9076696830622,0.));
#9168=CARTESIAN_POINT('Origin',(-3.46944695195361E-16,5.6,5.5));
#9169=CARTESIAN_POINT('Origin',(0.,5.6,5.5));
#9170=CARTESIAN_POINT('Origin',(0.,5.6,5.5));
#9171=CARTESIAN_POINT('Origin',(0.,5.6,6.));
#9172=CARTESIAN_POINT('',(-1.4,5.6,6.));
#9173=CARTESIAN_POINT('Origin',(0.,5.6,6.));
#9174=CARTESIAN_POINT('Origin',(0.,5.6,6.));
#9175=CARTESIAN_POINT('Origin',(0.,5.6,6.));
#9176=CARTESIAN_POINT('Origin',(0.,5.6,6.));
#9177=CARTESIAN_POINT('Origin',(0.,5.6,0.));
#9178=CARTESIAN_POINT('',(-1.4,5.6,0.));
#9179=CARTESIAN_POINT('Origin',(0.,2.4,0.));
#9180=CARTESIAN_POINT('',(-3.75,10.4,4.59242549680257E-16));
#9181=CARTESIAN_POINT('Origin',(0.,10.4,0.));
#9182=CARTESIAN_POINT('',(-3.75,2.4,4.59242549680257E-16));
#9183=CARTESIAN_POINT('',(-3.75,2.4,4.59242549680257E-16));
#9184=CARTESIAN_POINT('Origin',(0.,2.4,0.));
#9185=CARTESIAN_POINT('Origin',(0.,2.4,0.));
#9186=CARTESIAN_POINT('',(4.85,10.4,-5.93953697586466E-16));
#9187=CARTESIAN_POINT('Origin',(0.,10.4,0.));
#9188=CARTESIAN_POINT('',(4.85,2.4,-5.93953697586466E-16));
#9189=CARTESIAN_POINT('',(4.85,2.4,-5.93953697586466E-16));
#9190=CARTESIAN_POINT('Origin',(0.,2.4,0.));
#9191=CARTESIAN_POINT('Origin',(0.,10.4,0.));
#9192=CARTESIAN_POINT('Origin',(0.,2.4,0.));
#9193=UNCERTAINTY_MEASURE_WITH_UNIT(LENGTH_MEASURE(0.01),#9197,
'DISTANCE_ACCURACY_VALUE',
'Maximum model space distance between geometric entities at asserted c
onnectivities');
#9194=UNCERTAINTY_MEASURE_WITH_UNIT(LENGTH_MEASURE(0.01),#9197,
'DISTANCE_ACCURACY_VALUE',
'Maximum model space distance between geometric entities at asserted c
onnectivities');
#9195=(
GEOMETRIC_REPRESENTATION_CONTEXT(3)
GLOBAL_UNCERTAINTY_ASSIGNED_CONTEXT((#9193))
GLOBAL_UNIT_ASSIGNED_CONTEXT((#9197,#9199,#9200))
REPRESENTATION_CONTEXT('','3D')
);
#9196=(
GEOMETRIC_REPRESENTATION_CONTEXT(3)
GLOBAL_UNCERTAINTY_ASSIGNED_CONTEXT((#9194))
GLOBAL_UNIT_ASSIGNED_CONTEXT((#9197,#9199,#9200))
REPRESENTATION_CONTEXT('','3D')
);
#9197=(
LENGTH_UNIT()
NAMED_UNIT(*)
SI_UNIT(.MILLI.,.METRE.)
);
#9198=(
LENGTH_UNIT()
NAMED_UNIT(*)
SI_UNIT(.CENTI.,.METRE.)
);
#9199=(
NAMED_UNIT(*)
PLANE_ANGLE_UNIT()
SI_UNIT($,.RADIAN.)
);
#9200=(
NAMED_UNIT(*)
SI_UNIT($,.STERADIAN.)
SOLID_ANGLE_UNIT()
);
#9201=SHAPE_DEFINITION_REPRESENTATION(#9202,#9203);
#9202=PRODUCT_DEFINITION_SHAPE('',$,#9205);
#9203=SHAPE_REPRESENTATION('',(#3504),#9195);
#9204=PRODUCT_DEFINITION_CONTEXT('part definition',#9209,'design');
#9205=PRODUCT_DEFINITION('Knobquadrato','KN8F_BlackPlasticKnob',#9206,#9204);
#9206=PRODUCT_DEFINITION_FORMATION('',$,#9211);
#9207=PRODUCT_RELATED_PRODUCT_CATEGORY('KN8F_BlackPlasticKnob',
'KN8F_BlackPlasticKnob',(#9211));
#9208=APPLICATION_PROTOCOL_DEFINITION('international standard',
'automotive_design',2009,#9209);
#9209=APPLICATION_CONTEXT(
'Core Data for Automotive Mechanical Design Process');
#9210=PRODUCT_CONTEXT('part definition',#9209,'mechanical');
#9211=PRODUCT('Knobquadrato','KN8F_BlackPlasticKnob',$,(#9210));
#9212=PRESENTATION_STYLE_ASSIGNMENT((#9216));
#9213=PRESENTATION_STYLE_ASSIGNMENT((#9217));
#9214=PRESENTATION_STYLE_ASSIGNMENT((#9218));
#9215=PRESENTATION_STYLE_ASSIGNMENT((#9219));
#9216=SURFACE_STYLE_USAGE(.BOTH.,#9228);
#9217=SURFACE_STYLE_USAGE(.BOTH.,#9229);
#9218=SURFACE_STYLE_USAGE(.BOTH.,#9230);
#9219=SURFACE_STYLE_USAGE(.BOTH.,#9231);
#9220=SURFACE_STYLE_RENDERING_WITH_PROPERTIES($,#9244,(#9224));
#9221=SURFACE_STYLE_RENDERING_WITH_PROPERTIES($,#9245,(#9225));
#9222=SURFACE_STYLE_RENDERING_WITH_PROPERTIES($,#9246,(#9226));
#9223=SURFACE_STYLE_RENDERING_WITH_PROPERTIES($,#9247,(#9227));
#9224=SURFACE_STYLE_TRANSPARENT(0.);
#9225=SURFACE_STYLE_TRANSPARENT(0.);
#9226=SURFACE_STYLE_TRANSPARENT(0.);
#9227=SURFACE_STYLE_TRANSPARENT(0.);
#9228=SURFACE_SIDE_STYLE('',(#9232,#9220));
#9229=SURFACE_SIDE_STYLE('',(#9233,#9221));
#9230=SURFACE_SIDE_STYLE('',(#9234,#9222));
#9231=SURFACE_SIDE_STYLE('',(#9235,#9223));
#9232=SURFACE_STYLE_FILL_AREA(#9236);
#9233=SURFACE_STYLE_FILL_AREA(#9237);
#9234=SURFACE_STYLE_FILL_AREA(#9238);
#9235=SURFACE_STYLE_FILL_AREA(#9239);
#9236=FILL_AREA_STYLE('',(#9240));
#9237=FILL_AREA_STYLE('',(#9241));
#9238=FILL_AREA_STYLE('',(#9242));
#9239=FILL_AREA_STYLE('',(#9243));
#9240=FILL_AREA_STYLE_COLOUR('',#9244);
#9241=FILL_AREA_STYLE_COLOUR('',#9245);
#9242=FILL_AREA_STYLE_COLOUR('',#9246);
#9243=FILL_AREA_STYLE_COLOUR('',#9247);
#9244=COLOUR_RGB('',0.749019607843137,0.749019607843137,0.749019607843137);
#9245=COLOUR_RGB('',0.0196078431372549,0.0196078431372549,0.0196078431372549);
#9246=COLOUR_RGB('',0.92156862745098,0.92156862745098,0.92156862745098);
#9247=COLOUR_RGB('',1.,0.862745098039216,0.250980392156863);
ENDSEC;
END-ISO-10303-21;
