ISO-10303-21;
HEADER;
/* Generated by software containing ST-Developer
 * from STEP Tools, Inc. (www.steptools.com) 
 */

FILE_DESCRIPTION(
/* description */ (''),
/* implementation_level */ '2;1');

FILE_NAME(
/* name */ 'RD901F_T18ShaftAlpha9mmVerticalPotentiometer.step',
/* time_stamp */ '2026-05-29T10:31:11+02:00',
/* author */ ('tomma'),
/* organization */ (''),
/* preprocessor_version */ 'ST-DEVELOPER v20',
/* originating_system */ 'Autodesk Inventor 2025',
/* authorisation */ '');

FILE_SCHEMA (('AUTOMOTIVE_DESIGN { 1 0 10303 214 3 1 1 }'));
ENDSEC;

DATA;
#10=MECHANICAL_DESIGN_GEOMETRIC_PRESENTATION_REPRESENTATION('',(#260,#261,
#262,#263,#264,#265,#266,#267,#268,#269,#270,#271),#11175);
#11=SHAPE_REPRESENTATION_RELATIONSHIP('SRR','None',#11182,#12);
#12=ADVANCED_BREP_SHAPE_REPRESENTATION('',(#272,#273,#274,#275,#276,#277,
#278,#279,#280,#281,#282,#283),#11174);
#13=(
BOUNDED_CURVE()
B_SPLINE_CURVE(2,(#9497,#9498,#9499),.UNSPECIFIED.,.F.,.F.)
B_SPLINE_CURVE_WITH_KNOTS((3,3),(1.37850417795541,1.4319610742104),
 .UNSPECIFIED.)
CURVE()
GEOMETRIC_REPRESENTATION_ITEM()
RATIONAL_B_SPLINE_CURVE((5.75566241272491,5.81559816594656,5.87303082080253))
REPRESENTATION_ITEM('')
);
#14=(
BOUNDED_CURVE()
B_SPLINE_CURVE(2,(#9514,#9515,#9516),.UNSPECIFIED.,.F.,.F.)
B_SPLINE_CURVE_WITH_KNOTS((3,3),(0.071385011377118,0.0937457927856227),
 .UNSPECIFIED.)
CURVE()
GEOMETRIC_REPRESENTATION_ITEM()
RATIONAL_B_SPLINE_CURVE((1.00989536694427,1.00792613770203,1.00375227932483))
REPRESENTATION_ITEM('')
);
#15=(
BOUNDED_CURVE()
B_SPLINE_CURVE(2,(#9520,#9521,#9522),.UNSPECIFIED.,.F.,.F.)
B_SPLINE_CURVE_WITH_KNOTS((3,3),(0.00907782453436937,0.0314386059428735),
 .UNSPECIFIED.)
CURVE()
GEOMETRIC_REPRESENTATION_ITEM()
RATIONAL_B_SPLINE_CURVE((1.00375227932483,1.00792613770204,1.00989536694428))
REPRESENTATION_ITEM('')
);
#16=(
BOUNDED_CURVE()
B_SPLINE_CURVE(2,(#9535,#9536,#9537),.UNSPECIFIED.,.F.,.F.)
B_SPLINE_CURVE_WITH_KNOTS((3,3),(0.,0.0176418585108126),.UNSPECIFIED.)
CURVE()
GEOMETRIC_REPRESENTATION_ITEM()
RATIONAL_B_SPLINE_CURVE((1.,1.0004620972456,1.0000134428166))
REPRESENTATION_ITEM('')
);
#17=(
BOUNDED_CURVE()
B_SPLINE_CURVE(2,(#9540,#9541,#9542),.UNSPECIFIED.,.F.,.F.)
B_SPLINE_CURVE_WITH_KNOTS((3,3),(0.000260396192522898,0.0179022547033269),
 .UNSPECIFIED.)
CURVE()
GEOMETRIC_REPRESENTATION_ITEM()
RATIONAL_B_SPLINE_CURVE((1.0000134428166,1.0004620972456,1.))
REPRESENTATION_ITEM('')
);
#18=(
BOUNDED_CURVE()
B_SPLINE_CURVE(2,(#9579,#9580,#9581),.UNSPECIFIED.,.F.,.F.)
B_SPLINE_CURVE_WITH_KNOTS((3,3),(3.88505801549113,3.93851491174612),
 .UNSPECIFIED.)
CURVE()
GEOMETRIC_REPRESENTATION_ITEM()
RATIONAL_B_SPLINE_CURVE((5.87303082080255,5.81559816594657,5.75566241272491))
REPRESENTATION_ITEM('')
);
#19=(
BOUNDED_CURVE()
B_SPLINE_CURVE(2,(#9586,#9587,#9588),.UNSPECIFIED.,.F.,.F.)
B_SPLINE_CURVE_WITH_KNOTS((3,3),(1.3785041779554,1.43196107421039),
 .UNSPECIFIED.)
CURVE()
GEOMETRIC_REPRESENTATION_ITEM()
RATIONAL_B_SPLINE_CURVE((5.75566241272494,5.81559816594659,5.87303082080257))
REPRESENTATION_ITEM('')
);
#20=(
BOUNDED_CURVE()
B_SPLINE_CURVE(2,(#9603,#9604,#9605),.UNSPECIFIED.,.F.,.F.)
B_SPLINE_CURVE_WITH_KNOTS((3,3),(0.0713850113771167,0.0937457927856207),
 .UNSPECIFIED.)
CURVE()
GEOMETRIC_REPRESENTATION_ITEM()
RATIONAL_B_SPLINE_CURVE((1.00989536694425,1.00792613770202,1.00375227932482))
REPRESENTATION_ITEM('')
);
#21=(
BOUNDED_CURVE()
B_SPLINE_CURVE(2,(#9607,#9608,#9609),.UNSPECIFIED.,.F.,.F.)
B_SPLINE_CURVE_WITH_KNOTS((3,3),(0.00907782453437127,0.0314386059428753),
 .UNSPECIFIED.)
CURVE()
GEOMETRIC_REPRESENTATION_ITEM()
RATIONAL_B_SPLINE_CURVE((1.00375227932483,1.00792613770203,1.00989536694426))
REPRESENTATION_ITEM('')
);
#22=(
BOUNDED_CURVE()
B_SPLINE_CURVE(2,(#9622,#9623,#9624),.UNSPECIFIED.,.F.,.F.)
B_SPLINE_CURVE_WITH_KNOTS((3,3),(0.000260396192523065,0.0179022547033269),
 .UNSPECIFIED.)
CURVE()
GEOMETRIC_REPRESENTATION_ITEM()
RATIONAL_B_SPLINE_CURVE((1.00001344281657,1.00046209724467,1.))
REPRESENTATION_ITEM('')
);
#23=(
BOUNDED_CURVE()
B_SPLINE_CURVE(2,(#9627,#9628,#9629),.UNSPECIFIED.,.F.,.F.)
B_SPLINE_CURVE_WITH_KNOTS((3,3),(0.,0.0176418585108124),.UNSPECIFIED.)
CURVE()
GEOMETRIC_REPRESENTATION_ITEM()
RATIONAL_B_SPLINE_CURVE((1.,1.00046209724467,1.00001344281657))
REPRESENTATION_ITEM('')
);
#24=(
BOUNDED_CURVE()
B_SPLINE_CURVE(2,(#9634,#9635,#9636),.UNSPECIFIED.,.F.,.F.)
B_SPLINE_CURVE_WITH_KNOTS((3,3),(3.74407576145942,3.93851491174612),
 .UNSPECIFIED.)
CURVE()
GEOMETRIC_REPRESENTATION_ITEM()
RATIONAL_B_SPLINE_CURVE((6.15855589925556,5.97366715569807,5.75566241272491))
REPRESENTATION_ITEM('')
);
#25=(
BOUNDED_CURVE()
B_SPLINE_CURVE(2,(#9638,#9639,#9640),.UNSPECIFIED.,.F.,.F.)
B_SPLINE_CURVE_WITH_KNOTS((3,3),(3.64912505444985,3.74407576145942),
 .UNSPECIFIED.)
CURVE()
GEOMETRIC_REPRESENTATION_ITEM()
RATIONAL_B_SPLINE_CURVE((6.33123270422789,6.24884284451842,6.15855589925556))
REPRESENTATION_ITEM('')
);
#26=(
BOUNDED_CURVE()
B_SPLINE_CURVE(2,(#9646,#9647,#9648),.UNSPECIFIED.,.F.,.F.)
B_SPLINE_CURVE_WITH_KNOTS((3,3),(1.57294332824211,1.66789403525292),
 .UNSPECIFIED.)
CURVE()
GEOMETRIC_REPRESENTATION_ITEM()
RATIONAL_B_SPLINE_CURVE((6.15855589925556,6.2488428445196,6.33123270423004))
REPRESENTATION_ITEM('')
);
#27=(
BOUNDED_CURVE()
B_SPLINE_CURVE(2,(#9649,#9650,#9651),.UNSPECIFIED.,.F.,.F.)
B_SPLINE_CURVE_WITH_KNOTS((3,3),(1.37850417795541,1.57294332824211),
 .UNSPECIFIED.)
CURVE()
GEOMETRIC_REPRESENTATION_ITEM()
RATIONAL_B_SPLINE_CURVE((5.75566241272491,5.97366715569808,6.15855589925556))
REPRESENTATION_ITEM('')
);
#28=(
BOUNDED_CURVE()
B_SPLINE_CURVE(2,(#9656,#9657,#9658),.UNSPECIFIED.,.F.,.F.)
B_SPLINE_CURVE_WITH_KNOTS((3,3),(3.74407576145942,3.93851491174612),
 .UNSPECIFIED.)
CURVE()
GEOMETRIC_REPRESENTATION_ITEM()
RATIONAL_B_SPLINE_CURVE((6.15855589925556,5.97366715569808,5.75566241272492))
REPRESENTATION_ITEM('')
);
#29=(
BOUNDED_CURVE()
B_SPLINE_CURVE(2,(#9660,#9661,#9662),.UNSPECIFIED.,.F.,.F.)
B_SPLINE_CURVE_WITH_KNOTS((3,3),(3.64912505444984,3.74407576145942),
 .UNSPECIFIED.)
CURVE()
GEOMETRIC_REPRESENTATION_ITEM()
RATIONAL_B_SPLINE_CURVE((6.33123270422789,6.24884284451843,6.15855589925556))
REPRESENTATION_ITEM('')
);
#30=(
BOUNDED_CURVE()
B_SPLINE_CURVE(2,(#9666,#9667,#9668),.UNSPECIFIED.,.F.,.F.)
B_SPLINE_CURVE_WITH_KNOTS((3,3),(1.57294332824211,1.66789403525292),
 .UNSPECIFIED.)
CURVE()
GEOMETRIC_REPRESENTATION_ITEM()
RATIONAL_B_SPLINE_CURVE((6.15855589925553,6.24884284451958,6.33123270423002))
REPRESENTATION_ITEM('')
);
#31=(
BOUNDED_CURVE()
B_SPLINE_CURVE(2,(#9670,#9671,#9672),.UNSPECIFIED.,.F.,.F.)
B_SPLINE_CURVE_WITH_KNOTS((3,3),(1.37850417795541,1.57294332824211),
 .UNSPECIFIED.)
CURVE()
GEOMETRIC_REPRESENTATION_ITEM()
RATIONAL_B_SPLINE_CURVE((5.7556624127249,5.97366715569806,6.15855589925553))
REPRESENTATION_ITEM('')
);
#32=(
BOUNDED_CURVE()
B_SPLINE_CURVE(2,(#9676,#9677,#9678),.UNSPECIFIED.,.F.,.F.)
B_SPLINE_CURVE_WITH_KNOTS((3,3),(3.74407576145942,3.93851491174612),
 .UNSPECIFIED.)
CURVE()
GEOMETRIC_REPRESENTATION_ITEM()
RATIONAL_B_SPLINE_CURVE((6.15855589925554,5.97366715569806,5.7556624127249))
REPRESENTATION_ITEM('')
);
#33=(
BOUNDED_CURVE()
B_SPLINE_CURVE(2,(#9680,#9681,#9682),.UNSPECIFIED.,.F.,.F.)
B_SPLINE_CURVE_WITH_KNOTS((3,3),(3.64912505444985,3.74407576145942),
 .UNSPECIFIED.)
CURVE()
GEOMETRIC_REPRESENTATION_ITEM()
RATIONAL_B_SPLINE_CURVE((6.33123270422787,6.24884284451841,6.15855589925554))
REPRESENTATION_ITEM('')
);
#34=(
BOUNDED_CURVE()
B_SPLINE_CURVE(2,(#9688,#9689,#9690),.UNSPECIFIED.,.F.,.F.)
B_SPLINE_CURVE_WITH_KNOTS((3,3),(3.74407576145942,3.93851491174612),
 .UNSPECIFIED.)
CURVE()
GEOMETRIC_REPRESENTATION_ITEM()
RATIONAL_B_SPLINE_CURVE((6.15855589925554,5.97366715569806,5.7556624127249))
REPRESENTATION_ITEM('')
);
#35=(
BOUNDED_CURVE()
B_SPLINE_CURVE(2,(#9692,#9693,#9694),.UNSPECIFIED.,.F.,.F.)
B_SPLINE_CURVE_WITH_KNOTS((3,3),(3.64912505444985,3.74407576145942),
 .UNSPECIFIED.)
CURVE()
GEOMETRIC_REPRESENTATION_ITEM()
RATIONAL_B_SPLINE_CURVE((6.33123270422787,6.24884284451841,6.15855589925554))
REPRESENTATION_ITEM('')
);
#36=(
BOUNDED_CURVE()
B_SPLINE_CURVE(2,(#9698,#9699,#9700),.UNSPECIFIED.,.F.,.F.)
B_SPLINE_CURVE_WITH_KNOTS((3,3),(1.57294332824211,1.66789403525292),
 .UNSPECIFIED.)
CURVE()
GEOMETRIC_REPRESENTATION_ITEM()
RATIONAL_B_SPLINE_CURVE((6.15855589925557,6.24884284451962,6.33123270423005))
REPRESENTATION_ITEM('')
);
#37=(
BOUNDED_CURVE()
B_SPLINE_CURVE(2,(#9701,#9702,#9703),.UNSPECIFIED.,.F.,.F.)
B_SPLINE_CURVE_WITH_KNOTS((3,3),(1.37850417795541,1.57294332824211),
 .UNSPECIFIED.)
CURVE()
GEOMETRIC_REPRESENTATION_ITEM()
RATIONAL_B_SPLINE_CURVE((5.75566241272493,5.97366715569809,6.15855589925557))
REPRESENTATION_ITEM('')
);
#38=(
BOUNDED_CURVE()
B_SPLINE_CURVE(2,(#9708,#9709,#9710),.UNSPECIFIED.,.F.,.F.)
B_SPLINE_CURVE_WITH_KNOTS((3,3),(3.74407576145942,3.93851491174612),
 .UNSPECIFIED.)
CURVE()
GEOMETRIC_REPRESENTATION_ITEM()
RATIONAL_B_SPLINE_CURVE((6.15855589925556,5.97366715569807,5.75566241272491))
REPRESENTATION_ITEM('')
);
#39=(
BOUNDED_CURVE()
B_SPLINE_CURVE(2,(#9711,#9712,#9713),.UNSPECIFIED.,.F.,.F.)
B_SPLINE_CURVE_WITH_KNOTS((3,3),(3.64912505444985,3.74407576145942),
 .UNSPECIFIED.)
CURVE()
GEOMETRIC_REPRESENTATION_ITEM()
RATIONAL_B_SPLINE_CURVE((6.33123270422789,6.24884284451842,6.15855589925556))
REPRESENTATION_ITEM('')
);
#40=(
BOUNDED_CURVE()
B_SPLINE_CURVE(2,(#9716,#9717,#9718),.UNSPECIFIED.,.F.,.F.)
B_SPLINE_CURVE_WITH_KNOTS((3,3),(1.57294332824211,1.66789403525292),
 .UNSPECIFIED.)
CURVE()
GEOMETRIC_REPRESENTATION_ITEM()
RATIONAL_B_SPLINE_CURVE((6.15855589925552,6.24884284451956,6.33123270423))
REPRESENTATION_ITEM('')
);
#41=(
BOUNDED_CURVE()
B_SPLINE_CURVE(2,(#9719,#9720,#9721),.UNSPECIFIED.,.F.,.F.)
B_SPLINE_CURVE_WITH_KNOTS((3,3),(1.37850417795541,1.57294332824211),
 .UNSPECIFIED.)
CURVE()
GEOMETRIC_REPRESENTATION_ITEM()
RATIONAL_B_SPLINE_CURVE((5.75566241272488,5.97366715569804,6.15855589925552))
REPRESENTATION_ITEM('')
);
#42=(
BOUNDED_CURVE()
B_SPLINE_CURVE(2,(#9724,#9725,#9726),.UNSPECIFIED.,.F.,.F.)
B_SPLINE_CURVE_WITH_KNOTS((3,3),(1.5729433282421,1.66789403525291),
 .UNSPECIFIED.)
CURVE()
GEOMETRIC_REPRESENTATION_ITEM()
RATIONAL_B_SPLINE_CURVE((6.15855589925559,6.24884284451964,6.33123270423008))
REPRESENTATION_ITEM('')
);
#43=(
BOUNDED_CURVE()
B_SPLINE_CURVE(2,(#9727,#9728,#9729),.UNSPECIFIED.,.F.,.F.)
B_SPLINE_CURVE_WITH_KNOTS((3,3),(1.3785041779554,1.5729433282421),
 .UNSPECIFIED.)
CURVE()
GEOMETRIC_REPRESENTATION_ITEM()
RATIONAL_B_SPLINE_CURVE((5.75566241272494,5.97366715569811,6.15855589925559))
REPRESENTATION_ITEM('')
);
#44=(
BOUNDED_CURVE()
B_SPLINE_CURVE(2,(#9732,#9733,#9734),.UNSPECIFIED.,.F.,.F.)
B_SPLINE_CURVE_WITH_KNOTS((3,3),(3.74407576145942,3.93851491174612),
 .UNSPECIFIED.)
CURVE()
GEOMETRIC_REPRESENTATION_ITEM()
RATIONAL_B_SPLINE_CURVE((6.15855589925555,5.97366715569807,5.75566241272492))
REPRESENTATION_ITEM('')
);
#45=(
BOUNDED_CURVE()
B_SPLINE_CURVE(2,(#9736,#9737,#9738),.UNSPECIFIED.,.F.,.F.)
B_SPLINE_CURVE_WITH_KNOTS((3,3),(3.64912505444985,3.74407576145942),
 .UNSPECIFIED.)
CURVE()
GEOMETRIC_REPRESENTATION_ITEM()
RATIONAL_B_SPLINE_CURVE((6.33123270422789,6.24884284451842,6.15855589925555))
REPRESENTATION_ITEM('')
);
#46=(
BOUNDED_CURVE()
B_SPLINE_CURVE(2,(#9742,#9743,#9744),.UNSPECIFIED.,.F.,.F.)
B_SPLINE_CURVE_WITH_KNOTS((3,3),(1.57294332824212,1.66789403525292),
 .UNSPECIFIED.)
CURVE()
GEOMETRIC_REPRESENTATION_ITEM()
RATIONAL_B_SPLINE_CURVE((6.15855589925554,6.24884284451958,6.33123270423002))
REPRESENTATION_ITEM('')
);
#47=(
BOUNDED_CURVE()
B_SPLINE_CURVE(2,(#9746,#9747,#9748),.UNSPECIFIED.,.F.,.F.)
B_SPLINE_CURVE_WITH_KNOTS((3,3),(1.37850417795541,1.57294332824212),
 .UNSPECIFIED.)
CURVE()
GEOMETRIC_REPRESENTATION_ITEM()
RATIONAL_B_SPLINE_CURVE((5.7556624127249,5.97366715569806,6.15855589925554))
REPRESENTATION_ITEM('')
);
#48=(
BOUNDED_CURVE()
B_SPLINE_CURVE(2,(#9761,#9762,#9763),.UNSPECIFIED.,.F.,.F.)
B_SPLINE_CURVE_WITH_KNOTS((3,3),(1.57294332824211,1.66789403525292),
 .UNSPECIFIED.)
CURVE()
GEOMETRIC_REPRESENTATION_ITEM()
RATIONAL_B_SPLINE_CURVE((6.15855589925557,6.24884284451961,6.33123270423005))
REPRESENTATION_ITEM('')
);
#49=(
BOUNDED_CURVE()
B_SPLINE_CURVE(2,(#9765,#9766,#9767),.UNSPECIFIED.,.F.,.F.)
B_SPLINE_CURVE_WITH_KNOTS((3,3),(3.64912505444985,3.74407576145942),
 .UNSPECIFIED.)
CURVE()
GEOMETRIC_REPRESENTATION_ITEM()
RATIONAL_B_SPLINE_CURVE((6.33123270422789,6.24884284451842,6.15855589925556))
REPRESENTATION_ITEM('')
);
#50=(
BOUNDED_CURVE()
B_SPLINE_CURVE(2,(#9772,#9773,#9774),.UNSPECIFIED.,.F.,.F.)
B_SPLINE_CURVE_WITH_KNOTS((3,3),(1.57294332824211,1.66789403525292),
 .UNSPECIFIED.)
CURVE()
GEOMETRIC_REPRESENTATION_ITEM()
RATIONAL_B_SPLINE_CURVE((6.15855589925557,6.24884284451961,6.33123270423005))
REPRESENTATION_ITEM('')
);
#51=(
BOUNDED_CURVE()
B_SPLINE_CURVE(2,(#9776,#9777,#9778),.UNSPECIFIED.,.F.,.F.)
B_SPLINE_CURVE_WITH_KNOTS((3,3),(3.64912505444985,3.74407576145942),
 .UNSPECIFIED.)
CURVE()
GEOMETRIC_REPRESENTATION_ITEM()
RATIONAL_B_SPLINE_CURVE((6.33123270422788,6.24884284451842,6.15855589925555))
REPRESENTATION_ITEM('')
);
#52=(
BOUNDED_CURVE()
B_SPLINE_CURVE(2,(#9783,#9784,#9785),.UNSPECIFIED.,.F.,.F.)
B_SPLINE_CURVE_WITH_KNOTS((3,3),(1.57294332824211,1.66789403525292),
 .UNSPECIFIED.)
CURVE()
GEOMETRIC_REPRESENTATION_ITEM()
RATIONAL_B_SPLINE_CURVE((6.15855589925559,6.24884284451963,6.33123270423007))
REPRESENTATION_ITEM('')
);
#53=(
BOUNDED_CURVE()
B_SPLINE_CURVE(2,(#9787,#9788,#9789),.UNSPECIFIED.,.F.,.F.)
B_SPLINE_CURVE_WITH_KNOTS((3,3),(3.64912505444985,3.74407576145942),
 .UNSPECIFIED.)
CURVE()
GEOMETRIC_REPRESENTATION_ITEM()
RATIONAL_B_SPLINE_CURVE((6.33123270422788,6.24884284451842,6.15855589925555))
REPRESENTATION_ITEM('')
);
#54=(
BOUNDED_CURVE()
B_SPLINE_CURVE(2,(#9794,#9795,#9796),.UNSPECIFIED.,.F.,.F.)
B_SPLINE_CURVE_WITH_KNOTS((3,3),(1.57294332824211,1.66789403525292),
 .UNSPECIFIED.)
CURVE()
GEOMETRIC_REPRESENTATION_ITEM()
RATIONAL_B_SPLINE_CURVE((6.15855589925558,6.24884284451963,6.33123270423006))
REPRESENTATION_ITEM('')
);
#55=(
BOUNDED_CURVE()
B_SPLINE_CURVE(2,(#9798,#9799,#9800),.UNSPECIFIED.,.F.,.F.)
B_SPLINE_CURVE_WITH_KNOTS((3,3),(3.64912505444985,3.74407576145942),
 .UNSPECIFIED.)
CURVE()
GEOMETRIC_REPRESENTATION_ITEM()
RATIONAL_B_SPLINE_CURVE((6.33123270422789,6.24884284451842,6.15855589925556))
REPRESENTATION_ITEM('')
);
#56=(
BOUNDED_CURVE()
B_SPLINE_CURVE(2,(#9805,#9806,#9807),.UNSPECIFIED.,.F.,.F.)
B_SPLINE_CURVE_WITH_KNOTS((3,3),(1.57294332824211,1.66789403525292),
 .UNSPECIFIED.)
CURVE()
GEOMETRIC_REPRESENTATION_ITEM()
RATIONAL_B_SPLINE_CURVE((6.15855589925556,6.24884284451961,6.33123270423005))
REPRESENTATION_ITEM('')
);
#57=(
BOUNDED_CURVE()
B_SPLINE_CURVE(2,(#9809,#9810,#9811),.UNSPECIFIED.,.F.,.F.)
B_SPLINE_CURVE_WITH_KNOTS((3,3),(3.64912505444985,3.74407576145942),
 .UNSPECIFIED.)
CURVE()
GEOMETRIC_REPRESENTATION_ITEM()
RATIONAL_B_SPLINE_CURVE((6.33123270422789,6.24884284451842,6.15855589925555))
REPRESENTATION_ITEM('')
);
#58=(
BOUNDED_CURVE()
B_SPLINE_CURVE(2,(#9816,#9817,#9818),.UNSPECIFIED.,.F.,.F.)
B_SPLINE_CURVE_WITH_KNOTS((3,3),(1.57294332824211,1.66789403525292),
 .UNSPECIFIED.)
CURVE()
GEOMETRIC_REPRESENTATION_ITEM()
RATIONAL_B_SPLINE_CURVE((6.15855589925555,6.2488428445196,6.33123270423003))
REPRESENTATION_ITEM('')
);
#59=(
BOUNDED_CURVE()
B_SPLINE_CURVE(2,(#9820,#9821,#9822),.UNSPECIFIED.,.F.,.F.)
B_SPLINE_CURVE_WITH_KNOTS((3,3),(3.64912505444985,3.74407576145942),
 .UNSPECIFIED.)
CURVE()
GEOMETRIC_REPRESENTATION_ITEM()
RATIONAL_B_SPLINE_CURVE((6.33123270422789,6.24884284451843,6.15855589925556))
REPRESENTATION_ITEM('')
);
#60=(
BOUNDED_CURVE()
B_SPLINE_CURVE(2,(#9826,#9827,#9828),.UNSPECIFIED.,.F.,.F.)
B_SPLINE_CURVE_WITH_KNOTS((3,3),(3.74407576145942,3.93851491174612),
 .UNSPECIFIED.)
CURVE()
GEOMETRIC_REPRESENTATION_ITEM()
RATIONAL_B_SPLINE_CURVE((6.15855589925556,5.97366715569807,5.75566241272492))
REPRESENTATION_ITEM('')
);
#61=(
BOUNDED_CURVE()
B_SPLINE_CURVE(2,(#9831,#9832,#9833),.UNSPECIFIED.,.F.,.F.)
B_SPLINE_CURVE_WITH_KNOTS((3,3),(3.74407576145942,3.93851491174612),
 .UNSPECIFIED.)
CURVE()
GEOMETRIC_REPRESENTATION_ITEM()
RATIONAL_B_SPLINE_CURVE((6.15855589925555,5.97366715569807,5.75566241272491))
REPRESENTATION_ITEM('')
);
#62=(
BOUNDED_CURVE()
B_SPLINE_CURVE(2,(#9834,#9835,#9836),.UNSPECIFIED.,.F.,.F.)
B_SPLINE_CURVE_WITH_KNOTS((3,3),(1.37850417795541,1.57294332824211),
 .UNSPECIFIED.)
CURVE()
GEOMETRIC_REPRESENTATION_ITEM()
RATIONAL_B_SPLINE_CURVE((5.75566241272492,5.97366715569808,6.15855589925557))
REPRESENTATION_ITEM('')
);
#63=(
BOUNDED_CURVE()
B_SPLINE_CURVE(2,(#9840,#9841,#9842),.UNSPECIFIED.,.F.,.F.)
B_SPLINE_CURVE_WITH_KNOTS((3,3),(3.74407576145942,3.93851491174612),
 .UNSPECIFIED.)
CURVE()
GEOMETRIC_REPRESENTATION_ITEM()
RATIONAL_B_SPLINE_CURVE((6.15855589925555,5.97366715569807,5.75566241272491))
REPRESENTATION_ITEM('')
);
#64=(
BOUNDED_CURVE()
B_SPLINE_CURVE(2,(#9843,#9844,#9845),.UNSPECIFIED.,.F.,.F.)
B_SPLINE_CURVE_WITH_KNOTS((3,3),(1.37850417795541,1.57294332824211),
 .UNSPECIFIED.)
CURVE()
GEOMETRIC_REPRESENTATION_ITEM()
RATIONAL_B_SPLINE_CURVE((5.75566241272492,5.97366715569809,6.15855589925557))
REPRESENTATION_ITEM('')
);
#65=(
BOUNDED_CURVE()
B_SPLINE_CURVE(2,(#9849,#9850,#9851),.UNSPECIFIED.,.F.,.F.)
B_SPLINE_CURVE_WITH_KNOTS((3,3),(3.74407576145942,3.93851491174612),
 .UNSPECIFIED.)
CURVE()
GEOMETRIC_REPRESENTATION_ITEM()
RATIONAL_B_SPLINE_CURVE((6.15855589925556,5.97366715569808,5.75566241272492))
REPRESENTATION_ITEM('')
);
#66=(
BOUNDED_CURVE()
B_SPLINE_CURVE(2,(#9852,#9853,#9854),.UNSPECIFIED.,.F.,.F.)
B_SPLINE_CURVE_WITH_KNOTS((3,3),(1.3785041779554,1.57294332824211),
 .UNSPECIFIED.)
CURVE()
GEOMETRIC_REPRESENTATION_ITEM()
RATIONAL_B_SPLINE_CURVE((5.75566241272494,5.9736671556981,6.15855589925559))
REPRESENTATION_ITEM('')
);
#67=(
BOUNDED_CURVE()
B_SPLINE_CURVE(2,(#9858,#9859,#9860),.UNSPECIFIED.,.F.,.F.)
B_SPLINE_CURVE_WITH_KNOTS((3,3),(3.74407576145942,3.93851491174612),
 .UNSPECIFIED.)
CURVE()
GEOMETRIC_REPRESENTATION_ITEM()
RATIONAL_B_SPLINE_CURVE((6.15855589925555,5.97366715569807,5.75566241272492))
REPRESENTATION_ITEM('')
);
#68=(
BOUNDED_CURVE()
B_SPLINE_CURVE(2,(#9861,#9862,#9863),.UNSPECIFIED.,.F.,.F.)
B_SPLINE_CURVE_WITH_KNOTS((3,3),(1.37850417795541,1.57294332824211),
 .UNSPECIFIED.)
CURVE()
GEOMETRIC_REPRESENTATION_ITEM()
RATIONAL_B_SPLINE_CURVE((5.75566241272494,5.9736671556981,6.15855589925558))
REPRESENTATION_ITEM('')
);
#69=(
BOUNDED_CURVE()
B_SPLINE_CURVE(2,(#9867,#9868,#9869),.UNSPECIFIED.,.F.,.F.)
B_SPLINE_CURVE_WITH_KNOTS((3,3),(3.74407576145942,3.93851491174612),
 .UNSPECIFIED.)
CURVE()
GEOMETRIC_REPRESENTATION_ITEM()
RATIONAL_B_SPLINE_CURVE((6.15855589925556,5.97366715569808,5.75566241272492))
REPRESENTATION_ITEM('')
);
#70=(
BOUNDED_CURVE()
B_SPLINE_CURVE(2,(#9870,#9871,#9872),.UNSPECIFIED.,.F.,.F.)
B_SPLINE_CURVE_WITH_KNOTS((3,3),(1.37850417795541,1.57294332824211),
 .UNSPECIFIED.)
CURVE()
GEOMETRIC_REPRESENTATION_ITEM()
RATIONAL_B_SPLINE_CURVE((5.75566241272492,5.97366715569808,6.15855589925556))
REPRESENTATION_ITEM('')
);
#71=(
BOUNDED_CURVE()
B_SPLINE_CURVE(2,(#9908,#9909,#9910),.UNSPECIFIED.,.F.,.F.)
B_SPLINE_CURVE_WITH_KNOTS((3,3),(3.88505801549113,3.93851491174612),
 .UNSPECIFIED.)
CURVE()
GEOMETRIC_REPRESENTATION_ITEM()
RATIONAL_B_SPLINE_CURVE((5.87303082080256,5.81559816594658,5.75566241272493))
REPRESENTATION_ITEM('')
);
#72=(
BOUNDED_CURVE()
B_SPLINE_CURVE(2,(#9912,#9913,#9914),.UNSPECIFIED.,.F.,.F.)
B_SPLINE_CURVE_WITH_KNOTS((3,3),(1.37850417795541,1.57294332824211),
 .UNSPECIFIED.)
CURVE()
GEOMETRIC_REPRESENTATION_ITEM()
RATIONAL_B_SPLINE_CURVE((5.75566241272491,5.97366715569807,6.15855589925555))
REPRESENTATION_ITEM('')
);
#73=(
BOUNDED_CURVE()
B_SPLINE_CURVE(2,(#9953,#9954,#9955),.UNSPECIFIED.,.F.,.F.)
B_SPLINE_CURVE_WITH_KNOTS((3,3),(0.00125421197382633,0.0696421584293286),
 .UNSPECIFIED.)
CURVE()
GEOMETRIC_REPRESENTATION_ITEM()
RATIONAL_B_SPLINE_CURVE((1.00015130152021,1.00420063141681,1.))
REPRESENTATION_ITEM('')
);
#74=(
BOUNDED_CURVE()
B_SPLINE_CURVE(2,(#9959,#9960,#9961),.UNSPECIFIED.,.F.,.F.)
B_SPLINE_CURVE_WITH_KNOTS((3,3),(0.,0.0683879464555015),.UNSPECIFIED.)
CURVE()
GEOMETRIC_REPRESENTATION_ITEM()
RATIONAL_B_SPLINE_CURVE((1.,1.00420063141511,1.00015130152015))
REPRESENTATION_ITEM('')
);
#75=(
BOUNDED_CURVE()
B_SPLINE_CURVE(2,(#9965,#9966,#9967),.UNSPECIFIED.,.F.,.F.)
B_SPLINE_CURVE_WITH_KNOTS((3,3),(0.00125421197382722,0.0696421584293288),
 .UNSPECIFIED.)
CURVE()
GEOMETRIC_REPRESENTATION_ITEM()
RATIONAL_B_SPLINE_CURVE((1.00015130152015,1.00420063141511,1.))
REPRESENTATION_ITEM('')
);
#76=(
BOUNDED_CURVE()
B_SPLINE_CURVE(2,(#9971,#9972,#9973),.UNSPECIFIED.,.F.,.F.)
B_SPLINE_CURVE_WITH_KNOTS((3,3),(0.,0.0683879464555022),.UNSPECIFIED.)
CURVE()
GEOMETRIC_REPRESENTATION_ITEM()
RATIONAL_B_SPLINE_CURVE((1.,1.00420063141681,1.00015130152021))
REPRESENTATION_ITEM('')
);
#77=(
BOUNDED_CURVE()
B_SPLINE_CURVE(2,(#10027,#10028,#10029),.UNSPECIFIED.,.F.,.F.)
B_SPLINE_CURVE_WITH_KNOTS((3,3),(0.00125421197378867,0.0696421584293286),
 .UNSPECIFIED.)
CURVE()
GEOMETRIC_REPRESENTATION_ITEM()
RATIONAL_B_SPLINE_CURVE((1.00015130152033,1.00420063142023,1.))
REPRESENTATION_ITEM('')
);
#78=(
BOUNDED_CURVE()
B_SPLINE_CURVE(2,(#10033,#10034,#10035),.UNSPECIFIED.,.F.,.F.)
B_SPLINE_CURVE_WITH_KNOTS((3,3),(0.,0.0683879464554944),.UNSPECIFIED.)
CURVE()
GEOMETRIC_REPRESENTATION_ITEM()
RATIONAL_B_SPLINE_CURVE((1.,1.00420063140889,1.00015130151993))
REPRESENTATION_ITEM('')
);
#79=(
BOUNDED_CURVE()
B_SPLINE_CURVE(2,(#10039,#10040,#10041),.UNSPECIFIED.,.F.,.F.)
B_SPLINE_CURVE_WITH_KNOTS((3,3),(0.00125421197383519,0.0696421584293288),
 .UNSPECIFIED.)
CURVE()
GEOMETRIC_REPRESENTATION_ITEM()
RATIONAL_B_SPLINE_CURVE((1.00015130151993,1.00420063140889,1.))
REPRESENTATION_ITEM('')
);
#80=(
BOUNDED_CURVE()
B_SPLINE_CURVE(2,(#10044,#10045,#10046),.UNSPECIFIED.,.F.,.F.)
B_SPLINE_CURVE_WITH_KNOTS((3,3),(0.,0.0683879464555405),.UNSPECIFIED.)
CURVE()
GEOMETRIC_REPRESENTATION_ITEM()
RATIONAL_B_SPLINE_CURVE((1.,1.00420063142023,1.00015130152033))
REPRESENTATION_ITEM('')
);
#81=(
BOUNDED_CURVE()
B_SPLINE_CURVE(2,(#10050,#10051,#10052),.UNSPECIFIED.,.F.,.F.)
B_SPLINE_CURVE_WITH_KNOTS((3,3),(0.0895767179164172,0.0910756774481677),
 .UNSPECIFIED.)
CURVE()
GEOMETRIC_REPRESENTATION_ITEM()
RATIONAL_B_SPLINE_CURVE((1.00642686596167,1.00633420461358,1.00623664245826))
REPRESENTATION_ITEM('')
);
#82=(
BOUNDED_CURVE()
B_SPLINE_CURVE(2,(#10055,#10056,#10057),.UNSPECIFIED.,.F.,.F.)
B_SPLINE_CURVE_WITH_KNOTS((3,3),(0.0320506517113942,0.0335511041595272),
 .UNSPECIFIED.)
CURVE()
GEOMETRIC_REPRESENTATION_ITEM()
RATIONAL_B_SPLINE_CURVE((1.00636119496226,1.0064577440332,1.00654939150252))
REPRESENTATION_ITEM('')
);
#83=(
BOUNDED_CURVE()
B_SPLINE_CURVE(2,(#10062,#10063,#10064),.UNSPECIFIED.,.F.,.F.)
B_SPLINE_CURVE_WITH_KNOTS((3,3),(0.0896603845669573,0.0911608370150885),
 .UNSPECIFIED.)
CURVE()
GEOMETRIC_REPRESENTATION_ITEM()
RATIONAL_B_SPLINE_CURVE((1.00654939150255,1.00645774403323,1.00636119496229))
REPRESENTATION_ITEM('')
);
#84=(
BOUNDED_CURVE()
B_SPLINE_CURVE(2,(#10067,#10068,#10069),.UNSPECIFIED.,.F.,.F.)
B_SPLINE_CURVE_WITH_KNOTS((3,3),(0.0313950104157621,0.0328939699475113),
 .UNSPECIFIED.)
CURVE()
GEOMETRIC_REPRESENTATION_ITEM()
RATIONAL_B_SPLINE_CURVE((1.00623664245827,1.0063342046136,1.00642686596168))
REPRESENTATION_ITEM('')
);
#85=(
BOUNDED_CURVE()
B_SPLINE_CURVE(2,(#10072,#10073,#10074),.UNSPECIFIED.,.F.,.F.)
B_SPLINE_CURVE_WITH_KNOTS((3,3),(0.00959305129628274,0.0910756774481689),
 .UNSPECIFIED.)
CURVE()
GEOMETRIC_REPRESENTATION_ITEM()
RATIONAL_B_SPLINE_CURVE((1.00236185090937,1.0115400682418,1.00623664245829))
REPRESENTATION_ITEM('')
);
#86=(
BOUNDED_CURVE()
B_SPLINE_CURVE(2,(#10076,#10077,#10078),.UNSPECIFIED.,.F.,.F.)
B_SPLINE_CURVE_WITH_KNOTS((3,3),(0.0313950104157592,0.112877636567648),
 .UNSPECIFIED.)
CURVE()
GEOMETRIC_REPRESENTATION_ITEM()
RATIONAL_B_SPLINE_CURVE((1.00623664245833,1.01154006824189,1.00236185090939))
REPRESENTATION_ITEM('')
);
#87=(
BOUNDED_CURVE()
B_SPLINE_CURVE(2,(#10080,#10081,#10082),.UNSPECIFIED.,.F.,.F.)
B_SPLINE_CURVE_WITH_KNOTS((3,3),(0.00959305129628317,0.0910756774481687),
 .UNSPECIFIED.)
CURVE()
GEOMETRIC_REPRESENTATION_ITEM()
RATIONAL_B_SPLINE_CURVE((1.00236185090937,1.01154006824178,1.00623664245828))
REPRESENTATION_ITEM('')
);
#88=(
BOUNDED_CURVE()
B_SPLINE_CURVE(2,(#10084,#10085,#10086),.UNSPECIFIED.,.F.,.F.)
B_SPLINE_CURVE_WITH_KNOTS((3,3),(0.0313950104157607,0.112877636567647),
 .UNSPECIFIED.)
CURVE()
GEOMETRIC_REPRESENTATION_ITEM()
RATIONAL_B_SPLINE_CURVE((1.0062366424583,1.01154006824182,1.00236185090937))
REPRESENTATION_ITEM('')
);
#89=(
BOUNDED_CURVE()
B_SPLINE_CURVE(2,(#10088,#10089,#10090),.UNSPECIFIED.,.F.,.F.)
B_SPLINE_CURVE_WITH_KNOTS((3,3),(0.00959305129628307,0.0910756774481685),
 .UNSPECIFIED.)
CURVE()
GEOMETRIC_REPRESENTATION_ITEM()
RATIONAL_B_SPLINE_CURVE((1.00236185090937,1.01154006824178,1.00623664245828))
REPRESENTATION_ITEM('')
);
#90=(
BOUNDED_CURVE()
B_SPLINE_CURVE(2,(#10092,#10093,#10094),.UNSPECIFIED.,.F.,.F.)
B_SPLINE_CURVE_WITH_KNOTS((3,3),(0.031395010415761,0.112877636567647),
 .UNSPECIFIED.)
CURVE()
GEOMETRIC_REPRESENTATION_ITEM()
RATIONAL_B_SPLINE_CURVE((1.00623664245828,1.0115400682418,1.00236185090937))
REPRESENTATION_ITEM('')
);
#91=(
BOUNDED_CURVE()
B_SPLINE_CURVE(2,(#10096,#10097,#10098),.UNSPECIFIED.,.F.,.F.)
B_SPLINE_CURVE_WITH_KNOTS((3,3),(0.00959305129628258,0.0910756774481693),
 .UNSPECIFIED.)
CURVE()
GEOMETRIC_REPRESENTATION_ITEM()
RATIONAL_B_SPLINE_CURVE((1.00236185090937,1.01154006824181,1.00623664245829))
REPRESENTATION_ITEM('')
);
#92=(
BOUNDED_CURVE()
B_SPLINE_CURVE(2,(#10100,#10101,#10102),.UNSPECIFIED.,.F.,.F.)
B_SPLINE_CURVE_WITH_KNOTS((3,3),(0.0313950104157613,0.112877636567647),
 .UNSPECIFIED.)
CURVE()
GEOMETRIC_REPRESENTATION_ITEM()
RATIONAL_B_SPLINE_CURVE((1.00623664245828,1.01154006824179,1.00236185090937))
REPRESENTATION_ITEM('')
);
#93=(
BOUNDED_CURVE()
B_SPLINE_CURVE(2,(#10104,#10105,#10106),.UNSPECIFIED.,.F.,.F.)
B_SPLINE_CURVE_WITH_KNOTS((3,3),(0.00959305129628241,0.0910756774481699),
 .UNSPECIFIED.)
CURVE()
GEOMETRIC_REPRESENTATION_ITEM()
RATIONAL_B_SPLINE_CURVE((1.00236185090938,1.01154006824185,1.00623664245831))
REPRESENTATION_ITEM('')
);
#94=(
BOUNDED_CURVE()
B_SPLINE_CURVE(2,(#10108,#10109,#10110),.UNSPECIFIED.,.F.,.F.)
B_SPLINE_CURVE_WITH_KNOTS((3,3),(0.0313950104157622,0.112877636567647),
 .UNSPECIFIED.)
CURVE()
GEOMETRIC_REPRESENTATION_ITEM()
RATIONAL_B_SPLINE_CURVE((1.00623664245826,1.01154006824176,1.00236185090936))
REPRESENTATION_ITEM('')
);
#95=(
BOUNDED_CURVE()
B_SPLINE_CURVE(2,(#10112,#10113,#10114),.UNSPECIFIED.,.F.,.F.)
B_SPLINE_CURVE_WITH_KNOTS((3,3),(0.00959305129628269,0.0910756774481692),
 .UNSPECIFIED.)
CURVE()
GEOMETRIC_REPRESENTATION_ITEM()
RATIONAL_B_SPLINE_CURVE((1.00236185090937,1.01154006824181,1.00623664245829))
REPRESENTATION_ITEM('')
);
#96=(
BOUNDED_CURVE()
B_SPLINE_CURVE(2,(#10116,#10117,#10118),.UNSPECIFIED.,.F.,.F.)
B_SPLINE_CURVE_WITH_KNOTS((3,3),(0.031395010415762,0.112877636567647),
 .UNSPECIFIED.)
CURVE()
GEOMETRIC_REPRESENTATION_ITEM()
RATIONAL_B_SPLINE_CURVE((1.00623664245825,1.01154006824174,1.00236185090936))
REPRESENTATION_ITEM('')
);
#97=(
BOUNDED_CURVE()
B_SPLINE_CURVE(2,(#10120,#10121,#10122),.UNSPECIFIED.,.F.,.F.)
B_SPLINE_CURVE_WITH_KNOTS((3,3),(0.00959305129628273,0.0910756774481691),
 .UNSPECIFIED.)
CURVE()
GEOMETRIC_REPRESENTATION_ITEM()
RATIONAL_B_SPLINE_CURVE((1.00236185090937,1.01154006824181,1.00623664245829))
REPRESENTATION_ITEM('')
);
#98=(
BOUNDED_CURVE()
B_SPLINE_CURVE(2,(#10124,#10125,#10126),.UNSPECIFIED.,.F.,.F.)
B_SPLINE_CURVE_WITH_KNOTS((3,3),(0.0313950104157612,0.112877636567647),
 .UNSPECIFIED.)
CURVE()
GEOMETRIC_REPRESENTATION_ITEM()
RATIONAL_B_SPLINE_CURVE((1.00623664245828,1.01154006824179,1.00236185090937))
REPRESENTATION_ITEM('')
);
#99=(
BOUNDED_CURVE()
B_SPLINE_CURVE(2,(#10128,#10129,#10130),.UNSPECIFIED.,.F.,.F.)
B_SPLINE_CURVE_WITH_KNOTS((3,3),(0.00959305129628294,0.0910756774481683),
 .UNSPECIFIED.)
CURVE()
GEOMETRIC_REPRESENTATION_ITEM()
RATIONAL_B_SPLINE_CURVE((1.00236185090937,1.01154006824178,1.00623664245827))
REPRESENTATION_ITEM('')
);
#100=(
BOUNDED_CURVE()
B_SPLINE_CURVE(2,(#10132,#10133,#10134),.UNSPECIFIED.,.F.,.F.)
B_SPLINE_CURVE_WITH_KNOTS((3,3),(0.0313950104157611,0.112877636567647),
 .UNSPECIFIED.)
CURVE()
GEOMETRIC_REPRESENTATION_ITEM()
RATIONAL_B_SPLINE_CURVE((1.00623664245829,1.0115400682418,1.00236185090937))
REPRESENTATION_ITEM('')
);
#101=(
BOUNDED_CURVE()
B_SPLINE_CURVE(2,(#10135,#10136,#10137),.UNSPECIFIED.,.F.,.F.)
B_SPLINE_CURVE_WITH_KNOTS((3,3),(0.0895767179164192,0.0910756774481686),
 .UNSPECIFIED.)
CURVE()
GEOMETRIC_REPRESENTATION_ITEM()
RATIONAL_B_SPLINE_CURVE((1.00642686596168,1.0063342046136,1.00623664245827))
REPRESENTATION_ITEM('')
);
#102=(
BOUNDED_CURVE()
B_SPLINE_CURVE(2,(#10140,#10141,#10142),.UNSPECIFIED.,.F.,.F.)
B_SPLINE_CURVE_WITH_KNOTS((3,3),(0.0313950104157611,0.0328939699475116),
 .UNSPECIFIED.)
CURVE()
GEOMETRIC_REPRESENTATION_ITEM()
RATIONAL_B_SPLINE_CURVE((1.00623664245827,1.0063342046136,1.00642686596168))
REPRESENTATION_ITEM('')
);
#103=(
BOUNDED_CURVE()
B_SPLINE_CURVE(2,(#10144,#10145,#10146),.UNSPECIFIED.,.F.,.F.)
B_SPLINE_CURVE_WITH_KNOTS((3,3),(0.0095930512962832,0.0910756774481676),
 .UNSPECIFIED.)
CURVE()
GEOMETRIC_REPRESENTATION_ITEM()
RATIONAL_B_SPLINE_CURVE((1.00236185090936,1.01154006824175,1.00623664245826))
REPRESENTATION_ITEM('')
);
#104=(
BOUNDED_CURVE()
B_SPLINE_CURVE(2,(#10148,#10149,#10150),.UNSPECIFIED.,.F.,.F.)
B_SPLINE_CURVE_WITH_KNOTS((3,3),(0.0313950104157612,0.112877636567647),
 .UNSPECIFIED.)
CURVE()
GEOMETRIC_REPRESENTATION_ITEM()
RATIONAL_B_SPLINE_CURVE((1.00623664245828,1.01154006824179,1.00236185090937))
REPRESENTATION_ITEM('')
);
#105=(
BOUNDED_CURVE()
B_SPLINE_CURVE(2,(#10152,#10153,#10154),.UNSPECIFIED.,.F.,.F.)
B_SPLINE_CURVE_WITH_KNOTS((3,3),(0.00959305129628286,0.0910756774481682),
 .UNSPECIFIED.)
CURVE()
GEOMETRIC_REPRESENTATION_ITEM()
RATIONAL_B_SPLINE_CURVE((1.00236185090936,1.01154006824177,1.00623664245827))
REPRESENTATION_ITEM('')
);
#106=(
BOUNDED_CURVE()
B_SPLINE_CURVE(2,(#10156,#10157,#10158),.UNSPECIFIED.,.F.,.F.)
B_SPLINE_CURVE_WITH_KNOTS((3,3),(0.0313950104157623,0.112877636567647),
 .UNSPECIFIED.)
CURVE()
GEOMETRIC_REPRESENTATION_ITEM()
RATIONAL_B_SPLINE_CURVE((1.00623664245826,1.01154006824175,1.00236185090936))
REPRESENTATION_ITEM('')
);
#107=(
BOUNDED_CURVE()
B_SPLINE_CURVE(2,(#10160,#10161,#10162),.UNSPECIFIED.,.F.,.F.)
B_SPLINE_CURVE_WITH_KNOTS((3,3),(0.009593051296283,0.0910756774481689),
 .UNSPECIFIED.)
CURVE()
GEOMETRIC_REPRESENTATION_ITEM()
RATIONAL_B_SPLINE_CURVE((1.00236185090937,1.01154006824179,1.00623664245828))
REPRESENTATION_ITEM('')
);
#108=(
BOUNDED_CURVE()
B_SPLINE_CURVE(2,(#10164,#10165,#10166),.UNSPECIFIED.,.F.,.F.)
B_SPLINE_CURVE_WITH_KNOTS((3,3),(0.0313950104157611,0.112877636567647),
 .UNSPECIFIED.)
CURVE()
GEOMETRIC_REPRESENTATION_ITEM()
RATIONAL_B_SPLINE_CURVE((1.00623664245828,1.01154006824178,1.00236185090937))
REPRESENTATION_ITEM('')
);
#109=(
BOUNDED_CURVE()
B_SPLINE_CURVE(2,(#10168,#10169,#10170),.UNSPECIFIED.,.F.,.F.)
B_SPLINE_CURVE_WITH_KNOTS((3,3),(0.00959305129628268,0.0910756774481683),
 .UNSPECIFIED.)
CURVE()
GEOMETRIC_REPRESENTATION_ITEM()
RATIONAL_B_SPLINE_CURVE((1.00236185090937,1.01154006824179,1.00623664245828))
REPRESENTATION_ITEM('')
);
#110=(
BOUNDED_CURVE()
B_SPLINE_CURVE(2,(#10172,#10173,#10174),.UNSPECIFIED.,.F.,.F.)
B_SPLINE_CURVE_WITH_KNOTS((3,3),(0.0313950104157612,0.112877636567647),
 .UNSPECIFIED.)
CURVE()
GEOMETRIC_REPRESENTATION_ITEM()
RATIONAL_B_SPLINE_CURVE((1.00623664245828,1.01154006824179,1.00236185090937))
REPRESENTATION_ITEM('')
);
#111=(
BOUNDED_CURVE()
B_SPLINE_CURVE(2,(#10176,#10177,#10178),.UNSPECIFIED.,.F.,.F.)
B_SPLINE_CURVE_WITH_KNOTS((3,3),(0.00959305129628339,0.091075677448168),
 .UNSPECIFIED.)
CURVE()
GEOMETRIC_REPRESENTATION_ITEM()
RATIONAL_B_SPLINE_CURVE((1.00236185090936,1.01154006824175,1.00623664245826))
REPRESENTATION_ITEM('')
);
#112=(
BOUNDED_CURVE()
B_SPLINE_CURVE(2,(#10180,#10181,#10182),.UNSPECIFIED.,.F.,.F.)
B_SPLINE_CURVE_WITH_KNOTS((3,3),(0.0313950104157623,0.112877636567647),
 .UNSPECIFIED.)
CURVE()
GEOMETRIC_REPRESENTATION_ITEM()
RATIONAL_B_SPLINE_CURVE((1.00623664245826,1.01154006824175,1.00236185090936))
REPRESENTATION_ITEM('')
);
#113=(
BOUNDED_CURVE()
B_SPLINE_CURVE(2,(#10184,#10185,#10186),.UNSPECIFIED.,.F.,.F.)
B_SPLINE_CURVE_WITH_KNOTS((3,3),(0.0095930512962829,0.0910756774481693),
 .UNSPECIFIED.)
CURVE()
GEOMETRIC_REPRESENTATION_ITEM()
RATIONAL_B_SPLINE_CURVE((1.00236185090937,1.01154006824181,1.00623664245829))
REPRESENTATION_ITEM('')
);
#114=(
BOUNDED_CURVE()
B_SPLINE_CURVE(2,(#10188,#10189,#10190),.UNSPECIFIED.,.F.,.F.)
B_SPLINE_CURVE_WITH_KNOTS((3,3),(0.0313950104157618,0.112877636567646),
 .UNSPECIFIED.)
CURVE()
GEOMETRIC_REPRESENTATION_ITEM()
RATIONAL_B_SPLINE_CURVE((1.00623664245825,1.01154006824174,1.00236185090936))
REPRESENTATION_ITEM('')
);
#115=(
BOUNDED_CURVE()
B_SPLINE_CURVE(2,(#10192,#10193,#10194),.UNSPECIFIED.,.F.,.F.)
B_SPLINE_CURVE_WITH_KNOTS((3,3),(0.00959305129628365,0.0910756774481673),
 .UNSPECIFIED.)
CURVE()
GEOMETRIC_REPRESENTATION_ITEM()
RATIONAL_B_SPLINE_CURVE((1.00236185090935,1.01154006824172,1.00623664245824))
REPRESENTATION_ITEM('')
);
#116=(
BOUNDED_CURVE()
B_SPLINE_CURVE(2,(#10196,#10197,#10198),.UNSPECIFIED.,.F.,.F.)
B_SPLINE_CURVE_WITH_KNOTS((3,3),(0.0313950104157623,0.112877636567646),
 .UNSPECIFIED.)
CURVE()
GEOMETRIC_REPRESENTATION_ITEM()
RATIONAL_B_SPLINE_CURVE((1.00623664245825,1.01154006824174,1.00236185090936))
REPRESENTATION_ITEM('')
);
#117=(
BOUNDED_CURVE()
B_SPLINE_CURVE(2,(#10200,#10201,#10202),.UNSPECIFIED.,.F.,.F.)
B_SPLINE_CURVE_WITH_KNOTS((3,3),(0.00959305129628279,0.0910756774481682),
 .UNSPECIFIED.)
CURVE()
GEOMETRIC_REPRESENTATION_ITEM()
RATIONAL_B_SPLINE_CURVE((1.00236185090937,1.01154006824177,1.00623664245827))
REPRESENTATION_ITEM('')
);
#118=(
BOUNDED_CURVE()
B_SPLINE_CURVE(2,(#10203,#10204,#10205),.UNSPECIFIED.,.F.,.F.)
B_SPLINE_CURVE_WITH_KNOTS((3,3),(0.0313950104157614,0.112877636567647),
 .UNSPECIFIED.)
CURVE()
GEOMETRIC_REPRESENTATION_ITEM()
RATIONAL_B_SPLINE_CURVE((1.00623664245827,1.01154006824178,1.00236185090937))
REPRESENTATION_ITEM('')
);
#119=(
BOUNDED_CURVE()
B_SPLINE_CURVE(2,(#10210,#10211,#10212),.UNSPECIFIED.,.F.,.F.)
B_SPLINE_CURVE_WITH_KNOTS((3,3),(0.0320506517113956,0.033551104159527),
 .UNSPECIFIED.)
CURVE()
GEOMETRIC_REPRESENTATION_ITEM()
RATIONAL_B_SPLINE_CURVE((1.00636119496222,1.00645774403315,1.00654939150247))
REPRESENTATION_ITEM('')
);
#120=(
BOUNDED_CURVE()
B_SPLINE_CURVE(2,(#10214,#10215,#10216),.UNSPECIFIED.,.F.,.F.)
B_SPLINE_CURVE_WITH_KNOTS((3,3),(0.00960148956961172,0.0911608370150876),
 .UNSPECIFIED.)
CURVE()
GEOMETRIC_REPRESENTATION_ITEM()
RATIONAL_B_SPLINE_CURVE((1.00237491848887,1.01160926479056,1.00636119496226))
REPRESENTATION_ITEM('')
);
#121=(
BOUNDED_CURVE()
B_SPLINE_CURVE(2,(#10218,#10219,#10220),.UNSPECIFIED.,.F.,.F.)
B_SPLINE_CURVE_WITH_KNOTS((3,3),(0.0320506517113932,0.11360999915687),
 .UNSPECIFIED.)
CURVE()
GEOMETRIC_REPRESENTATION_ITEM()
RATIONAL_B_SPLINE_CURVE((1.00636119496229,1.01160926479061,1.00237491848888))
REPRESENTATION_ITEM('')
);
#122=(
BOUNDED_CURVE()
B_SPLINE_CURVE(2,(#10222,#10223,#10224),.UNSPECIFIED.,.F.,.F.)
B_SPLINE_CURVE_WITH_KNOTS((3,3),(0.00960148956961025,0.091160837015089),
 .UNSPECIFIED.)
CURVE()
GEOMETRIC_REPRESENTATION_ITEM()
RATIONAL_B_SPLINE_CURVE((1.00237491848889,1.01160926479067,1.00636119496232))
REPRESENTATION_ITEM('')
);
#123=(
BOUNDED_CURVE()
B_SPLINE_CURVE(2,(#10226,#10227,#10228),.UNSPECIFIED.,.F.,.F.)
B_SPLINE_CURVE_WITH_KNOTS((3,3),(0.0320506517113942,0.11360999915687),
 .UNSPECIFIED.)
CURVE()
GEOMETRIC_REPRESENTATION_ITEM()
RATIONAL_B_SPLINE_CURVE((1.00636119496226,1.01160926479057,1.00237491848887))
REPRESENTATION_ITEM('')
);
#124=(
BOUNDED_CURVE()
B_SPLINE_CURVE(2,(#10230,#10231,#10232),.UNSPECIFIED.,.F.,.F.)
B_SPLINE_CURVE_WITH_KNOTS((3,3),(0.00960148956961163,0.0911608370150868),
 .UNSPECIFIED.)
CURVE()
GEOMETRIC_REPRESENTATION_ITEM()
RATIONAL_B_SPLINE_CURVE((1.00237491848887,1.01160926479054,1.00636119496225))
REPRESENTATION_ITEM('')
);
#125=(
BOUNDED_CURVE()
B_SPLINE_CURVE(2,(#10234,#10235,#10236),.UNSPECIFIED.,.F.,.F.)
B_SPLINE_CURVE_WITH_KNOTS((3,3),(0.0320506517113933,0.11360999915687),
 .UNSPECIFIED.)
CURVE()
GEOMETRIC_REPRESENTATION_ITEM()
RATIONAL_B_SPLINE_CURVE((1.00636119496228,1.0116092647906,1.00237491848888))
REPRESENTATION_ITEM('')
);
#126=(
BOUNDED_CURVE()
B_SPLINE_CURVE(2,(#10238,#10239,#10240),.UNSPECIFIED.,.F.,.F.)
B_SPLINE_CURVE_WITH_KNOTS((3,3),(0.00960148956961023,0.091160837015089),
 .UNSPECIFIED.)
CURVE()
GEOMETRIC_REPRESENTATION_ITEM()
RATIONAL_B_SPLINE_CURVE((1.00237491848889,1.01160926479067,1.00636119496232))
REPRESENTATION_ITEM('')
);
#127=(
BOUNDED_CURVE()
B_SPLINE_CURVE(2,(#10242,#10243,#10244),.UNSPECIFIED.,.F.,.F.)
B_SPLINE_CURVE_WITH_KNOTS((3,3),(0.0320506517113932,0.113609999156871),
 .UNSPECIFIED.)
CURVE()
GEOMETRIC_REPRESENTATION_ITEM()
RATIONAL_B_SPLINE_CURVE((1.0063611949623,1.01160926479063,1.00237491848889))
REPRESENTATION_ITEM('')
);
#128=(
BOUNDED_CURVE()
B_SPLINE_CURVE(2,(#10246,#10247,#10248),.UNSPECIFIED.,.F.,.F.)
B_SPLINE_CURVE_WITH_KNOTS((3,3),(0.00960148956961049,0.091160837015088),
 .UNSPECIFIED.)
CURVE()
GEOMETRIC_REPRESENTATION_ITEM()
RATIONAL_B_SPLINE_CURVE((1.00237491848888,1.01160926479063,1.0063611949623))
REPRESENTATION_ITEM('')
);
#129=(
BOUNDED_CURVE()
B_SPLINE_CURVE(2,(#10250,#10251,#10252),.UNSPECIFIED.,.F.,.F.)
B_SPLINE_CURVE_WITH_KNOTS((3,3),(0.0320506517113929,0.113609999156871),
 .UNSPECIFIED.)
CURVE()
GEOMETRIC_REPRESENTATION_ITEM()
RATIONAL_B_SPLINE_CURVE((1.0063611949623,1.01160926479062,1.00237491848888))
REPRESENTATION_ITEM('')
);
#130=(
BOUNDED_CURVE()
B_SPLINE_CURVE(2,(#10254,#10255,#10256),.UNSPECIFIED.,.F.,.F.)
B_SPLINE_CURVE_WITH_KNOTS((3,3),(0.00960148956961201,0.0911608370150873),
 .UNSPECIFIED.)
CURVE()
GEOMETRIC_REPRESENTATION_ITEM()
RATIONAL_B_SPLINE_CURVE((1.00237491848887,1.01160926479055,1.00636119496226))
REPRESENTATION_ITEM('')
);
#131=(
BOUNDED_CURVE()
B_SPLINE_CURVE(2,(#10258,#10259,#10260),.UNSPECIFIED.,.F.,.F.)
B_SPLINE_CURVE_WITH_KNOTS((3,3),(0.0320506517113932,0.11360999915687),
 .UNSPECIFIED.)
CURVE()
GEOMETRIC_REPRESENTATION_ITEM()
RATIONAL_B_SPLINE_CURVE((1.00636119496229,1.01160926479061,1.00237491848888))
REPRESENTATION_ITEM('')
);
#132=(
BOUNDED_CURVE()
B_SPLINE_CURVE(2,(#10262,#10263,#10264),.UNSPECIFIED.,.F.,.F.)
B_SPLINE_CURVE_WITH_KNOTS((3,3),(0.00960148956961197,0.0911608370150866),
 .UNSPECIFIED.)
CURVE()
GEOMETRIC_REPRESENTATION_ITEM()
RATIONAL_B_SPLINE_CURVE((1.00237491848887,1.01160926479054,1.00636119496225))
REPRESENTATION_ITEM('')
);
#133=(
BOUNDED_CURVE()
B_SPLINE_CURVE(2,(#10266,#10267,#10268),.UNSPECIFIED.,.F.,.F.)
B_SPLINE_CURVE_WITH_KNOTS((3,3),(0.0320506517113947,0.113609999156869),
 .UNSPECIFIED.)
CURVE()
GEOMETRIC_REPRESENTATION_ITEM()
RATIONAL_B_SPLINE_CURVE((1.00636119496225,1.01160926479054,1.00237491848887))
REPRESENTATION_ITEM('')
);
#134=(
BOUNDED_CURVE()
B_SPLINE_CURVE(2,(#10270,#10271,#10272),.UNSPECIFIED.,.F.,.F.)
B_SPLINE_CURVE_WITH_KNOTS((3,3),(0.00960148956961061,0.091160837015088),
 .UNSPECIFIED.)
CURVE()
GEOMETRIC_REPRESENTATION_ITEM()
RATIONAL_B_SPLINE_CURVE((1.00237491848888,1.01160926479062,1.0063611949623))
REPRESENTATION_ITEM('')
);
#135=(
BOUNDED_CURVE()
B_SPLINE_CURVE(2,(#10273,#10274,#10275),.UNSPECIFIED.,.F.,.F.)
B_SPLINE_CURVE_WITH_KNOTS((3,3),(0.0320506517113934,0.11360999915687),
 .UNSPECIFIED.)
CURVE()
GEOMETRIC_REPRESENTATION_ITEM()
RATIONAL_B_SPLINE_CURVE((1.00636119496228,1.0116092647906,1.00237491848888))
REPRESENTATION_ITEM('')
);
#136=(
BOUNDED_CURVE()
B_SPLINE_CURVE(2,(#10278,#10279,#10280),.UNSPECIFIED.,.F.,.F.)
B_SPLINE_CURVE_WITH_KNOTS((3,3),(0.00960148956961105,0.091160837015088),
 .UNSPECIFIED.)
CURVE()
GEOMETRIC_REPRESENTATION_ITEM()
RATIONAL_B_SPLINE_CURVE((1.00237491848888,1.0116092647906,1.00636119496228))
REPRESENTATION_ITEM('')
);
#137=(
BOUNDED_CURVE()
B_SPLINE_CURVE(2,(#10282,#10283,#10284),.UNSPECIFIED.,.F.,.F.)
B_SPLINE_CURVE_WITH_KNOTS((3,3),(0.0320506517113945,0.11360999915687),
 .UNSPECIFIED.)
CURVE()
GEOMETRIC_REPRESENTATION_ITEM()
RATIONAL_B_SPLINE_CURVE((1.00636119496226,1.01160926479055,1.00237491848887))
REPRESENTATION_ITEM('')
);
#138=(
BOUNDED_CURVE()
B_SPLINE_CURVE(2,(#10286,#10287,#10288),.UNSPECIFIED.,.F.,.F.)
B_SPLINE_CURVE_WITH_KNOTS((3,3),(0.00960148956961189,0.0911608370150867),
 .UNSPECIFIED.)
CURVE()
GEOMETRIC_REPRESENTATION_ITEM()
RATIONAL_B_SPLINE_CURVE((1.00237491848887,1.01160926479054,1.00636119496225))
REPRESENTATION_ITEM('')
);
#139=(
BOUNDED_CURVE()
B_SPLINE_CURVE(2,(#10290,#10291,#10292),.UNSPECIFIED.,.F.,.F.)
B_SPLINE_CURVE_WITH_KNOTS((3,3),(0.0320506517113941,0.11360999915687),
 .UNSPECIFIED.)
CURVE()
GEOMETRIC_REPRESENTATION_ITEM()
RATIONAL_B_SPLINE_CURVE((1.00636119496226,1.01160926479057,1.00237491848887))
REPRESENTATION_ITEM('')
);
#140=(
BOUNDED_CURVE()
B_SPLINE_CURVE(2,(#10294,#10295,#10296),.UNSPECIFIED.,.F.,.F.)
B_SPLINE_CURVE_WITH_KNOTS((3,3),(0.00960148956961209,0.0911608370150863),
 .UNSPECIFIED.)
CURVE()
GEOMETRIC_REPRESENTATION_ITEM()
RATIONAL_B_SPLINE_CURVE((1.00237491848886,1.0116092647905,1.00636119496223))
REPRESENTATION_ITEM('')
);
#141=(
BOUNDED_CURVE()
B_SPLINE_CURVE(2,(#10298,#10299,#10300),.UNSPECIFIED.,.F.,.F.)
B_SPLINE_CURVE_WITH_KNOTS((3,3),(0.0320506517113923,0.113609999156871),
 .UNSPECIFIED.)
CURVE()
GEOMETRIC_REPRESENTATION_ITEM()
RATIONAL_B_SPLINE_CURVE((1.00636119496232,1.01160926479067,1.00237491848889))
REPRESENTATION_ITEM('')
);
#142=(
BOUNDED_CURVE()
B_SPLINE_CURVE(2,(#10302,#10303,#10304),.UNSPECIFIED.,.F.,.F.)
B_SPLINE_CURVE_WITH_KNOTS((3,3),(0.00960148956961168,0.0911608370150872),
 .UNSPECIFIED.)
CURVE()
GEOMETRIC_REPRESENTATION_ITEM()
RATIONAL_B_SPLINE_CURVE((1.00237491848887,1.01160926479057,1.00636119496227))
REPRESENTATION_ITEM('')
);
#143=(
BOUNDED_CURVE()
B_SPLINE_CURVE(2,(#10306,#10307,#10308),.UNSPECIFIED.,.F.,.F.)
B_SPLINE_CURVE_WITH_KNOTS((3,3),(0.0320506517113946,0.11360999915687),
 .UNSPECIFIED.)
CURVE()
GEOMETRIC_REPRESENTATION_ITEM()
RATIONAL_B_SPLINE_CURVE((1.00636119496225,1.01160926479055,1.00237491848887))
REPRESENTATION_ITEM('')
);
#144=(
BOUNDED_CURVE()
B_SPLINE_CURVE(2,(#10310,#10311,#10312),.UNSPECIFIED.,.F.,.F.)
B_SPLINE_CURVE_WITH_KNOTS((3,3),(0.00960148956961066,0.0911608370150879),
 .UNSPECIFIED.)
CURVE()
GEOMETRIC_REPRESENTATION_ITEM()
RATIONAL_B_SPLINE_CURVE((1.00237491848888,1.01160926479062,1.00636119496229))
REPRESENTATION_ITEM('')
);
#145=(
BOUNDED_CURVE()
B_SPLINE_CURVE(2,(#10314,#10315,#10316),.UNSPECIFIED.,.F.,.F.)
B_SPLINE_CURVE_WITH_KNOTS((3,3),(0.032050651711393,0.11360999915687),
 .UNSPECIFIED.)
CURVE()
GEOMETRIC_REPRESENTATION_ITEM()
RATIONAL_B_SPLINE_CURVE((1.00636119496229,1.01160926479062,1.00237491848888))
REPRESENTATION_ITEM('')
);
#146=(
BOUNDED_CURVE()
B_SPLINE_CURVE(2,(#10318,#10319,#10320),.UNSPECIFIED.,.F.,.F.)
B_SPLINE_CURVE_WITH_KNOTS((3,3),(0.00960148956961245,0.0911608370150846),
 .UNSPECIFIED.)
CURVE()
GEOMETRIC_REPRESENTATION_ITEM()
RATIONAL_B_SPLINE_CURVE((1.00237491848885,1.01160926479044,1.00636119496219))
REPRESENTATION_ITEM('')
);
#147=(
BOUNDED_CURVE()
B_SPLINE_CURVE(2,(#10322,#10323,#10324),.UNSPECIFIED.,.F.,.F.)
B_SPLINE_CURVE_WITH_KNOTS((3,3),(0.0320506517113922,0.113609999156871),
 .UNSPECIFIED.)
CURVE()
GEOMETRIC_REPRESENTATION_ITEM()
RATIONAL_B_SPLINE_CURVE((1.00636119496232,1.01160926479067,1.00237491848889))
REPRESENTATION_ITEM('')
);
#148=(
BOUNDED_CURVE()
B_SPLINE_CURVE(2,(#10326,#10327,#10328),.UNSPECIFIED.,.F.,.F.)
B_SPLINE_CURVE_WITH_KNOTS((3,3),(0.0096014895696113,0.0911608370150871),
 .UNSPECIFIED.)
CURVE()
GEOMETRIC_REPRESENTATION_ITEM()
RATIONAL_B_SPLINE_CURVE((1.00237491848887,1.01160926479057,1.00636119496226))
REPRESENTATION_ITEM('')
);
#149=(
BOUNDED_CURVE()
B_SPLINE_CURVE(2,(#10330,#10331,#10332),.UNSPECIFIED.,.F.,.F.)
B_SPLINE_CURVE_WITH_KNOTS((3,3),(0.0320506517113944,0.11360999915687),
 .UNSPECIFIED.)
CURVE()
GEOMETRIC_REPRESENTATION_ITEM()
RATIONAL_B_SPLINE_CURVE((1.00636119496226,1.01160926479056,1.00237491848887))
REPRESENTATION_ITEM('')
);
#150=(
BOUNDED_CURVE()
B_SPLINE_CURVE(2,(#10334,#10335,#10336),.UNSPECIFIED.,.F.,.F.)
B_SPLINE_CURVE_WITH_KNOTS((3,3),(0.00960148956961119,0.0911608370150866),
 .UNSPECIFIED.)
CURVE()
GEOMETRIC_REPRESENTATION_ITEM()
RATIONAL_B_SPLINE_CURVE((1.00237491848887,1.01160926479057,1.00636119496226))
REPRESENTATION_ITEM('')
);
#151=(
BOUNDED_CURVE()
B_SPLINE_CURVE(2,(#10338,#10339,#10340),.UNSPECIFIED.,.F.,.F.)
B_SPLINE_CURVE_WITH_KNOTS((3,3),(0.0320506517113922,0.113609999156871),
 .UNSPECIFIED.)
CURVE()
GEOMETRIC_REPRESENTATION_ITEM()
RATIONAL_B_SPLINE_CURVE((1.00636119496232,1.01160926479068,1.00237491848889))
REPRESENTATION_ITEM('')
);
#152=(
BOUNDED_CURVE()
B_SPLINE_CURVE(2,(#10341,#10342,#10343),.UNSPECIFIED.,.F.,.F.)
B_SPLINE_CURVE_WITH_KNOTS((3,3),(0.0896603845669552,0.0911608370150882),
 .UNSPECIFIED.)
CURVE()
GEOMETRIC_REPRESENTATION_ITEM()
RATIONAL_B_SPLINE_CURVE((1.00654939150256,1.00645774403324,1.0063611949623))
REPRESENTATION_ITEM('')
);
#153=CONICAL_SURFACE('',#6433,2.8,0.785398163397448);
#154=CONICAL_SURFACE('',#6441,3.2,0.785398163397448);
#155=CONICAL_SURFACE('',#6473,2.44848588405723,0.785398163397448);
#156=CONICAL_SURFACE('',#6475,2.44848588405723,0.785398163397448);
#157=CONICAL_SURFACE('',#6477,2.44848588405723,0.785398163397448);
#158=CONICAL_SURFACE('',#6479,2.44848588405723,0.785398163397448);
#159=CONICAL_SURFACE('',#6481,2.44848588405723,0.785398163397448);
#160=CONICAL_SURFACE('',#6483,2.44848588405723,0.785398163397448);
#161=CONICAL_SURFACE('',#6485,2.44848588405723,0.785398163397448);
#162=CONICAL_SURFACE('',#6487,2.44848588405723,0.785398163397448);
#163=CONICAL_SURFACE('',#6489,2.44848588405723,0.785398163397448);
#164=CONICAL_SURFACE('',#6491,2.44848588405723,0.785398163397448);
#165=CONICAL_SURFACE('',#6493,2.44848588405723,0.785398163397448);
#166=CONICAL_SURFACE('',#6495,2.44848588405723,0.785398163397448);
#167=CONICAL_SURFACE('',#6497,2.44848588405723,0.785398163397448);
#168=CONICAL_SURFACE('',#6499,2.44848588405723,0.785398163397448);
#169=CONICAL_SURFACE('',#6501,2.44848588405723,0.785398163397448);
#170=CONICAL_SURFACE('',#6503,2.44848588405723,0.785398163397448);
#171=CONICAL_SURFACE('',#6505,2.44848588405723,0.785398163397448);
#172=CONICAL_SURFACE('',#6507,2.44848588405723,0.785398163397448);
#173=CONICAL_SURFACE('',#6509,2.44848588405723,0.785398163397448);
#174=CONICAL_SURFACE('',#6511,2.44848588405723,0.785398163397448);
#175=CONICAL_SURFACE('',#6513,2.44848588405723,0.785398163397448);
#176=CONICAL_SURFACE('',#6515,2.44848588405723,0.785398163397448);
#177=CONICAL_SURFACE('',#6517,2.44848588405723,0.785398163397448);
#178=CONICAL_SURFACE('',#6519,2.44848588405723,0.785398163397448);
#179=CONICAL_SURFACE('',#6521,2.49644660940673,0.785398163397448);
#180=CONICAL_SURFACE('',#6529,2.44848588405723,0.785398163397448);
#181=CONICAL_SURFACE('',#6530,2.44848588405723,0.785398163397448);
#182=CONICAL_SURFACE('',#6556,2.85,0.785398163397448);
#183=CONICAL_SURFACE('',#6567,2.8020392746505,0.785398163397448);
#184=CONICAL_SURFACE('',#6568,2.8020392746505,0.785398163397448);
#185=CONICAL_SURFACE('',#6571,2.80432489969422,0.785398163397447);
#186=CONICAL_SURFACE('',#6572,2.80432489969422,0.785398163397447);
#187=TOROIDAL_SURFACE('',#6266,0.475,0.3);
#188=TOROIDAL_SURFACE('',#6271,0.475,0.3);
#189=TOROIDAL_SURFACE('',#6276,0.475,0.3);
#190=TOROIDAL_SURFACE('',#6281,0.475,0.3);
#191=TOROIDAL_SURFACE('',#6387,0.826794919243112,0.2);
#192=TOROIDAL_SURFACE('',#6393,0.573205080756888,0.2);
#193=TOROIDAL_SURFACE('',#6397,0.82,0.03);
#194=TOROIDAL_SURFACE('',#6406,0.82,0.03);
#195=TOROIDAL_SURFACE('',#6410,0.82,0.03);
#196=TOROIDAL_SURFACE('',#6419,0.82,0.03);
#197=TOROIDAL_SURFACE('',#6423,0.826794919243112,0.2);
#198=TOROIDAL_SURFACE('',#6429,0.573205080756888,0.2);
#199=TOROIDAL_SURFACE('',#6469,2.55,0.6);
#200=TOROIDAL_SURFACE('',#6526,2.55,0.6);
#201=TOROIDAL_SURFACE('',#6548,2.55,0.1);
#202=TOROIDAL_SURFACE('',#6559,3.15,0.1);
#203=B_SPLINE_CURVE_WITH_KNOTS('',3,(#8751,#8752,#8753,#8754,#8755,#8756,
#8757,#8758,#8759,#8760),.UNSPECIFIED.,.F.,.F.,(4,3,3,4),(-0.154169664763143,
-0.151452323700552,-0.151216495837388,-0.148715322411858),.UNSPECIFIED.);
#204=B_SPLINE_CURVE_WITH_KNOTS('',4,(#8761,#8762,#8763,#8764,#8765,#8766,
#8767,#8768,#8769),.UNSPECIFIED.,.F.,.F.,(5,1,1,1,1,5),(0.0472907824161611,
0.158091332653168,0.339361647146137,0.589361647146137,0.788003026715646,
1.),.UNSPECIFIED.);
#205=B_SPLINE_CURVE_WITH_KNOTS('',4,(#8771,#8772,#8773,#8774,#8775,#8776,
#8777,#8778,#8779),.UNSPECIFIED.,.F.,.F.,(5,1,1,1,1,5),(-1.,-0.788003026715646,
-0.589361647146137,-0.339361647146137,-0.158091332653168,-0.0472907824161611),
 .UNSPECIFIED.);
#206=B_SPLINE_CURVE_WITH_KNOTS('',3,(#8781,#8782,#8783,#8784,#8785,#8786,
#8787,#8788,#8789,#8790),.UNSPECIFIED.,.F.,.F.,(4,3,3,4),(-0.0117918372630369,
-0.0105075238930167,-0.00472483034902913,0.),.UNSPECIFIED.);
#207=B_SPLINE_CURVE_WITH_KNOTS('',4,(#8803,#8804,#8805,#8806,#8807,#8808,
#8809,#8810,#8811),.UNSPECIFIED.,.F.,.F.,(5,1,1,1,1,5),(-1.,-0.842251895408506,
-0.657444973160448,-0.407444973160448,-0.211788308393597,0.),
 .UNSPECIFIED.);
#208=B_SPLINE_CURVE_WITH_KNOTS('',4,(#8833,#8834,#8835,#8836,#8837,#8838,
#8839,#8840,#8841),.UNSPECIFIED.,.F.,.F.,(5,1,1,1,1,5),(0.,0.211788308393597,
0.407444973160448,0.657444973160448,0.842251895408506,1.),.UNSPECIFIED.);
#209=B_SPLINE_CURVE_WITH_KNOTS('',3,(#8872,#8873,#8874,#8875,#8876,#8877,
#8878,#8879,#8880,#8881),.UNSPECIFIED.,.F.,.F.,(4,3,3,4),(-0.154169664763143,
-0.151452323700552,-0.151216495837388,-0.148715322411858),.UNSPECIFIED.);
#210=B_SPLINE_CURVE_WITH_KNOTS('',3,(#8885,#8886,#8887,#8888,#8889,#8890,
#8891,#8892,#8893,#8894),.UNSPECIFIED.,.F.,.F.,(4,3,3,4),(-0.0117918372630369,
-0.0105075238930167,-0.00472483034902913,0.),.UNSPECIFIED.);
#211=B_SPLINE_CURVE_WITH_KNOTS('',4,(#8895,#8896,#8897,#8898,#8899,#8900,
#8901,#8902,#8903),.UNSPECIFIED.,.F.,.F.,(5,1,1,1,1,5),(-1.,-0.788003026715646,
-0.589361647146137,-0.339361647146137,-0.158091332653168,-0.0472907824161611),
 .UNSPECIFIED.);
#212=B_SPLINE_CURVE_WITH_KNOTS('',4,(#8904,#8905,#8906,#8907,#8908,#8909,
#8910,#8911,#8912),.UNSPECIFIED.,.F.,.F.,(5,1,1,1,1,5),(0.0472907824161611,
0.158091332653168,0.339361647146137,0.589361647146137,0.788003026715646,
1.),.UNSPECIFIED.);
#213=B_SPLINE_CURVE_WITH_KNOTS('',4,(#8924,#8925,#8926,#8927,#8928,#8929,
#8930,#8931,#8932),.UNSPECIFIED.,.F.,.F.,(5,1,1,1,1,5),(-1.,-0.842251895408506,
-0.657444973160448,-0.407444973160448,-0.211788308393597,0.),
 .UNSPECIFIED.);
#214=B_SPLINE_CURVE_WITH_KNOTS('',4,(#8954,#8955,#8956,#8957,#8958,#8959,
#8960,#8961,#8962),.UNSPECIFIED.,.F.,.F.,(5,1,1,1,1,5),(0.,0.211788308393597,
0.407444973160448,0.657444973160448,0.842251895408506,1.),.UNSPECIFIED.);
#215=B_SPLINE_CURVE_WITH_KNOTS('',3,(#9504,#9505,#9506,#9507,#9508,#9509,
#9510,#9511),.UNSPECIFIED.,.F.,.F.,(4,2,2,4),(0.512341932057976,0.513745708193555,
0.536785123767503,0.558093678546466),.UNSPECIFIED.);
#216=B_SPLINE_CURVE_WITH_KNOTS('',3,(#9526,#9527,#9528,#9529,#9530,#9531,
#9532,#9533),.UNSPECIFIED.,.F.,.F.,(4,2,2,4),(0.186031226182155,0.207339780961118,
0.230379196535067,0.231782972670844),.UNSPECIFIED.);
#217=B_SPLINE_CURVE_WITH_KNOTS('',3,(#9593,#9594,#9595,#9596,#9597,#9598,
#9599,#9600),.UNSPECIFIED.,.F.,.F.,(4,2,2,4),(0.186031226182155,0.207339780961118,
0.230379196535067,0.231782972670845),.UNSPECIFIED.);
#218=B_SPLINE_CURVE_WITH_KNOTS('',3,(#9613,#9614,#9615,#9616,#9617,#9618,
#9619,#9620),.UNSPECIFIED.,.F.,.F.,(4,2,2,4),(0.512341932057975,0.513745708193554,
0.536785123767503,0.558093678546466),.UNSPECIFIED.);
#219=B_SPLINE_CURVE_WITH_KNOTS('',3,(#9944,#9945,#9946,#9947,#9948,#9949),
 .UNSPECIFIED.,.F.,.F.,(4,2,4),(0.0299134973311112,0.033591382745314,0.0339609718892617),
 .UNSPECIFIED.);
#220=B_SPLINE_CURVE_WITH_KNOTS('',3,(#9976,#9977,#9978,#9979,#9980,#9981),
 .UNSPECIFIED.,.F.,.F.,(4,2,4),(0.0258660227729609,0.0262356119169084,0.0299134973311112),
 .UNSPECIFIED.);
#221=B_SPLINE_CURVE_WITH_KNOTS('',3,(#10002,#10003,#10004,#10005,#10006,
#10007),.UNSPECIFIED.,.F.,.F.,(4,2,4),(0.0258660227754961,0.0262356119169084,
0.0299134973311112),.UNSPECIFIED.);
#222=B_SPLINE_CURVE_WITH_KNOTS('',3,(#10009,#10010,#10011,#10012,#10013,
#10014),.UNSPECIFIED.,.F.,.F.,(4,2,4),(0.0299134973311112,0.0335913827453141,
0.0339609718867428),.UNSPECIFIED.);
#223=B_SPLINE_CURVE_WITH_KNOTS('',3,(#10417,#10418,#10419,#10420,#10421,
#10422,#10423,#10424,#10425,#10426,#10427,#10428,#10429),.UNSPECIFIED.,
 .F.,.F.,(4,1,1,1,1,1,1,1,2,4),(-9.42519619301418,-9.18915851175015,-8.32522053201295,
-7.46128255227576,-6.59734457253857,-5.73340659280137,-4.86946861306418,
-4.00553063332699,-3.14159265358979,-3.14114394424515),.UNSPECIFIED.);
#224=B_SPLINE_CURVE_WITH_KNOTS('',3,(#10434,#10435,#10436,#10437,#10438,
#10439,#10440,#10441),.UNSPECIFIED.,.F.,.F.,(4,1,2,1,4),(-3.14114394424515,
-2.51327412287183,-1.5707963267949,-0.628318530717959,0.),.UNSPECIFIED.);
#225=B_SPLINE_CURVE_WITH_KNOTS('',3,(#10444,#10445,#10446,#10447,#10448,
#10449,#10450,#10451),.UNSPECIFIED.,.F.,.F.,(4,1,2,1,4),(0.,0.628318530717959,
1.5707963267949,2.51327412287183,3.14114394424515),.UNSPECIFIED.);
#226=B_SPLINE_CURVE_WITH_KNOTS('',3,(#10456,#10457,#10458,#10459,#10460,
#10461,#10462,#10463,#10464,#10465,#10466),.UNSPECIFIED.,.F.,.F.,(4,1,1,
1,1,1,1,1,4),(-15.7079024813003,-15.2367243699105,-14.3727863901733,-13.5088484104361,
-12.6449104306989,-11.7809724509617,-10.9170344712245,-10.0530964914873,
-9.42519619301418),.UNSPECIFIED.);
#227=B_SPLINE_CURVE_WITH_KNOTS('',3,(#10467,#10468,#10469,#10470,#10471,
#10472,#10473,#10474,#10475,#10476,#10477,#10478,#10479),.UNSPECIFIED.,
 .F.,.F.,(4,2,1,1,1,1,1,1,1,4),(3.14114394424515,3.14159265358979,4.00553063332699,
4.86946861306418,5.73340659280137,6.59734457253857,7.46128255227576,8.32522053201295,
9.18915851175015,9.42520230387318),.UNSPECIFIED.);
#228=B_SPLINE_CURVE_WITH_KNOTS('',3,(#10484,#10485,#10486,#10487,#10488,
#10489,#10490,#10491,#10492,#10493,#10494),.UNSPECIFIED.,.F.,.F.,(4,1,1,
1,1,1,1,1,4),(-21.9907449154774,-21.2842902280708,-20.4203522483336,-19.5564142685965,
-18.6924762888593,-17.8285383091221,-16.9646003293849,-16.1006623496477,
-15.7079024813003),.UNSPECIFIED.);
#229=B_SPLINE_CURVE_WITH_KNOTS('',3,(#10495,#10496,#10497,#10498,#10499,
#10500,#10501,#10502,#10503,#10504,#10505),.UNSPECIFIED.,.F.,.F.,(4,1,1,
1,1,1,1,1,4),(9.42520230387318,10.0530964914873,10.9170344712245,11.7809724509617,
12.6449104306989,13.5088484104361,14.3727863901733,15.2367243699105,15.7079328443634),
 .UNSPECIFIED.);
#230=B_SPLINE_CURVE_WITH_KNOTS('',3,(#10510,#10511,#10512,#10513,#10514,
#10515,#10516,#10517,#10518,#10519,#10520,#10521),.UNSPECIFIED.,.F.,.F.,
(4,1,1,1,1,1,1,1,1,4),(-28.2745205799487,-28.1957940659684,-27.3318560862312,
-26.467918106494,-25.6039801267568,-24.7400421470196,-23.8761041672824,
-23.0121661875452,-22.148228207808,-21.9907449154774),.UNSPECIFIED.);
#231=B_SPLINE_CURVE_WITH_KNOTS('',3,(#10522,#10523,#10524,#10525,#10526,
#10527,#10528,#10529,#10530,#10531,#10532),.UNSPECIFIED.,.F.,.F.,(4,1,1,
1,1,1,1,1,4),(15.7079328443634,16.1006623496477,16.9646003293849,17.8285383091221,
18.6924762888593,19.5564142685965,20.4203522483336,21.2842902280708,21.9907449168349),
 .UNSPECIFIED.);
#232=B_SPLINE_CURVE_WITH_KNOTS('',3,(#10537,#10538,#10539,#10540,#10541,
#10542,#10543,#10544,#10545,#10546,#10547),.UNSPECIFIED.,.F.,.F.,(4,1,1,
1,1,1,1,1,4),(-34.5578518620544,-34.2433599241287,-33.3794219443915,-32.5154839646544,
-31.6515459849172,-30.78760800518,-29.9236700254428,-29.0597320457056,-28.2745205799487),
 .UNSPECIFIED.);
#233=B_SPLINE_CURVE_WITH_KNOTS('',3,(#10548,#10549,#10550,#10551,#10552,
#10553,#10554,#10555,#10556,#10557,#10558,#10559),.UNSPECIFIED.,.F.,.F.,
(4,1,1,1,1,1,1,1,1,4),(21.9907449168349,22.148228207808,23.0121661875452,
23.8761041672824,24.7400421470196,25.6039801267568,26.467918106494,27.3318560862312,
28.1957940659684,28.2745205797477),.UNSPECIFIED.);
#234=B_SPLINE_CURVE_WITH_KNOTS('',3,(#10567,#10568,#10569,#10570,#10571,
#10572,#10573),.UNSPECIFIED.,.F.,.F.,(4,3,4),(0.,0.00795840612150387,0.0165536290111611),
 .UNSPECIFIED.);
#235=B_SPLINE_CURVE_WITH_KNOTS('',3,(#10575,#10576,#10577,#10578,#10579,
#10580),.UNSPECIFIED.,.F.,.F.,(4,2,4),(0.000226762099405644,0.000715325270091487,
0.00143061350737947),.UNSPECIFIED.);
#236=B_SPLINE_CURVE_WITH_KNOTS('',3,(#10582,#10583,#10584,#10585,#10586,
#10587),.UNSPECIFIED.,.F.,.F.,(4,2,4),(0.,0.01065937352333,0.0230297129595693),
 .UNSPECIFIED.);
#237=B_SPLINE_CURVE_WITH_KNOTS('',3,(#10588,#10589,#10590,#10591,#10592,
#10593,#10594),.UNSPECIFIED.,.F.,.F.,(4,1,1,1,4),(-37.6991118430775,-36.8351738633403,
-35.9712358836031,-35.1072979038659,-34.5578518620544),.UNSPECIFIED.);
#238=B_SPLINE_CURVE_WITH_KNOTS('',3,(#10595,#10596,#10597,#10598,#10599,
#10600,#10601,#10602,#10603,#10604,#10605),.UNSPECIFIED.,.F.,.F.,(4,1,1,
1,1,1,1,1,4),(28.2745205797477,29.0597320457056,29.9236700254428,30.78760800518,
31.6515459849172,32.5154839646544,33.3794219443915,34.2433599241287,34.5578716329126),
 .UNSPECIFIED.);
#239=B_SPLINE_CURVE_WITH_KNOTS('',3,(#10623,#10624,#10625,#10626),
 .UNSPECIFIED.,.F.,.F.,(4,4),(0.,0.00021862730053392),.UNSPECIFIED.);
#240=B_SPLINE_CURVE_WITH_KNOTS('',3,(#10630,#10631,#10632,#10633),
 .UNSPECIFIED.,.F.,.F.,(4,4),(-0.0403112887414927,-0.0232273271592038),
 .UNSPECIFIED.);
#241=B_SPLINE_CURVE_WITH_KNOTS('',3,(#10634,#10635,#10636,#10637,#10638,
#10639,#10640),.UNSPECIFIED.,.F.,.F.,(4,3,4),(-0.0477581190847955,-0.0342316085882679,
-0.0306861330284296),.UNSPECIFIED.);
#242=B_SPLINE_CURVE_WITH_KNOTS('',3,(#10658,#10659,#10660,#10661),
 .UNSPECIFIED.,.F.,.F.,(4,4),(0.,0.00932896461825159),.UNSPECIFIED.);
#243=B_SPLINE_CURVE_WITH_KNOTS('',3,(#10662,#10663,#10664,#10665),
 .UNSPECIFIED.,.F.,.F.,(4,4),(37.6690673487803,37.6991118430775),
 .UNSPECIFIED.);
#244=B_SPLINE_CURVE_WITH_KNOTS('',3,(#10683,#10684,#10685,#10686),
 .UNSPECIFIED.,.F.,.F.,(4,4),(-0.0475251960139201,-0.0305441511649669),
 .UNSPECIFIED.);
#245=B_SPLINE_CURVE_WITH_KNOTS('',3,(#10688,#10689,#10690,#10691),
 .UNSPECIFIED.,.F.,.F.,(4,4),(0.,0.023218761460994),.UNSPECIFIED.);
#246=B_SPLINE_CURVE_WITH_KNOTS('',3,(#10692,#10693,#10694,#10695),
 .UNSPECIFIED.,.F.,.F.,(4,4),(-0.0403112887414927,0.),.UNSPECIFIED.);
#247=B_SPLINE_CURVE_WITH_KNOTS('',3,(#10712,#10713,#10714,#10715),
 .UNSPECIFIED.,.F.,.F.,(4,4),(-0.000660668733958799,-3.88017558005676E-8),
 .UNSPECIFIED.);
#248=B_SPLINE_CURVE_WITH_KNOTS('',3,(#10912,#10913,#10914,#10915,#10916,
#10917,#10918),.UNSPECIFIED.,.F.,.F.,(4,1,1,1,4),(34.5578716329126,35.1072979038659,
35.9712358836031,36.8351738633403,37.669064048689),.UNSPECIFIED.);
#249=B_SPLINE_CURVE_WITH_KNOTS('',3,(#10921,#10922,#10923,#10924,#10925,
#10926,#10927,#10928,#10929,#10930,#10931,#10932,#10933,#10934,#10935,#10936,
#10937,#10938,#10939,#10940,#10941,#10942,#10943,#10944,#10945,#10946,#10947,
#10948,#10949,#10950,#10951,#10952,#10953,#10954,#10955,#10956,#10957,#10958,
#10959,#10960,#10961,#10962,#10963,#10964,#10965,#10966,#10967,#10968,#10969),
 .UNSPECIFIED.,.F.,.F.,(4,1,2,1,2,1,1,1,1,1,1,1,1,1,1,1,1,1,1,1,1,1,1,1,
1,1,1,1,1,1,1,1,1,1,1,1,1,1,1,1,1,1,1,1,4),(0.,0.628318530717959,1.5707963267949,
2.51327412287183,3.14159265358979,4.00553063332699,4.86946861306418,5.73340659280137,
6.59734457253857,7.46128255227576,8.32522053201295,9.18915851175015,10.0530964914873,
10.9170344712245,11.7809724509617,12.6449104306989,13.5088484104361,14.3727863901733,
15.2367243699105,16.1006623496477,16.9646003293849,17.8285383091221,18.6924762888593,
19.5564142685965,20.4203522483336,21.2842902280708,22.148228207808,23.0121661875452,
23.8761041672824,24.7400421470196,25.6039801267568,26.467918106494,27.3318560862312,
28.1957940659684,29.0597320457056,29.9236700254428,30.78760800518,31.6515459849172,
32.5154839646544,33.3794219443915,34.2433599241287,35.1072979038659,35.9712358836031,
36.8351738633403,37.6991118430775),.UNSPECIFIED.);
#250=B_SPLINE_SURFACE_WITH_KNOTS('',4,1,((#8731,#8732),(#8733,#8734),(#8735,
#8736),(#8737,#8738),(#8739,#8740),(#8741,#8742),(#8743,#8744),(#8745,#8746),
(#8747,#8748)),.UNSPECIFIED.,.F.,.F.,.F.,(5,1,1,1,1,5),(2,2),(0.,0.158091332653168,
0.339361647146137,0.589361647146137,0.788003026715646,1.),(-0.055,0.055),
 .UNSPECIFIED.);
#251=B_SPLINE_SURFACE_WITH_KNOTS('',4,1,((#8813,#8814),(#8815,#8816),(#8817,
#8818),(#8819,#8820),(#8821,#8822),(#8823,#8824),(#8825,#8826),(#8827,#8828),
(#8829,#8830)),.UNSPECIFIED.,.F.,.F.,.F.,(5,1,1,1,1,5),(2,2),(0.,0.211788308393597,
0.407444973160448,0.657444973160448,0.842251895408506,1.),(-0.055,0.055),
 .UNSPECIFIED.);
#252=B_SPLINE_SURFACE_WITH_KNOTS('',4,1,((#8852,#8853),(#8854,#8855),(#8856,
#8857),(#8858,#8859),(#8860,#8861),(#8862,#8863),(#8864,#8865),(#8866,#8867),
(#8868,#8869)),.UNSPECIFIED.,.F.,.F.,.F.,(5,1,1,1,1,5),(2,2),(0.,0.158091332653168,
0.339361647146137,0.589361647146137,0.788003026715646,1.),(-0.055,0.055),
 .UNSPECIFIED.);
#253=B_SPLINE_SURFACE_WITH_KNOTS('',4,1,((#8934,#8935),(#8936,#8937),(#8938,
#8939),(#8940,#8941),(#8942,#8943),(#8944,#8945),(#8946,#8947),(#8948,#8949),
(#8950,#8951)),.UNSPECIFIED.,.F.,.F.,.F.,(5,1,1,1,1,5),(2,2),(0.,0.211788308393597,
0.407444973160448,0.657444973160448,0.842251895408506,1.),(-0.055,0.055),
 .UNSPECIFIED.);
#254=B_SPLINE_SURFACE_WITH_KNOTS('',3,3,((#10606,#10607,#10608,#10609),
(#10610,#10611,#10612,#10613),(#10614,#10615,#10616,#10617),(#10618,#10619,
#10620,#10621)),.UNSPECIFIED.,.F.,.F.,.F.,(4,4),(4,4),(-0.0403112887414929,
-0.0232273267917306),(-1.05451553759053E-16,0.014708272624793),
 .UNSPECIFIED.);
#255=B_SPLINE_SURFACE_WITH_KNOTS('',3,3,((#10641,#10642,#10643,#10644),
(#10645,#10646,#10647,#10648),(#10649,#10650,#10651,#10652),(#10653,#10654,
#10655,#10656)),.UNSPECIFIED.,.F.,.F.,.F.,(4,4),(4,4),(37.6690673487803,
37.6991118430775),(0.,0.000440869061592472),.UNSPECIFIED.);
#256=B_SPLINE_SURFACE_WITH_KNOTS('',3,3,((#10666,#10667,#10668,#10669),
(#10670,#10671,#10672,#10673),(#10674,#10675,#10676,#10677),(#10678,#10679,
#10680,#10681)),.UNSPECIFIED.,.F.,.F.,.F.,(4,4),(4,4),(-0.0403112887414928,
5.71299537324313E-17),(-6.11611288700571E-17,0.0200000000000003),
 .UNSPECIFIED.);
#257=B_SPLINE_SURFACE_WITH_KNOTS('',3,3,((#10696,#10697,#10698,#10699),
(#10700,#10701,#10702,#10703),(#10704,#10705,#10706,#10707),(#10708,#10709,
#10710,#10711)),.UNSPECIFIED.,.F.,.F.,.F.,(4,4),(4,4),(-0.028505533613109,
-0.0114208678326547),(37.6991117237178,37.7029919629179),.UNSPECIFIED.);
#258=B_SPLINE_SURFACE_WITH_KNOTS('',3,3,((#10716,#10717,#10718,#10719,#10720,
#10721,#10722,#10723,#10724,#10725,#10726,#10727,#10728,#10729,#10730,#10731,
#10732,#10733,#10734,#10735,#10736,#10737,#10738,#10739,#10740,#10741,#10742,
#10743,#10744,#10745,#10746,#10747,#10748,#10749,#10750,#10751,#10752,#10753,
#10754,#10755,#10756,#10757,#10758,#10759,#10760,#10761,#10762,#10763,#10764),
(#10765,#10766,#10767,#10768,#10769,#10770,#10771,#10772,#10773,#10774,
#10775,#10776,#10777,#10778,#10779,#10780,#10781,#10782,#10783,#10784,#10785,
#10786,#10787,#10788,#10789,#10790,#10791,#10792,#10793,#10794,#10795,#10796,
#10797,#10798,#10799,#10800,#10801,#10802,#10803,#10804,#10805,#10806,#10807,
#10808,#10809,#10810,#10811,#10812,#10813),(#10814,#10815,#10816,#10817,
#10818,#10819,#10820,#10821,#10822,#10823,#10824,#10825,#10826,#10827,#10828,
#10829,#10830,#10831,#10832,#10833,#10834,#10835,#10836,#10837,#10838,#10839,
#10840,#10841,#10842,#10843,#10844,#10845,#10846,#10847,#10848,#10849,#10850,
#10851,#10852,#10853,#10854,#10855,#10856,#10857,#10858,#10859,#10860,#10861,
#10862),(#10863,#10864,#10865,#10866,#10867,#10868,#10869,#10870,#10871,
#10872,#10873,#10874,#10875,#10876,#10877,#10878,#10879,#10880,#10881,#10882,
#10883,#10884,#10885,#10886,#10887,#10888,#10889,#10890,#10891,#10892,#10893,
#10894,#10895,#10896,#10897,#10898,#10899,#10900,#10901,#10902,#10903,#10904,
#10905,#10906,#10907,#10908,#10909,#10910,#10911)),.UNSPECIFIED.,.F.,.F.,
 .F.,(4,4),(4,1,2,1,2,1,1,1,1,1,1,1,1,1,1,1,1,1,1,1,1,1,1,1,1,1,1,1,1,1,
1,1,1,1,1,1,1,1,1,1,1,1,1,1,4),(-0.0403112887414927,0.),(0.,0.628318530717959,
1.5707963267949,2.51327412287183,3.14159265358979,4.00553063332699,4.86946861306418,
5.73340659280137,6.59734457253857,7.46128255227576,8.32522053201295,9.18915851175015,
10.0530964914873,10.9170344712245,11.7809724509617,12.6449104306989,13.5088484104361,
14.3727863901733,15.2367243699105,16.1006623496477,16.9646003293849,17.8285383091221,
18.6924762888593,19.5564142685965,20.4203522483336,21.2842902280708,22.148228207808,
23.0121661875452,23.8761041672824,24.7400421470196,25.6039801267568,26.467918106494,
27.3318560862312,28.1957940659684,29.0597320457056,29.9236700254428,30.78760800518,
31.6515459849172,32.5154839646544,33.3794219443915,34.2433599241287,35.1072979038659,
35.9712358836031,36.8351738633403,37.6991118430775),.UNSPECIFIED.);
#259=B_SPLINE_SURFACE_WITH_KNOTS('',3,3,((#10970,#10971,#10972,#10973,#10974,
#10975,#10976,#10977,#10978,#10979,#10980,#10981,#10982,#10983,#10984,#10985,
#10986,#10987,#10988,#10989,#10990,#10991,#10992,#10993,#10994,#10995,#10996,
#10997,#10998,#10999,#11000,#11001,#11002,#11003,#11004,#11005,#11006,#11007,
#11008,#11009,#11010,#11011,#11012,#11013,#11014,#11015,#11016,#11017,#11018),
(#11019,#11020,#11021,#11022,#11023,#11024,#11025,#11026,#11027,#11028,
#11029,#11030,#11031,#11032,#11033,#11034,#11035,#11036,#11037,#11038,#11039,
#11040,#11041,#11042,#11043,#11044,#11045,#11046,#11047,#11048,#11049,#11050,
#11051,#11052,#11053,#11054,#11055,#11056,#11057,#11058,#11059,#11060,#11061,
#11062,#11063,#11064,#11065,#11066,#11067),(#11068,#11069,#11070,#11071,
#11072,#11073,#11074,#11075,#11076,#11077,#11078,#11079,#11080,#11081,#11082,
#11083,#11084,#11085,#11086,#11087,#11088,#11089,#11090,#11091,#11092,#11093,
#11094,#11095,#11096,#11097,#11098,#11099,#11100,#11101,#11102,#11103,#11104,
#11105,#11106,#11107,#11108,#11109,#11110,#11111,#11112,#11113,#11114,#11115,
#11116),(#11117,#11118,#11119,#11120,#11121,#11122,#11123,#11124,#11125,
#11126,#11127,#11128,#11129,#11130,#11131,#11132,#11133,#11134,#11135,#11136,
#11137,#11138,#11139,#11140,#11141,#11142,#11143,#11144,#11145,#11146,#11147,
#11148,#11149,#11150,#11151,#11152,#11153,#11154,#11155,#11156,#11157,#11158,
#11159,#11160,#11161,#11162,#11163,#11164,#11165)),.UNSPECIFIED.,.F.,.F.,
 .F.,(4,4),(4,1,2,1,2,1,1,1,1,1,1,1,1,1,1,1,1,1,1,1,1,1,1,1,1,1,1,1,1,1,
1,1,1,1,1,1,1,1,1,1,1,1,1,1,4),(-0.0403112887414927,0.),(0.,0.628318530717959,
1.5707963267949,2.51327412287183,3.14159265358979,4.00553063332699,4.86946861306418,
5.73340659280137,6.59734457253857,7.46128255227576,8.32522053201295,9.18915851175015,
10.0530964914873,10.9170344712245,11.7809724509617,12.6449104306989,13.5088484104361,
14.3727863901733,15.2367243699105,16.1006623496477,16.9646003293849,17.8285383091221,
18.6924762888593,19.5564142685965,20.4203522483336,21.2842902280708,22.148228207808,
23.0121661875452,23.8761041672824,24.7400421470196,25.6039801267568,26.467918106494,
27.3318560862312,28.1957940659684,29.0597320457056,29.9236700254428,30.78760800518,
31.6515459849172,32.5154839646544,33.3794219443915,34.2433599241287,35.1072979038659,
35.9712358836031,36.8351738633403,37.6991118430775),.UNSPECIFIED.);
#260=STYLED_ITEM('',(#11192),#272);
#261=STYLED_ITEM('',(#11193),#273);
#262=STYLED_ITEM('',(#11193),#274);
#263=STYLED_ITEM('',(#11193),#275);
#264=STYLED_ITEM('',(#11193),#276);
#265=STYLED_ITEM('',(#11193),#277);
#266=STYLED_ITEM('',(#11194),#278);
#267=STYLED_ITEM('',(#11194),#279);
#268=STYLED_ITEM('',(#11194),#280);
#269=STYLED_ITEM('',(#11194),#281);
#270=STYLED_ITEM('',(#11193),#282);
#271=STYLED_ITEM('',(#11193),#283);
#272=MANIFOLD_SOLID_BREP('Solid1',#6054);
#273=MANIFOLD_SOLID_BREP('Solid2',#6055);
#274=MANIFOLD_SOLID_BREP('Solid2',#6056);
#275=MANIFOLD_SOLID_BREP('Solid2',#6057);
#276=MANIFOLD_SOLID_BREP('Solid2',#6058);
#277=MANIFOLD_SOLID_BREP('Solid2',#6059);
#278=MANIFOLD_SOLID_BREP('Solid3',#6060);
#279=MANIFOLD_SOLID_BREP('Solid3',#6061);
#280=MANIFOLD_SOLID_BREP('Solid3',#6062);
#281=MANIFOLD_SOLID_BREP('Solid3',#6063);
#282=MANIFOLD_SOLID_BREP('Solid6',#6064);
#283=MANIFOLD_SOLID_BREP('Solid7',#6065);
#284=FACE_BOUND('',#859,.T.);
#285=FACE_BOUND('',#866,.T.);
#286=FACE_BOUND('',#875,.T.);
#287=FACE_BOUND('',#889,.T.);
#288=FACE_BOUND('',#890,.T.);
#289=FACE_BOUND('',#891,.T.);
#290=FACE_BOUND('',#892,.T.);
#291=FACE_BOUND('',#897,.T.);
#292=FACE_BOUND('',#898,.T.);
#293=FACE_BOUND('',#899,.T.);
#294=FACE_BOUND('',#900,.T.);
#295=FACE_BOUND('',#1032,.T.);
#296=FACE_BOUND('',#1035,.T.);
#297=FACE_BOUND('',#1048,.T.);
#298=FACE_BOUND('',#1051,.T.);
#299=FACE_BOUND('',#1054,.T.);
#300=PLANE('',#6091);
#301=PLANE('',#6095);
#302=PLANE('',#6098);
#303=PLANE('',#6101);
#304=PLANE('',#6104);
#305=PLANE('',#6108);
#306=PLANE('',#6109);
#307=PLANE('',#6114);
#308=PLANE('',#6115);
#309=PLANE('',#6119);
#310=PLANE('',#6122);
#311=PLANE('',#6123);
#312=PLANE('',#6124);
#313=PLANE('',#6128);
#314=PLANE('',#6132);
#315=PLANE('',#6133);
#316=PLANE('',#6134);
#317=PLANE('',#6136);
#318=PLANE('',#6137);
#319=PLANE('',#6144);
#320=PLANE('',#6147);
#321=PLANE('',#6148);
#322=PLANE('',#6149);
#323=PLANE('',#6151);
#324=PLANE('',#6156);
#325=PLANE('',#6157);
#326=PLANE('',#6158);
#327=PLANE('',#6163);
#328=PLANE('',#6164);
#329=PLANE('',#6168);
#330=PLANE('',#6170);
#331=PLANE('',#6181);
#332=PLANE('',#6182);
#333=PLANE('',#6183);
#334=PLANE('',#6195);
#335=PLANE('',#6197);
#336=PLANE('',#6200);
#337=PLANE('',#6204);
#338=PLANE('',#6208);
#339=PLANE('',#6209);
#340=PLANE('',#6210);
#341=PLANE('',#6211);
#342=PLANE('',#6212);
#343=PLANE('',#6213);
#344=PLANE('',#6214);
#345=PLANE('',#6215);
#346=PLANE('',#6216);
#347=PLANE('',#6217);
#348=PLANE('',#6218);
#349=PLANE('',#6222);
#350=PLANE('',#6223);
#351=PLANE('',#6224);
#352=PLANE('',#6225);
#353=PLANE('',#6226);
#354=PLANE('',#6227);
#355=PLANE('',#6228);
#356=PLANE('',#6229);
#357=PLANE('',#6233);
#358=PLANE('',#6234);
#359=PLANE('',#6235);
#360=PLANE('',#6236);
#361=PLANE('',#6237);
#362=PLANE('',#6238);
#363=PLANE('',#6239);
#364=PLANE('',#6240);
#365=PLANE('',#6244);
#366=PLANE('',#6248);
#367=PLANE('',#6249);
#368=PLANE('',#6250);
#369=PLANE('',#6251);
#370=PLANE('',#6252);
#371=PLANE('',#6253);
#372=PLANE('',#6254);
#373=PLANE('',#6255);
#374=PLANE('',#6256);
#375=PLANE('',#6257);
#376=PLANE('',#6258);
#377=PLANE('',#6259);
#378=PLANE('',#6260);
#379=PLANE('',#6261);
#380=PLANE('',#6262);
#381=PLANE('',#6263);
#382=PLANE('',#6264);
#383=PLANE('',#6265);
#384=PLANE('',#6288);
#385=PLANE('',#6294);
#386=PLANE('',#6297);
#387=PLANE('',#6304);
#388=PLANE('',#6307);
#389=PLANE('',#6312);
#390=PLANE('',#6313);
#391=PLANE('',#6314);
#392=PLANE('',#6318);
#393=PLANE('',#6320);
#394=PLANE('',#6321);
#395=PLANE('',#6322);
#396=PLANE('',#6326);
#397=PLANE('',#6329);
#398=PLANE('',#6336);
#399=PLANE('',#6339);
#400=PLANE('',#6344);
#401=PLANE('',#6345);
#402=PLANE('',#6346);
#403=PLANE('',#6350);
#404=PLANE('',#6352);
#405=PLANE('',#6353);
#406=PLANE('',#6354);
#407=PLANE('',#6358);
#408=PLANE('',#6361);
#409=PLANE('',#6368);
#410=PLANE('',#6371);
#411=PLANE('',#6376);
#412=PLANE('',#6377);
#413=PLANE('',#6378);
#414=PLANE('',#6382);
#415=PLANE('',#6384);
#416=PLANE('',#6385);
#417=PLANE('',#6386);
#418=PLANE('',#6391);
#419=PLANE('',#6396);
#420=PLANE('',#6405);
#421=PLANE('',#6409);
#422=PLANE('',#6418);
#423=PLANE('',#6422);
#424=PLANE('',#6427);
#425=PLANE('',#6432);
#426=PLANE('',#6436);
#427=PLANE('',#6447);
#428=PLANE('',#6448);
#429=PLANE('',#6449);
#430=PLANE('',#6450);
#431=PLANE('',#6451);
#432=PLANE('',#6452);
#433=PLANE('',#6453);
#434=PLANE('',#6454);
#435=PLANE('',#6455);
#436=PLANE('',#6456);
#437=PLANE('',#6457);
#438=PLANE('',#6458);
#439=PLANE('',#6459);
#440=PLANE('',#6460);
#441=PLANE('',#6461);
#442=PLANE('',#6462);
#443=PLANE('',#6463);
#444=PLANE('',#6464);
#445=PLANE('',#6465);
#446=PLANE('',#6466);
#447=PLANE('',#6531);
#448=PLANE('',#6532);
#449=PLANE('',#6533);
#450=PLANE('',#6534);
#451=PLANE('',#6535);
#452=PLANE('',#6536);
#453=PLANE('',#6537);
#454=PLANE('',#6538);
#455=PLANE('',#6539);
#456=PLANE('',#6540);
#457=PLANE('',#6541);
#458=PLANE('',#6542);
#459=PLANE('',#6543);
#460=PLANE('',#6544);
#461=PLANE('',#6561);
#462=PLANE('',#6562);
#463=PLANE('',#6563);
#464=PLANE('',#6566);
#465=PLANE('',#6569);
#466=PLANE('',#6574);
#467=PLANE('',#6575);
#468=PLANE('',#6576);
#469=PLANE('',#6577);
#470=PLANE('',#6578);
#471=PLANE('',#6579);
#472=PLANE('',#6580);
#473=PLANE('',#6581);
#474=PLANE('',#6582);
#475=PLANE('',#6583);
#476=PLANE('',#6584);
#477=PLANE('',#6585);
#478=PLANE('',#6586);
#479=PLANE('',#6587);
#480=PLANE('',#6588);
#481=PLANE('',#6589);
#482=PLANE('',#6590);
#483=PLANE('',#6591);
#484=PLANE('',#6592);
#485=PLANE('',#6593);
#486=PLANE('',#6594);
#487=PLANE('',#6595);
#488=PLANE('',#6596);
#489=PLANE('',#6597);
#490=PLANE('',#6598);
#491=PLANE('',#6599);
#492=PLANE('',#6600);
#493=PLANE('',#6601);
#494=PLANE('',#6602);
#495=PLANE('',#6603);
#496=PLANE('',#6604);
#497=PLANE('',#6605);
#498=PLANE('',#6606);
#499=PLANE('',#6607);
#500=PLANE('',#6608);
#501=PLANE('',#6617);
#502=PLANE('',#6620);
#503=PLANE('',#6621);
#504=FACE_OUTER_BOUND('',#838,.T.);
#505=FACE_OUTER_BOUND('',#839,.T.);
#506=FACE_OUTER_BOUND('',#840,.T.);
#507=FACE_OUTER_BOUND('',#841,.T.);
#508=FACE_OUTER_BOUND('',#842,.T.);
#509=FACE_OUTER_BOUND('',#843,.T.);
#510=FACE_OUTER_BOUND('',#844,.T.);
#511=FACE_OUTER_BOUND('',#845,.T.);
#512=FACE_OUTER_BOUND('',#846,.T.);
#513=FACE_OUTER_BOUND('',#847,.T.);
#514=FACE_OUTER_BOUND('',#848,.T.);
#515=FACE_OUTER_BOUND('',#849,.T.);
#516=FACE_OUTER_BOUND('',#850,.T.);
#517=FACE_OUTER_BOUND('',#851,.T.);
#518=FACE_OUTER_BOUND('',#852,.T.);
#519=FACE_OUTER_BOUND('',#853,.T.);
#520=FACE_OUTER_BOUND('',#854,.T.);
#521=FACE_OUTER_BOUND('',#855,.T.);
#522=FACE_OUTER_BOUND('',#856,.T.);
#523=FACE_OUTER_BOUND('',#857,.T.);
#524=FACE_OUTER_BOUND('',#858,.T.);
#525=FACE_OUTER_BOUND('',#860,.T.);
#526=FACE_OUTER_BOUND('',#861,.T.);
#527=FACE_OUTER_BOUND('',#862,.T.);
#528=FACE_OUTER_BOUND('',#863,.T.);
#529=FACE_OUTER_BOUND('',#864,.T.);
#530=FACE_OUTER_BOUND('',#865,.T.);
#531=FACE_OUTER_BOUND('',#867,.T.);
#532=FACE_OUTER_BOUND('',#868,.T.);
#533=FACE_OUTER_BOUND('',#869,.T.);
#534=FACE_OUTER_BOUND('',#870,.T.);
#535=FACE_OUTER_BOUND('',#871,.T.);
#536=FACE_OUTER_BOUND('',#872,.T.);
#537=FACE_OUTER_BOUND('',#873,.T.);
#538=FACE_OUTER_BOUND('',#874,.T.);
#539=FACE_OUTER_BOUND('',#876,.T.);
#540=FACE_OUTER_BOUND('',#877,.T.);
#541=FACE_OUTER_BOUND('',#878,.T.);
#542=FACE_OUTER_BOUND('',#879,.T.);
#543=FACE_OUTER_BOUND('',#880,.T.);
#544=FACE_OUTER_BOUND('',#881,.T.);
#545=FACE_OUTER_BOUND('',#882,.T.);
#546=FACE_OUTER_BOUND('',#883,.T.);
#547=FACE_OUTER_BOUND('',#884,.T.);
#548=FACE_OUTER_BOUND('',#885,.T.);
#549=FACE_OUTER_BOUND('',#886,.T.);
#550=FACE_OUTER_BOUND('',#887,.T.);
#551=FACE_OUTER_BOUND('',#888,.T.);
#552=FACE_OUTER_BOUND('',#893,.T.);
#553=FACE_OUTER_BOUND('',#894,.T.);
#554=FACE_OUTER_BOUND('',#895,.T.);
#555=FACE_OUTER_BOUND('',#896,.T.);
#556=FACE_OUTER_BOUND('',#901,.T.);
#557=FACE_OUTER_BOUND('',#902,.T.);
#558=FACE_OUTER_BOUND('',#903,.T.);
#559=FACE_OUTER_BOUND('',#904,.T.);
#560=FACE_OUTER_BOUND('',#905,.T.);
#561=FACE_OUTER_BOUND('',#906,.T.);
#562=FACE_OUTER_BOUND('',#907,.T.);
#563=FACE_OUTER_BOUND('',#908,.T.);
#564=FACE_OUTER_BOUND('',#909,.T.);
#565=FACE_OUTER_BOUND('',#910,.T.);
#566=FACE_OUTER_BOUND('',#911,.T.);
#567=FACE_OUTER_BOUND('',#912,.T.);
#568=FACE_OUTER_BOUND('',#913,.T.);
#569=FACE_OUTER_BOUND('',#914,.T.);
#570=FACE_OUTER_BOUND('',#915,.T.);
#571=FACE_OUTER_BOUND('',#916,.T.);
#572=FACE_OUTER_BOUND('',#917,.T.);
#573=FACE_OUTER_BOUND('',#918,.T.);
#574=FACE_OUTER_BOUND('',#919,.T.);
#575=FACE_OUTER_BOUND('',#920,.T.);
#576=FACE_OUTER_BOUND('',#921,.T.);
#577=FACE_OUTER_BOUND('',#922,.T.);
#578=FACE_OUTER_BOUND('',#923,.T.);
#579=FACE_OUTER_BOUND('',#924,.T.);
#580=FACE_OUTER_BOUND('',#925,.T.);
#581=FACE_OUTER_BOUND('',#926,.T.);
#582=FACE_OUTER_BOUND('',#927,.T.);
#583=FACE_OUTER_BOUND('',#928,.T.);
#584=FACE_OUTER_BOUND('',#929,.T.);
#585=FACE_OUTER_BOUND('',#930,.T.);
#586=FACE_OUTER_BOUND('',#931,.T.);
#587=FACE_OUTER_BOUND('',#932,.T.);
#588=FACE_OUTER_BOUND('',#933,.T.);
#589=FACE_OUTER_BOUND('',#934,.T.);
#590=FACE_OUTER_BOUND('',#935,.T.);
#591=FACE_OUTER_BOUND('',#936,.T.);
#592=FACE_OUTER_BOUND('',#937,.T.);
#593=FACE_OUTER_BOUND('',#938,.T.);
#594=FACE_OUTER_BOUND('',#939,.T.);
#595=FACE_OUTER_BOUND('',#940,.T.);
#596=FACE_OUTER_BOUND('',#941,.T.);
#597=FACE_OUTER_BOUND('',#942,.T.);
#598=FACE_OUTER_BOUND('',#943,.T.);
#599=FACE_OUTER_BOUND('',#944,.T.);
#600=FACE_OUTER_BOUND('',#945,.T.);
#601=FACE_OUTER_BOUND('',#946,.T.);
#602=FACE_OUTER_BOUND('',#947,.T.);
#603=FACE_OUTER_BOUND('',#948,.T.);
#604=FACE_OUTER_BOUND('',#949,.T.);
#605=FACE_OUTER_BOUND('',#950,.T.);
#606=FACE_OUTER_BOUND('',#951,.T.);
#607=FACE_OUTER_BOUND('',#952,.T.);
#608=FACE_OUTER_BOUND('',#953,.T.);
#609=FACE_OUTER_BOUND('',#954,.T.);
#610=FACE_OUTER_BOUND('',#955,.T.);
#611=FACE_OUTER_BOUND('',#956,.T.);
#612=FACE_OUTER_BOUND('',#957,.T.);
#613=FACE_OUTER_BOUND('',#958,.T.);
#614=FACE_OUTER_BOUND('',#959,.T.);
#615=FACE_OUTER_BOUND('',#960,.T.);
#616=FACE_OUTER_BOUND('',#961,.T.);
#617=FACE_OUTER_BOUND('',#962,.T.);
#618=FACE_OUTER_BOUND('',#963,.T.);
#619=FACE_OUTER_BOUND('',#964,.T.);
#620=FACE_OUTER_BOUND('',#965,.T.);
#621=FACE_OUTER_BOUND('',#966,.T.);
#622=FACE_OUTER_BOUND('',#967,.T.);
#623=FACE_OUTER_BOUND('',#968,.T.);
#624=FACE_OUTER_BOUND('',#969,.T.);
#625=FACE_OUTER_BOUND('',#970,.T.);
#626=FACE_OUTER_BOUND('',#971,.T.);
#627=FACE_OUTER_BOUND('',#972,.T.);
#628=FACE_OUTER_BOUND('',#973,.T.);
#629=FACE_OUTER_BOUND('',#974,.T.);
#630=FACE_OUTER_BOUND('',#975,.T.);
#631=FACE_OUTER_BOUND('',#976,.T.);
#632=FACE_OUTER_BOUND('',#977,.T.);
#633=FACE_OUTER_BOUND('',#978,.T.);
#634=FACE_OUTER_BOUND('',#979,.T.);
#635=FACE_OUTER_BOUND('',#980,.T.);
#636=FACE_OUTER_BOUND('',#981,.T.);
#637=FACE_OUTER_BOUND('',#982,.T.);
#638=FACE_OUTER_BOUND('',#983,.T.);
#639=FACE_OUTER_BOUND('',#984,.T.);
#640=FACE_OUTER_BOUND('',#985,.T.);
#641=FACE_OUTER_BOUND('',#986,.T.);
#642=FACE_OUTER_BOUND('',#987,.T.);
#643=FACE_OUTER_BOUND('',#988,.T.);
#644=FACE_OUTER_BOUND('',#989,.T.);
#645=FACE_OUTER_BOUND('',#990,.T.);
#646=FACE_OUTER_BOUND('',#991,.T.);
#647=FACE_OUTER_BOUND('',#992,.T.);
#648=FACE_OUTER_BOUND('',#993,.T.);
#649=FACE_OUTER_BOUND('',#994,.T.);
#650=FACE_OUTER_BOUND('',#995,.T.);
#651=FACE_OUTER_BOUND('',#996,.T.);
#652=FACE_OUTER_BOUND('',#997,.T.);
#653=FACE_OUTER_BOUND('',#998,.T.);
#654=FACE_OUTER_BOUND('',#999,.T.);
#655=FACE_OUTER_BOUND('',#1000,.T.);
#656=FACE_OUTER_BOUND('',#1001,.T.);
#657=FACE_OUTER_BOUND('',#1002,.T.);
#658=FACE_OUTER_BOUND('',#1003,.T.);
#659=FACE_OUTER_BOUND('',#1004,.T.);
#660=FACE_OUTER_BOUND('',#1005,.T.);
#661=FACE_OUTER_BOUND('',#1006,.T.);
#662=FACE_OUTER_BOUND('',#1007,.T.);
#663=FACE_OUTER_BOUND('',#1008,.T.);
#664=FACE_OUTER_BOUND('',#1009,.T.);
#665=FACE_OUTER_BOUND('',#1010,.T.);
#666=FACE_OUTER_BOUND('',#1011,.T.);
#667=FACE_OUTER_BOUND('',#1012,.T.);
#668=FACE_OUTER_BOUND('',#1013,.T.);
#669=FACE_OUTER_BOUND('',#1014,.T.);
#670=FACE_OUTER_BOUND('',#1015,.T.);
#671=FACE_OUTER_BOUND('',#1016,.T.);
#672=FACE_OUTER_BOUND('',#1017,.T.);
#673=FACE_OUTER_BOUND('',#1018,.T.);
#674=FACE_OUTER_BOUND('',#1019,.T.);
#675=FACE_OUTER_BOUND('',#1020,.T.);
#676=FACE_OUTER_BOUND('',#1021,.T.);
#677=FACE_OUTER_BOUND('',#1022,.T.);
#678=FACE_OUTER_BOUND('',#1023,.T.);
#679=FACE_OUTER_BOUND('',#1024,.T.);
#680=FACE_OUTER_BOUND('',#1025,.T.);
#681=FACE_OUTER_BOUND('',#1026,.T.);
#682=FACE_OUTER_BOUND('',#1027,.T.);
#683=FACE_OUTER_BOUND('',#1028,.T.);
#684=FACE_OUTER_BOUND('',#1029,.T.);
#685=FACE_OUTER_BOUND('',#1030,.T.);
#686=FACE_OUTER_BOUND('',#1031,.T.);
#687=FACE_OUTER_BOUND('',#1033,.T.);
#688=FACE_OUTER_BOUND('',#1034,.T.);
#689=FACE_OUTER_BOUND('',#1036,.T.);
#690=FACE_OUTER_BOUND('',#1037,.T.);
#691=FACE_OUTER_BOUND('',#1038,.T.);
#692=FACE_OUTER_BOUND('',#1039,.T.);
#693=FACE_OUTER_BOUND('',#1040,.T.);
#694=FACE_OUTER_BOUND('',#1041,.T.);
#695=FACE_OUTER_BOUND('',#1042,.T.);
#696=FACE_OUTER_BOUND('',#1043,.T.);
#697=FACE_OUTER_BOUND('',#1044,.T.);
#698=FACE_OUTER_BOUND('',#1045,.T.);
#699=FACE_OUTER_BOUND('',#1046,.T.);
#700=FACE_OUTER_BOUND('',#1047,.T.);
#701=FACE_OUTER_BOUND('',#1049,.T.);
#702=FACE_OUTER_BOUND('',#1050,.T.);
#703=FACE_OUTER_BOUND('',#1052,.T.);
#704=FACE_OUTER_BOUND('',#1053,.T.);
#705=FACE_OUTER_BOUND('',#1055,.T.);
#706=FACE_OUTER_BOUND('',#1056,.T.);
#707=FACE_OUTER_BOUND('',#1057,.T.);
#708=FACE_OUTER_BOUND('',#1058,.T.);
#709=FACE_OUTER_BOUND('',#1059,.T.);
#710=FACE_OUTER_BOUND('',#1060,.T.);
#711=FACE_OUTER_BOUND('',#1061,.T.);
#712=FACE_OUTER_BOUND('',#1062,.T.);
#713=FACE_OUTER_BOUND('',#1063,.T.);
#714=FACE_OUTER_BOUND('',#1064,.T.);
#715=FACE_OUTER_BOUND('',#1065,.T.);
#716=FACE_OUTER_BOUND('',#1066,.T.);
#717=FACE_OUTER_BOUND('',#1067,.T.);
#718=FACE_OUTER_BOUND('',#1068,.T.);
#719=FACE_OUTER_BOUND('',#1069,.T.);
#720=FACE_OUTER_BOUND('',#1070,.T.);
#721=FACE_OUTER_BOUND('',#1071,.T.);
#722=FACE_OUTER_BOUND('',#1072,.T.);
#723=FACE_OUTER_BOUND('',#1073,.T.);
#724=FACE_OUTER_BOUND('',#1074,.T.);
#725=FACE_OUTER_BOUND('',#1075,.T.);
#726=FACE_OUTER_BOUND('',#1076,.T.);
#727=FACE_OUTER_BOUND('',#1077,.T.);
#728=FACE_OUTER_BOUND('',#1078,.T.);
#729=FACE_OUTER_BOUND('',#1079,.T.);
#730=FACE_OUTER_BOUND('',#1080,.T.);
#731=FACE_OUTER_BOUND('',#1081,.T.);
#732=FACE_OUTER_BOUND('',#1082,.T.);
#733=FACE_OUTER_BOUND('',#1083,.T.);
#734=FACE_OUTER_BOUND('',#1084,.T.);
#735=FACE_OUTER_BOUND('',#1085,.T.);
#736=FACE_OUTER_BOUND('',#1086,.T.);
#737=FACE_OUTER_BOUND('',#1087,.T.);
#738=FACE_OUTER_BOUND('',#1088,.T.);
#739=FACE_OUTER_BOUND('',#1089,.T.);
#740=FACE_OUTER_BOUND('',#1090,.T.);
#741=FACE_OUTER_BOUND('',#1091,.T.);
#742=FACE_OUTER_BOUND('',#1092,.T.);
#743=FACE_OUTER_BOUND('',#1093,.T.);
#744=FACE_OUTER_BOUND('',#1094,.T.);
#745=FACE_OUTER_BOUND('',#1095,.T.);
#746=FACE_OUTER_BOUND('',#1096,.T.);
#747=FACE_OUTER_BOUND('',#1097,.T.);
#748=FACE_OUTER_BOUND('',#1098,.T.);
#749=FACE_OUTER_BOUND('',#1099,.T.);
#750=FACE_OUTER_BOUND('',#1100,.T.);
#751=FACE_OUTER_BOUND('',#1101,.T.);
#752=FACE_OUTER_BOUND('',#1102,.T.);
#753=FACE_OUTER_BOUND('',#1103,.T.);
#754=FACE_OUTER_BOUND('',#1104,.T.);
#755=FACE_OUTER_BOUND('',#1105,.T.);
#756=FACE_OUTER_BOUND('',#1106,.T.);
#757=FACE_OUTER_BOUND('',#1107,.T.);
#758=FACE_OUTER_BOUND('',#1108,.T.);
#759=FACE_OUTER_BOUND('',#1109,.T.);
#760=FACE_OUTER_BOUND('',#1110,.T.);
#761=FACE_OUTER_BOUND('',#1111,.T.);
#762=FACE_OUTER_BOUND('',#1112,.T.);
#763=FACE_OUTER_BOUND('',#1113,.T.);
#764=FACE_OUTER_BOUND('',#1114,.T.);
#765=FACE_OUTER_BOUND('',#1115,.T.);
#766=FACE_OUTER_BOUND('',#1116,.T.);
#767=FACE_OUTER_BOUND('',#1117,.T.);
#768=FACE_OUTER_BOUND('',#1118,.T.);
#769=FACE_OUTER_BOUND('',#1119,.T.);
#770=FACE_OUTER_BOUND('',#1120,.T.);
#771=FACE_OUTER_BOUND('',#1121,.T.);
#772=FACE_OUTER_BOUND('',#1122,.T.);
#773=FACE_OUTER_BOUND('',#1123,.T.);
#774=FACE_OUTER_BOUND('',#1124,.T.);
#775=FACE_OUTER_BOUND('',#1125,.T.);
#776=FACE_OUTER_BOUND('',#1126,.T.);
#777=FACE_OUTER_BOUND('',#1127,.T.);
#778=FACE_OUTER_BOUND('',#1128,.T.);
#779=FACE_OUTER_BOUND('',#1129,.T.);
#780=FACE_OUTER_BOUND('',#1130,.T.);
#781=FACE_OUTER_BOUND('',#1131,.T.);
#782=FACE_OUTER_BOUND('',#1132,.T.);
#783=FACE_OUTER_BOUND('',#1133,.T.);
#784=FACE_OUTER_BOUND('',#1134,.T.);
#785=FACE_OUTER_BOUND('',#1135,.T.);
#786=FACE_OUTER_BOUND('',#1136,.T.);
#787=FACE_OUTER_BOUND('',#1137,.T.);
#788=FACE_OUTER_BOUND('',#1138,.T.);
#789=FACE_OUTER_BOUND('',#1139,.T.);
#790=FACE_OUTER_BOUND('',#1140,.T.);
#791=FACE_OUTER_BOUND('',#1141,.T.);
#792=FACE_OUTER_BOUND('',#1142,.T.);
#793=FACE_OUTER_BOUND('',#1143,.T.);
#794=FACE_OUTER_BOUND('',#1144,.T.);
#795=FACE_OUTER_BOUND('',#1145,.T.);
#796=FACE_OUTER_BOUND('',#1146,.T.);
#797=FACE_OUTER_BOUND('',#1147,.T.);
#798=FACE_OUTER_BOUND('',#1148,.T.);
#799=FACE_OUTER_BOUND('',#1149,.T.);
#800=FACE_OUTER_BOUND('',#1150,.T.);
#801=FACE_OUTER_BOUND('',#1151,.T.);
#802=FACE_OUTER_BOUND('',#1152,.T.);
#803=FACE_OUTER_BOUND('',#1153,.T.);
#804=FACE_OUTER_BOUND('',#1154,.T.);
#805=FACE_OUTER_BOUND('',#1155,.T.);
#806=FACE_OUTER_BOUND('',#1156,.T.);
#807=FACE_OUTER_BOUND('',#1157,.T.);
#808=FACE_OUTER_BOUND('',#1158,.T.);
#809=FACE_OUTER_BOUND('',#1159,.T.);
#810=FACE_OUTER_BOUND('',#1160,.T.);
#811=FACE_OUTER_BOUND('',#1161,.T.);
#812=FACE_OUTER_BOUND('',#1162,.T.);
#813=FACE_OUTER_BOUND('',#1163,.T.);
#814=FACE_OUTER_BOUND('',#1164,.T.);
#815=FACE_OUTER_BOUND('',#1165,.T.);
#816=FACE_OUTER_BOUND('',#1166,.T.);
#817=FACE_OUTER_BOUND('',#1167,.T.);
#818=FACE_OUTER_BOUND('',#1168,.T.);
#819=FACE_OUTER_BOUND('',#1169,.T.);
#820=FACE_OUTER_BOUND('',#1170,.T.);
#821=FACE_OUTER_BOUND('',#1171,.T.);
#822=FACE_OUTER_BOUND('',#1172,.T.);
#823=FACE_OUTER_BOUND('',#1173,.T.);
#824=FACE_OUTER_BOUND('',#1174,.T.);
#825=FACE_OUTER_BOUND('',#1175,.T.);
#826=FACE_OUTER_BOUND('',#1176,.T.);
#827=FACE_OUTER_BOUND('',#1177,.T.);
#828=FACE_OUTER_BOUND('',#1178,.T.);
#829=FACE_OUTER_BOUND('',#1179,.T.);
#830=FACE_OUTER_BOUND('',#1180,.T.);
#831=FACE_OUTER_BOUND('',#1181,.T.);
#832=FACE_OUTER_BOUND('',#1182,.T.);
#833=FACE_OUTER_BOUND('',#1183,.T.);
#834=FACE_OUTER_BOUND('',#1184,.T.);
#835=FACE_OUTER_BOUND('',#1185,.T.);
#836=FACE_OUTER_BOUND('',#1186,.T.);
#837=FACE_OUTER_BOUND('',#1187,.T.);
#838=EDGE_LOOP('',(#3866,#3867,#3868,#3869));
#839=EDGE_LOOP('',(#3870,#3871,#3872,#3873));
#840=EDGE_LOOP('',(#3874,#3875,#3876,#3877));
#841=EDGE_LOOP('',(#3878,#3879,#3880,#3881,#3882,#3883,#3884,#3885));
#842=EDGE_LOOP('',(#3886,#3887,#3888,#3889));
#843=EDGE_LOOP('',(#3890,#3891,#3892,#3893));
#844=EDGE_LOOP('',(#3894,#3895,#3896,#3897));
#845=EDGE_LOOP('',(#3898,#3899,#3900,#3901));
#846=EDGE_LOOP('',(#3902,#3903,#3904,#3905));
#847=EDGE_LOOP('',(#3906,#3907,#3908,#3909));
#848=EDGE_LOOP('',(#3910,#3911,#3912,#3913,#3914,#3915));
#849=EDGE_LOOP('',(#3916,#3917,#3918,#3919,#3920,#3921));
#850=EDGE_LOOP('',(#3922,#3923,#3924,#3925));
#851=EDGE_LOOP('',(#3926,#3927,#3928,#3929));
#852=EDGE_LOOP('',(#3930,#3931,#3932,#3933,#3934,#3935));
#853=EDGE_LOOP('',(#3936,#3937,#3938,#3939));
#854=EDGE_LOOP('',(#3940,#3941,#3942,#3943,#3944,#3945));
#855=EDGE_LOOP('',(#3946,#3947,#3948,#3949));
#856=EDGE_LOOP('',(#3950,#3951,#3952,#3953));
#857=EDGE_LOOP('',(#3954,#3955,#3956,#3957));
#858=EDGE_LOOP('',(#3958,#3959,#3960,#3961,#3962,#3963,#3964,#3965));
#859=EDGE_LOOP('',(#3966,#3967,#3968,#3969,#3970,#3971,#3972,#3973));
#860=EDGE_LOOP('',(#3974,#3975,#3976,#3977));
#861=EDGE_LOOP('',(#3978));
#862=EDGE_LOOP('',(#3979,#3980,#3981,#3982));
#863=EDGE_LOOP('',(#3983,#3984,#3985,#3986));
#864=EDGE_LOOP('',(#3987,#3988,#3989,#3990));
#865=EDGE_LOOP('',(#3991,#3992,#3993,#3994,#3995,#3996));
#866=EDGE_LOOP('',(#3997));
#867=EDGE_LOOP('',(#3998,#3999,#4000,#4001,#4002,#4003));
#868=EDGE_LOOP('',(#4004,#4005,#4006,#4007,#4008,#4009,#4010,#4011,#4012,
#4013,#4014,#4015));
#869=EDGE_LOOP('',(#4016,#4017,#4018,#4019));
#870=EDGE_LOOP('',(#4020));
#871=EDGE_LOOP('',(#4021,#4022,#4023,#4024));
#872=EDGE_LOOP('',(#4025,#4026,#4027,#4028));
#873=EDGE_LOOP('',(#4029,#4030,#4031,#4032));
#874=EDGE_LOOP('',(#4033,#4034,#4035,#4036,#4037,#4038));
#875=EDGE_LOOP('',(#4039));
#876=EDGE_LOOP('',(#4040,#4041,#4042,#4043,#4044,#4045,#4046,#4047));
#877=EDGE_LOOP('',(#4048,#4049,#4050,#4051));
#878=EDGE_LOOP('',(#4052,#4053,#4054,#4055));
#879=EDGE_LOOP('',(#4056,#4057,#4058,#4059,#4060,#4061));
#880=EDGE_LOOP('',(#4062,#4063,#4064,#4065,#4066,#4067));
#881=EDGE_LOOP('',(#4068,#4069,#4070,#4071));
#882=EDGE_LOOP('',(#4072,#4073,#4074,#4075));
#883=EDGE_LOOP('',(#4076,#4077,#4078,#4079));
#884=EDGE_LOOP('',(#4080,#4081,#4082,#4083,#4084,#4085,#4086,#4087));
#885=EDGE_LOOP('',(#4088,#4089,#4090,#4091,#4092,#4093));
#886=EDGE_LOOP('',(#4094,#4095,#4096,#4097));
#887=EDGE_LOOP('',(#4098,#4099,#4100,#4101,#4102,#4103,#4104,#4105));
#888=EDGE_LOOP('',(#4106,#4107,#4108,#4109,#4110,#4111,#4112,#4113,#4114,
#4115,#4116,#4117,#4118,#4119,#4120,#4121,#4122,#4123,#4124,#4125,#4126,
#4127,#4128,#4129,#4130,#4131,#4132,#4133,#4134,#4135,#4136,#4137,#4138,
#4139,#4140,#4141,#4142,#4143,#4144,#4145));
#889=EDGE_LOOP('',(#4146));
#890=EDGE_LOOP('',(#4147));
#891=EDGE_LOOP('',(#4148));
#892=EDGE_LOOP('',(#4149));
#893=EDGE_LOOP('',(#4150,#4151,#4152,#4153));
#894=EDGE_LOOP('',(#4154,#4155,#4156,#4157,#4158,#4159,#4160,#4161));
#895=EDGE_LOOP('',(#4162,#4163,#4164,#4165,#4166,#4167,#4168,#4169));
#896=EDGE_LOOP('',(#4170,#4171,#4172,#4173,#4174,#4175,#4176,#4177,#4178,
#4179,#4180,#4181,#4182,#4183,#4184,#4185,#4186,#4187,#4188,#4189,#4190,
#4191,#4192,#4193,#4194,#4195,#4196,#4197,#4198,#4199,#4200,#4201,#4202,
#4203,#4204,#4205,#4206,#4207,#4208,#4209));
#897=EDGE_LOOP('',(#4210));
#898=EDGE_LOOP('',(#4211));
#899=EDGE_LOOP('',(#4212));
#900=EDGE_LOOP('',(#4213));
#901=EDGE_LOOP('',(#4214,#4215,#4216,#4217));
#902=EDGE_LOOP('',(#4218,#4219,#4220,#4221,#4222,#4223,#4224,#4225));
#903=EDGE_LOOP('',(#4226,#4227,#4228,#4229,#4230,#4231,#4232,#4233));
#904=EDGE_LOOP('',(#4234,#4235,#4236,#4237));
#905=EDGE_LOOP('',(#4238,#4239,#4240,#4241,#4242,#4243,#4244,#4245));
#906=EDGE_LOOP('',(#4246,#4247,#4248,#4249));
#907=EDGE_LOOP('',(#4250,#4251,#4252,#4253));
#908=EDGE_LOOP('',(#4254,#4255,#4256,#4257));
#909=EDGE_LOOP('',(#4258,#4259,#4260,#4261));
#910=EDGE_LOOP('',(#4262,#4263,#4264,#4265));
#911=EDGE_LOOP('',(#4266,#4267,#4268,#4269));
#912=EDGE_LOOP('',(#4270,#4271,#4272,#4273));
#913=EDGE_LOOP('',(#4274,#4275,#4276,#4277));
#914=EDGE_LOOP('',(#4278,#4279,#4280,#4281));
#915=EDGE_LOOP('',(#4282,#4283,#4284,#4285));
#916=EDGE_LOOP('',(#4286,#4287,#4288,#4289));
#917=EDGE_LOOP('',(#4290,#4291,#4292,#4293));
#918=EDGE_LOOP('',(#4294,#4295,#4296,#4297));
#919=EDGE_LOOP('',(#4298,#4299,#4300,#4301,#4302,#4303));
#920=EDGE_LOOP('',(#4304,#4305));
#921=EDGE_LOOP('',(#4306,#4307,#4308,#4309,#4310,#4311));
#922=EDGE_LOOP('',(#4312,#4313,#4314,#4315,#4316,#4317,#4318));
#923=EDGE_LOOP('',(#4319,#4320,#4321,#4322));
#924=EDGE_LOOP('',(#4323,#4324,#4325,#4326));
#925=EDGE_LOOP('',(#4327,#4328,#4329,#4330,#4331,#4332,#4333));
#926=EDGE_LOOP('',(#4334,#4335,#4336,#4337));
#927=EDGE_LOOP('',(#4338,#4339,#4340,#4341,#4342,#4343,#4344,#4345));
#928=EDGE_LOOP('',(#4346,#4347,#4348,#4349));
#929=EDGE_LOOP('',(#4350,#4351,#4352,#4353));
#930=EDGE_LOOP('',(#4354,#4355,#4356,#4357,#4358,#4359));
#931=EDGE_LOOP('',(#4360,#4361));
#932=EDGE_LOOP('',(#4362,#4363,#4364,#4365,#4366,#4367));
#933=EDGE_LOOP('',(#4368,#4369,#4370,#4371,#4372,#4373,#4374));
#934=EDGE_LOOP('',(#4375,#4376,#4377,#4378));
#935=EDGE_LOOP('',(#4379,#4380,#4381,#4382));
#936=EDGE_LOOP('',(#4383,#4384,#4385,#4386,#4387,#4388,#4389));
#937=EDGE_LOOP('',(#4390,#4391,#4392,#4393));
#938=EDGE_LOOP('',(#4394,#4395,#4396,#4397));
#939=EDGE_LOOP('',(#4398,#4399,#4400,#4401,#4402,#4403,#4404,#4405));
#940=EDGE_LOOP('',(#4406,#4407,#4408,#4409));
#941=EDGE_LOOP('',(#4410,#4411,#4412,#4413));
#942=EDGE_LOOP('',(#4414,#4415,#4416,#4417));
#943=EDGE_LOOP('',(#4418,#4419,#4420,#4421,#4422,#4423,#4424,#4425));
#944=EDGE_LOOP('',(#4426,#4427,#4428,#4429));
#945=EDGE_LOOP('',(#4430,#4431,#4432,#4433,#4434,#4435,#4436,#4437));
#946=EDGE_LOOP('',(#4438,#4439,#4440,#4441));
#947=EDGE_LOOP('',(#4442,#4443,#4444,#4445));
#948=EDGE_LOOP('',(#4446,#4447,#4448,#4449));
#949=EDGE_LOOP('',(#4450,#4451,#4452,#4453));
#950=EDGE_LOOP('',(#4454,#4455,#4456,#4457));
#951=EDGE_LOOP('',(#4458,#4459,#4460,#4461));
#952=EDGE_LOOP('',(#4462,#4463,#4464,#4465));
#953=EDGE_LOOP('',(#4466,#4467,#4468,#4469,#4470,#4471,#4472,#4473));
#954=EDGE_LOOP('',(#4474,#4475,#4476,#4477));
#955=EDGE_LOOP('',(#4478,#4479,#4480,#4481));
#956=EDGE_LOOP('',(#4482,#4483,#4484,#4485));
#957=EDGE_LOOP('',(#4486,#4487,#4488,#4489));
#958=EDGE_LOOP('',(#4490,#4491,#4492,#4493));
#959=EDGE_LOOP('',(#4494,#4495,#4496,#4497));
#960=EDGE_LOOP('',(#4498,#4499,#4500,#4501));
#961=EDGE_LOOP('',(#4502,#4503,#4504,#4505,#4506,#4507,#4508,#4509));
#962=EDGE_LOOP('',(#4510,#4511,#4512,#4513));
#963=EDGE_LOOP('',(#4514,#4515,#4516,#4517,#4518));
#964=EDGE_LOOP('',(#4519,#4520,#4521,#4522,#4523));
#965=EDGE_LOOP('',(#4524,#4525,#4526,#4527,#4528));
#966=EDGE_LOOP('',(#4529,#4530,#4531,#4532,#4533));
#967=EDGE_LOOP('',(#4534,#4535,#4536,#4537,#4538));
#968=EDGE_LOOP('',(#4539,#4540,#4541,#4542,#4543));
#969=EDGE_LOOP('',(#4544,#4545,#4546,#4547,#4548));
#970=EDGE_LOOP('',(#4549,#4550,#4551,#4552,#4553));
#971=EDGE_LOOP('',(#4554,#4555,#4556,#4557));
#972=EDGE_LOOP('',(#4558,#4559,#4560,#4561));
#973=EDGE_LOOP('',(#4562,#4563,#4564,#4565));
#974=EDGE_LOOP('',(#4566,#4567,#4568,#4569));
#975=EDGE_LOOP('',(#4570,#4571,#4572,#4573));
#976=EDGE_LOOP('',(#4574,#4575,#4576,#4577));
#977=EDGE_LOOP('',(#4578,#4579,#4580,#4581,#4582,#4583,#4584,#4585));
#978=EDGE_LOOP('',(#4586,#4587,#4588,#4589,#4590,#4591,#4592,#4593,#4594,
#4595,#4596,#4597));
#979=EDGE_LOOP('',(#4598,#4599,#4600,#4601));
#980=EDGE_LOOP('',(#4602,#4603,#4604,#4605));
#981=EDGE_LOOP('',(#4606,#4607,#4608,#4609));
#982=EDGE_LOOP('',(#4610,#4611,#4612,#4613));
#983=EDGE_LOOP('',(#4614,#4615,#4616,#4617));
#984=EDGE_LOOP('',(#4618,#4619,#4620,#4621));
#985=EDGE_LOOP('',(#4622,#4623,#4624,#4625));
#986=EDGE_LOOP('',(#4626,#4627,#4628,#4629));
#987=EDGE_LOOP('',(#4630,#4631,#4632,#4633,#4634,#4635,#4636,#4637));
#988=EDGE_LOOP('',(#4638,#4639,#4640,#4641));
#989=EDGE_LOOP('',(#4642,#4643,#4644,#4645));
#990=EDGE_LOOP('',(#4646,#4647,#4648,#4649));
#991=EDGE_LOOP('',(#4650,#4651,#4652,#4653,#4654,#4655,#4656,#4657,#4658,
#4659,#4660,#4661));
#992=EDGE_LOOP('',(#4662,#4663,#4664,#4665));
#993=EDGE_LOOP('',(#4666,#4667,#4668,#4669));
#994=EDGE_LOOP('',(#4670,#4671,#4672,#4673));
#995=EDGE_LOOP('',(#4674,#4675,#4676,#4677,#4678,#4679,#4680,#4681));
#996=EDGE_LOOP('',(#4682,#4683,#4684,#4685,#4686,#4687,#4688,#4689,#4690,
#4691,#4692,#4693));
#997=EDGE_LOOP('',(#4694,#4695,#4696,#4697));
#998=EDGE_LOOP('',(#4698,#4699,#4700,#4701));
#999=EDGE_LOOP('',(#4702,#4703,#4704,#4705));
#1000=EDGE_LOOP('',(#4706,#4707,#4708,#4709));
#1001=EDGE_LOOP('',(#4710,#4711,#4712,#4713));
#1002=EDGE_LOOP('',(#4714,#4715,#4716,#4717));
#1003=EDGE_LOOP('',(#4718,#4719,#4720,#4721));
#1004=EDGE_LOOP('',(#4722,#4723,#4724,#4725));
#1005=EDGE_LOOP('',(#4726,#4727,#4728,#4729,#4730,#4731,#4732,#4733));
#1006=EDGE_LOOP('',(#4734,#4735,#4736,#4737));
#1007=EDGE_LOOP('',(#4738,#4739,#4740,#4741));
#1008=EDGE_LOOP('',(#4742,#4743,#4744,#4745));
#1009=EDGE_LOOP('',(#4746,#4747,#4748,#4749,#4750,#4751,#4752,#4753,#4754,
#4755,#4756,#4757));
#1010=EDGE_LOOP('',(#4758,#4759,#4760,#4761));
#1011=EDGE_LOOP('',(#4762,#4763,#4764,#4765));
#1012=EDGE_LOOP('',(#4766,#4767,#4768,#4769));
#1013=EDGE_LOOP('',(#4770,#4771,#4772,#4773,#4774,#4775,#4776,#4777));
#1014=EDGE_LOOP('',(#4778,#4779,#4780,#4781,#4782,#4783,#4784,#4785,#4786,
#4787,#4788,#4789));
#1015=EDGE_LOOP('',(#4790,#4791,#4792,#4793));
#1016=EDGE_LOOP('',(#4794,#4795,#4796,#4797));
#1017=EDGE_LOOP('',(#4798,#4799,#4800,#4801));
#1018=EDGE_LOOP('',(#4802,#4803,#4804,#4805));
#1019=EDGE_LOOP('',(#4806,#4807,#4808,#4809));
#1020=EDGE_LOOP('',(#4810,#4811,#4812,#4813));
#1021=EDGE_LOOP('',(#4814,#4815,#4816,#4817));
#1022=EDGE_LOOP('',(#4818,#4819,#4820,#4821));
#1023=EDGE_LOOP('',(#4822,#4823,#4824,#4825,#4826,#4827,#4828,#4829));
#1024=EDGE_LOOP('',(#4830,#4831,#4832,#4833));
#1025=EDGE_LOOP('',(#4834,#4835,#4836,#4837));
#1026=EDGE_LOOP('',(#4838,#4839,#4840,#4841));
#1027=EDGE_LOOP('',(#4842,#4843,#4844,#4845,#4846,#4847,#4848,#4849,#4850,
#4851,#4852,#4853));
#1028=EDGE_LOOP('',(#4854,#4855,#4856,#4857));
#1029=EDGE_LOOP('',(#4858,#4859,#4860,#4861));
#1030=EDGE_LOOP('',(#4862,#4863,#4864,#4865));
#1031=EDGE_LOOP('',(#4866));
#1032=EDGE_LOOP('',(#4867));
#1033=EDGE_LOOP('',(#4868,#4869,#4870,#4871));
#1034=EDGE_LOOP('',(#4872));
#1035=EDGE_LOOP('',(#4873));
#1036=EDGE_LOOP('',(#4874,#4875,#4876,#4877,#4878));
#1037=EDGE_LOOP('',(#4879,#4880,#4881,#4882,#4883,#4884));
#1038=EDGE_LOOP('',(#4885));
#1039=EDGE_LOOP('',(#4886,#4887,#4888,#4889,#4890));
#1040=EDGE_LOOP('',(#4891));
#1041=EDGE_LOOP('',(#4892,#4893,#4894,#4895,#4896));
#1042=EDGE_LOOP('',(#4897,#4898,#4899,#4900,#4901,#4902));
#1043=EDGE_LOOP('',(#4903));
#1044=EDGE_LOOP('',(#4904,#4905,#4906,#4907,#4908));
#1045=EDGE_LOOP('',(#4909));
#1046=EDGE_LOOP('',(#4910,#4911,#4912,#4913));
#1047=EDGE_LOOP('',(#4914));
#1048=EDGE_LOOP('',(#4915));
#1049=EDGE_LOOP('',(#4916,#4917,#4918,#4919));
#1050=EDGE_LOOP('',(#4920));
#1051=EDGE_LOOP('',(#4921));
#1052=EDGE_LOOP('',(#4922,#4923,#4924,#4925));
#1053=EDGE_LOOP('',(#4926));
#1054=EDGE_LOOP('',(#4927));
#1055=EDGE_LOOP('',(#4928,#4929,#4930,#4931,#4932));
#1056=EDGE_LOOP('',(#4933,#4934,#4935,#4936,#4937));
#1057=EDGE_LOOP('',(#4938,#4939,#4940,#4941,#4942,#4943));
#1058=EDGE_LOOP('',(#4944,#4945,#4946,#4947,#4948,#4949,#4950,#4951,#4952,
#4953,#4954,#4955,#4956,#4957,#4958));
#1059=EDGE_LOOP('',(#4959,#4960,#4961,#4962));
#1060=EDGE_LOOP('',(#4963,#4964,#4965,#4966,#4967,#4968,#4969,#4970,#4971,
#4972,#4973,#4974));
#1061=EDGE_LOOP('',(#4975,#4976,#4977,#4978,#4979,#4980,#4981,#4982,#4983,
#4984,#4985,#4986,#4987,#4988,#4989));
#1062=EDGE_LOOP('',(#4990,#4991,#4992,#4993));
#1063=EDGE_LOOP('',(#4994,#4995,#4996,#4997));
#1064=EDGE_LOOP('',(#4998,#4999,#5000,#5001,#5002,#5003,#5004,#5005,#5006,
#5007,#5008,#5009));
#1065=EDGE_LOOP('',(#5010,#5011,#5012,#5013,#5014));
#1066=EDGE_LOOP('',(#5015,#5016,#5017,#5018,#5019));
#1067=EDGE_LOOP('',(#5020,#5021,#5022,#5023,#5024));
#1068=EDGE_LOOP('',(#5025,#5026,#5027,#5028,#5029));
#1069=EDGE_LOOP('',(#5030,#5031,#5032,#5033,#5034));
#1070=EDGE_LOOP('',(#5035,#5036,#5037,#5038,#5039));
#1071=EDGE_LOOP('',(#5040,#5041,#5042,#5043,#5044));
#1072=EDGE_LOOP('',(#5045,#5046,#5047,#5048,#5049));
#1073=EDGE_LOOP('',(#5050,#5051,#5052,#5053,#5054));
#1074=EDGE_LOOP('',(#5055,#5056,#5057,#5058,#5059));
#1075=EDGE_LOOP('',(#5060,#5061,#5062,#5063,#5064));
#1076=EDGE_LOOP('',(#5065,#5066,#5067,#5068,#5069));
#1077=EDGE_LOOP('',(#5070,#5071,#5072,#5073));
#1078=EDGE_LOOP('',(#5074,#5075,#5076,#5077,#5078));
#1079=EDGE_LOOP('',(#5079,#5080,#5081));
#1080=EDGE_LOOP('',(#5082,#5083,#5084));
#1081=EDGE_LOOP('',(#5085,#5086,#5087));
#1082=EDGE_LOOP('',(#5088,#5089,#5090));
#1083=EDGE_LOOP('',(#5091,#5092,#5093));
#1084=EDGE_LOOP('',(#5094,#5095,#5096));
#1085=EDGE_LOOP('',(#5097,#5098,#5099,#5100));
#1086=EDGE_LOOP('',(#5101,#5102,#5103));
#1087=EDGE_LOOP('',(#5104,#5105,#5106));
#1088=EDGE_LOOP('',(#5107,#5108,#5109));
#1089=EDGE_LOOP('',(#5110,#5111,#5112));
#1090=EDGE_LOOP('',(#5113,#5114,#5115));
#1091=EDGE_LOOP('',(#5116,#5117,#5118));
#1092=EDGE_LOOP('',(#5119,#5120,#5121));
#1093=EDGE_LOOP('',(#5122,#5123,#5124));
#1094=EDGE_LOOP('',(#5125,#5126,#5127));
#1095=EDGE_LOOP('',(#5128,#5129,#5130));
#1096=EDGE_LOOP('',(#5131,#5132,#5133));
#1097=EDGE_LOOP('',(#5134,#5135,#5136,#5137));
#1098=EDGE_LOOP('',(#5138,#5139,#5140));
#1099=EDGE_LOOP('',(#5141,#5142,#5143));
#1100=EDGE_LOOP('',(#5144,#5145,#5146));
#1101=EDGE_LOOP('',(#5147,#5148,#5149));
#1102=EDGE_LOOP('',(#5150,#5151,#5152));
#1103=EDGE_LOOP('',(#5153,#5154,#5155,#5156,#5157,#5158,#5159,#5160,#5161,
#5162,#5163,#5164,#5165));
#1104=EDGE_LOOP('',(#5166,#5167,#5168,#5169,#5170,#5171,#5172,#5173,#5174,
#5175,#5176,#5177,#5178,#5179,#5180,#5181));
#1105=EDGE_LOOP('',(#5182,#5183,#5184,#5185));
#1106=EDGE_LOOP('',(#5186,#5187,#5188,#5189,#5190,#5191,#5192,#5193,#5194,
#5195,#5196,#5197,#5198,#5199,#5200,#5201));
#1107=EDGE_LOOP('',(#5202,#5203,#5204,#5205));
#1108=EDGE_LOOP('',(#5206,#5207,#5208,#5209));
#1109=EDGE_LOOP('',(#5210,#5211,#5212,#5213,#5214));
#1110=EDGE_LOOP('',(#5215,#5216,#5217,#5218,#5219));
#1111=EDGE_LOOP('',(#5220,#5221,#5222,#5223,#5224));
#1112=EDGE_LOOP('',(#5225,#5226,#5227,#5228,#5229));
#1113=EDGE_LOOP('',(#5230,#5231,#5232,#5233,#5234));
#1114=EDGE_LOOP('',(#5235,#5236,#5237,#5238,#5239));
#1115=EDGE_LOOP('',(#5240,#5241,#5242,#5243,#5244));
#1116=EDGE_LOOP('',(#5245,#5246,#5247,#5248,#5249));
#1117=EDGE_LOOP('',(#5250,#5251,#5252,#5253,#5254));
#1118=EDGE_LOOP('',(#5255,#5256,#5257,#5258,#5259));
#1119=EDGE_LOOP('',(#5260,#5261,#5262,#5263));
#1120=EDGE_LOOP('',(#5264,#5265,#5266,#5267,#5268));
#1121=EDGE_LOOP('',(#5269,#5270,#5271,#5272,#5273));
#1122=EDGE_LOOP('',(#5274,#5275,#5276,#5277,#5278,#5279,#5280,#5281,#5282,
#5283,#5284,#5285));
#1123=EDGE_LOOP('',(#5286,#5287,#5288,#5289));
#1124=EDGE_LOOP('',(#5290,#5291,#5292,#5293,#5294,#5295,#5296,#5297,#5298,
#5299,#5300,#5301,#5302));
#1125=EDGE_LOOP('',(#5303,#5304,#5305,#5306,#5307,#5308));
#1126=EDGE_LOOP('',(#5309,#5310,#5311,#5312,#5313,#5314));
#1127=EDGE_LOOP('',(#5315,#5316,#5317,#5318,#5319,#5320,#5321,#5322,#5323,
#5324,#5325,#5326));
#1128=EDGE_LOOP('',(#5327,#5328,#5329,#5330,#5331));
#1129=EDGE_LOOP('',(#5332,#5333,#5334,#5335));
#1130=EDGE_LOOP('',(#5336,#5337,#5338,#5339));
#1131=EDGE_LOOP('',(#5340,#5341,#5342,#5343));
#1132=EDGE_LOOP('',(#5344,#5345,#5346,#5347,#5348,#5349,#5350,#5351,#5352,
#5353,#5354,#5355,#5356,#5357,#5358,#5359,#5360,#5361,#5362,#5363,#5364));
#1133=EDGE_LOOP('',(#5365,#5366,#5367,#5368,#5369,#5370,#5371,#5372,#5373,
#5374,#5375,#5376,#5377,#5378,#5379,#5380,#5381,#5382,#5383,#5384,#5385));
#1134=EDGE_LOOP('',(#5386,#5387));
#1135=EDGE_LOOP('',(#5388,#5389,#5390,#5391,#5392,#5393,#5394,#5395,#5396,
#5397,#5398,#5399,#5400,#5401,#5402,#5403,#5404,#5405,#5406,#5407,#5408));
#1136=EDGE_LOOP('',(#5409,#5410,#5411,#5412,#5413,#5414,#5415,#5416,#5417,
#5418,#5419,#5420,#5421,#5422,#5423,#5424,#5425,#5426,#5427,#5428,#5429));
#1137=EDGE_LOOP('',(#5430,#5431,#5432,#5433));
#1138=EDGE_LOOP('',(#5434,#5435,#5436,#5437));
#1139=EDGE_LOOP('',(#5438,#5439,#5440,#5441));
#1140=EDGE_LOOP('',(#5442,#5443,#5444,#5445));
#1141=EDGE_LOOP('',(#5446,#5447,#5448,#5449));
#1142=EDGE_LOOP('',(#5450,#5451,#5452,#5453));
#1143=EDGE_LOOP('',(#5454,#5455,#5456,#5457));
#1144=EDGE_LOOP('',(#5458,#5459,#5460,#5461));
#1145=EDGE_LOOP('',(#5462,#5463,#5464,#5465));
#1146=EDGE_LOOP('',(#5466,#5467,#5468,#5469));
#1147=EDGE_LOOP('',(#5470,#5471,#5472,#5473));
#1148=EDGE_LOOP('',(#5474,#5475,#5476,#5477));
#1149=EDGE_LOOP('',(#5478,#5479,#5480,#5481));
#1150=EDGE_LOOP('',(#5482,#5483,#5484,#5485));
#1151=EDGE_LOOP('',(#5486,#5487,#5488,#5489));
#1152=EDGE_LOOP('',(#5490,#5491,#5492,#5493));
#1153=EDGE_LOOP('',(#5494,#5495,#5496,#5497));
#1154=EDGE_LOOP('',(#5498,#5499,#5500,#5501));
#1155=EDGE_LOOP('',(#5502,#5503,#5504,#5505));
#1156=EDGE_LOOP('',(#5506,#5507,#5508,#5509));
#1157=EDGE_LOOP('',(#5510,#5511,#5512,#5513));
#1158=EDGE_LOOP('',(#5514,#5515,#5516,#5517));
#1159=EDGE_LOOP('',(#5518,#5519,#5520,#5521));
#1160=EDGE_LOOP('',(#5522,#5523,#5524,#5525));
#1161=EDGE_LOOP('',(#5526,#5527,#5528,#5529));
#1162=EDGE_LOOP('',(#5530,#5531,#5532,#5533));
#1163=EDGE_LOOP('',(#5534,#5535,#5536,#5537));
#1164=EDGE_LOOP('',(#5538,#5539,#5540,#5541));
#1165=EDGE_LOOP('',(#5542,#5543,#5544,#5545));
#1166=EDGE_LOOP('',(#5546,#5547,#5548,#5549));
#1167=EDGE_LOOP('',(#5550,#5551,#5552,#5553));
#1168=EDGE_LOOP('',(#5554,#5555,#5556,#5557));
#1169=EDGE_LOOP('',(#5558,#5559,#5560,#5561));
#1170=EDGE_LOOP('',(#5562,#5563));
#1171=EDGE_LOOP('',(#5564,#5565,#5566,#5567));
#1172=EDGE_LOOP('',(#5568,#5569,#5570,#5571,#5572,#5573,#5574,#5575));
#1173=EDGE_LOOP('',(#5576,#5577,#5578,#5579));
#1174=EDGE_LOOP('',(#5580,#5581,#5582,#5583));
#1175=EDGE_LOOP('',(#5584,#5585,#5586,#5587));
#1176=EDGE_LOOP('',(#5588,#5589,#5590,#5591));
#1177=EDGE_LOOP('',(#5592,#5593,#5594,#5595,#5596,#5597,#5598,#5599));
#1178=EDGE_LOOP('',(#5600,#5601,#5602,#5603,#5604));
#1179=EDGE_LOOP('',(#5605,#5606,#5607));
#1180=EDGE_LOOP('',(#5608,#5609,#5610,#5611));
#1181=EDGE_LOOP('',(#5612,#5613,#5614,#5615));
#1182=EDGE_LOOP('',(#5616,#5617,#5618,#5619,#5620,#5621,#5622,#5623,#5624,
#5625,#5626,#5627,#5628));
#1183=EDGE_LOOP('',(#5629,#5630,#5631,#5632,#5633,#5634,#5635,#5636,#5637,
#5638));
#1184=EDGE_LOOP('',(#5639,#5640,#5641));
#1185=EDGE_LOOP('',(#5642,#5643,#5644));
#1186=EDGE_LOOP('',(#5645,#5646,#5647,#5648));
#1187=EDGE_LOOP('',(#5649));
#1188=LINE('',#8193,#1683);
#1189=LINE('',#8196,#1684);
#1190=LINE('',#8199,#1685);
#1191=LINE('',#8201,#1686);
#1192=LINE('',#8202,#1687);
#1193=LINE('',#8208,#1688);
#1194=LINE('',#8211,#1689);
#1195=LINE('',#8213,#1690);
#1196=LINE('',#8215,#1691);
#1197=LINE('',#8219,#1692);
#1198=LINE('',#8223,#1693);
#1199=LINE('',#8224,#1694);
#1200=LINE('',#8228,#1695);
#1201=LINE('',#8231,#1696);
#1202=LINE('',#8232,#1697);
#1203=LINE('',#8236,#1698);
#1204=LINE('',#8242,#1699);
#1205=LINE('',#8245,#1700);
#1206=LINE('',#8248,#1701);
#1207=LINE('',#8250,#1702);
#1208=LINE('',#8252,#1703);
#1209=LINE('',#8254,#1704);
#1210=LINE('',#8255,#1705);
#1211=LINE('',#8258,#1706);
#1212=LINE('',#8262,#1707);
#1213=LINE('',#8263,#1708);
#1214=LINE('',#8268,#1709);
#1215=LINE('',#8272,#1710);
#1216=LINE('',#8274,#1711);
#1217=LINE('',#8275,#1712);
#1218=LINE('',#8278,#1713);
#1219=LINE('',#8280,#1714);
#1220=LINE('',#8284,#1715);
#1221=LINE('',#8287,#1716);
#1222=LINE('',#8290,#1717);
#1223=LINE('',#8291,#1718);
#1224=LINE('',#8292,#1719);
#1225=LINE('',#8297,#1720);
#1226=LINE('',#8303,#1721);
#1227=LINE('',#8311,#1722);
#1228=LINE('',#8314,#1723);
#1229=LINE('',#8317,#1724);
#1230=LINE('',#8319,#1725);
#1231=LINE('',#8320,#1726);
#1232=LINE('',#8323,#1727);
#1233=LINE('',#8325,#1728);
#1234=LINE('',#8326,#1729);
#1235=LINE('',#8329,#1730);
#1236=LINE('',#8332,#1731);
#1237=LINE('',#8335,#1732);
#1238=LINE('',#8337,#1733);
#1239=LINE('',#8339,#1734);
#1240=LINE('',#8340,#1735);
#1241=LINE('',#8343,#1736);
#1242=LINE('',#8347,#1737);
#1243=LINE('',#8349,#1738);
#1244=LINE('',#8353,#1739);
#1245=LINE('',#8355,#1740);
#1246=LINE('',#8361,#1741);
#1247=LINE('',#8368,#1742);
#1248=LINE('',#8369,#1743);
#1249=LINE('',#8372,#1744);
#1250=LINE('',#8373,#1745);
#1251=LINE('',#8376,#1746);
#1252=LINE('',#8377,#1747);
#1253=LINE('',#8380,#1748);
#1254=LINE('',#8383,#1749);
#1255=LINE('',#8386,#1750);
#1256=LINE('',#8388,#1751);
#1257=LINE('',#8390,#1752);
#1258=LINE('',#8392,#1753);
#1259=LINE('',#8393,#1754);
#1260=LINE('',#8396,#1755);
#1261=LINE('',#8400,#1756);
#1262=LINE('',#8403,#1757);
#1263=LINE('',#8405,#1758);
#1264=LINE('',#8408,#1759);
#1265=LINE('',#8409,#1760);
#1266=LINE('',#8412,#1761);
#1267=LINE('',#8413,#1762);
#1268=LINE('',#8417,#1763);
#1269=LINE('',#8421,#1764);
#1270=LINE('',#8428,#1765);
#1271=LINE('',#8431,#1766);
#1272=LINE('',#8434,#1767);
#1273=LINE('',#8436,#1768);
#1274=LINE('',#8438,#1769);
#1275=LINE('',#8442,#1770);
#1276=LINE('',#8444,#1771);
#1277=LINE('',#8445,#1772);
#1278=LINE('',#8448,#1773);
#1279=LINE('',#8450,#1774);
#1280=LINE('',#8452,#1775);
#1281=LINE('',#8454,#1776);
#1282=LINE('',#8458,#1777);
#1283=LINE('',#8460,#1778);
#1284=LINE('',#8462,#1779);
#1285=LINE('',#8464,#1780);
#1286=LINE('',#8466,#1781);
#1287=LINE('',#8468,#1782);
#1288=LINE('',#8470,#1783);
#1289=LINE('',#8472,#1784);
#1290=LINE('',#8474,#1785);
#1291=LINE('',#8478,#1786);
#1292=LINE('',#8480,#1787);
#1293=LINE('',#8482,#1788);
#1294=LINE('',#8484,#1789);
#1295=LINE('',#8486,#1790);
#1296=LINE('',#8488,#1791);
#1297=LINE('',#8490,#1792);
#1298=LINE('',#8492,#1793);
#1299=LINE('',#8494,#1794);
#1300=LINE('',#8498,#1795);
#1301=LINE('',#8500,#1796);
#1302=LINE('',#8502,#1797);
#1303=LINE('',#8504,#1798);
#1304=LINE('',#8506,#1799);
#1305=LINE('',#8508,#1800);
#1306=LINE('',#8510,#1801);
#1307=LINE('',#8512,#1802);
#1308=LINE('',#8514,#1803);
#1309=LINE('',#8518,#1804);
#1310=LINE('',#8520,#1805);
#1311=LINE('',#8521,#1806);
#1312=LINE('',#8534,#1807);
#1313=LINE('',#8535,#1808);
#1314=LINE('',#8538,#1809);
#1315=LINE('',#8540,#1810);
#1316=LINE('',#8542,#1811);
#1317=LINE('',#8544,#1812);
#1318=LINE('',#8546,#1813);
#1319=LINE('',#8547,#1814);
#1320=LINE('',#8550,#1815);
#1321=LINE('',#8552,#1816);
#1322=LINE('',#8554,#1817);
#1323=LINE('',#8556,#1818);
#1324=LINE('',#8558,#1819);
#1325=LINE('',#8559,#1820);
#1326=LINE('',#8562,#1821);
#1327=LINE('',#8564,#1822);
#1328=LINE('',#8566,#1823);
#1329=LINE('',#8570,#1824);
#1330=LINE('',#8572,#1825);
#1331=LINE('',#8574,#1826);
#1332=LINE('',#8576,#1827);
#1333=LINE('',#8578,#1828);
#1334=LINE('',#8580,#1829);
#1335=LINE('',#8582,#1830);
#1336=LINE('',#8584,#1831);
#1337=LINE('',#8586,#1832);
#1338=LINE('',#8590,#1833);
#1339=LINE('',#8592,#1834);
#1340=LINE('',#8594,#1835);
#1341=LINE('',#8596,#1836);
#1342=LINE('',#8598,#1837);
#1343=LINE('',#8600,#1838);
#1344=LINE('',#8602,#1839);
#1345=LINE('',#8604,#1840);
#1346=LINE('',#8606,#1841);
#1347=LINE('',#8610,#1842);
#1348=LINE('',#8612,#1843);
#1349=LINE('',#8614,#1844);
#1350=LINE('',#8616,#1845);
#1351=LINE('',#8618,#1846);
#1352=LINE('',#8620,#1847);
#1353=LINE('',#8622,#1848);
#1354=LINE('',#8624,#1849);
#1355=LINE('',#8626,#1850);
#1356=LINE('',#8630,#1851);
#1357=LINE('',#8632,#1852);
#1358=LINE('',#8634,#1853);
#1359=LINE('',#8635,#1854);
#1360=LINE('',#8649,#1855);
#1361=LINE('',#8652,#1856);
#1362=LINE('',#8654,#1857);
#1363=LINE('',#8656,#1858);
#1364=LINE('',#8658,#1859);
#1365=LINE('',#8661,#1860);
#1366=LINE('',#8663,#1861);
#1367=LINE('',#8665,#1862);
#1368=LINE('',#8667,#1863);
#1369=LINE('',#8669,#1864);
#1370=LINE('',#8670,#1865);
#1371=LINE('',#8674,#1866);
#1372=LINE('',#8677,#1867);
#1373=LINE('',#8679,#1868);
#1374=LINE('',#8681,#1869);
#1375=LINE('',#8683,#1870);
#1376=LINE('',#8685,#1871);
#1377=LINE('',#8686,#1872);
#1378=LINE('',#8692,#1873);
#1379=LINE('',#8695,#1874);
#1380=LINE('',#8697,#1875);
#1381=LINE('',#8698,#1876);
#1382=LINE('',#8704,#1877);
#1383=LINE('',#8707,#1878);
#1384=LINE('',#8709,#1879);
#1385=LINE('',#8710,#1880);
#1386=LINE('',#8712,#1881);
#1387=LINE('',#8713,#1882);
#1388=LINE('',#8716,#1883);
#1389=LINE('',#8718,#1884);
#1390=LINE('',#8719,#1885);
#1391=LINE('',#8721,#1886);
#1392=LINE('',#8723,#1887);
#1393=LINE('',#8725,#1888);
#1394=LINE('',#8727,#1889);
#1395=LINE('',#8728,#1890);
#1396=LINE('',#8730,#1891);
#1397=LINE('',#8791,#1892);
#1398=LINE('',#8798,#1893);
#1399=LINE('',#8799,#1894);
#1400=LINE('',#8801,#1895);
#1401=LINE('',#8812,#1896);
#1402=LINE('',#8832,#1897);
#1403=LINE('',#8843,#1898);
#1404=LINE('',#8845,#1899);
#1405=LINE('',#8847,#1900);
#1406=LINE('',#8851,#1901);
#1407=LINE('',#8883,#1902);
#1408=LINE('',#8919,#1903);
#1409=LINE('',#8920,#1904);
#1410=LINE('',#8923,#1905);
#1411=LINE('',#8933,#1906);
#1412=LINE('',#8953,#1907);
#1413=LINE('',#8964,#1908);
#1414=LINE('',#8966,#1909);
#1415=LINE('',#8968,#1910);
#1416=LINE('',#8972,#1911);
#1417=LINE('',#8974,#1912);
#1418=LINE('',#8979,#1913);
#1419=LINE('',#8982,#1914);
#1420=LINE('',#8984,#1915);
#1421=LINE('',#8985,#1916);
#1422=LINE('',#8990,#1917);
#1423=LINE('',#8994,#1918);
#1424=LINE('',#8995,#1919);
#1425=LINE('',#8996,#1920);
#1426=LINE('',#8999,#1921);
#1427=LINE('',#9000,#1922);
#1428=LINE('',#9002,#1923);
#1429=LINE('',#9003,#1924);
#1430=LINE('',#9006,#1925);
#1431=LINE('',#9009,#1926);
#1432=LINE('',#9010,#1927);
#1433=LINE('',#9012,#1928);
#1434=LINE('',#9013,#1929);
#1435=LINE('',#9015,#1930);
#1436=LINE('',#9017,#1931);
#1437=LINE('',#9020,#1932);
#1438=LINE('',#9021,#1933);
#1439=LINE('',#9024,#1934);
#1440=LINE('',#9026,#1935);
#1441=LINE('',#9027,#1936);
#1442=LINE('',#9029,#1937);
#1443=LINE('',#9031,#1938);
#1444=LINE('',#9033,#1939);
#1445=LINE('',#9042,#1940);
#1446=LINE('',#9050,#1941);
#1447=LINE('',#9058,#1942);
#1448=LINE('',#9066,#1943);
#1449=LINE('',#9070,#1944);
#1450=LINE('',#9078,#1945);
#1451=LINE('',#9081,#1946);
#1452=LINE('',#9084,#1947);
#1453=LINE('',#9088,#1948);
#1454=LINE('',#9090,#1949);
#1455=LINE('',#9092,#1950);
#1456=LINE('',#9095,#1951);
#1457=LINE('',#9098,#1952);
#1458=LINE('',#9102,#1953);
#1459=LINE('',#9106,#1954);
#1460=LINE('',#9110,#1955);
#1461=LINE('',#9114,#1956);
#1462=LINE('',#9115,#1957);
#1463=LINE('',#9120,#1958);
#1464=LINE('',#9121,#1959);
#1465=LINE('',#9124,#1960);
#1466=LINE('',#9125,#1961);
#1467=LINE('',#9130,#1962);
#1468=LINE('',#9131,#1963);
#1469=LINE('',#9134,#1964);
#1470=LINE('',#9135,#1965);
#1471=LINE('',#9139,#1966);
#1472=LINE('',#9143,#1967);
#1473=LINE('',#9145,#1968);
#1474=LINE('',#9147,#1969);
#1475=LINE('',#9150,#1970);
#1476=LINE('',#9154,#1971);
#1477=LINE('',#9156,#1972);
#1478=LINE('',#9158,#1973);
#1479=LINE('',#9161,#1974);
#1480=LINE('',#9163,#1975);
#1481=LINE('',#9165,#1976);
#1482=LINE('',#9166,#1977);
#1483=LINE('',#9169,#1978);
#1484=LINE('',#9176,#1979);
#1485=LINE('',#9179,#1980);
#1486=LINE('',#9182,#1981);
#1487=LINE('',#9186,#1982);
#1488=LINE('',#9188,#1983);
#1489=LINE('',#9190,#1984);
#1490=LINE('',#9193,#1985);
#1491=LINE('',#9196,#1986);
#1492=LINE('',#9200,#1987);
#1493=LINE('',#9204,#1988);
#1494=LINE('',#9208,#1989);
#1495=LINE('',#9212,#1990);
#1496=LINE('',#9213,#1991);
#1497=LINE('',#9218,#1992);
#1498=LINE('',#9219,#1993);
#1499=LINE('',#9222,#1994);
#1500=LINE('',#9223,#1995);
#1501=LINE('',#9228,#1996);
#1502=LINE('',#9229,#1997);
#1503=LINE('',#9232,#1998);
#1504=LINE('',#9233,#1999);
#1505=LINE('',#9237,#2000);
#1506=LINE('',#9241,#2001);
#1507=LINE('',#9243,#2002);
#1508=LINE('',#9245,#2003);
#1509=LINE('',#9248,#2004);
#1510=LINE('',#9252,#2005);
#1511=LINE('',#9254,#2006);
#1512=LINE('',#9256,#2007);
#1513=LINE('',#9259,#2008);
#1514=LINE('',#9261,#2009);
#1515=LINE('',#9263,#2010);
#1516=LINE('',#9264,#2011);
#1517=LINE('',#9267,#2012);
#1518=LINE('',#9274,#2013);
#1519=LINE('',#9277,#2014);
#1520=LINE('',#9280,#2015);
#1521=LINE('',#9284,#2016);
#1522=LINE('',#9286,#2017);
#1523=LINE('',#9288,#2018);
#1524=LINE('',#9291,#2019);
#1525=LINE('',#9294,#2020);
#1526=LINE('',#9298,#2021);
#1527=LINE('',#9302,#2022);
#1528=LINE('',#9306,#2023);
#1529=LINE('',#9310,#2024);
#1530=LINE('',#9311,#2025);
#1531=LINE('',#9316,#2026);
#1532=LINE('',#9317,#2027);
#1533=LINE('',#9320,#2028);
#1534=LINE('',#9321,#2029);
#1535=LINE('',#9326,#2030);
#1536=LINE('',#9327,#2031);
#1537=LINE('',#9330,#2032);
#1538=LINE('',#9331,#2033);
#1539=LINE('',#9335,#2034);
#1540=LINE('',#9339,#2035);
#1541=LINE('',#9341,#2036);
#1542=LINE('',#9343,#2037);
#1543=LINE('',#9346,#2038);
#1544=LINE('',#9350,#2039);
#1545=LINE('',#9352,#2040);
#1546=LINE('',#9354,#2041);
#1547=LINE('',#9357,#2042);
#1548=LINE('',#9359,#2043);
#1549=LINE('',#9361,#2044);
#1550=LINE('',#9362,#2045);
#1551=LINE('',#9365,#2046);
#1552=LINE('',#9391,#2047);
#1553=LINE('',#9411,#2048);
#1554=LINE('',#9439,#2049);
#1555=LINE('',#9446,#2050);
#1556=LINE('',#9455,#2051);
#1557=LINE('',#9460,#2052);
#1558=LINE('',#9465,#2053);
#1559=LINE('',#9467,#2054);
#1560=LINE('',#9469,#2055);
#1561=LINE('',#9471,#2056);
#1562=LINE('',#9473,#2057);
#1563=LINE('',#9475,#2058);
#1564=LINE('',#9477,#2059);
#1565=LINE('',#9479,#2060);
#1566=LINE('',#9481,#2061);
#1567=LINE('',#9483,#2062);
#1568=LINE('',#9485,#2063);
#1569=LINE('',#9487,#2064);
#1570=LINE('',#9489,#2065);
#1571=LINE('',#9491,#2066);
#1572=LINE('',#9492,#2067);
#1573=LINE('',#9495,#2068);
#1574=LINE('',#9500,#2069);
#1575=LINE('',#9513,#2070);
#1576=LINE('',#9518,#2071);
#1577=LINE('',#9524,#2072);
#1578=LINE('',#9539,#2073);
#1579=LINE('',#9546,#2074);
#1580=LINE('',#9548,#2075);
#1581=LINE('',#9550,#2076);
#1582=LINE('',#9552,#2077);
#1583=LINE('',#9554,#2078);
#1584=LINE('',#9556,#2079);
#1585=LINE('',#9558,#2080);
#1586=LINE('',#9560,#2081);
#1587=LINE('',#9562,#2082);
#1588=LINE('',#9564,#2083);
#1589=LINE('',#9566,#2084);
#1590=LINE('',#9568,#2085);
#1591=LINE('',#9570,#2086);
#1592=LINE('',#9572,#2087);
#1593=LINE('',#9573,#2088);
#1594=LINE('',#9576,#2089);
#1595=LINE('',#9578,#2090);
#1596=LINE('',#9584,#2091);
#1597=LINE('',#9589,#2092);
#1598=LINE('',#9602,#2093);
#1599=LINE('',#9611,#2094);
#1600=LINE('',#9626,#2095);
#1601=LINE('',#9632,#2096);
#1602=LINE('',#9641,#2097);
#1603=LINE('',#9644,#2098);
#1604=LINE('',#9654,#2099);
#1605=LINE('',#9663,#2100);
#1606=LINE('',#9673,#2101);
#1607=LINE('',#9683,#2102);
#1608=LINE('',#9686,#2103);
#1609=LINE('',#9695,#2104);
#1610=LINE('',#9706,#2105);
#1611=LINE('',#9739,#2106);
#1612=LINE('',#9749,#2107);
#1613=LINE('',#9899,#2108);
#1614=LINE('',#9916,#2109);
#1615=LINE('',#9917,#2110);
#1616=LINE('',#9919,#2111);
#1617=LINE('',#9921,#2112);
#1618=LINE('',#9923,#2113);
#1619=LINE('',#9925,#2114);
#1620=LINE('',#9927,#2115);
#1621=LINE('',#9929,#2116);
#1622=LINE('',#9931,#2117);
#1623=LINE('',#9933,#2118);
#1624=LINE('',#9937,#2119);
#1625=LINE('',#9942,#2120);
#1626=LINE('',#9951,#2121);
#1627=LINE('',#9957,#2122);
#1628=LINE('',#9963,#2123);
#1629=LINE('',#9969,#2124);
#1630=LINE('',#9975,#2125);
#1631=LINE('',#9987,#2126);
#1632=LINE('',#9990,#2127);
#1633=LINE('',#10018,#2128);
#1634=LINE('',#10025,#2129);
#1635=LINE('',#10031,#2130);
#1636=LINE('',#10037,#2131);
#1637=LINE('',#10043,#2132);
#1638=LINE('',#10054,#2133);
#1639=LINE('',#10066,#2134);
#1640=LINE('',#10346,#2135);
#1641=LINE('',#10347,#2136);
#1642=LINE('',#10349,#2137);
#1643=LINE('',#10351,#2138);
#1644=LINE('',#10353,#2139);
#1645=LINE('',#10355,#2140);
#1646=LINE('',#10357,#2141);
#1647=LINE('',#10359,#2142);
#1648=LINE('',#10361,#2143);
#1649=LINE('',#10363,#2144);
#1650=LINE('',#10365,#2145);
#1651=LINE('',#10367,#2146);
#1652=LINE('',#10369,#2147);
#1653=LINE('',#10372,#2148);
#1654=LINE('',#10374,#2149);
#1655=LINE('',#10376,#2150);
#1656=LINE('',#10378,#2151);
#1657=LINE('',#10380,#2152);
#1658=LINE('',#10382,#2153);
#1659=LINE('',#10383,#2154);
#1660=LINE('',#10385,#2155);
#1661=LINE('',#10386,#2156);
#1662=LINE('',#10388,#2157);
#1663=LINE('',#10390,#2158);
#1664=LINE('',#10391,#2159);
#1665=LINE('',#10394,#2160);
#1666=LINE('',#10395,#2161);
#1667=LINE('',#10399,#2162);
#1668=LINE('',#10401,#2163);
#1669=LINE('',#10402,#2164);
#1670=LINE('',#10406,#2165);
#1671=LINE('',#10409,#2166);
#1672=LINE('',#10415,#2167);
#1673=LINE('',#10431,#2168);
#1674=LINE('',#10443,#2169);
#1675=LINE('',#10455,#2170);
#1676=LINE('',#10483,#2171);
#1677=LINE('',#10509,#2172);
#1678=LINE('',#10536,#2173);
#1679=LINE('',#10563,#2174);
#1680=LINE('',#10628,#2175);
#1681=LINE('',#10920,#2176);
#1682=LINE('',#11166,#2177);
#1683=VECTOR('',#6628,10.);
#1684=VECTOR('',#6631,10.);
#1685=VECTOR('',#6634,10.);
#1686=VECTOR('',#6635,10.);
#1687=VECTOR('',#6636,10.);
#1688=VECTOR('',#6641,10.);
#1689=VECTOR('',#6644,10.);
#1690=VECTOR('',#6647,10.);
#1691=VECTOR('',#6648,10.);
#1692=VECTOR('',#6651,10.);
#1693=VECTOR('',#6656,10.);
#1694=VECTOR('',#6657,10.);
#1695=VECTOR('',#6662,10.);
#1696=VECTOR('',#6665,10.);
#1697=VECTOR('',#6666,10.);
#1698=VECTOR('',#6673,10.);
#1699=VECTOR('',#6678,10.);
#1700=VECTOR('',#6681,10.);
#1701=VECTOR('',#6684,10.);
#1702=VECTOR('',#6685,10.);
#1703=VECTOR('',#6686,10.);
#1704=VECTOR('',#6687,10.);
#1705=VECTOR('',#6688,10.);
#1706=VECTOR('',#6691,10.);
#1707=VECTOR('',#6694,10.);
#1708=VECTOR('',#6695,10.);
#1709=VECTOR('',#6700,10.);
#1710=VECTOR('',#6705,10.);
#1711=VECTOR('',#6706,10.);
#1712=VECTOR('',#6707,10.);
#1713=VECTOR('',#6710,10.);
#1714=VECTOR('',#6711,10.);
#1715=VECTOR('',#6716,10.);
#1716=VECTOR('',#6719,10.);
#1717=VECTOR('',#6722,10.);
#1718=VECTOR('',#6723,10.);
#1719=VECTOR('',#6724,10.);
#1720=VECTOR('',#6733,10.);
#1721=VECTOR('',#6740,0.4);
#1722=VECTOR('',#6749,10.);
#1723=VECTOR('',#6752,10.);
#1724=VECTOR('',#6755,10.);
#1725=VECTOR('',#6756,10.);
#1726=VECTOR('',#6757,10.);
#1727=VECTOR('',#6760,10.);
#1728=VECTOR('',#6761,10.);
#1729=VECTOR('',#6762,10.);
#1730=VECTOR('',#6765,10.);
#1731=VECTOR('',#6768,10.);
#1732=VECTOR('',#6771,10.);
#1733=VECTOR('',#6772,10.);
#1734=VECTOR('',#6773,10.);
#1735=VECTOR('',#6774,10.);
#1736=VECTOR('',#6777,10.);
#1737=VECTOR('',#6780,10.);
#1738=VECTOR('',#6781,10.);
#1739=VECTOR('',#6784,10.);
#1740=VECTOR('',#6785,10.);
#1741=VECTOR('',#6792,0.4);
#1742=VECTOR('',#6801,10.);
#1743=VECTOR('',#6802,10.);
#1744=VECTOR('',#6805,10.);
#1745=VECTOR('',#6806,10.);
#1746=VECTOR('',#6809,10.);
#1747=VECTOR('',#6810,10.);
#1748=VECTOR('',#6813,10.);
#1749=VECTOR('',#6816,10.);
#1750=VECTOR('',#6819,10.);
#1751=VECTOR('',#6820,10.);
#1752=VECTOR('',#6821,10.);
#1753=VECTOR('',#6822,10.);
#1754=VECTOR('',#6823,10.);
#1755=VECTOR('',#6826,10.);
#1756=VECTOR('',#6831,10.);
#1757=VECTOR('',#6834,10.);
#1758=VECTOR('',#6837,10.);
#1759=VECTOR('',#6840,10.);
#1760=VECTOR('',#6841,10.);
#1761=VECTOR('',#6844,10.);
#1762=VECTOR('',#6845,10.);
#1763=VECTOR('',#6850,10.);
#1764=VECTOR('',#6857,10.);
#1765=VECTOR('',#6864,10.);
#1766=VECTOR('',#6867,10.);
#1767=VECTOR('',#6870,10.);
#1768=VECTOR('',#6871,10.);
#1769=VECTOR('',#6872,10.);
#1770=VECTOR('',#6875,10.);
#1771=VECTOR('',#6876,10.);
#1772=VECTOR('',#6877,10.);
#1773=VECTOR('',#6880,10.);
#1774=VECTOR('',#6881,10.);
#1775=VECTOR('',#6882,10.);
#1776=VECTOR('',#6883,10.);
#1777=VECTOR('',#6886,10.);
#1778=VECTOR('',#6887,10.);
#1779=VECTOR('',#6888,10.);
#1780=VECTOR('',#6889,10.);
#1781=VECTOR('',#6890,10.);
#1782=VECTOR('',#6891,10.);
#1783=VECTOR('',#6892,10.);
#1784=VECTOR('',#6893,10.);
#1785=VECTOR('',#6894,10.);
#1786=VECTOR('',#6897,10.);
#1787=VECTOR('',#6898,10.);
#1788=VECTOR('',#6899,10.);
#1789=VECTOR('',#6900,10.);
#1790=VECTOR('',#6901,10.);
#1791=VECTOR('',#6902,10.);
#1792=VECTOR('',#6903,10.);
#1793=VECTOR('',#6904,10.);
#1794=VECTOR('',#6905,10.);
#1795=VECTOR('',#6908,10.);
#1796=VECTOR('',#6909,10.);
#1797=VECTOR('',#6910,10.);
#1798=VECTOR('',#6911,10.);
#1799=VECTOR('',#6912,10.);
#1800=VECTOR('',#6913,10.);
#1801=VECTOR('',#6914,10.);
#1802=VECTOR('',#6915,10.);
#1803=VECTOR('',#6916,10.);
#1804=VECTOR('',#6919,10.);
#1805=VECTOR('',#6920,10.);
#1806=VECTOR('',#6921,10.);
#1807=VECTOR('',#6934,10.);
#1808=VECTOR('',#6935,10.);
#1809=VECTOR('',#6938,10.);
#1810=VECTOR('',#6939,10.);
#1811=VECTOR('',#6940,10.);
#1812=VECTOR('',#6941,10.);
#1813=VECTOR('',#6942,10.);
#1814=VECTOR('',#6943,10.);
#1815=VECTOR('',#6946,10.);
#1816=VECTOR('',#6947,10.);
#1817=VECTOR('',#6948,10.);
#1818=VECTOR('',#6949,10.);
#1819=VECTOR('',#6950,10.);
#1820=VECTOR('',#6951,10.);
#1821=VECTOR('',#6954,10.);
#1822=VECTOR('',#6955,10.);
#1823=VECTOR('',#6956,10.);
#1824=VECTOR('',#6959,10.);
#1825=VECTOR('',#6960,10.);
#1826=VECTOR('',#6961,10.);
#1827=VECTOR('',#6962,10.);
#1828=VECTOR('',#6963,10.);
#1829=VECTOR('',#6964,10.);
#1830=VECTOR('',#6965,10.);
#1831=VECTOR('',#6966,10.);
#1832=VECTOR('',#6967,10.);
#1833=VECTOR('',#6970,10.);
#1834=VECTOR('',#6971,10.);
#1835=VECTOR('',#6972,10.);
#1836=VECTOR('',#6973,10.);
#1837=VECTOR('',#6974,10.);
#1838=VECTOR('',#6975,10.);
#1839=VECTOR('',#6976,10.);
#1840=VECTOR('',#6977,10.);
#1841=VECTOR('',#6978,10.);
#1842=VECTOR('',#6981,10.);
#1843=VECTOR('',#6982,10.);
#1844=VECTOR('',#6983,10.);
#1845=VECTOR('',#6984,10.);
#1846=VECTOR('',#6985,10.);
#1847=VECTOR('',#6986,10.);
#1848=VECTOR('',#6987,10.);
#1849=VECTOR('',#6988,10.);
#1850=VECTOR('',#6989,10.);
#1851=VECTOR('',#6992,10.);
#1852=VECTOR('',#6993,10.);
#1853=VECTOR('',#6994,10.);
#1854=VECTOR('',#6995,10.);
#1855=VECTOR('',#7010,10.);
#1856=VECTOR('',#7013,10.);
#1857=VECTOR('',#7014,10.);
#1858=VECTOR('',#7015,10.);
#1859=VECTOR('',#7018,10.);
#1860=VECTOR('',#7021,10.);
#1861=VECTOR('',#7022,10.);
#1862=VECTOR('',#7023,10.);
#1863=VECTOR('',#7024,10.);
#1864=VECTOR('',#7025,10.);
#1865=VECTOR('',#7026,10.);
#1866=VECTOR('',#7031,10.);
#1867=VECTOR('',#7034,10.);
#1868=VECTOR('',#7035,10.);
#1869=VECTOR('',#7036,10.);
#1870=VECTOR('',#7037,10.);
#1871=VECTOR('',#7038,10.);
#1872=VECTOR('',#7039,10.);
#1873=VECTOR('',#7046,10.);
#1874=VECTOR('',#7049,10.);
#1875=VECTOR('',#7050,10.);
#1876=VECTOR('',#7051,10.);
#1877=VECTOR('',#7058,10.);
#1878=VECTOR('',#7061,10.);
#1879=VECTOR('',#7062,10.);
#1880=VECTOR('',#7063,10.);
#1881=VECTOR('',#7066,10.);
#1882=VECTOR('',#7067,10.);
#1883=VECTOR('',#7072,10.);
#1884=VECTOR('',#7075,10.);
#1885=VECTOR('',#7076,10.);
#1886=VECTOR('',#7079,10.);
#1887=VECTOR('',#7082,10.);
#1888=VECTOR('',#7085,10.);
#1889=VECTOR('',#7088,10.);
#1890=VECTOR('',#7089,10.);
#1891=VECTOR('',#7092,10.);
#1892=VECTOR('',#7093,10.);
#1893=VECTOR('',#7102,10.);
#1894=VECTOR('',#7103,10.);
#1895=VECTOR('',#7106,10.);
#1896=VECTOR('',#7107,10.);
#1897=VECTOR('',#7108,10.);
#1898=VECTOR('',#7111,10.);
#1899=VECTOR('',#7114,10.);
#1900=VECTOR('',#7117,10.);
#1901=VECTOR('',#7124,10.);
#1902=VECTOR('',#7125,10.);
#1903=VECTOR('',#7134,10.);
#1904=VECTOR('',#7135,10.);
#1905=VECTOR('',#7138,10.);
#1906=VECTOR('',#7139,10.);
#1907=VECTOR('',#7140,10.);
#1908=VECTOR('',#7143,10.);
#1909=VECTOR('',#7146,10.);
#1910=VECTOR('',#7149,10.);
#1911=VECTOR('',#7156,10.);
#1912=VECTOR('',#7159,10.);
#1913=VECTOR('',#7164,10.);
#1914=VECTOR('',#7169,10.);
#1915=VECTOR('',#7170,10.);
#1916=VECTOR('',#7171,10.);
#1917=VECTOR('',#7176,10.);
#1918=VECTOR('',#7181,10.);
#1919=VECTOR('',#7182,10.);
#1920=VECTOR('',#7183,10.);
#1921=VECTOR('',#7186,10.);
#1922=VECTOR('',#7187,10.);
#1923=VECTOR('',#7190,10.);
#1924=VECTOR('',#7191,10.);
#1925=VECTOR('',#7196,10.);
#1926=VECTOR('',#7199,10.);
#1927=VECTOR('',#7200,10.);
#1928=VECTOR('',#7203,10.);
#1929=VECTOR('',#7204,10.);
#1930=VECTOR('',#7207,10.);
#1931=VECTOR('',#7210,10.);
#1932=VECTOR('',#7215,10.);
#1933=VECTOR('',#7216,10.);
#1934=VECTOR('',#7221,10.);
#1935=VECTOR('',#7224,10.);
#1936=VECTOR('',#7225,10.);
#1937=VECTOR('',#7228,10.);
#1938=VECTOR('',#7231,10.);
#1939=VECTOR('',#7234,10.);
#1940=VECTOR('',#7247,0.175);
#1941=VECTOR('',#7258,0.175);
#1942=VECTOR('',#7269,0.175);
#1943=VECTOR('',#7280,0.175);
#1944=VECTOR('',#7287,10.);
#1945=VECTOR('',#7296,10.);
#1946=VECTOR('',#7299,10.);
#1947=VECTOR('',#7302,10.);
#1948=VECTOR('',#7305,10.);
#1949=VECTOR('',#7306,10.);
#1950=VECTOR('',#7307,10.);
#1951=VECTOR('',#7310,10.);
#1952=VECTOR('',#7313,10.);
#1953=VECTOR('',#7316,10.);
#1954=VECTOR('',#7319,10.);
#1955=VECTOR('',#7322,10.);
#1956=VECTOR('',#7325,10.);
#1957=VECTOR('',#7326,10.);
#1958=VECTOR('',#7331,10.);
#1959=VECTOR('',#7332,10.);
#1960=VECTOR('',#7335,10.);
#1961=VECTOR('',#7336,10.);
#1962=VECTOR('',#7341,10.);
#1963=VECTOR('',#7342,10.);
#1964=VECTOR('',#7345,10.);
#1965=VECTOR('',#7346,10.);
#1966=VECTOR('',#7351,10.);
#1967=VECTOR('',#7356,10.);
#1968=VECTOR('',#7359,10.);
#1969=VECTOR('',#7362,10.);
#1970=VECTOR('',#7365,10.);
#1971=VECTOR('',#7368,10.);
#1972=VECTOR('',#7369,10.);
#1973=VECTOR('',#7370,10.);
#1974=VECTOR('',#7375,10.);
#1975=VECTOR('',#7378,10.);
#1976=VECTOR('',#7381,10.);
#1977=VECTOR('',#7382,10.);
#1978=VECTOR('',#7387,10.);
#1979=VECTOR('',#7394,10.);
#1980=VECTOR('',#7397,10.);
#1981=VECTOR('',#7400,10.);
#1982=VECTOR('',#7403,10.);
#1983=VECTOR('',#7404,10.);
#1984=VECTOR('',#7405,10.);
#1985=VECTOR('',#7408,10.);
#1986=VECTOR('',#7411,10.);
#1987=VECTOR('',#7414,10.);
#1988=VECTOR('',#7417,10.);
#1989=VECTOR('',#7420,10.);
#1990=VECTOR('',#7423,10.);
#1991=VECTOR('',#7424,10.);
#1992=VECTOR('',#7429,10.);
#1993=VECTOR('',#7430,10.);
#1994=VECTOR('',#7433,10.);
#1995=VECTOR('',#7434,10.);
#1996=VECTOR('',#7439,10.);
#1997=VECTOR('',#7440,10.);
#1998=VECTOR('',#7443,10.);
#1999=VECTOR('',#7444,10.);
#2000=VECTOR('',#7449,10.);
#2001=VECTOR('',#7454,10.);
#2002=VECTOR('',#7457,10.);
#2003=VECTOR('',#7460,10.);
#2004=VECTOR('',#7463,10.);
#2005=VECTOR('',#7466,10.);
#2006=VECTOR('',#7467,10.);
#2007=VECTOR('',#7468,10.);
#2008=VECTOR('',#7473,10.);
#2009=VECTOR('',#7476,10.);
#2010=VECTOR('',#7479,10.);
#2011=VECTOR('',#7480,10.);
#2012=VECTOR('',#7485,10.);
#2013=VECTOR('',#7492,10.);
#2014=VECTOR('',#7495,10.);
#2015=VECTOR('',#7498,10.);
#2016=VECTOR('',#7501,10.);
#2017=VECTOR('',#7502,10.);
#2018=VECTOR('',#7503,10.);
#2019=VECTOR('',#7506,10.);
#2020=VECTOR('',#7509,10.);
#2021=VECTOR('',#7512,10.);
#2022=VECTOR('',#7515,10.);
#2023=VECTOR('',#7518,10.);
#2024=VECTOR('',#7521,10.);
#2025=VECTOR('',#7522,10.);
#2026=VECTOR('',#7527,10.);
#2027=VECTOR('',#7528,10.);
#2028=VECTOR('',#7531,10.);
#2029=VECTOR('',#7532,10.);
#2030=VECTOR('',#7537,10.);
#2031=VECTOR('',#7538,10.);
#2032=VECTOR('',#7541,10.);
#2033=VECTOR('',#7542,10.);
#2034=VECTOR('',#7547,10.);
#2035=VECTOR('',#7552,10.);
#2036=VECTOR('',#7555,10.);
#2037=VECTOR('',#7558,10.);
#2038=VECTOR('',#7561,10.);
#2039=VECTOR('',#7564,10.);
#2040=VECTOR('',#7565,10.);
#2041=VECTOR('',#7566,10.);
#2042=VECTOR('',#7571,10.);
#2043=VECTOR('',#7574,10.);
#2044=VECTOR('',#7577,10.);
#2045=VECTOR('',#7578,10.);
#2046=VECTOR('',#7583,10.);
#2047=VECTOR('',#7618,0.85);
#2048=VECTOR('',#7645,0.85);
#2049=VECTOR('',#7684,2.8);
#2050=VECTOR('',#7693,3.25);
#2051=VECTOR('',#7704,3.2);
#2052=VECTOR('',#7709,3.25);
#2053=VECTOR('',#7714,10.);
#2054=VECTOR('',#7715,10.);
#2055=VECTOR('',#7716,10.);
#2056=VECTOR('',#7717,10.);
#2057=VECTOR('',#7718,10.);
#2058=VECTOR('',#7719,10.);
#2059=VECTOR('',#7720,10.);
#2060=VECTOR('',#7721,10.);
#2061=VECTOR('',#7722,10.);
#2062=VECTOR('',#7723,10.);
#2063=VECTOR('',#7724,10.);
#2064=VECTOR('',#7725,10.);
#2065=VECTOR('',#7726,10.);
#2066=VECTOR('',#7727,10.);
#2067=VECTOR('',#7728,10.);
#2068=VECTOR('',#7731,10.);
#2069=VECTOR('',#7732,10.);
#2070=VECTOR('',#7735,10.);
#2071=VECTOR('',#7736,10.);
#2072=VECTOR('',#7737,10.);
#2073=VECTOR('',#7738,10.);
#2074=VECTOR('',#7741,10.);
#2075=VECTOR('',#7742,10.);
#2076=VECTOR('',#7743,10.);
#2077=VECTOR('',#7744,10.);
#2078=VECTOR('',#7745,10.);
#2079=VECTOR('',#7746,10.);
#2080=VECTOR('',#7747,10.);
#2081=VECTOR('',#7748,10.);
#2082=VECTOR('',#7749,10.);
#2083=VECTOR('',#7750,10.);
#2084=VECTOR('',#7751,10.);
#2085=VECTOR('',#7752,10.);
#2086=VECTOR('',#7753,10.);
#2087=VECTOR('',#7754,10.);
#2088=VECTOR('',#7755,10.);
#2089=VECTOR('',#7758,10.);
#2090=VECTOR('',#7759,10.);
#2091=VECTOR('',#7762,10.);
#2092=VECTOR('',#7763,10.);
#2093=VECTOR('',#7766,10.);
#2094=VECTOR('',#7767,10.);
#2095=VECTOR('',#7768,10.);
#2096=VECTOR('',#7771,10.);
#2097=VECTOR('',#7772,10.);
#2098=VECTOR('',#7775,10.);
#2099=VECTOR('',#7778,10.);
#2100=VECTOR('',#7779,10.);
#2101=VECTOR('',#7782,10.);
#2102=VECTOR('',#7785,10.);
#2103=VECTOR('',#7788,10.);
#2104=VECTOR('',#7789,10.);
#2105=VECTOR('',#7794,10.);
#2106=VECTOR('',#7801,10.);
#2107=VECTOR('',#7804,10.);
#2108=VECTOR('',#7917,2.85);
#2109=VECTOR('',#7938,10.);
#2110=VECTOR('',#7939,10.);
#2111=VECTOR('',#7942,10.);
#2112=VECTOR('',#7945,10.);
#2113=VECTOR('',#7948,10.);
#2114=VECTOR('',#7951,10.);
#2115=VECTOR('',#7954,10.);
#2116=VECTOR('',#7957,10.);
#2117=VECTOR('',#7960,10.);
#2118=VECTOR('',#7963,10.);
#2119=VECTOR('',#7970,10.);
#2120=VECTOR('',#7975,10.);
#2121=VECTOR('',#7976,10.);
#2122=VECTOR('',#7977,10.);
#2123=VECTOR('',#7978,10.);
#2124=VECTOR('',#7979,10.);
#2125=VECTOR('',#7980,10.);
#2126=VECTOR('',#7985,10.);
#2127=VECTOR('',#7988,10.);
#2128=VECTOR('',#8007,2.85);
#2129=VECTOR('',#8018,10.);
#2130=VECTOR('',#8019,10.);
#2131=VECTOR('',#8020,10.);
#2132=VECTOR('',#8021,10.);
#2133=VECTOR('',#8026,10.);
#2134=VECTOR('',#8033,10.);
#2135=VECTOR('',#8050,10.);
#2136=VECTOR('',#8051,10.);
#2137=VECTOR('',#8054,10.);
#2138=VECTOR('',#8057,10.);
#2139=VECTOR('',#8060,10.);
#2140=VECTOR('',#8063,10.);
#2141=VECTOR('',#8066,10.);
#2142=VECTOR('',#8069,10.);
#2143=VECTOR('',#8072,10.);
#2144=VECTOR('',#8075,10.);
#2145=VECTOR('',#8078,10.);
#2146=VECTOR('',#8081,10.);
#2147=VECTOR('',#8084,10.);
#2148=VECTOR('',#8089,10.);
#2149=VECTOR('',#8092,10.);
#2150=VECTOR('',#8095,10.);
#2151=VECTOR('',#8098,10.);
#2152=VECTOR('',#8101,10.);
#2153=VECTOR('',#8104,10.);
#2154=VECTOR('',#8105,10.);
#2155=VECTOR('',#8108,10.);
#2156=VECTOR('',#8109,10.);
#2157=VECTOR('',#8112,10.);
#2158=VECTOR('',#8115,10.);
#2159=VECTOR('',#8116,10.);
#2160=VECTOR('',#8121,10.);
#2161=VECTOR('',#8122,10.);
#2162=VECTOR('',#8129,10.);
#2163=VECTOR('',#8132,10.);
#2164=VECTOR('',#8133,10.);
#2165=VECTOR('',#8140,10.);
#2166=VECTOR('',#8145,10.);
#2167=VECTOR('',#8152,3.1);
#2168=VECTOR('',#8153,3.1);
#2169=VECTOR('',#8156,10.);
#2170=VECTOR('',#8159,3.1);
#2171=VECTOR('',#8162,3.1);
#2172=VECTOR('',#8165,3.1);
#2173=VECTOR('',#8168,3.1);
#2174=VECTOR('',#8171,3.1);
#2175=VECTOR('',#8174,10.);
#2176=VECTOR('',#8175,10.);
#2177=VECTOR('',#8176,10.);
#2178=CIRCLE('',#6089,0.1);
#2179=CIRCLE('',#6090,0.1);
#2180=CIRCLE('',#6093,0.1);
#2181=CIRCLE('',#6094,0.1);
#2182=CIRCLE('',#6096,0.1);
#2183=CIRCLE('',#6097,0.1);
#2184=CIRCLE('',#6100,0.1);
#2185=CIRCLE('',#6103,0.1);
#2186=CIRCLE('',#6106,0.5);
#2187=CIRCLE('',#6107,0.5);
#2188=CIRCLE('',#6110,0.5);
#2189=CIRCLE('',#6112,0.5);
#2190=CIRCLE('',#6113,0.5);
#2191=CIRCLE('',#6116,0.5);
#2192=CIRCLE('',#6118,0.5);
#2193=CIRCLE('',#6121,0.5);
#2194=CIRCLE('',#6126,0.4);
#2195=CIRCLE('',#6127,0.4);
#2196=CIRCLE('',#6130,1.);
#2197=CIRCLE('',#6131,1.);
#2198=CIRCLE('',#6135,0.5);
#2199=CIRCLE('',#6138,0.5);
#2200=CIRCLE('',#6139,1.);
#2201=CIRCLE('',#6140,0.5);
#2202=CIRCLE('',#6142,0.4);
#2203=CIRCLE('',#6143,0.4);
#2204=CIRCLE('',#6146,1.);
#2205=CIRCLE('',#6150,0.5);
#2206=CIRCLE('',#6153,0.5);
#2207=CIRCLE('',#6155,0.5);
#2208=CIRCLE('',#6160,0.5);
#2209=CIRCLE('',#6162,0.5);
#2210=CIRCLE('',#6166,0.2);
#2211=CIRCLE('',#6167,0.2);
#2212=CIRCLE('',#6169,0.05);
#2213=CIRCLE('',#6171,0.500000000000002);
#2214=CIRCLE('',#6172,0.5);
#2215=CIRCLE('',#6173,0.5);
#2216=CIRCLE('',#6174,0.5);
#2217=CIRCLE('',#6175,0.175);
#2218=CIRCLE('',#6176,0.175);
#2219=CIRCLE('',#6177,0.175);
#2220=CIRCLE('',#6178,0.175);
#2221=CIRCLE('',#6180,0.05);
#2222=CIRCLE('',#6184,0.5);
#2223=CIRCLE('',#6185,0.5);
#2224=CIRCLE('',#6186,0.5);
#2225=CIRCLE('',#6187,0.500000000000002);
#2226=CIRCLE('',#6188,0.475);
#2227=CIRCLE('',#6189,0.475);
#2228=CIRCLE('',#6190,0.475);
#2229=CIRCLE('',#6191,0.475);
#2230=CIRCLE('',#6193,0.2);
#2231=CIRCLE('',#6194,0.2);
#2232=CIRCLE('',#6196,0.05);
#2233=CIRCLE('',#6199,0.05);
#2234=CIRCLE('',#6202,0.05);
#2235=CIRCLE('',#6203,0.05);
#2236=CIRCLE('',#6206,0.05);
#2237=CIRCLE('',#6207,0.05);
#2238=CIRCLE('',#6219,0.55);
#2239=CIRCLE('',#6221,0.55);
#2240=CIRCLE('',#6230,0.55);
#2241=CIRCLE('',#6232,0.55);
#2242=CIRCLE('',#6242,0.2);
#2243=CIRCLE('',#6243,0.2);
#2244=CIRCLE('',#6246,0.2);
#2245=CIRCLE('',#6247,0.2);
#2246=CIRCLE('',#6267,0.3);
#2247=CIRCLE('',#6268,0.175);
#2248=CIRCLE('',#6269,0.175);
#2249=CIRCLE('',#6272,0.3);
#2250=CIRCLE('',#6273,0.175);
#2251=CIRCLE('',#6274,0.175);
#2252=CIRCLE('',#6277,0.3);
#2253=CIRCLE('',#6278,0.175);
#2254=CIRCLE('',#6279,0.175);
#2255=CIRCLE('',#6282,0.3);
#2256=CIRCLE('',#6283,0.175);
#2257=CIRCLE('',#6284,0.175);
#2258=CIRCLE('',#6292,0.2);
#2259=CIRCLE('',#6293,0.2);
#2260=CIRCLE('',#6295,0.1);
#2261=CIRCLE('',#6296,0.5);
#2262=CIRCLE('',#6298,0.2);
#2263=CIRCLE('',#6299,0.4);
#2264=CIRCLE('',#6300,0.2);
#2265=CIRCLE('',#6301,0.2);
#2266=CIRCLE('',#6303,0.2);
#2267=CIRCLE('',#6306,0.2);
#2268=CIRCLE('',#6309,0.2);
#2269=CIRCLE('',#6311,0.4);
#2270=CIRCLE('',#6315,0.5);
#2271=CIRCLE('',#6316,0.1);
#2272=CIRCLE('',#6324,0.2);
#2273=CIRCLE('',#6325,0.2);
#2274=CIRCLE('',#6327,0.1);
#2275=CIRCLE('',#6328,0.5);
#2276=CIRCLE('',#6330,0.2);
#2277=CIRCLE('',#6331,0.4);
#2278=CIRCLE('',#6332,0.2);
#2279=CIRCLE('',#6333,0.2);
#2280=CIRCLE('',#6335,0.2);
#2281=CIRCLE('',#6338,0.2);
#2282=CIRCLE('',#6341,0.2);
#2283=CIRCLE('',#6343,0.4);
#2284=CIRCLE('',#6347,0.5);
#2285=CIRCLE('',#6348,0.1);
#2286=CIRCLE('',#6356,0.2);
#2287=CIRCLE('',#6357,0.2);
#2288=CIRCLE('',#6359,0.1);
#2289=CIRCLE('',#6360,0.5);
#2290=CIRCLE('',#6362,0.2);
#2291=CIRCLE('',#6363,0.4);
#2292=CIRCLE('',#6364,0.2);
#2293=CIRCLE('',#6365,0.2);
#2294=CIRCLE('',#6367,0.2);
#2295=CIRCLE('',#6370,0.2);
#2296=CIRCLE('',#6373,0.2);
#2297=CIRCLE('',#6375,0.4);
#2298=CIRCLE('',#6379,0.5);
#2299=CIRCLE('',#6380,0.1);
#2300=CIRCLE('',#6388,0.826794919243112);
#2301=CIRCLE('',#6389,0.2);
#2302=CIRCLE('',#6390,1.);
#2303=CIRCLE('',#6392,0.573205080756888);
#2304=CIRCLE('',#6394,0.4);
#2305=CIRCLE('',#6395,0.2);
#2306=CIRCLE('',#6398,0.82);
#2307=CIRCLE('',#6399,0.03);
#2308=CIRCLE('',#6400,0.85);
#2309=CIRCLE('',#6401,0.85);
#2310=CIRCLE('',#6403,0.85);
#2311=CIRCLE('',#6404,0.85);
#2312=CIRCLE('',#6407,0.03);
#2313=CIRCLE('',#6408,0.82);
#2314=CIRCLE('',#6411,0.82);
#2315=CIRCLE('',#6412,0.03);
#2316=CIRCLE('',#6413,0.85);
#2317=CIRCLE('',#6414,0.85);
#2318=CIRCLE('',#6416,0.85);
#2319=CIRCLE('',#6417,0.85);
#2320=CIRCLE('',#6420,0.03);
#2321=CIRCLE('',#6421,0.82);
#2322=CIRCLE('',#6424,0.826794919243112);
#2323=CIRCLE('',#6425,0.2);
#2324=CIRCLE('',#6426,1.);
#2325=CIRCLE('',#6428,0.573205080756888);
#2326=CIRCLE('',#6430,0.4);
#2327=CIRCLE('',#6431,0.2);
#2328=CIRCLE('',#6434,2.85);
#2329=CIRCLE('',#6435,2.75);
#2330=CIRCLE('',#6437,3.15);
#2331=CIRCLE('',#6439,2.75);
#2332=CIRCLE('',#6440,2.75);
#2333=CIRCLE('',#6442,3.25);
#2334=CIRCLE('',#6443,3.25);
#2335=CIRCLE('',#6445,3.25);
#2336=CIRCLE('',#6446,3.25);
#2337=CIRCLE('',#6467,2.24289321881345);
#2338=CIRCLE('',#6468,2.24289321881345);
#2339=CIRCLE('',#6470,1.95);
#2340=CIRCLE('',#6471,2.12573593128807);
#2341=CIRCLE('',#6472,2.12573593128807);
#2342=CIRCLE('',#6474,1.95);
#2343=CIRCLE('',#6476,1.95);
#2344=CIRCLE('',#6478,1.95);
#2345=CIRCLE('',#6480,1.95);
#2346=CIRCLE('',#6482,1.95);
#2347=CIRCLE('',#6484,1.95);
#2348=CIRCLE('',#6486,1.95);
#2349=CIRCLE('',#6488,1.95);
#2350=CIRCLE('',#6490,1.95);
#2351=CIRCLE('',#6492,1.95);
#2352=CIRCLE('',#6494,1.95);
#2353=CIRCLE('',#6496,1.95);
#2354=CIRCLE('',#6498,1.95);
#2355=CIRCLE('',#6500,1.95);
#2356=CIRCLE('',#6502,1.95);
#2357=CIRCLE('',#6504,1.95);
#2358=CIRCLE('',#6506,1.95);
#2359=CIRCLE('',#6508,1.95);
#2360=CIRCLE('',#6510,1.95);
#2361=CIRCLE('',#6512,1.95);
#2362=CIRCLE('',#6514,1.95);
#2363=CIRCLE('',#6516,1.95);
#2364=CIRCLE('',#6518,1.95);
#2365=CIRCLE('',#6520,1.95);
#2366=CIRCLE('',#6522,2.12573593128807);
#2367=CIRCLE('',#6524,1.95);
#2368=CIRCLE('',#6525,1.95);
#2369=CIRCLE('',#6528,1.95);
#2370=CIRCLE('',#6546,2.45);
#2371=CIRCLE('',#6547,2.45);
#2372=CIRCLE('',#6549,2.45);
#2373=CIRCLE('',#6550,2.45898202788755);
#2374=CIRCLE('',#6551,0.1);
#2375=CIRCLE('',#6552,2.47928932188135);
#2376=CIRCLE('',#6553,2.47928932188135);
#2377=CIRCLE('',#6554,2.45898202788755);
#2378=CIRCLE('',#6555,2.45898202788755);
#2379=CIRCLE('',#6557,3.22071067811865);
#2380=CIRCLE('',#6558,3.22071067811865);
#2381=CIRCLE('',#6560,0.1);
#2382=CIRCLE('',#6565,2.45);
#2383=CIRCLE('',#6570,2.45);
#2384=CIRCLE('',#6573,2.45);
#2385=CIRCLE('',#6610,3.1);
#2386=CIRCLE('',#6616,3.1);
#2387=CIRCLE('',#6619,3.1);
#2388=VERTEX_POINT('',#8189);
#2389=VERTEX_POINT('',#8190);
#2390=VERTEX_POINT('',#8192);
#2391=VERTEX_POINT('',#8194);
#2392=VERTEX_POINT('',#8198);
#2393=VERTEX_POINT('',#8200);
#2394=VERTEX_POINT('',#8204);
#2395=VERTEX_POINT('',#8205);
#2396=VERTEX_POINT('',#8207);
#2397=VERTEX_POINT('',#8209);
#2398=VERTEX_POINT('',#8214);
#2399=VERTEX_POINT('',#8216);
#2400=VERTEX_POINT('',#8218);
#2401=VERTEX_POINT('',#8222);
#2402=VERTEX_POINT('',#8226);
#2403=VERTEX_POINT('',#8230);
#2404=VERTEX_POINT('',#8238);
#2405=VERTEX_POINT('',#8239);
#2406=VERTEX_POINT('',#8241);
#2407=VERTEX_POINT('',#8243);
#2408=VERTEX_POINT('',#8247);
#2409=VERTEX_POINT('',#8249);
#2410=VERTEX_POINT('',#8251);
#2411=VERTEX_POINT('',#8253);
#2412=VERTEX_POINT('',#8257);
#2413=VERTEX_POINT('',#8259);
#2414=VERTEX_POINT('',#8261);
#2415=VERTEX_POINT('',#8265);
#2416=VERTEX_POINT('',#8267);
#2417=VERTEX_POINT('',#8271);
#2418=VERTEX_POINT('',#8273);
#2419=VERTEX_POINT('',#8277);
#2420=VERTEX_POINT('',#8279);
#2421=VERTEX_POINT('',#8283);
#2422=VERTEX_POINT('',#8285);
#2423=VERTEX_POINT('',#8289);
#2424=VERTEX_POINT('',#8300);
#2425=VERTEX_POINT('',#8302);
#2426=VERTEX_POINT('',#8307);
#2427=VERTEX_POINT('',#8308);
#2428=VERTEX_POINT('',#8310);
#2429=VERTEX_POINT('',#8312);
#2430=VERTEX_POINT('',#8316);
#2431=VERTEX_POINT('',#8318);
#2432=VERTEX_POINT('',#8322);
#2433=VERTEX_POINT('',#8324);
#2434=VERTEX_POINT('',#8328);
#2435=VERTEX_POINT('',#8330);
#2436=VERTEX_POINT('',#8334);
#2437=VERTEX_POINT('',#8336);
#2438=VERTEX_POINT('',#8338);
#2439=VERTEX_POINT('',#8342);
#2440=VERTEX_POINT('',#8344);
#2441=VERTEX_POINT('',#8346);
#2442=VERTEX_POINT('',#8348);
#2443=VERTEX_POINT('',#8350);
#2444=VERTEX_POINT('',#8352);
#2445=VERTEX_POINT('',#8354);
#2446=VERTEX_POINT('',#8358);
#2447=VERTEX_POINT('',#8360);
#2448=VERTEX_POINT('',#8365);
#2449=VERTEX_POINT('',#8366);
#2450=VERTEX_POINT('',#8371);
#2451=VERTEX_POINT('',#8375);
#2452=VERTEX_POINT('',#8379);
#2453=VERTEX_POINT('',#8381);
#2454=VERTEX_POINT('',#8385);
#2455=VERTEX_POINT('',#8387);
#2456=VERTEX_POINT('',#8389);
#2457=VERTEX_POINT('',#8391);
#2458=VERTEX_POINT('',#8395);
#2459=VERTEX_POINT('',#8399);
#2460=VERTEX_POINT('',#8401);
#2461=VERTEX_POINT('',#8407);
#2462=VERTEX_POINT('',#8411);
#2463=VERTEX_POINT('',#8415);
#2464=VERTEX_POINT('',#8424);
#2465=VERTEX_POINT('',#8425);
#2466=VERTEX_POINT('',#8427);
#2467=VERTEX_POINT('',#8429);
#2468=VERTEX_POINT('',#8433);
#2469=VERTEX_POINT('',#8435);
#2470=VERTEX_POINT('',#8437);
#2471=VERTEX_POINT('',#8439);
#2472=VERTEX_POINT('',#8441);
#2473=VERTEX_POINT('',#8443);
#2474=VERTEX_POINT('',#8447);
#2475=VERTEX_POINT('',#8449);
#2476=VERTEX_POINT('',#8451);
#2477=VERTEX_POINT('',#8453);
#2478=VERTEX_POINT('',#8455);
#2479=VERTEX_POINT('',#8457);
#2480=VERTEX_POINT('',#8459);
#2481=VERTEX_POINT('',#8461);
#2482=VERTEX_POINT('',#8463);
#2483=VERTEX_POINT('',#8465);
#2484=VERTEX_POINT('',#8467);
#2485=VERTEX_POINT('',#8469);
#2486=VERTEX_POINT('',#8471);
#2487=VERTEX_POINT('',#8473);
#2488=VERTEX_POINT('',#8475);
#2489=VERTEX_POINT('',#8477);
#2490=VERTEX_POINT('',#8479);
#2491=VERTEX_POINT('',#8481);
#2492=VERTEX_POINT('',#8483);
#2493=VERTEX_POINT('',#8485);
#2494=VERTEX_POINT('',#8487);
#2495=VERTEX_POINT('',#8489);
#2496=VERTEX_POINT('',#8491);
#2497=VERTEX_POINT('',#8493);
#2498=VERTEX_POINT('',#8495);
#2499=VERTEX_POINT('',#8497);
#2500=VERTEX_POINT('',#8499);
#2501=VERTEX_POINT('',#8501);
#2502=VERTEX_POINT('',#8503);
#2503=VERTEX_POINT('',#8505);
#2504=VERTEX_POINT('',#8507);
#2505=VERTEX_POINT('',#8509);
#2506=VERTEX_POINT('',#8511);
#2507=VERTEX_POINT('',#8513);
#2508=VERTEX_POINT('',#8515);
#2509=VERTEX_POINT('',#8517);
#2510=VERTEX_POINT('',#8519);
#2511=VERTEX_POINT('',#8522);
#2512=VERTEX_POINT('',#8524);
#2513=VERTEX_POINT('',#8526);
#2514=VERTEX_POINT('',#8528);
#2515=VERTEX_POINT('',#8531);
#2516=VERTEX_POINT('',#8532);
#2517=VERTEX_POINT('',#8537);
#2518=VERTEX_POINT('',#8539);
#2519=VERTEX_POINT('',#8541);
#2520=VERTEX_POINT('',#8543);
#2521=VERTEX_POINT('',#8545);
#2522=VERTEX_POINT('',#8549);
#2523=VERTEX_POINT('',#8551);
#2524=VERTEX_POINT('',#8553);
#2525=VERTEX_POINT('',#8555);
#2526=VERTEX_POINT('',#8557);
#2527=VERTEX_POINT('',#8561);
#2528=VERTEX_POINT('',#8563);
#2529=VERTEX_POINT('',#8565);
#2530=VERTEX_POINT('',#8567);
#2531=VERTEX_POINT('',#8569);
#2532=VERTEX_POINT('',#8571);
#2533=VERTEX_POINT('',#8573);
#2534=VERTEX_POINT('',#8575);
#2535=VERTEX_POINT('',#8577);
#2536=VERTEX_POINT('',#8579);
#2537=VERTEX_POINT('',#8581);
#2538=VERTEX_POINT('',#8583);
#2539=VERTEX_POINT('',#8585);
#2540=VERTEX_POINT('',#8587);
#2541=VERTEX_POINT('',#8589);
#2542=VERTEX_POINT('',#8591);
#2543=VERTEX_POINT('',#8593);
#2544=VERTEX_POINT('',#8595);
#2545=VERTEX_POINT('',#8597);
#2546=VERTEX_POINT('',#8599);
#2547=VERTEX_POINT('',#8601);
#2548=VERTEX_POINT('',#8603);
#2549=VERTEX_POINT('',#8605);
#2550=VERTEX_POINT('',#8607);
#2551=VERTEX_POINT('',#8609);
#2552=VERTEX_POINT('',#8611);
#2553=VERTEX_POINT('',#8613);
#2554=VERTEX_POINT('',#8615);
#2555=VERTEX_POINT('',#8617);
#2556=VERTEX_POINT('',#8619);
#2557=VERTEX_POINT('',#8621);
#2558=VERTEX_POINT('',#8623);
#2559=VERTEX_POINT('',#8625);
#2560=VERTEX_POINT('',#8627);
#2561=VERTEX_POINT('',#8629);
#2562=VERTEX_POINT('',#8631);
#2563=VERTEX_POINT('',#8633);
#2564=VERTEX_POINT('',#8636);
#2565=VERTEX_POINT('',#8638);
#2566=VERTEX_POINT('',#8640);
#2567=VERTEX_POINT('',#8642);
#2568=VERTEX_POINT('',#8645);
#2569=VERTEX_POINT('',#8647);
#2570=VERTEX_POINT('',#8651);
#2571=VERTEX_POINT('',#8653);
#2572=VERTEX_POINT('',#8655);
#2573=VERTEX_POINT('',#8660);
#2574=VERTEX_POINT('',#8662);
#2575=VERTEX_POINT('',#8664);
#2576=VERTEX_POINT('',#8666);
#2577=VERTEX_POINT('',#8668);
#2578=VERTEX_POINT('',#8672);
#2579=VERTEX_POINT('',#8676);
#2580=VERTEX_POINT('',#8678);
#2581=VERTEX_POINT('',#8680);
#2582=VERTEX_POINT('',#8682);
#2583=VERTEX_POINT('',#8684);
#2584=VERTEX_POINT('',#8688);
#2585=VERTEX_POINT('',#8690);
#2586=VERTEX_POINT('',#8694);
#2587=VERTEX_POINT('',#8696);
#2588=VERTEX_POINT('',#8700);
#2589=VERTEX_POINT('',#8702);
#2590=VERTEX_POINT('',#8706);
#2591=VERTEX_POINT('',#8708);
#2592=VERTEX_POINT('',#8749);
#2593=VERTEX_POINT('',#8750);
#2594=VERTEX_POINT('',#8770);
#2595=VERTEX_POINT('',#8780);
#2596=VERTEX_POINT('',#8795);
#2597=VERTEX_POINT('',#8796);
#2598=VERTEX_POINT('',#8802);
#2599=VERTEX_POINT('',#8831);
#2600=VERTEX_POINT('',#8870);
#2601=VERTEX_POINT('',#8871);
#2602=VERTEX_POINT('',#8882);
#2603=VERTEX_POINT('',#8884);
#2604=VERTEX_POINT('',#8916);
#2605=VERTEX_POINT('',#8917);
#2606=VERTEX_POINT('',#8922);
#2607=VERTEX_POINT('',#8952);
#2608=VERTEX_POINT('',#8976);
#2609=VERTEX_POINT('',#8978);
#2610=VERTEX_POINT('',#8983);
#2611=VERTEX_POINT('',#8987);
#2612=VERTEX_POINT('',#8989);
#2613=VERTEX_POINT('',#8993);
#2614=VERTEX_POINT('',#8998);
#2615=VERTEX_POINT('',#9008);
#2616=VERTEX_POINT('',#9036);
#2617=VERTEX_POINT('',#9038);
#2618=VERTEX_POINT('',#9044);
#2619=VERTEX_POINT('',#9046);
#2620=VERTEX_POINT('',#9052);
#2621=VERTEX_POINT('',#9054);
#2622=VERTEX_POINT('',#9060);
#2623=VERTEX_POINT('',#9062);
#2624=VERTEX_POINT('',#9074);
#2625=VERTEX_POINT('',#9075);
#2626=VERTEX_POINT('',#9077);
#2627=VERTEX_POINT('',#9079);
#2628=VERTEX_POINT('',#9083);
#2629=VERTEX_POINT('',#9085);
#2630=VERTEX_POINT('',#9087);
#2631=VERTEX_POINT('',#9089);
#2632=VERTEX_POINT('',#9091);
#2633=VERTEX_POINT('',#9093);
#2634=VERTEX_POINT('',#9097);
#2635=VERTEX_POINT('',#9099);
#2636=VERTEX_POINT('',#9101);
#2637=VERTEX_POINT('',#9103);
#2638=VERTEX_POINT('',#9105);
#2639=VERTEX_POINT('',#9107);
#2640=VERTEX_POINT('',#9109);
#2641=VERTEX_POINT('',#9111);
#2642=VERTEX_POINT('',#9113);
#2643=VERTEX_POINT('',#9117);
#2644=VERTEX_POINT('',#9118);
#2645=VERTEX_POINT('',#9123);
#2646=VERTEX_POINT('',#9127);
#2647=VERTEX_POINT('',#9128);
#2648=VERTEX_POINT('',#9133);
#2649=VERTEX_POINT('',#9137);
#2650=VERTEX_POINT('',#9141);
#2651=VERTEX_POINT('',#9149);
#2652=VERTEX_POINT('',#9151);
#2653=VERTEX_POINT('',#9153);
#2654=VERTEX_POINT('',#9155);
#2655=VERTEX_POINT('',#9157);
#2656=VERTEX_POINT('',#9172);
#2657=VERTEX_POINT('',#9173);
#2658=VERTEX_POINT('',#9175);
#2659=VERTEX_POINT('',#9177);
#2660=VERTEX_POINT('',#9181);
#2661=VERTEX_POINT('',#9183);
#2662=VERTEX_POINT('',#9185);
#2663=VERTEX_POINT('',#9187);
#2664=VERTEX_POINT('',#9189);
#2665=VERTEX_POINT('',#9191);
#2666=VERTEX_POINT('',#9195);
#2667=VERTEX_POINT('',#9197);
#2668=VERTEX_POINT('',#9199);
#2669=VERTEX_POINT('',#9201);
#2670=VERTEX_POINT('',#9203);
#2671=VERTEX_POINT('',#9205);
#2672=VERTEX_POINT('',#9207);
#2673=VERTEX_POINT('',#9209);
#2674=VERTEX_POINT('',#9211);
#2675=VERTEX_POINT('',#9215);
#2676=VERTEX_POINT('',#9216);
#2677=VERTEX_POINT('',#9221);
#2678=VERTEX_POINT('',#9225);
#2679=VERTEX_POINT('',#9226);
#2680=VERTEX_POINT('',#9231);
#2681=VERTEX_POINT('',#9235);
#2682=VERTEX_POINT('',#9239);
#2683=VERTEX_POINT('',#9247);
#2684=VERTEX_POINT('',#9249);
#2685=VERTEX_POINT('',#9251);
#2686=VERTEX_POINT('',#9253);
#2687=VERTEX_POINT('',#9255);
#2688=VERTEX_POINT('',#9270);
#2689=VERTEX_POINT('',#9271);
#2690=VERTEX_POINT('',#9273);
#2691=VERTEX_POINT('',#9275);
#2692=VERTEX_POINT('',#9279);
#2693=VERTEX_POINT('',#9281);
#2694=VERTEX_POINT('',#9283);
#2695=VERTEX_POINT('',#9285);
#2696=VERTEX_POINT('',#9287);
#2697=VERTEX_POINT('',#9289);
#2698=VERTEX_POINT('',#9293);
#2699=VERTEX_POINT('',#9295);
#2700=VERTEX_POINT('',#9297);
#2701=VERTEX_POINT('',#9299);
#2702=VERTEX_POINT('',#9301);
#2703=VERTEX_POINT('',#9303);
#2704=VERTEX_POINT('',#9305);
#2705=VERTEX_POINT('',#9307);
#2706=VERTEX_POINT('',#9309);
#2707=VERTEX_POINT('',#9313);
#2708=VERTEX_POINT('',#9314);
#2709=VERTEX_POINT('',#9319);
#2710=VERTEX_POINT('',#9323);
#2711=VERTEX_POINT('',#9324);
#2712=VERTEX_POINT('',#9329);
#2713=VERTEX_POINT('',#9333);
#2714=VERTEX_POINT('',#9337);
#2715=VERTEX_POINT('',#9345);
#2716=VERTEX_POINT('',#9347);
#2717=VERTEX_POINT('',#9349);
#2718=VERTEX_POINT('',#9351);
#2719=VERTEX_POINT('',#9353);
#2720=VERTEX_POINT('',#9368);
#2721=VERTEX_POINT('',#9370);
#2722=VERTEX_POINT('',#9374);
#2723=VERTEX_POINT('',#9377);
#2724=VERTEX_POINT('',#9382);
#2725=VERTEX_POINT('',#9384);
#2726=VERTEX_POINT('',#9386);
#2727=VERTEX_POINT('',#9390);
#2728=VERTEX_POINT('',#9392);
#2729=VERTEX_POINT('',#9397);
#2730=VERTEX_POINT('',#9402);
#2731=VERTEX_POINT('',#9404);
#2732=VERTEX_POINT('',#9406);
#2733=VERTEX_POINT('',#9410);
#2734=VERTEX_POINT('',#9412);
#2735=VERTEX_POINT('',#9417);
#2736=VERTEX_POINT('',#9422);
#2737=VERTEX_POINT('',#9424);
#2738=VERTEX_POINT('',#9428);
#2739=VERTEX_POINT('',#9431);
#2740=VERTEX_POINT('',#9436);
#2741=VERTEX_POINT('',#9438);
#2742=VERTEX_POINT('',#9442);
#2743=VERTEX_POINT('',#9445);
#2744=VERTEX_POINT('',#9447);
#2745=VERTEX_POINT('',#9451);
#2746=VERTEX_POINT('',#9452);
#2747=VERTEX_POINT('',#9457);
#2748=VERTEX_POINT('',#9458);
#2749=VERTEX_POINT('',#9463);
#2750=VERTEX_POINT('',#9464);
#2751=VERTEX_POINT('',#9466);
#2752=VERTEX_POINT('',#9468);
#2753=VERTEX_POINT('',#9470);
#2754=VERTEX_POINT('',#9472);
#2755=VERTEX_POINT('',#9474);
#2756=VERTEX_POINT('',#9476);
#2757=VERTEX_POINT('',#9478);
#2758=VERTEX_POINT('',#9480);
#2759=VERTEX_POINT('',#9482);
#2760=VERTEX_POINT('',#9484);
#2761=VERTEX_POINT('',#9486);
#2762=VERTEX_POINT('',#9488);
#2763=VERTEX_POINT('',#9490);
#2764=VERTEX_POINT('',#9494);
#2765=VERTEX_POINT('',#9496);
#2766=VERTEX_POINT('',#9502);
#2767=VERTEX_POINT('',#9503);
#2768=VERTEX_POINT('',#9512);
#2769=VERTEX_POINT('',#9517);
#2770=VERTEX_POINT('',#9519);
#2771=VERTEX_POINT('',#9523);
#2772=VERTEX_POINT('',#9525);
#2773=VERTEX_POINT('',#9534);
#2774=VERTEX_POINT('',#9538);
#2775=VERTEX_POINT('',#9544);
#2776=VERTEX_POINT('',#9545);
#2777=VERTEX_POINT('',#9547);
#2778=VERTEX_POINT('',#9549);
#2779=VERTEX_POINT('',#9551);
#2780=VERTEX_POINT('',#9553);
#2781=VERTEX_POINT('',#9555);
#2782=VERTEX_POINT('',#9557);
#2783=VERTEX_POINT('',#9559);
#2784=VERTEX_POINT('',#9561);
#2785=VERTEX_POINT('',#9563);
#2786=VERTEX_POINT('',#9565);
#2787=VERTEX_POINT('',#9567);
#2788=VERTEX_POINT('',#9569);
#2789=VERTEX_POINT('',#9571);
#2790=VERTEX_POINT('',#9575);
#2791=VERTEX_POINT('',#9577);
#2792=VERTEX_POINT('',#9583);
#2793=VERTEX_POINT('',#9585);
#2794=VERTEX_POINT('',#9591);
#2795=VERTEX_POINT('',#9592);
#2796=VERTEX_POINT('',#9601);
#2797=VERTEX_POINT('',#9606);
#2798=VERTEX_POINT('',#9610);
#2799=VERTEX_POINT('',#9612);
#2800=VERTEX_POINT('',#9621);
#2801=VERTEX_POINT('',#9625);
#2802=VERTEX_POINT('',#9631);
#2803=VERTEX_POINT('',#9633);
#2804=VERTEX_POINT('',#9637);
#2805=VERTEX_POINT('',#9643);
#2806=VERTEX_POINT('',#9645);
#2807=VERTEX_POINT('',#9653);
#2808=VERTEX_POINT('',#9655);
#2809=VERTEX_POINT('',#9659);
#2810=VERTEX_POINT('',#9665);
#2811=VERTEX_POINT('',#9669);
#2812=VERTEX_POINT('',#9675);
#2813=VERTEX_POINT('',#9679);
#2814=VERTEX_POINT('',#9685);
#2815=VERTEX_POINT('',#9687);
#2816=VERTEX_POINT('',#9691);
#2817=VERTEX_POINT('',#9697);
#2818=VERTEX_POINT('',#9705);
#2819=VERTEX_POINT('',#9707);
#2820=VERTEX_POINT('',#9715);
#2821=VERTEX_POINT('',#9723);
#2822=VERTEX_POINT('',#9731);
#2823=VERTEX_POINT('',#9735);
#2824=VERTEX_POINT('',#9741);
#2825=VERTEX_POINT('',#9745);
#2826=VERTEX_POINT('',#9755);
#2827=VERTEX_POINT('',#9759);
#2828=VERTEX_POINT('',#9760);
#2829=VERTEX_POINT('',#9764);
#2830=VERTEX_POINT('',#9770);
#2831=VERTEX_POINT('',#9771);
#2832=VERTEX_POINT('',#9775);
#2833=VERTEX_POINT('',#9781);
#2834=VERTEX_POINT('',#9782);
#2835=VERTEX_POINT('',#9786);
#2836=VERTEX_POINT('',#9792);
#2837=VERTEX_POINT('',#9793);
#2838=VERTEX_POINT('',#9797);
#2839=VERTEX_POINT('',#9803);
#2840=VERTEX_POINT('',#9804);
#2841=VERTEX_POINT('',#9808);
#2842=VERTEX_POINT('',#9814);
#2843=VERTEX_POINT('',#9815);
#2844=VERTEX_POINT('',#9819);
#2845=VERTEX_POINT('',#9830);
#2846=VERTEX_POINT('',#9839);
#2847=VERTEX_POINT('',#9848);
#2848=VERTEX_POINT('',#9857);
#2849=VERTEX_POINT('',#9866);
#2850=VERTEX_POINT('',#9940);
#2851=VERTEX_POINT('',#9941);
#2852=VERTEX_POINT('',#9943);
#2853=VERTEX_POINT('',#9950);
#2854=VERTEX_POINT('',#9952);
#2855=VERTEX_POINT('',#9956);
#2856=VERTEX_POINT('',#9958);
#2857=VERTEX_POINT('',#9962);
#2858=VERTEX_POINT('',#9964);
#2859=VERTEX_POINT('',#9968);
#2860=VERTEX_POINT('',#9970);
#2861=VERTEX_POINT('',#9974);
#2862=VERTEX_POINT('',#9983);
#2863=VERTEX_POINT('',#9984);
#2864=VERTEX_POINT('',#9986);
#2865=VERTEX_POINT('',#9988);
#2866=VERTEX_POINT('',#9993);
#2867=VERTEX_POINT('',#9995);
#2868=VERTEX_POINT('',#9997);
#2869=VERTEX_POINT('',#10000);
#2870=VERTEX_POINT('',#10008);
#2871=VERTEX_POINT('',#10017);
#2872=VERTEX_POINT('',#10019);
#2873=VERTEX_POINT('',#10026);
#2874=VERTEX_POINT('',#10030);
#2875=VERTEX_POINT('',#10032);
#2876=VERTEX_POINT('',#10036);
#2877=VERTEX_POINT('',#10038);
#2878=VERTEX_POINT('',#10042);
#2879=VERTEX_POINT('',#10049);
#2880=VERTEX_POINT('',#10053);
#2881=VERTEX_POINT('',#10061);
#2882=VERTEX_POINT('',#10065);
#2883=VERTEX_POINT('',#10071);
#2884=VERTEX_POINT('',#10075);
#2885=VERTEX_POINT('',#10079);
#2886=VERTEX_POINT('',#10083);
#2887=VERTEX_POINT('',#10087);
#2888=VERTEX_POINT('',#10091);
#2889=VERTEX_POINT('',#10095);
#2890=VERTEX_POINT('',#10099);
#2891=VERTEX_POINT('',#10103);
#2892=VERTEX_POINT('',#10107);
#2893=VERTEX_POINT('',#10111);
#2894=VERTEX_POINT('',#10115);
#2895=VERTEX_POINT('',#10119);
#2896=VERTEX_POINT('',#10123);
#2897=VERTEX_POINT('',#10127);
#2898=VERTEX_POINT('',#10131);
#2899=VERTEX_POINT('',#10139);
#2900=VERTEX_POINT('',#10143);
#2901=VERTEX_POINT('',#10147);
#2902=VERTEX_POINT('',#10151);
#2903=VERTEX_POINT('',#10155);
#2904=VERTEX_POINT('',#10159);
#2905=VERTEX_POINT('',#10163);
#2906=VERTEX_POINT('',#10167);
#2907=VERTEX_POINT('',#10171);
#2908=VERTEX_POINT('',#10175);
#2909=VERTEX_POINT('',#10179);
#2910=VERTEX_POINT('',#10183);
#2911=VERTEX_POINT('',#10187);
#2912=VERTEX_POINT('',#10191);
#2913=VERTEX_POINT('',#10195);
#2914=VERTEX_POINT('',#10199);
#2915=VERTEX_POINT('',#10209);
#2916=VERTEX_POINT('',#10213);
#2917=VERTEX_POINT('',#10217);
#2918=VERTEX_POINT('',#10221);
#2919=VERTEX_POINT('',#10225);
#2920=VERTEX_POINT('',#10229);
#2921=VERTEX_POINT('',#10233);
#2922=VERTEX_POINT('',#10237);
#2923=VERTEX_POINT('',#10241);
#2924=VERTEX_POINT('',#10245);
#2925=VERTEX_POINT('',#10249);
#2926=VERTEX_POINT('',#10253);
#2927=VERTEX_POINT('',#10257);
#2928=VERTEX_POINT('',#10261);
#2929=VERTEX_POINT('',#10265);
#2930=VERTEX_POINT('',#10269);
#2931=VERTEX_POINT('',#10277);
#2932=VERTEX_POINT('',#10281);
#2933=VERTEX_POINT('',#10285);
#2934=VERTEX_POINT('',#10289);
#2935=VERTEX_POINT('',#10293);
#2936=VERTEX_POINT('',#10297);
#2937=VERTEX_POINT('',#10301);
#2938=VERTEX_POINT('',#10305);
#2939=VERTEX_POINT('',#10309);
#2940=VERTEX_POINT('',#10313);
#2941=VERTEX_POINT('',#10317);
#2942=VERTEX_POINT('',#10321);
#2943=VERTEX_POINT('',#10325);
#2944=VERTEX_POINT('',#10329);
#2945=VERTEX_POINT('',#10333);
#2946=VERTEX_POINT('',#10337);
#2947=VERTEX_POINT('',#10413);
#2948=VERTEX_POINT('',#10414);
#2949=VERTEX_POINT('',#10416);
#2950=VERTEX_POINT('',#10430);
#2951=VERTEX_POINT('',#10433);
#2952=VERTEX_POINT('',#10442);
#2953=VERTEX_POINT('',#10453);
#2954=VERTEX_POINT('',#10454);
#2955=VERTEX_POINT('',#10481);
#2956=VERTEX_POINT('',#10482);
#2957=VERTEX_POINT('',#10507);
#2958=VERTEX_POINT('',#10508);
#2959=VERTEX_POINT('',#10534);
#2960=VERTEX_POINT('',#10535);
#2961=VERTEX_POINT('',#10561);
#2962=VERTEX_POINT('',#10562);
#2963=VERTEX_POINT('',#10564);
#2964=VERTEX_POINT('',#10566);
#2965=VERTEX_POINT('',#10574);
#2966=VERTEX_POINT('',#10581);
#2967=VERTEX_POINT('',#10622);
#2968=VERTEX_POINT('',#10627);
#2969=VERTEX_POINT('',#10629);
#2970=VERTEX_POINT('',#10657);
#2971=VERTEX_POINT('',#10682);
#2972=VERTEX_POINT('',#10687);
#2973=VERTEX_POINT('',#10919);
#2974=EDGE_CURVE('',#2388,#2389,#2178,.T.);
#2975=EDGE_CURVE('',#2388,#2390,#1188,.T.);
#2976=EDGE_CURVE('',#2390,#2391,#2179,.T.);
#2977=EDGE_CURVE('',#2391,#2389,#1189,.T.);
#2978=EDGE_CURVE('',#2388,#2392,#1190,.T.);
#2979=EDGE_CURVE('',#2393,#2392,#1191,.T.);
#2980=EDGE_CURVE('',#2390,#2393,#1192,.T.);
#2981=EDGE_CURVE('',#2394,#2395,#2180,.T.);
#2982=EDGE_CURVE('',#2394,#2396,#1193,.T.);
#2983=EDGE_CURVE('',#2396,#2397,#2181,.T.);
#2984=EDGE_CURVE('',#2397,#2395,#1194,.T.);
#2985=EDGE_CURVE('',#2394,#2389,#1195,.T.);
#2986=EDGE_CURVE('',#2398,#2395,#1196,.T.);
#2987=EDGE_CURVE('',#2398,#2399,#2182,.T.);
#2988=EDGE_CURVE('',#2400,#2399,#1197,.T.);
#2989=EDGE_CURVE('',#2400,#2392,#2183,.T.);
#2990=EDGE_CURVE('',#2401,#2397,#1198,.T.);
#2991=EDGE_CURVE('',#2398,#2401,#1199,.T.);
#2992=EDGE_CURVE('',#2401,#2402,#2184,.T.);
#2993=EDGE_CURVE('',#2402,#2399,#1200,.T.);
#2994=EDGE_CURVE('',#2403,#2402,#1201,.T.);
#2995=EDGE_CURVE('',#2400,#2403,#1202,.T.);
#2996=EDGE_CURVE('',#2403,#2393,#2185,.T.);
#2997=EDGE_CURVE('',#2396,#2391,#1203,.T.);
#2998=EDGE_CURVE('',#2404,#2405,#2186,.T.);
#2999=EDGE_CURVE('',#2405,#2406,#1204,.T.);
#3000=EDGE_CURVE('',#2406,#2407,#2187,.T.);
#3001=EDGE_CURVE('',#2407,#2404,#1205,.T.);
#3002=EDGE_CURVE('',#2405,#2408,#1206,.T.);
#3003=EDGE_CURVE('',#2408,#2409,#1207,.T.);
#3004=EDGE_CURVE('',#2410,#2409,#1208,.T.);
#3005=EDGE_CURVE('',#2411,#2410,#1209,.T.);
#3006=EDGE_CURVE('',#2411,#2406,#1210,.T.);
#3007=EDGE_CURVE('',#2412,#2404,#1211,.T.);
#3008=EDGE_CURVE('',#2413,#2412,#2188,.T.);
#3009=EDGE_CURVE('',#2414,#2413,#1212,.T.);
#3010=EDGE_CURVE('',#2414,#2408,#1213,.T.);
#3011=EDGE_CURVE('',#2410,#2415,#2189,.T.);
#3012=EDGE_CURVE('',#2415,#2416,#1214,.T.);
#3013=EDGE_CURVE('',#2416,#2411,#2190,.T.);
#3014=EDGE_CURVE('',#2417,#2415,#1215,.T.);
#3015=EDGE_CURVE('',#2418,#2417,#1216,.T.);
#3016=EDGE_CURVE('',#2418,#2416,#1217,.T.);
#3017=EDGE_CURVE('',#2409,#2419,#1218,.T.);
#3018=EDGE_CURVE('',#2419,#2420,#1219,.T.);
#3019=EDGE_CURVE('',#2417,#2420,#2191,.T.);
#3020=EDGE_CURVE('',#2412,#2421,#1220,.T.);
#3021=EDGE_CURVE('',#2421,#2422,#2192,.T.);
#3022=EDGE_CURVE('',#2422,#2413,#1221,.T.);
#3023=EDGE_CURVE('',#2422,#2423,#1222,.T.);
#3024=EDGE_CURVE('',#2420,#2423,#1223,.T.);
#3025=EDGE_CURVE('',#2419,#2414,#1224,.T.);
#3026=EDGE_CURVE('',#2423,#2418,#2193,.T.);
#3027=EDGE_CURVE('',#2407,#2421,#1225,.T.);
#3028=EDGE_CURVE('',#2424,#2424,#2194,.T.);
#3029=EDGE_CURVE('',#2424,#2425,#1226,.T.);
#3030=EDGE_CURVE('',#2425,#2425,#2195,.T.);
#3031=EDGE_CURVE('',#2426,#2427,#2196,.T.);
#3032=EDGE_CURVE('',#2426,#2428,#1227,.T.);
#3033=EDGE_CURVE('',#2428,#2429,#2197,.T.);
#3034=EDGE_CURVE('',#2429,#2427,#1228,.T.);
#3035=EDGE_CURVE('',#2430,#2429,#1229,.T.);
#3036=EDGE_CURVE('',#2431,#2430,#1230,.T.);
#3037=EDGE_CURVE('',#2431,#2427,#1231,.T.);
#3038=EDGE_CURVE('',#2426,#2432,#1232,.T.);
#3039=EDGE_CURVE('',#2433,#2432,#1233,.T.);
#3040=EDGE_CURVE('',#2428,#2433,#1234,.T.);
#3041=EDGE_CURVE('',#2434,#2431,#1235,.T.);
#3042=EDGE_CURVE('',#2435,#2434,#2198,.T.);
#3043=EDGE_CURVE('',#2432,#2435,#1236,.T.);
#3044=EDGE_CURVE('',#2436,#2430,#1237,.T.);
#3045=EDGE_CURVE('',#2437,#2436,#1238,.T.);
#3046=EDGE_CURVE('',#2437,#2438,#1239,.T.);
#3047=EDGE_CURVE('',#2438,#2434,#1240,.T.);
#3048=EDGE_CURVE('',#2433,#2439,#1241,.T.);
#3049=EDGE_CURVE('',#2439,#2440,#2199,.T.);
#3050=EDGE_CURVE('',#2440,#2441,#1242,.T.);
#3051=EDGE_CURVE('',#2441,#2442,#1243,.T.);
#3052=EDGE_CURVE('',#2443,#2442,#2200,.T.);
#3053=EDGE_CURVE('',#2443,#2444,#1244,.T.);
#3054=EDGE_CURVE('',#2444,#2445,#1245,.T.);
#3055=EDGE_CURVE('',#2445,#2436,#2201,.T.);
#3056=EDGE_CURVE('',#2446,#2446,#2202,.T.);
#3057=EDGE_CURVE('',#2446,#2447,#1246,.T.);
#3058=EDGE_CURVE('',#2447,#2447,#2203,.T.);
#3059=EDGE_CURVE('',#2448,#2449,#2204,.T.);
#3060=EDGE_CURVE('',#2448,#2443,#1247,.T.);
#3061=EDGE_CURVE('',#2442,#2449,#1248,.T.);
#3062=EDGE_CURVE('',#2450,#2441,#1249,.T.);
#3063=EDGE_CURVE('',#2450,#2449,#1250,.T.);
#3064=EDGE_CURVE('',#2448,#2451,#1251,.T.);
#3065=EDGE_CURVE('',#2444,#2451,#1252,.T.);
#3066=EDGE_CURVE('',#2452,#2450,#1253,.T.);
#3067=EDGE_CURVE('',#2453,#2452,#2205,.T.);
#3068=EDGE_CURVE('',#2451,#2453,#1254,.T.);
#3069=EDGE_CURVE('',#2453,#2454,#1255,.T.);
#3070=EDGE_CURVE('',#2455,#2454,#1256,.T.);
#3071=EDGE_CURVE('',#2456,#2455,#1257,.T.);
#3072=EDGE_CURVE('',#2456,#2457,#1258,.T.);
#3073=EDGE_CURVE('',#2457,#2445,#1259,.T.);
#3074=EDGE_CURVE('',#2452,#2458,#1260,.T.);
#3075=EDGE_CURVE('',#2454,#2458,#2206,.T.);
#3076=EDGE_CURVE('',#2439,#2459,#1261,.T.);
#3077=EDGE_CURVE('',#2460,#2459,#2207,.T.);
#3078=EDGE_CURVE('',#2440,#2460,#1262,.T.);
#3079=EDGE_CURVE('',#2458,#2460,#1263,.T.);
#3080=EDGE_CURVE('',#2459,#2461,#1264,.T.);
#3081=EDGE_CURVE('',#2455,#2461,#1265,.T.);
#3082=EDGE_CURVE('',#2462,#2461,#1266,.T.);
#3083=EDGE_CURVE('',#2462,#2456,#1267,.T.);
#3084=EDGE_CURVE('',#2438,#2463,#2208,.T.);
#3085=EDGE_CURVE('',#2463,#2435,#1268,.T.);
#3086=EDGE_CURVE('',#2457,#2437,#2209,.T.);
#3087=EDGE_CURVE('',#2463,#2462,#1269,.T.);
#3088=EDGE_CURVE('',#2464,#2465,#2210,.T.);
#3089=EDGE_CURVE('',#2465,#2466,#1270,.T.);
#3090=EDGE_CURVE('',#2466,#2467,#2211,.T.);
#3091=EDGE_CURVE('',#2467,#2464,#1271,.T.);
#3092=EDGE_CURVE('',#2468,#2464,#1272,.T.);
#3093=EDGE_CURVE('',#2469,#2468,#1273,.T.);
#3094=EDGE_CURVE('',#2470,#2469,#1274,.T.);
#3095=EDGE_CURVE('',#2471,#2470,#2212,.T.);
#3096=EDGE_CURVE('',#2471,#2472,#1275,.T.);
#3097=EDGE_CURVE('',#2472,#2473,#1276,.T.);
#3098=EDGE_CURVE('',#2465,#2473,#1277,.T.);
#3099=EDGE_CURVE('',#2467,#2474,#1278,.T.);
#3100=EDGE_CURVE('',#2474,#2475,#1279,.T.);
#3101=EDGE_CURVE('',#2475,#2476,#1280,.T.);
#3102=EDGE_CURVE('',#2477,#2476,#1281,.T.);
#3103=EDGE_CURVE('',#2478,#2477,#2213,.T.);
#3104=EDGE_CURVE('',#2479,#2478,#1282,.T.);
#3105=EDGE_CURVE('',#2479,#2480,#1283,.T.);
#3106=EDGE_CURVE('',#2480,#2481,#1284,.T.);
#3107=EDGE_CURVE('',#2481,#2482,#1285,.T.);
#3108=EDGE_CURVE('',#2483,#2482,#1286,.T.);
#3109=EDGE_CURVE('',#2483,#2484,#1287,.T.);
#3110=EDGE_CURVE('',#2484,#2485,#1288,.T.);
#3111=EDGE_CURVE('',#2485,#2486,#1289,.T.);
#3112=EDGE_CURVE('',#2487,#2486,#1290,.T.);
#3113=EDGE_CURVE('',#2488,#2487,#2214,.T.);
#3114=EDGE_CURVE('',#2489,#2488,#1291,.T.);
#3115=EDGE_CURVE('',#2489,#2490,#1292,.T.);
#3116=EDGE_CURVE('',#2490,#2491,#1293,.T.);
#3117=EDGE_CURVE('',#2491,#2492,#1294,.T.);
#3118=EDGE_CURVE('',#2493,#2492,#1295,.T.);
#3119=EDGE_CURVE('',#2493,#2494,#1296,.T.);
#3120=EDGE_CURVE('',#2494,#2495,#1297,.T.);
#3121=EDGE_CURVE('',#2495,#2496,#1298,.T.);
#3122=EDGE_CURVE('',#2497,#2496,#1299,.T.);
#3123=EDGE_CURVE('',#2498,#2497,#2215,.T.);
#3124=EDGE_CURVE('',#2499,#2498,#1300,.T.);
#3125=EDGE_CURVE('',#2499,#2500,#1301,.T.);
#3126=EDGE_CURVE('',#2500,#2501,#1302,.T.);
#3127=EDGE_CURVE('',#2501,#2502,#1303,.T.);
#3128=EDGE_CURVE('',#2503,#2502,#1304,.T.);
#3129=EDGE_CURVE('',#2503,#2504,#1305,.T.);
#3130=EDGE_CURVE('',#2504,#2505,#1306,.T.);
#3131=EDGE_CURVE('',#2505,#2506,#1307,.T.);
#3132=EDGE_CURVE('',#2507,#2506,#1308,.T.);
#3133=EDGE_CURVE('',#2508,#2507,#2216,.T.);
#3134=EDGE_CURVE('',#2509,#2508,#1309,.T.);
#3135=EDGE_CURVE('',#2509,#2510,#1310,.T.);
#3136=EDGE_CURVE('',#2510,#2468,#1311,.T.);
#3137=EDGE_CURVE('',#2511,#2511,#2217,.T.);
#3138=EDGE_CURVE('',#2512,#2512,#2218,.T.);
#3139=EDGE_CURVE('',#2513,#2513,#2219,.T.);
#3140=EDGE_CURVE('',#2514,#2514,#2220,.T.);
#3141=EDGE_CURVE('',#2515,#2516,#2221,.T.);
#3142=EDGE_CURVE('',#2516,#2471,#1312,.T.);
#3143=EDGE_CURVE('',#2470,#2515,#1313,.T.);
#3144=EDGE_CURVE('',#2517,#2516,#1314,.T.);
#3145=EDGE_CURVE('',#2517,#2518,#1315,.T.);
#3146=EDGE_CURVE('',#2518,#2519,#1316,.T.);
#3147=EDGE_CURVE('',#2519,#2520,#1317,.T.);
#3148=EDGE_CURVE('',#2520,#2521,#1318,.T.);
#3149=EDGE_CURVE('',#2521,#2472,#1319,.T.);
#3150=EDGE_CURVE('',#2473,#2522,#1320,.T.);
#3151=EDGE_CURVE('',#2523,#2522,#1321,.T.);
#3152=EDGE_CURVE('',#2523,#2524,#1322,.T.);
#3153=EDGE_CURVE('',#2525,#2524,#1323,.T.);
#3154=EDGE_CURVE('',#2525,#2526,#1324,.T.);
#3155=EDGE_CURVE('',#2466,#2526,#1325,.T.);
#3156=EDGE_CURVE('',#2469,#2527,#1326,.T.);
#3157=EDGE_CURVE('',#2527,#2528,#1327,.T.);
#3158=EDGE_CURVE('',#2528,#2529,#1328,.T.);
#3159=EDGE_CURVE('',#2529,#2530,#2222,.T.);
#3160=EDGE_CURVE('',#2530,#2531,#1329,.T.);
#3161=EDGE_CURVE('',#2531,#2532,#1330,.T.);
#3162=EDGE_CURVE('',#2532,#2533,#1331,.T.);
#3163=EDGE_CURVE('',#2533,#2534,#1332,.T.);
#3164=EDGE_CURVE('',#2535,#2534,#1333,.T.);
#3165=EDGE_CURVE('',#2535,#2536,#1334,.T.);
#3166=EDGE_CURVE('',#2536,#2537,#1335,.T.);
#3167=EDGE_CURVE('',#2537,#2538,#1336,.T.);
#3168=EDGE_CURVE('',#2538,#2539,#1337,.T.);
#3169=EDGE_CURVE('',#2539,#2540,#2223,.T.);
#3170=EDGE_CURVE('',#2540,#2541,#1338,.T.);
#3171=EDGE_CURVE('',#2541,#2542,#1339,.T.);
#3172=EDGE_CURVE('',#2542,#2543,#1340,.T.);
#3173=EDGE_CURVE('',#2543,#2544,#1341,.T.);
#3174=EDGE_CURVE('',#2545,#2544,#1342,.T.);
#3175=EDGE_CURVE('',#2545,#2546,#1343,.T.);
#3176=EDGE_CURVE('',#2546,#2547,#1344,.T.);
#3177=EDGE_CURVE('',#2547,#2548,#1345,.T.);
#3178=EDGE_CURVE('',#2548,#2549,#1346,.T.);
#3179=EDGE_CURVE('',#2549,#2550,#2224,.T.);
#3180=EDGE_CURVE('',#2550,#2551,#1347,.T.);
#3181=EDGE_CURVE('',#2551,#2552,#1348,.T.);
#3182=EDGE_CURVE('',#2552,#2553,#1349,.T.);
#3183=EDGE_CURVE('',#2553,#2554,#1350,.T.);
#3184=EDGE_CURVE('',#2555,#2554,#1351,.T.);
#3185=EDGE_CURVE('',#2555,#2556,#1352,.T.);
#3186=EDGE_CURVE('',#2556,#2557,#1353,.T.);
#3187=EDGE_CURVE('',#2557,#2558,#1354,.T.);
#3188=EDGE_CURVE('',#2558,#2559,#1355,.T.);
#3189=EDGE_CURVE('',#2559,#2560,#2225,.T.);
#3190=EDGE_CURVE('',#2560,#2561,#1356,.T.);
#3191=EDGE_CURVE('',#2561,#2562,#1357,.T.);
#3192=EDGE_CURVE('',#2562,#2563,#1358,.T.);
#3193=EDGE_CURVE('',#2563,#2515,#1359,.T.);
#3194=EDGE_CURVE('',#2564,#2564,#2226,.T.);
#3195=EDGE_CURVE('',#2565,#2565,#2227,.T.);
#3196=EDGE_CURVE('',#2566,#2566,#2228,.T.);
#3197=EDGE_CURVE('',#2567,#2567,#2229,.T.);
#3198=EDGE_CURVE('',#2568,#2493,#2230,.T.);
#3199=EDGE_CURVE('',#2492,#2569,#2231,.T.);
#3200=EDGE_CURVE('',#2569,#2568,#1360,.T.);
#3201=EDGE_CURVE('',#2568,#2570,#1361,.T.);
#3202=EDGE_CURVE('',#2571,#2570,#1362,.T.);
#3203=EDGE_CURVE('',#2572,#2571,#1363,.T.);
#3204=EDGE_CURVE('',#2544,#2572,#2232,.T.);
#3205=EDGE_CURVE('',#2543,#2494,#1364,.T.);
#3206=EDGE_CURVE('',#2569,#2573,#1365,.T.);
#3207=EDGE_CURVE('',#2574,#2573,#1366,.F.);
#3208=EDGE_CURVE('',#2574,#2575,#1367,.T.);
#3209=EDGE_CURVE('',#2576,#2575,#1368,.T.);
#3210=EDGE_CURVE('',#2576,#2577,#1369,.T.);
#3211=EDGE_CURVE('',#2570,#2577,#1370,.F.);
#3212=EDGE_CURVE('',#2578,#2545,#2233,.T.);
#3213=EDGE_CURVE('',#2572,#2578,#1371,.T.);
#3214=EDGE_CURVE('',#2579,#2571,#1372,.F.);
#3215=EDGE_CURVE('',#2579,#2580,#1373,.T.);
#3216=EDGE_CURVE('',#2581,#2580,#1374,.T.);
#3217=EDGE_CURVE('',#2581,#2582,#1375,.T.);
#3218=EDGE_CURVE('',#2583,#2582,#1376,.F.);
#3219=EDGE_CURVE('',#2583,#2578,#1377,.T.);
#3220=EDGE_CURVE('',#2555,#2584,#2234,.F.);
#3221=EDGE_CURVE('',#2554,#2585,#2235,.T.);
#3222=EDGE_CURVE('',#2585,#2584,#1378,.T.);
#3223=EDGE_CURVE('',#2585,#2586,#1379,.T.);
#3224=EDGE_CURVE('',#2586,#2587,#1380,.T.);
#3225=EDGE_CURVE('',#2584,#2587,#1381,.T.);
#3226=EDGE_CURVE('',#2535,#2588,#2236,.F.);
#3227=EDGE_CURVE('',#2534,#2589,#2237,.T.);
#3228=EDGE_CURVE('',#2589,#2588,#1382,.T.);
#3229=EDGE_CURVE('',#2589,#2590,#1383,.T.);
#3230=EDGE_CURVE('',#2591,#2590,#1384,.T.);
#3231=EDGE_CURVE('',#2588,#2591,#1385,.T.);
#3232=EDGE_CURVE('',#2528,#2509,#1386,.T.);
#3233=EDGE_CURVE('',#2527,#2510,#1387,.T.);
#3234=EDGE_CURVE('',#2508,#2529,#1388,.T.);
#3235=EDGE_CURVE('',#2563,#2474,#1389,.T.);
#3236=EDGE_CURVE('',#2562,#2475,#1390,.T.);
#3237=EDGE_CURVE('',#2476,#2561,#1391,.T.);
#3238=EDGE_CURVE('',#2542,#2495,#1392,.T.);
#3239=EDGE_CURVE('',#2496,#2541,#1393,.T.);
#3240=EDGE_CURVE('',#2547,#2490,#1394,.T.);
#3241=EDGE_CURVE('',#2546,#2491,#1395,.T.);
#3242=EDGE_CURVE('',#2548,#2489,#1396,.T.);
#3243=EDGE_CURVE('',#2592,#2593,#203,.T.);
#3244=EDGE_CURVE('',#2593,#2520,#204,.T.);
#3245=EDGE_CURVE('',#2519,#2594,#205,.T.);
#3246=EDGE_CURVE('',#2594,#2595,#206,.T.);
#3247=EDGE_CURVE('',#2595,#2592,#1397,.T.);
#3248=EDGE_CURVE('',#2595,#2592,#2238,.T.);
#3249=EDGE_CURVE('',#2596,#2597,#2239,.T.);
#3250=EDGE_CURVE('',#2593,#2596,#1398,.T.);
#3251=EDGE_CURVE('',#2597,#2594,#1399,.T.);
#3252=EDGE_CURVE('',#2525,#2518,#1400,.F.);
#3253=EDGE_CURVE('',#2598,#2524,#207,.T.);
#3254=EDGE_CURVE('',#2597,#2598,#1401,.T.);
#3255=EDGE_CURVE('',#2599,#2598,#1402,.T.);
#3256=EDGE_CURVE('',#2523,#2599,#208,.T.);
#3257=EDGE_CURVE('',#2599,#2596,#1403,.T.);
#3258=EDGE_CURVE('',#2521,#2522,#1404,.T.);
#3259=EDGE_CURVE('',#2526,#2517,#1405,.T.);
#3260=EDGE_CURVE('',#2477,#2560,#1406,.T.);
#3261=EDGE_CURVE('',#2600,#2601,#209,.T.);
#3262=EDGE_CURVE('',#2602,#2600,#1407,.T.);
#3263=EDGE_CURVE('',#2603,#2602,#210,.T.);
#3264=EDGE_CURVE('',#2581,#2603,#211,.T.);
#3265=EDGE_CURVE('',#2601,#2580,#212,.T.);
#3266=EDGE_CURVE('',#2602,#2600,#2240,.T.);
#3267=EDGE_CURVE('',#2604,#2605,#2241,.T.);
#3268=EDGE_CURVE('',#2605,#2603,#1408,.T.);
#3269=EDGE_CURVE('',#2601,#2604,#1409,.T.);
#3270=EDGE_CURVE('',#2605,#2606,#1410,.T.);
#3271=EDGE_CURVE('',#2606,#2575,#213,.T.);
#3272=EDGE_CURVE('',#2582,#2574,#1411,.F.);
#3273=EDGE_CURVE('',#2607,#2606,#1412,.T.);
#3274=EDGE_CURVE('',#2576,#2607,#214,.T.);
#3275=EDGE_CURVE('',#2607,#2604,#1413,.T.);
#3276=EDGE_CURVE('',#2577,#2579,#1414,.T.);
#3277=EDGE_CURVE('',#2573,#2583,#1415,.T.);
#3278=EDGE_CURVE('',#2488,#2549,#1416,.T.);
#3279=EDGE_CURVE('',#2497,#2540,#1417,.T.);
#3280=EDGE_CURVE('',#2482,#2608,#2242,.T.);
#3281=EDGE_CURVE('',#2608,#2609,#1418,.T.);
#3282=EDGE_CURVE('',#2609,#2483,#2243,.T.);
#3283=EDGE_CURVE('',#2556,#2481,#1419,.T.);
#3284=EDGE_CURVE('',#2587,#2610,#1420,.T.);
#3285=EDGE_CURVE('',#2608,#2610,#1421,.T.);
#3286=EDGE_CURVE('',#2502,#2611,#2244,.T.);
#3287=EDGE_CURVE('',#2611,#2612,#1422,.T.);
#3288=EDGE_CURVE('',#2612,#2503,#2245,.T.);
#3289=EDGE_CURVE('',#2613,#2612,#1423,.T.);
#3290=EDGE_CURVE('',#2590,#2613,#1424,.T.);
#3291=EDGE_CURVE('',#2533,#2504,#1425,.T.);
#3292=EDGE_CURVE('',#2611,#2614,#1426,.T.);
#3293=EDGE_CURVE('',#2613,#2614,#1427,.T.);
#3294=EDGE_CURVE('',#2558,#2479,#1428,.T.);
#3295=EDGE_CURVE('',#2557,#2480,#1429,.T.);
#3296=EDGE_CURVE('',#2478,#2559,#1430,.T.);
#3297=EDGE_CURVE('',#2610,#2615,#1431,.T.);
#3298=EDGE_CURVE('',#2615,#2609,#1432,.T.);
#3299=EDGE_CURVE('',#2553,#2484,#1433,.T.);
#3300=EDGE_CURVE('',#2552,#2485,#1434,.T.);
#3301=EDGE_CURVE('',#2486,#2551,#1435,.T.);
#3302=EDGE_CURVE('',#2615,#2586,#1436,.T.);
#3303=EDGE_CURVE('',#2532,#2505,#1437,.T.);
#3304=EDGE_CURVE('',#2506,#2531,#1438,.T.);
#3305=EDGE_CURVE('',#2507,#2530,#1439,.T.);
#3306=EDGE_CURVE('',#2538,#2499,#1440,.T.);
#3307=EDGE_CURVE('',#2537,#2500,#1441,.T.);
#3308=EDGE_CURVE('',#2536,#2501,#1442,.T.);
#3309=EDGE_CURVE('',#2498,#2539,#1443,.T.);
#3310=EDGE_CURVE('',#2614,#2591,#1444,.T.);
#3311=EDGE_CURVE('',#2564,#2616,#2246,.T.);
#3312=EDGE_CURVE('',#2616,#2617,#2247,.T.);
#3313=EDGE_CURVE('',#2617,#2616,#2248,.T.);
#3314=EDGE_CURVE('',#2617,#2511,#1445,.T.);
#3315=EDGE_CURVE('',#2567,#2618,#2249,.T.);
#3316=EDGE_CURVE('',#2618,#2619,#2250,.T.);
#3317=EDGE_CURVE('',#2619,#2618,#2251,.T.);
#3318=EDGE_CURVE('',#2619,#2512,#1446,.T.);
#3319=EDGE_CURVE('',#2565,#2620,#2252,.T.);
#3320=EDGE_CURVE('',#2620,#2621,#2253,.T.);
#3321=EDGE_CURVE('',#2621,#2620,#2254,.T.);
#3322=EDGE_CURVE('',#2621,#2513,#1447,.T.);
#3323=EDGE_CURVE('',#2566,#2622,#2255,.T.);
#3324=EDGE_CURVE('',#2622,#2623,#2256,.T.);
#3325=EDGE_CURVE('',#2623,#2622,#2257,.T.);
#3326=EDGE_CURVE('',#2623,#2514,#1448,.T.);
#3327=EDGE_CURVE('',#2487,#2550,#1449,.T.);
#3328=EDGE_CURVE('',#2624,#2625,#2258,.T.);
#3329=EDGE_CURVE('',#2625,#2626,#1450,.T.);
#3330=EDGE_CURVE('',#2626,#2627,#2259,.T.);
#3331=EDGE_CURVE('',#2627,#2624,#1451,.T.);
#3332=EDGE_CURVE('',#2625,#2628,#1452,.T.);
#3333=EDGE_CURVE('',#2629,#2628,#2260,.T.);
#3334=EDGE_CURVE('',#2629,#2630,#1453,.T.);
#3335=EDGE_CURVE('',#2630,#2631,#1454,.T.);
#3336=EDGE_CURVE('',#2631,#2632,#1455,.T.);
#3337=EDGE_CURVE('',#2633,#2632,#2261,.T.);
#3338=EDGE_CURVE('',#2633,#2626,#1456,.T.);
#3339=EDGE_CURVE('',#2624,#2634,#1457,.T.);
#3340=EDGE_CURVE('',#2635,#2634,#2262,.T.);
#3341=EDGE_CURVE('',#2635,#2636,#1458,.T.);
#3342=EDGE_CURVE('',#2637,#2636,#2263,.T.);
#3343=EDGE_CURVE('',#2637,#2638,#1459,.T.);
#3344=EDGE_CURVE('',#2639,#2638,#2264,.T.);
#3345=EDGE_CURVE('',#2639,#2640,#1460,.T.);
#3346=EDGE_CURVE('',#2641,#2640,#2265,.T.);
#3347=EDGE_CURVE('',#2642,#2641,#1461,.T.);
#3348=EDGE_CURVE('',#2628,#2642,#1462,.T.);
#3349=EDGE_CURVE('',#2643,#2644,#2266,.T.);
#3350=EDGE_CURVE('',#2644,#2635,#1463,.T.);
#3351=EDGE_CURVE('',#2634,#2643,#1464,.T.);
#3352=EDGE_CURVE('',#2645,#2644,#1465,.T.);
#3353=EDGE_CURVE('',#2636,#2645,#1466,.T.);
#3354=EDGE_CURVE('',#2646,#2647,#2267,.T.);
#3355=EDGE_CURVE('',#2647,#2639,#1467,.T.);
#3356=EDGE_CURVE('',#2638,#2646,#1468,.T.);
#3357=EDGE_CURVE('',#2648,#2647,#1469,.T.);
#3358=EDGE_CURVE('',#2640,#2648,#1470,.T.);
#3359=EDGE_CURVE('',#2648,#2649,#2268,.T.);
#3360=EDGE_CURVE('',#2649,#2641,#1471,.T.);
#3361=EDGE_CURVE('',#2645,#2650,#2269,.T.);
#3362=EDGE_CURVE('',#2650,#2637,#1472,.T.);
#3363=EDGE_CURVE('',#2646,#2650,#1473,.T.);
#3364=EDGE_CURVE('',#2643,#2627,#1474,.T.);
#3365=EDGE_CURVE('',#2649,#2651,#1475,.T.);
#3366=EDGE_CURVE('',#2652,#2651,#2270,.T.);
#3367=EDGE_CURVE('',#2652,#2653,#1476,.T.);
#3368=EDGE_CURVE('',#2653,#2654,#1477,.T.);
#3369=EDGE_CURVE('',#2654,#2655,#1478,.T.);
#3370=EDGE_CURVE('',#2642,#2655,#2271,.T.);
#3371=EDGE_CURVE('',#2655,#2629,#1479,.T.);
#3372=EDGE_CURVE('',#2654,#2630,#1480,.T.);
#3373=EDGE_CURVE('',#2632,#2652,#1481,.T.);
#3374=EDGE_CURVE('',#2651,#2633,#1482,.T.);
#3375=EDGE_CURVE('',#2653,#2631,#1483,.T.);
#3376=EDGE_CURVE('',#2656,#2657,#2272,.T.);
#3377=EDGE_CURVE('',#2657,#2658,#1484,.T.);
#3378=EDGE_CURVE('',#2658,#2659,#2273,.T.);
#3379=EDGE_CURVE('',#2659,#2656,#1485,.T.);
#3380=EDGE_CURVE('',#2657,#2660,#1486,.T.);
#3381=EDGE_CURVE('',#2661,#2660,#2274,.T.);
#3382=EDGE_CURVE('',#2661,#2662,#1487,.T.);
#3383=EDGE_CURVE('',#2662,#2663,#1488,.T.);
#3384=EDGE_CURVE('',#2663,#2664,#1489,.T.);
#3385=EDGE_CURVE('',#2665,#2664,#2275,.T.);
#3386=EDGE_CURVE('',#2665,#2658,#1490,.T.);
#3387=EDGE_CURVE('',#2656,#2666,#1491,.T.);
#3388=EDGE_CURVE('',#2667,#2666,#2276,.T.);
#3389=EDGE_CURVE('',#2667,#2668,#1492,.T.);
#3390=EDGE_CURVE('',#2669,#2668,#2277,.T.);
#3391=EDGE_CURVE('',#2669,#2670,#1493,.T.);
#3392=EDGE_CURVE('',#2671,#2670,#2278,.T.);
#3393=EDGE_CURVE('',#2671,#2672,#1494,.T.);
#3394=EDGE_CURVE('',#2673,#2672,#2279,.T.);
#3395=EDGE_CURVE('',#2674,#2673,#1495,.T.);
#3396=EDGE_CURVE('',#2660,#2674,#1496,.T.);
#3397=EDGE_CURVE('',#2675,#2676,#2280,.T.);
#3398=EDGE_CURVE('',#2676,#2667,#1497,.T.);
#3399=EDGE_CURVE('',#2666,#2675,#1498,.T.);
#3400=EDGE_CURVE('',#2677,#2676,#1499,.T.);
#3401=EDGE_CURVE('',#2668,#2677,#1500,.T.);
#3402=EDGE_CURVE('',#2678,#2679,#2281,.T.);
#3403=EDGE_CURVE('',#2679,#2671,#1501,.T.);
#3404=EDGE_CURVE('',#2670,#2678,#1502,.T.);
#3405=EDGE_CURVE('',#2680,#2679,#1503,.T.);
#3406=EDGE_CURVE('',#2672,#2680,#1504,.T.);
#3407=EDGE_CURVE('',#2680,#2681,#2282,.T.);
#3408=EDGE_CURVE('',#2681,#2673,#1505,.T.);
#3409=EDGE_CURVE('',#2677,#2682,#2283,.T.);
#3410=EDGE_CURVE('',#2682,#2669,#1506,.T.);
#3411=EDGE_CURVE('',#2678,#2682,#1507,.T.);
#3412=EDGE_CURVE('',#2675,#2659,#1508,.T.);
#3413=EDGE_CURVE('',#2681,#2683,#1509,.T.);
#3414=EDGE_CURVE('',#2684,#2683,#2284,.T.);
#3415=EDGE_CURVE('',#2684,#2685,#1510,.T.);
#3416=EDGE_CURVE('',#2685,#2686,#1511,.T.);
#3417=EDGE_CURVE('',#2686,#2687,#1512,.T.);
#3418=EDGE_CURVE('',#2674,#2687,#2285,.T.);
#3419=EDGE_CURVE('',#2687,#2661,#1513,.T.);
#3420=EDGE_CURVE('',#2686,#2662,#1514,.T.);
#3421=EDGE_CURVE('',#2664,#2684,#1515,.T.);
#3422=EDGE_CURVE('',#2683,#2665,#1516,.T.);
#3423=EDGE_CURVE('',#2685,#2663,#1517,.T.);
#3424=EDGE_CURVE('',#2688,#2689,#2286,.T.);
#3425=EDGE_CURVE('',#2689,#2690,#1518,.T.);
#3426=EDGE_CURVE('',#2690,#2691,#2287,.T.);
#3427=EDGE_CURVE('',#2691,#2688,#1519,.T.);
#3428=EDGE_CURVE('',#2689,#2692,#1520,.T.);
#3429=EDGE_CURVE('',#2693,#2692,#2288,.T.);
#3430=EDGE_CURVE('',#2693,#2694,#1521,.T.);
#3431=EDGE_CURVE('',#2694,#2695,#1522,.T.);
#3432=EDGE_CURVE('',#2695,#2696,#1523,.T.);
#3433=EDGE_CURVE('',#2697,#2696,#2289,.T.);
#3434=EDGE_CURVE('',#2697,#2690,#1524,.T.);
#3435=EDGE_CURVE('',#2688,#2698,#1525,.T.);
#3436=EDGE_CURVE('',#2699,#2698,#2290,.T.);
#3437=EDGE_CURVE('',#2699,#2700,#1526,.T.);
#3438=EDGE_CURVE('',#2701,#2700,#2291,.T.);
#3439=EDGE_CURVE('',#2701,#2702,#1527,.T.);
#3440=EDGE_CURVE('',#2703,#2702,#2292,.T.);
#3441=EDGE_CURVE('',#2703,#2704,#1528,.T.);
#3442=EDGE_CURVE('',#2705,#2704,#2293,.T.);
#3443=EDGE_CURVE('',#2706,#2705,#1529,.T.);
#3444=EDGE_CURVE('',#2692,#2706,#1530,.T.);
#3445=EDGE_CURVE('',#2707,#2708,#2294,.T.);
#3446=EDGE_CURVE('',#2708,#2699,#1531,.T.);
#3447=EDGE_CURVE('',#2698,#2707,#1532,.T.);
#3448=EDGE_CURVE('',#2709,#2708,#1533,.T.);
#3449=EDGE_CURVE('',#2700,#2709,#1534,.T.);
#3450=EDGE_CURVE('',#2710,#2711,#2295,.T.);
#3451=EDGE_CURVE('',#2711,#2703,#1535,.T.);
#3452=EDGE_CURVE('',#2702,#2710,#1536,.T.);
#3453=EDGE_CURVE('',#2712,#2711,#1537,.T.);
#3454=EDGE_CURVE('',#2704,#2712,#1538,.T.);
#3455=EDGE_CURVE('',#2712,#2713,#2296,.T.);
#3456=EDGE_CURVE('',#2713,#2705,#1539,.T.);
#3457=EDGE_CURVE('',#2709,#2714,#2297,.T.);
#3458=EDGE_CURVE('',#2714,#2701,#1540,.T.);
#3459=EDGE_CURVE('',#2710,#2714,#1541,.T.);
#3460=EDGE_CURVE('',#2707,#2691,#1542,.T.);
#3461=EDGE_CURVE('',#2713,#2715,#1543,.T.);
#3462=EDGE_CURVE('',#2716,#2715,#2298,.T.);
#3463=EDGE_CURVE('',#2716,#2717,#1544,.T.);
#3464=EDGE_CURVE('',#2717,#2718,#1545,.T.);
#3465=EDGE_CURVE('',#2718,#2719,#1546,.T.);
#3466=EDGE_CURVE('',#2706,#2719,#2299,.T.);
#3467=EDGE_CURVE('',#2719,#2693,#1547,.T.);
#3468=EDGE_CURVE('',#2718,#2694,#1548,.T.);
#3469=EDGE_CURVE('',#2696,#2716,#1549,.T.);
#3470=EDGE_CURVE('',#2715,#2697,#1550,.T.);
#3471=EDGE_CURVE('',#2717,#2695,#1551,.T.);
#3472=EDGE_CURVE('',#2720,#2720,#2300,.T.);
#3473=EDGE_CURVE('',#2720,#2721,#2301,.T.);
#3474=EDGE_CURVE('',#2721,#2721,#2302,.T.);
#3475=EDGE_CURVE('',#2722,#2722,#2303,.T.);
#3476=EDGE_CURVE('',#2723,#2723,#2304,.T.);
#3477=EDGE_CURVE('',#2723,#2722,#2305,.T.);
#3478=EDGE_CURVE('',#2724,#2724,#2306,.T.);
#3479=EDGE_CURVE('',#2724,#2725,#2307,.T.);
#3480=EDGE_CURVE('',#2725,#2726,#2308,.T.);
#3481=EDGE_CURVE('',#2726,#2725,#2309,.T.);
#3482=EDGE_CURVE('',#2726,#2727,#1552,.T.);
#3483=EDGE_CURVE('',#2728,#2727,#2310,.T.);
#3484=EDGE_CURVE('',#2727,#2728,#2311,.T.);
#3485=EDGE_CURVE('',#2728,#2729,#2312,.T.);
#3486=EDGE_CURVE('',#2729,#2729,#2313,.T.);
#3487=EDGE_CURVE('',#2730,#2730,#2314,.T.);
#3488=EDGE_CURVE('',#2730,#2731,#2315,.T.);
#3489=EDGE_CURVE('',#2731,#2732,#2316,.T.);
#3490=EDGE_CURVE('',#2732,#2731,#2317,.T.);
#3491=EDGE_CURVE('',#2732,#2733,#1553,.T.);
#3492=EDGE_CURVE('',#2734,#2733,#2318,.T.);
#3493=EDGE_CURVE('',#2733,#2734,#2319,.T.);
#3494=EDGE_CURVE('',#2734,#2735,#2320,.T.);
#3495=EDGE_CURVE('',#2735,#2735,#2321,.T.);
#3496=EDGE_CURVE('',#2736,#2736,#2322,.T.);
#3497=EDGE_CURVE('',#2736,#2737,#2323,.T.);
#3498=EDGE_CURVE('',#2737,#2737,#2324,.T.);
#3499=EDGE_CURVE('',#2738,#2738,#2325,.T.);
#3500=EDGE_CURVE('',#2739,#2739,#2326,.T.);
#3501=EDGE_CURVE('',#2739,#2738,#2327,.T.);
#3502=EDGE_CURVE('',#2740,#2740,#2328,.T.);
#3503=EDGE_CURVE('',#2740,#2741,#1554,.T.);
#3504=EDGE_CURVE('',#2741,#2741,#2329,.T.);
#3505=EDGE_CURVE('',#2742,#2742,#2330,.T.);
#3506=EDGE_CURVE('',#2741,#2743,#1555,.T.);
#3507=EDGE_CURVE('',#2744,#2743,#2331,.F.);
#3508=EDGE_CURVE('',#2743,#2744,#2332,.F.);
#3509=EDGE_CURVE('',#2745,#2746,#2333,.T.);
#3510=EDGE_CURVE('',#2746,#2745,#2334,.T.);
#3511=EDGE_CURVE('',#2745,#2742,#1556,.T.);
#3512=EDGE_CURVE('',#2747,#2748,#2335,.T.);
#3513=EDGE_CURVE('',#2747,#2746,#1557,.T.);
#3514=EDGE_CURVE('',#2748,#2747,#2336,.T.);
#3515=EDGE_CURVE('',#2749,#2750,#1558,.T.);
#3516=EDGE_CURVE('',#2751,#2749,#1559,.T.);
#3517=EDGE_CURVE('',#2752,#2751,#1560,.T.);
#3518=EDGE_CURVE('',#2753,#2752,#1561,.T.);
#3519=EDGE_CURVE('',#2754,#2753,#1562,.T.);
#3520=EDGE_CURVE('',#2755,#2754,#1563,.T.);
#3521=EDGE_CURVE('',#2756,#2755,#1564,.T.);
#3522=EDGE_CURVE('',#2757,#2756,#1565,.T.);
#3523=EDGE_CURVE('',#2758,#2757,#1566,.T.);
#3524=EDGE_CURVE('',#2759,#2758,#1567,.T.);
#3525=EDGE_CURVE('',#2760,#2759,#1568,.T.);
#3526=EDGE_CURVE('',#2761,#2760,#1569,.T.);
#3527=EDGE_CURVE('',#2762,#2761,#1570,.T.);
#3528=EDGE_CURVE('',#2763,#2762,#1571,.T.);
#3529=EDGE_CURVE('',#2750,#2763,#1572,.T.);
#3530=EDGE_CURVE('',#2749,#2764,#1573,.T.);
#3531=EDGE_CURVE('',#2765,#2764,#13,.T.);
#3532=EDGE_CURVE('',#2751,#2765,#1574,.T.);
#3533=EDGE_CURVE('',#2766,#2767,#215,.T.);
#3534=EDGE_CURVE('',#2767,#2768,#1575,.F.);
#3535=EDGE_CURVE('',#2768,#2764,#14,.T.);
#3536=EDGE_CURVE('',#2750,#2769,#1576,.T.);
#3537=EDGE_CURVE('',#2769,#2770,#15,.T.);
#3538=EDGE_CURVE('',#2770,#2771,#1577,.F.);
#3539=EDGE_CURVE('',#2772,#2771,#216,.F.);
#3540=EDGE_CURVE('',#2772,#2773,#16,.T.);
#3541=EDGE_CURVE('',#2773,#2774,#1578,.T.);
#3542=EDGE_CURVE('',#2774,#2766,#17,.T.);
#3543=EDGE_CURVE('',#2775,#2776,#1579,.T.);
#3544=EDGE_CURVE('',#2775,#2777,#1580,.T.);
#3545=EDGE_CURVE('',#2777,#2778,#1581,.T.);
#3546=EDGE_CURVE('',#2778,#2779,#1582,.T.);
#3547=EDGE_CURVE('',#2779,#2780,#1583,.T.);
#3548=EDGE_CURVE('',#2780,#2781,#1584,.T.);
#3549=EDGE_CURVE('',#2781,#2782,#1585,.T.);
#3550=EDGE_CURVE('',#2782,#2783,#1586,.T.);
#3551=EDGE_CURVE('',#2783,#2784,#1587,.T.);
#3552=EDGE_CURVE('',#2784,#2785,#1588,.T.);
#3553=EDGE_CURVE('',#2785,#2786,#1589,.T.);
#3554=EDGE_CURVE('',#2786,#2787,#1590,.T.);
#3555=EDGE_CURVE('',#2787,#2788,#1591,.T.);
#3556=EDGE_CURVE('',#2788,#2789,#1592,.T.);
#3557=EDGE_CURVE('',#2789,#2776,#1593,.T.);
#3558=EDGE_CURVE('',#2790,#2776,#1594,.T.);
#3559=EDGE_CURVE('',#2789,#2791,#1595,.T.);
#3560=EDGE_CURVE('',#2790,#2791,#18,.T.);
#3561=EDGE_CURVE('',#2775,#2792,#1596,.T.);
#3562=EDGE_CURVE('',#2793,#2792,#19,.T.);
#3563=EDGE_CURVE('',#2777,#2793,#1597,.F.);
#3564=EDGE_CURVE('',#2794,#2795,#217,.F.);
#3565=EDGE_CURVE('',#2795,#2796,#1598,.T.);
#3566=EDGE_CURVE('',#2796,#2792,#20,.T.);
#3567=EDGE_CURVE('',#2790,#2797,#21,.T.);
#3568=EDGE_CURVE('',#2797,#2798,#1599,.T.);
#3569=EDGE_CURVE('',#2799,#2798,#218,.T.);
#3570=EDGE_CURVE('',#2800,#2799,#22,.T.);
#3571=EDGE_CURVE('',#2801,#2800,#1600,.F.);
#3572=EDGE_CURVE('',#2794,#2801,#23,.T.);
#3573=EDGE_CURVE('',#2757,#2802,#1601,.T.);
#3574=EDGE_CURVE('',#2803,#2802,#24,.T.);
#3575=EDGE_CURVE('',#2804,#2803,#25,.T.);
#3576=EDGE_CURVE('',#2758,#2804,#1602,.T.);
#3577=EDGE_CURVE('',#2805,#2756,#1603,.T.);
#3578=EDGE_CURVE('',#2806,#2805,#26,.T.);
#3579=EDGE_CURVE('',#2802,#2806,#27,.T.);
#3580=EDGE_CURVE('',#2759,#2807,#1604,.T.);
#3581=EDGE_CURVE('',#2808,#2807,#28,.T.);
#3582=EDGE_CURVE('',#2809,#2808,#29,.T.);
#3583=EDGE_CURVE('',#2760,#2809,#1605,.T.);
#3584=EDGE_CURVE('',#2810,#2809,#30,.T.);
#3585=EDGE_CURVE('',#2811,#2810,#31,.T.);
#3586=EDGE_CURVE('',#2761,#2811,#1606,.F.);
#3587=EDGE_CURVE('',#2812,#2765,#32,.T.);
#3588=EDGE_CURVE('',#2813,#2812,#33,.T.);
#3589=EDGE_CURVE('',#2752,#2813,#1607,.T.);
#3590=EDGE_CURVE('',#2753,#2814,#1608,.T.);
#3591=EDGE_CURVE('',#2815,#2814,#34,.T.);
#3592=EDGE_CURVE('',#2816,#2815,#35,.T.);
#3593=EDGE_CURVE('',#2754,#2816,#1609,.T.);
#3594=EDGE_CURVE('',#2817,#2813,#36,.T.);
#3595=EDGE_CURVE('',#2814,#2817,#37,.T.);
#3596=EDGE_CURVE('',#2755,#2818,#1610,.T.);
#3597=EDGE_CURVE('',#2819,#2818,#38,.T.);
#3598=EDGE_CURVE('',#2805,#2819,#39,.T.);
#3599=EDGE_CURVE('',#2820,#2816,#40,.T.);
#3600=EDGE_CURVE('',#2818,#2820,#41,.T.);
#3601=EDGE_CURVE('',#2821,#2804,#42,.T.);
#3602=EDGE_CURVE('',#2807,#2821,#43,.T.);
#3603=EDGE_CURVE('',#2822,#2811,#44,.T.);
#3604=EDGE_CURVE('',#2823,#2822,#45,.T.);
#3605=EDGE_CURVE('',#2762,#2823,#1611,.T.);
#3606=EDGE_CURVE('',#2824,#2823,#46,.T.);
#3607=EDGE_CURVE('',#2825,#2824,#47,.T.);
#3608=EDGE_CURVE('',#2763,#2825,#1612,.F.);
#3609=EDGE_CURVE('',#2800,#2774,#2337,.T.);
#3610=EDGE_CURVE('',#2773,#2801,#2338,.T.);
#3611=EDGE_CURVE('',#2795,#2798,#2339,.T.);
#3612=EDGE_CURVE('',#2826,#2794,#2340,.T.);
#3613=EDGE_CURVE('',#2799,#2826,#2341,.T.);
#3614=EDGE_CURVE('',#2827,#2828,#48,.T.);
#3615=EDGE_CURVE('',#2828,#2829,#49,.T.);
#3616=EDGE_CURVE('',#2829,#2827,#2342,.F.);
#3617=EDGE_CURVE('',#2830,#2831,#50,.T.);
#3618=EDGE_CURVE('',#2831,#2832,#51,.T.);
#3619=EDGE_CURVE('',#2832,#2830,#2343,.F.);
#3620=EDGE_CURVE('',#2833,#2834,#52,.T.);
#3621=EDGE_CURVE('',#2834,#2835,#53,.T.);
#3622=EDGE_CURVE('',#2835,#2833,#2344,.F.);
#3623=EDGE_CURVE('',#2836,#2837,#54,.T.);
#3624=EDGE_CURVE('',#2837,#2838,#55,.T.);
#3625=EDGE_CURVE('',#2838,#2836,#2345,.F.);
#3626=EDGE_CURVE('',#2839,#2840,#56,.T.);
#3627=EDGE_CURVE('',#2840,#2841,#57,.T.);
#3628=EDGE_CURVE('',#2841,#2839,#2346,.F.);
#3629=EDGE_CURVE('',#2842,#2843,#58,.T.);
#3630=EDGE_CURVE('',#2843,#2844,#59,.T.);
#3631=EDGE_CURVE('',#2844,#2842,#2347,.F.);
#3632=EDGE_CURVE('',#2796,#2829,#2348,.F.);
#3633=EDGE_CURVE('',#2829,#2793,#60,.T.);
#3634=EDGE_CURVE('',#2832,#2845,#61,.T.);
#3635=EDGE_CURVE('',#2845,#2827,#62,.T.);
#3636=EDGE_CURVE('',#2827,#2832,#2349,.F.);
#3637=EDGE_CURVE('',#2835,#2846,#63,.T.);
#3638=EDGE_CURVE('',#2846,#2830,#64,.T.);
#3639=EDGE_CURVE('',#2830,#2835,#2350,.F.);
#3640=EDGE_CURVE('',#2838,#2847,#65,.T.);
#3641=EDGE_CURVE('',#2847,#2833,#66,.T.);
#3642=EDGE_CURVE('',#2833,#2838,#2351,.F.);
#3643=EDGE_CURVE('',#2841,#2848,#67,.T.);
#3644=EDGE_CURVE('',#2848,#2836,#68,.T.);
#3645=EDGE_CURVE('',#2836,#2841,#2352,.F.);
#3646=EDGE_CURVE('',#2844,#2849,#69,.T.);
#3647=EDGE_CURVE('',#2849,#2839,#70,.T.);
#3648=EDGE_CURVE('',#2839,#2844,#2353,.F.);
#3649=EDGE_CURVE('',#2812,#2817,#2354,.F.);
#3650=EDGE_CURVE('',#2815,#2820,#2355,.F.);
#3651=EDGE_CURVE('',#2819,#2806,#2356,.F.);
#3652=EDGE_CURVE('',#2803,#2821,#2357,.F.);
#3653=EDGE_CURVE('',#2808,#2810,#2358,.F.);
#3654=EDGE_CURVE('',#2822,#2824,#2359,.F.);
#3655=EDGE_CURVE('',#2768,#2812,#2360,.F.);
#3656=EDGE_CURVE('',#2817,#2815,#2361,.F.);
#3657=EDGE_CURVE('',#2820,#2819,#2362,.F.);
#3658=EDGE_CURVE('',#2806,#2803,#2363,.F.);
#3659=EDGE_CURVE('',#2821,#2808,#2364,.F.);
#3660=EDGE_CURVE('',#2810,#2822,#2365,.F.);
#3661=EDGE_CURVE('',#2744,#2826,#1613,.T.);
#3662=EDGE_CURVE('',#2772,#2766,#2366,.T.);
#3663=EDGE_CURVE('',#2767,#2771,#2367,.T.);
#3664=EDGE_CURVE('',#2824,#2770,#2368,.F.);
#3665=EDGE_CURVE('',#2842,#2797,#2369,.F.);
#3666=EDGE_CURVE('',#2769,#2825,#71,.T.);
#3667=EDGE_CURVE('',#2791,#2842,#72,.T.);
#3668=EDGE_CURVE('',#2785,#2848,#1614,.F.);
#3669=EDGE_CURVE('',#2786,#2840,#1615,.F.);
#3670=EDGE_CURVE('',#2787,#2849,#1616,.T.);
#3671=EDGE_CURVE('',#2784,#2837,#1617,.T.);
#3672=EDGE_CURVE('',#2783,#2847,#1618,.F.);
#3673=EDGE_CURVE('',#2782,#2834,#1619,.T.);
#3674=EDGE_CURVE('',#2781,#2846,#1620,.F.);
#3675=EDGE_CURVE('',#2780,#2831,#1621,.T.);
#3676=EDGE_CURVE('',#2779,#2845,#1622,.F.);
#3677=EDGE_CURVE('',#2778,#2828,#1623,.T.);
#3678=EDGE_CURVE('',#2788,#2843,#1624,.T.);
#3679=EDGE_CURVE('',#2850,#2851,#1625,.T.);
#3680=EDGE_CURVE('',#2851,#2852,#219,.F.);
#3681=EDGE_CURVE('',#2853,#2852,#1626,.T.);
#3682=EDGE_CURVE('',#2854,#2853,#73,.T.);
#3683=EDGE_CURVE('',#2855,#2854,#1627,.T.);
#3684=EDGE_CURVE('',#2856,#2855,#74,.T.);
#3685=EDGE_CURVE('',#2857,#2856,#1628,.T.);
#3686=EDGE_CURVE('',#2858,#2857,#75,.T.);
#3687=EDGE_CURVE('',#2859,#2858,#1629,.T.);
#3688=EDGE_CURVE('',#2860,#2859,#76,.T.);
#3689=EDGE_CURVE('',#2861,#2860,#1630,.T.);
#3690=EDGE_CURVE('',#2850,#2861,#220,.T.);
#3691=EDGE_CURVE('',#2862,#2863,#2370,.T.);
#3692=EDGE_CURVE('',#2862,#2864,#1631,.T.);
#3693=EDGE_CURVE('',#2864,#2865,#2371,.T.);
#3694=EDGE_CURVE('',#2865,#2863,#1632,.T.);
#3695=EDGE_CURVE('',#2861,#2852,#2372,.T.);
#3696=EDGE_CURVE('',#2866,#2851,#2373,.F.);
#3697=EDGE_CURVE('',#2866,#2867,#2374,.T.);
#3698=EDGE_CURVE('',#2867,#2868,#2375,.T.);
#3699=EDGE_CURVE('',#2868,#2867,#2376,.T.);
#3700=EDGE_CURVE('',#2869,#2866,#2377,.F.);
#3701=EDGE_CURVE('',#2869,#2862,#221,.T.);
#3702=EDGE_CURVE('',#2870,#2863,#222,.F.);
#3703=EDGE_CURVE('',#2870,#2850,#2378,.T.);
#3704=EDGE_CURVE('',#2868,#2871,#1633,.T.);
#3705=EDGE_CURVE('',#2872,#2871,#2379,.T.);
#3706=EDGE_CURVE('',#2871,#2872,#2380,.T.);
#3707=EDGE_CURVE('',#2872,#2748,#2381,.T.);
#3708=EDGE_CURVE('',#2870,#2869,#1634,.T.);
#3709=EDGE_CURVE('',#2873,#2865,#77,.T.);
#3710=EDGE_CURVE('',#2874,#2873,#1635,.T.);
#3711=EDGE_CURVE('',#2875,#2874,#78,.T.);
#3712=EDGE_CURVE('',#2876,#2875,#1636,.T.);
#3713=EDGE_CURVE('',#2877,#2876,#79,.T.);
#3714=EDGE_CURVE('',#2878,#2877,#1637,.T.);
#3715=EDGE_CURVE('',#2864,#2878,#80,.T.);
#3716=EDGE_CURVE('',#2854,#2879,#81,.T.);
#3717=EDGE_CURVE('',#2880,#2879,#1638,.T.);
#3718=EDGE_CURVE('',#2880,#2855,#82,.T.);
#3719=EDGE_CURVE('',#2860,#2853,#2382,.T.);
#3720=EDGE_CURVE('',#2877,#2881,#83,.T.);
#3721=EDGE_CURVE('',#2881,#2882,#1639,.T.);
#3722=EDGE_CURVE('',#2882,#2878,#84,.T.);
#3723=EDGE_CURVE('',#2883,#2882,#85,.T.);
#3724=EDGE_CURVE('',#2884,#2883,#86,.T.);
#3725=EDGE_CURVE('',#2885,#2884,#87,.T.);
#3726=EDGE_CURVE('',#2886,#2885,#88,.T.);
#3727=EDGE_CURVE('',#2887,#2886,#89,.T.);
#3728=EDGE_CURVE('',#2888,#2887,#90,.T.);
#3729=EDGE_CURVE('',#2889,#2888,#91,.T.);
#3730=EDGE_CURVE('',#2890,#2889,#92,.T.);
#3731=EDGE_CURVE('',#2891,#2890,#93,.T.);
#3732=EDGE_CURVE('',#2892,#2891,#94,.T.);
#3733=EDGE_CURVE('',#2893,#2892,#95,.T.);
#3734=EDGE_CURVE('',#2894,#2893,#96,.T.);
#3735=EDGE_CURVE('',#2895,#2894,#97,.T.);
#3736=EDGE_CURVE('',#2896,#2895,#98,.T.);
#3737=EDGE_CURVE('',#2897,#2896,#99,.T.);
#3738=EDGE_CURVE('',#2898,#2897,#100,.T.);
#3739=EDGE_CURVE('',#2873,#2898,#101,.T.);
#3740=EDGE_CURVE('',#2899,#2859,#102,.T.);
#3741=EDGE_CURVE('',#2900,#2899,#103,.T.);
#3742=EDGE_CURVE('',#2901,#2900,#104,.T.);
#3743=EDGE_CURVE('',#2902,#2901,#105,.T.);
#3744=EDGE_CURVE('',#2903,#2902,#106,.T.);
#3745=EDGE_CURVE('',#2904,#2903,#107,.T.);
#3746=EDGE_CURVE('',#2905,#2904,#108,.T.);
#3747=EDGE_CURVE('',#2906,#2905,#109,.T.);
#3748=EDGE_CURVE('',#2907,#2906,#110,.T.);
#3749=EDGE_CURVE('',#2908,#2907,#111,.T.);
#3750=EDGE_CURVE('',#2909,#2908,#112,.T.);
#3751=EDGE_CURVE('',#2910,#2909,#113,.T.);
#3752=EDGE_CURVE('',#2911,#2910,#114,.T.);
#3753=EDGE_CURVE('',#2912,#2911,#115,.T.);
#3754=EDGE_CURVE('',#2913,#2912,#116,.T.);
#3755=EDGE_CURVE('',#2914,#2913,#117,.T.);
#3756=EDGE_CURVE('',#2879,#2914,#118,.T.);
#3757=EDGE_CURVE('',#2875,#2876,#2383,.T.);
#3758=EDGE_CURVE('',#2915,#2874,#119,.T.);
#3759=EDGE_CURVE('',#2916,#2915,#120,.T.);
#3760=EDGE_CURVE('',#2917,#2916,#121,.T.);
#3761=EDGE_CURVE('',#2918,#2917,#122,.T.);
#3762=EDGE_CURVE('',#2919,#2918,#123,.T.);
#3763=EDGE_CURVE('',#2920,#2919,#124,.T.);
#3764=EDGE_CURVE('',#2921,#2920,#125,.T.);
#3765=EDGE_CURVE('',#2922,#2921,#126,.T.);
#3766=EDGE_CURVE('',#2923,#2922,#127,.T.);
#3767=EDGE_CURVE('',#2924,#2923,#128,.T.);
#3768=EDGE_CURVE('',#2925,#2924,#129,.T.);
#3769=EDGE_CURVE('',#2926,#2925,#130,.T.);
#3770=EDGE_CURVE('',#2927,#2926,#131,.T.);
#3771=EDGE_CURVE('',#2928,#2927,#132,.T.);
#3772=EDGE_CURVE('',#2929,#2928,#133,.T.);
#3773=EDGE_CURVE('',#2930,#2929,#134,.T.);
#3774=EDGE_CURVE('',#2881,#2930,#135,.T.);
#3775=EDGE_CURVE('',#2931,#2880,#136,.T.);
#3776=EDGE_CURVE('',#2932,#2931,#137,.T.);
#3777=EDGE_CURVE('',#2933,#2932,#138,.T.);
#3778=EDGE_CURVE('',#2934,#2933,#139,.T.);
#3779=EDGE_CURVE('',#2935,#2934,#140,.T.);
#3780=EDGE_CURVE('',#2936,#2935,#141,.T.);
#3781=EDGE_CURVE('',#2937,#2936,#142,.T.);
#3782=EDGE_CURVE('',#2938,#2937,#143,.T.);
#3783=EDGE_CURVE('',#2939,#2938,#144,.T.);
#3784=EDGE_CURVE('',#2940,#2939,#145,.T.);
#3785=EDGE_CURVE('',#2941,#2940,#146,.T.);
#3786=EDGE_CURVE('',#2942,#2941,#147,.T.);
#3787=EDGE_CURVE('',#2943,#2942,#148,.T.);
#3788=EDGE_CURVE('',#2944,#2943,#149,.T.);
#3789=EDGE_CURVE('',#2945,#2944,#150,.T.);
#3790=EDGE_CURVE('',#2946,#2945,#151,.T.);
#3791=EDGE_CURVE('',#2858,#2946,#152,.T.);
#3792=EDGE_CURVE('',#2856,#2857,#2384,.T.);
#3793=EDGE_CURVE('',#2936,#2909,#1640,.T.);
#3794=EDGE_CURVE('',#2935,#2910,#1641,.T.);
#3795=EDGE_CURVE('',#2934,#2911,#1642,.T.);
#3796=EDGE_CURVE('',#2937,#2908,#1643,.T.);
#3797=EDGE_CURVE('',#2938,#2907,#1644,.T.);
#3798=EDGE_CURVE('',#2939,#2906,#1645,.T.);
#3799=EDGE_CURVE('',#2940,#2905,#1646,.T.);
#3800=EDGE_CURVE('',#2941,#2904,#1647,.T.);
#3801=EDGE_CURVE('',#2942,#2903,#1648,.T.);
#3802=EDGE_CURVE('',#2943,#2902,#1649,.T.);
#3803=EDGE_CURVE('',#2944,#2901,#1650,.T.);
#3804=EDGE_CURVE('',#2945,#2900,#1651,.T.);
#3805=EDGE_CURVE('',#2946,#2899,#1652,.T.);
#3806=EDGE_CURVE('',#2915,#2898,#1653,.T.);
#3807=EDGE_CURVE('',#2916,#2897,#1654,.T.);
#3808=EDGE_CURVE('',#2917,#2896,#1655,.T.);
#3809=EDGE_CURVE('',#2918,#2895,#1656,.T.);
#3810=EDGE_CURVE('',#2919,#2894,#1657,.T.);
#3811=EDGE_CURVE('',#2922,#2891,#1658,.T.);
#3812=EDGE_CURVE('',#2921,#2892,#1659,.T.);
#3813=EDGE_CURVE('',#2926,#2887,#1660,.T.);
#3814=EDGE_CURVE('',#2925,#2888,#1661,.T.);
#3815=EDGE_CURVE('',#2889,#2924,#1662,.T.);
#3816=EDGE_CURVE('',#2928,#2885,#1663,.T.);
#3817=EDGE_CURVE('',#2927,#2886,#1664,.T.);
#3818=EDGE_CURVE('',#2930,#2883,#1665,.T.);
#3819=EDGE_CURVE('',#2929,#2884,#1666,.T.);
#3820=EDGE_CURVE('',#2931,#2914,#1667,.T.);
#3821=EDGE_CURVE('',#2933,#2912,#1668,.T.);
#3822=EDGE_CURVE('',#2932,#2913,#1669,.T.);
#3823=EDGE_CURVE('',#2920,#2893,#1670,.T.);
#3824=EDGE_CURVE('',#2923,#2890,#1671,.T.);
#3825=EDGE_CURVE('',#2947,#2948,#1672,.T.);
#3826=EDGE_CURVE('',#2947,#2949,#223,.T.);
#3827=EDGE_CURVE('',#2949,#2950,#1673,.T.);
#3828=EDGE_CURVE('',#2950,#2950,#2385,.T.);
#3829=EDGE_CURVE('',#2949,#2951,#224,.T.);
#3830=EDGE_CURVE('',#2951,#2952,#1674,.T.);
#3831=EDGE_CURVE('',#2952,#2948,#225,.T.);
#3832=EDGE_CURVE('',#2953,#2954,#1675,.T.);
#3833=EDGE_CURVE('',#2953,#2947,#226,.T.);
#3834=EDGE_CURVE('',#2948,#2954,#227,.T.);
#3835=EDGE_CURVE('',#2955,#2956,#1676,.T.);
#3836=EDGE_CURVE('',#2955,#2953,#228,.T.);
#3837=EDGE_CURVE('',#2954,#2956,#229,.T.);
#3838=EDGE_CURVE('',#2957,#2958,#1677,.T.);
#3839=EDGE_CURVE('',#2957,#2955,#230,.T.);
#3840=EDGE_CURVE('',#2956,#2958,#231,.T.);
#3841=EDGE_CURVE('',#2959,#2960,#1678,.T.);
#3842=EDGE_CURVE('',#2959,#2957,#232,.T.);
#3843=EDGE_CURVE('',#2958,#2960,#233,.T.);
#3844=EDGE_CURVE('',#2961,#2962,#1679,.T.);
#3845=EDGE_CURVE('',#2963,#2961,#2386,.T.);
#3846=EDGE_CURVE('',#2963,#2964,#234,.T.);
#3847=EDGE_CURVE('',#2964,#2965,#235,.T.);
#3848=EDGE_CURVE('',#2965,#2966,#236,.T.);
#3849=EDGE_CURVE('',#2966,#2959,#237,.T.);
#3850=EDGE_CURVE('',#2960,#2962,#238,.T.);
#3851=EDGE_CURVE('',#2967,#2963,#239,.T.);
#3852=EDGE_CURVE('',#2968,#2967,#1680,.T.);
#3853=EDGE_CURVE('',#2968,#2969,#240,.T.);
#3854=EDGE_CURVE('',#2964,#2969,#241,.T.);
#3855=EDGE_CURVE('',#2970,#2967,#242,.T.);
#3856=EDGE_CURVE('',#2970,#2968,#243,.T.);
#3857=EDGE_CURVE('',#2965,#2971,#244,.T.);
#3858=EDGE_CURVE('',#2972,#2971,#245,.T.);
#3859=EDGE_CURVE('',#2972,#2966,#246,.T.);
#3860=EDGE_CURVE('',#2969,#2971,#247,.T.);
#3861=EDGE_CURVE('',#2962,#2970,#248,.T.);
#3862=EDGE_CURVE('',#2973,#2952,#1681,.T.);
#3863=EDGE_CURVE('',#2973,#2972,#249,.T.);
#3864=EDGE_CURVE('',#2951,#2973,#1682,.T.);
#3865=EDGE_CURVE('',#2961,#2970,#2387,.T.);
#3866=ORIENTED_EDGE('',*,*,#2974,.F.);
#3867=ORIENTED_EDGE('',*,*,#2975,.T.);
#3868=ORIENTED_EDGE('',*,*,#2976,.T.);
#3869=ORIENTED_EDGE('',*,*,#2977,.T.);
#3870=ORIENTED_EDGE('',*,*,#2975,.F.);
#3871=ORIENTED_EDGE('',*,*,#2978,.T.);
#3872=ORIENTED_EDGE('',*,*,#2979,.F.);
#3873=ORIENTED_EDGE('',*,*,#2980,.F.);
#3874=ORIENTED_EDGE('',*,*,#2981,.F.);
#3875=ORIENTED_EDGE('',*,*,#2982,.T.);
#3876=ORIENTED_EDGE('',*,*,#2983,.T.);
#3877=ORIENTED_EDGE('',*,*,#2984,.T.);
#3878=ORIENTED_EDGE('',*,*,#2974,.T.);
#3879=ORIENTED_EDGE('',*,*,#2985,.F.);
#3880=ORIENTED_EDGE('',*,*,#2981,.T.);
#3881=ORIENTED_EDGE('',*,*,#2986,.F.);
#3882=ORIENTED_EDGE('',*,*,#2987,.T.);
#3883=ORIENTED_EDGE('',*,*,#2988,.F.);
#3884=ORIENTED_EDGE('',*,*,#2989,.T.);
#3885=ORIENTED_EDGE('',*,*,#2978,.F.);
#3886=ORIENTED_EDGE('',*,*,#2984,.F.);
#3887=ORIENTED_EDGE('',*,*,#2990,.F.);
#3888=ORIENTED_EDGE('',*,*,#2991,.F.);
#3889=ORIENTED_EDGE('',*,*,#2986,.T.);
#3890=ORIENTED_EDGE('',*,*,#2987,.F.);
#3891=ORIENTED_EDGE('',*,*,#2991,.T.);
#3892=ORIENTED_EDGE('',*,*,#2992,.T.);
#3893=ORIENTED_EDGE('',*,*,#2993,.T.);
#3894=ORIENTED_EDGE('',*,*,#2993,.F.);
#3895=ORIENTED_EDGE('',*,*,#2994,.F.);
#3896=ORIENTED_EDGE('',*,*,#2995,.F.);
#3897=ORIENTED_EDGE('',*,*,#2988,.T.);
#3898=ORIENTED_EDGE('',*,*,#2989,.F.);
#3899=ORIENTED_EDGE('',*,*,#2995,.T.);
#3900=ORIENTED_EDGE('',*,*,#2996,.T.);
#3901=ORIENTED_EDGE('',*,*,#2979,.T.);
#3902=ORIENTED_EDGE('',*,*,#2977,.F.);
#3903=ORIENTED_EDGE('',*,*,#2997,.F.);
#3904=ORIENTED_EDGE('',*,*,#2982,.F.);
#3905=ORIENTED_EDGE('',*,*,#2985,.T.);
#3906=ORIENTED_EDGE('',*,*,#2998,.T.);
#3907=ORIENTED_EDGE('',*,*,#2999,.T.);
#3908=ORIENTED_EDGE('',*,*,#3000,.T.);
#3909=ORIENTED_EDGE('',*,*,#3001,.T.);
#3910=ORIENTED_EDGE('',*,*,#2999,.F.);
#3911=ORIENTED_EDGE('',*,*,#3002,.T.);
#3912=ORIENTED_EDGE('',*,*,#3003,.T.);
#3913=ORIENTED_EDGE('',*,*,#3004,.F.);
#3914=ORIENTED_EDGE('',*,*,#3005,.F.);
#3915=ORIENTED_EDGE('',*,*,#3006,.T.);
#3916=ORIENTED_EDGE('',*,*,#2998,.F.);
#3917=ORIENTED_EDGE('',*,*,#3007,.F.);
#3918=ORIENTED_EDGE('',*,*,#3008,.F.);
#3919=ORIENTED_EDGE('',*,*,#3009,.F.);
#3920=ORIENTED_EDGE('',*,*,#3010,.T.);
#3921=ORIENTED_EDGE('',*,*,#3002,.F.);
#3922=ORIENTED_EDGE('',*,*,#3011,.T.);
#3923=ORIENTED_EDGE('',*,*,#3012,.T.);
#3924=ORIENTED_EDGE('',*,*,#3013,.T.);
#3925=ORIENTED_EDGE('',*,*,#3005,.T.);
#3926=ORIENTED_EDGE('',*,*,#3012,.F.);
#3927=ORIENTED_EDGE('',*,*,#3014,.F.);
#3928=ORIENTED_EDGE('',*,*,#3015,.F.);
#3929=ORIENTED_EDGE('',*,*,#3016,.T.);
#3930=ORIENTED_EDGE('',*,*,#3011,.F.);
#3931=ORIENTED_EDGE('',*,*,#3004,.T.);
#3932=ORIENTED_EDGE('',*,*,#3017,.T.);
#3933=ORIENTED_EDGE('',*,*,#3018,.T.);
#3934=ORIENTED_EDGE('',*,*,#3019,.F.);
#3935=ORIENTED_EDGE('',*,*,#3014,.T.);
#3936=ORIENTED_EDGE('',*,*,#3008,.T.);
#3937=ORIENTED_EDGE('',*,*,#3020,.T.);
#3938=ORIENTED_EDGE('',*,*,#3021,.T.);
#3939=ORIENTED_EDGE('',*,*,#3022,.T.);
#3940=ORIENTED_EDGE('',*,*,#3022,.F.);
#3941=ORIENTED_EDGE('',*,*,#3023,.T.);
#3942=ORIENTED_EDGE('',*,*,#3024,.F.);
#3943=ORIENTED_EDGE('',*,*,#3018,.F.);
#3944=ORIENTED_EDGE('',*,*,#3025,.T.);
#3945=ORIENTED_EDGE('',*,*,#3009,.T.);
#3946=ORIENTED_EDGE('',*,*,#3019,.T.);
#3947=ORIENTED_EDGE('',*,*,#3024,.T.);
#3948=ORIENTED_EDGE('',*,*,#3026,.T.);
#3949=ORIENTED_EDGE('',*,*,#3015,.T.);
#3950=ORIENTED_EDGE('',*,*,#3003,.F.);
#3951=ORIENTED_EDGE('',*,*,#3010,.F.);
#3952=ORIENTED_EDGE('',*,*,#3025,.F.);
#3953=ORIENTED_EDGE('',*,*,#3017,.F.);
#3954=ORIENTED_EDGE('',*,*,#3001,.F.);
#3955=ORIENTED_EDGE('',*,*,#3027,.T.);
#3956=ORIENTED_EDGE('',*,*,#3020,.F.);
#3957=ORIENTED_EDGE('',*,*,#3007,.T.);
#3958=ORIENTED_EDGE('',*,*,#3000,.F.);
#3959=ORIENTED_EDGE('',*,*,#3006,.F.);
#3960=ORIENTED_EDGE('',*,*,#3013,.F.);
#3961=ORIENTED_EDGE('',*,*,#3016,.F.);
#3962=ORIENTED_EDGE('',*,*,#3026,.F.);
#3963=ORIENTED_EDGE('',*,*,#3023,.F.);
#3964=ORIENTED_EDGE('',*,*,#3021,.F.);
#3965=ORIENTED_EDGE('',*,*,#3027,.F.);
#3966=ORIENTED_EDGE('',*,*,#2990,.T.);
#3967=ORIENTED_EDGE('',*,*,#2983,.F.);
#3968=ORIENTED_EDGE('',*,*,#2997,.T.);
#3969=ORIENTED_EDGE('',*,*,#2976,.F.);
#3970=ORIENTED_EDGE('',*,*,#2980,.T.);
#3971=ORIENTED_EDGE('',*,*,#2996,.F.);
#3972=ORIENTED_EDGE('',*,*,#2994,.T.);
#3973=ORIENTED_EDGE('',*,*,#2992,.F.);
#3974=ORIENTED_EDGE('',*,*,#3028,.F.);
#3975=ORIENTED_EDGE('',*,*,#3029,.T.);
#3976=ORIENTED_EDGE('',*,*,#3030,.T.);
#3977=ORIENTED_EDGE('',*,*,#3029,.F.);
#3978=ORIENTED_EDGE('',*,*,#3030,.F.);
#3979=ORIENTED_EDGE('',*,*,#3031,.F.);
#3980=ORIENTED_EDGE('',*,*,#3032,.T.);
#3981=ORIENTED_EDGE('',*,*,#3033,.T.);
#3982=ORIENTED_EDGE('',*,*,#3034,.T.);
#3983=ORIENTED_EDGE('',*,*,#3034,.F.);
#3984=ORIENTED_EDGE('',*,*,#3035,.F.);
#3985=ORIENTED_EDGE('',*,*,#3036,.F.);
#3986=ORIENTED_EDGE('',*,*,#3037,.T.);
#3987=ORIENTED_EDGE('',*,*,#3032,.F.);
#3988=ORIENTED_EDGE('',*,*,#3038,.T.);
#3989=ORIENTED_EDGE('',*,*,#3039,.F.);
#3990=ORIENTED_EDGE('',*,*,#3040,.F.);
#3991=ORIENTED_EDGE('',*,*,#3031,.T.);
#3992=ORIENTED_EDGE('',*,*,#3037,.F.);
#3993=ORIENTED_EDGE('',*,*,#3041,.F.);
#3994=ORIENTED_EDGE('',*,*,#3042,.F.);
#3995=ORIENTED_EDGE('',*,*,#3043,.F.);
#3996=ORIENTED_EDGE('',*,*,#3038,.F.);
#3997=ORIENTED_EDGE('',*,*,#3028,.T.);
#3998=ORIENTED_EDGE('',*,*,#3041,.T.);
#3999=ORIENTED_EDGE('',*,*,#3036,.T.);
#4000=ORIENTED_EDGE('',*,*,#3044,.F.);
#4001=ORIENTED_EDGE('',*,*,#3045,.F.);
#4002=ORIENTED_EDGE('',*,*,#3046,.T.);
#4003=ORIENTED_EDGE('',*,*,#3047,.T.);
#4004=ORIENTED_EDGE('',*,*,#3035,.T.);
#4005=ORIENTED_EDGE('',*,*,#3033,.F.);
#4006=ORIENTED_EDGE('',*,*,#3040,.T.);
#4007=ORIENTED_EDGE('',*,*,#3048,.T.);
#4008=ORIENTED_EDGE('',*,*,#3049,.T.);
#4009=ORIENTED_EDGE('',*,*,#3050,.T.);
#4010=ORIENTED_EDGE('',*,*,#3051,.T.);
#4011=ORIENTED_EDGE('',*,*,#3052,.F.);
#4012=ORIENTED_EDGE('',*,*,#3053,.T.);
#4013=ORIENTED_EDGE('',*,*,#3054,.T.);
#4014=ORIENTED_EDGE('',*,*,#3055,.T.);
#4015=ORIENTED_EDGE('',*,*,#3044,.T.);
#4016=ORIENTED_EDGE('',*,*,#3056,.F.);
#4017=ORIENTED_EDGE('',*,*,#3057,.T.);
#4018=ORIENTED_EDGE('',*,*,#3058,.T.);
#4019=ORIENTED_EDGE('',*,*,#3057,.F.);
#4020=ORIENTED_EDGE('',*,*,#3058,.F.);
#4021=ORIENTED_EDGE('',*,*,#3059,.F.);
#4022=ORIENTED_EDGE('',*,*,#3060,.T.);
#4023=ORIENTED_EDGE('',*,*,#3052,.T.);
#4024=ORIENTED_EDGE('',*,*,#3061,.T.);
#4025=ORIENTED_EDGE('',*,*,#3061,.F.);
#4026=ORIENTED_EDGE('',*,*,#3051,.F.);
#4027=ORIENTED_EDGE('',*,*,#3062,.F.);
#4028=ORIENTED_EDGE('',*,*,#3063,.T.);
#4029=ORIENTED_EDGE('',*,*,#3060,.F.);
#4030=ORIENTED_EDGE('',*,*,#3064,.T.);
#4031=ORIENTED_EDGE('',*,*,#3065,.F.);
#4032=ORIENTED_EDGE('',*,*,#3053,.F.);
#4033=ORIENTED_EDGE('',*,*,#3059,.T.);
#4034=ORIENTED_EDGE('',*,*,#3063,.F.);
#4035=ORIENTED_EDGE('',*,*,#3066,.F.);
#4036=ORIENTED_EDGE('',*,*,#3067,.F.);
#4037=ORIENTED_EDGE('',*,*,#3068,.F.);
#4038=ORIENTED_EDGE('',*,*,#3064,.F.);
#4039=ORIENTED_EDGE('',*,*,#3056,.T.);
#4040=ORIENTED_EDGE('',*,*,#3065,.T.);
#4041=ORIENTED_EDGE('',*,*,#3068,.T.);
#4042=ORIENTED_EDGE('',*,*,#3069,.T.);
#4043=ORIENTED_EDGE('',*,*,#3070,.F.);
#4044=ORIENTED_EDGE('',*,*,#3071,.F.);
#4045=ORIENTED_EDGE('',*,*,#3072,.T.);
#4046=ORIENTED_EDGE('',*,*,#3073,.T.);
#4047=ORIENTED_EDGE('',*,*,#3054,.F.);
#4048=ORIENTED_EDGE('',*,*,#3067,.T.);
#4049=ORIENTED_EDGE('',*,*,#3074,.T.);
#4050=ORIENTED_EDGE('',*,*,#3075,.F.);
#4051=ORIENTED_EDGE('',*,*,#3069,.F.);
#4052=ORIENTED_EDGE('',*,*,#3049,.F.);
#4053=ORIENTED_EDGE('',*,*,#3076,.T.);
#4054=ORIENTED_EDGE('',*,*,#3077,.F.);
#4055=ORIENTED_EDGE('',*,*,#3078,.F.);
#4056=ORIENTED_EDGE('',*,*,#3062,.T.);
#4057=ORIENTED_EDGE('',*,*,#3050,.F.);
#4058=ORIENTED_EDGE('',*,*,#3078,.T.);
#4059=ORIENTED_EDGE('',*,*,#3079,.F.);
#4060=ORIENTED_EDGE('',*,*,#3074,.F.);
#4061=ORIENTED_EDGE('',*,*,#3066,.T.);
#4062=ORIENTED_EDGE('',*,*,#3079,.T.);
#4063=ORIENTED_EDGE('',*,*,#3077,.T.);
#4064=ORIENTED_EDGE('',*,*,#3080,.T.);
#4065=ORIENTED_EDGE('',*,*,#3081,.F.);
#4066=ORIENTED_EDGE('',*,*,#3070,.T.);
#4067=ORIENTED_EDGE('',*,*,#3075,.T.);
#4068=ORIENTED_EDGE('',*,*,#3081,.T.);
#4069=ORIENTED_EDGE('',*,*,#3082,.F.);
#4070=ORIENTED_EDGE('',*,*,#3083,.T.);
#4071=ORIENTED_EDGE('',*,*,#3071,.T.);
#4072=ORIENTED_EDGE('',*,*,#3042,.T.);
#4073=ORIENTED_EDGE('',*,*,#3047,.F.);
#4074=ORIENTED_EDGE('',*,*,#3084,.T.);
#4075=ORIENTED_EDGE('',*,*,#3085,.T.);
#4076=ORIENTED_EDGE('',*,*,#3086,.T.);
#4077=ORIENTED_EDGE('',*,*,#3045,.T.);
#4078=ORIENTED_EDGE('',*,*,#3055,.F.);
#4079=ORIENTED_EDGE('',*,*,#3073,.F.);
#4080=ORIENTED_EDGE('',*,*,#3043,.T.);
#4081=ORIENTED_EDGE('',*,*,#3085,.F.);
#4082=ORIENTED_EDGE('',*,*,#3087,.T.);
#4083=ORIENTED_EDGE('',*,*,#3082,.T.);
#4084=ORIENTED_EDGE('',*,*,#3080,.F.);
#4085=ORIENTED_EDGE('',*,*,#3076,.F.);
#4086=ORIENTED_EDGE('',*,*,#3048,.F.);
#4087=ORIENTED_EDGE('',*,*,#3039,.T.);
#4088=ORIENTED_EDGE('',*,*,#3087,.F.);
#4089=ORIENTED_EDGE('',*,*,#3084,.F.);
#4090=ORIENTED_EDGE('',*,*,#3046,.F.);
#4091=ORIENTED_EDGE('',*,*,#3086,.F.);
#4092=ORIENTED_EDGE('',*,*,#3072,.F.);
#4093=ORIENTED_EDGE('',*,*,#3083,.F.);
#4094=ORIENTED_EDGE('',*,*,#3088,.T.);
#4095=ORIENTED_EDGE('',*,*,#3089,.T.);
#4096=ORIENTED_EDGE('',*,*,#3090,.T.);
#4097=ORIENTED_EDGE('',*,*,#3091,.T.);
#4098=ORIENTED_EDGE('',*,*,#3088,.F.);
#4099=ORIENTED_EDGE('',*,*,#3092,.F.);
#4100=ORIENTED_EDGE('',*,*,#3093,.F.);
#4101=ORIENTED_EDGE('',*,*,#3094,.F.);
#4102=ORIENTED_EDGE('',*,*,#3095,.F.);
#4103=ORIENTED_EDGE('',*,*,#3096,.T.);
#4104=ORIENTED_EDGE('',*,*,#3097,.T.);
#4105=ORIENTED_EDGE('',*,*,#3098,.F.);
#4106=ORIENTED_EDGE('',*,*,#3091,.F.);
#4107=ORIENTED_EDGE('',*,*,#3099,.T.);
#4108=ORIENTED_EDGE('',*,*,#3100,.T.);
#4109=ORIENTED_EDGE('',*,*,#3101,.T.);
#4110=ORIENTED_EDGE('',*,*,#3102,.F.);
#4111=ORIENTED_EDGE('',*,*,#3103,.F.);
#4112=ORIENTED_EDGE('',*,*,#3104,.F.);
#4113=ORIENTED_EDGE('',*,*,#3105,.T.);
#4114=ORIENTED_EDGE('',*,*,#3106,.T.);
#4115=ORIENTED_EDGE('',*,*,#3107,.T.);
#4116=ORIENTED_EDGE('',*,*,#3108,.F.);
#4117=ORIENTED_EDGE('',*,*,#3109,.T.);
#4118=ORIENTED_EDGE('',*,*,#3110,.T.);
#4119=ORIENTED_EDGE('',*,*,#3111,.T.);
#4120=ORIENTED_EDGE('',*,*,#3112,.F.);
#4121=ORIENTED_EDGE('',*,*,#3113,.F.);
#4122=ORIENTED_EDGE('',*,*,#3114,.F.);
#4123=ORIENTED_EDGE('',*,*,#3115,.T.);
#4124=ORIENTED_EDGE('',*,*,#3116,.T.);
#4125=ORIENTED_EDGE('',*,*,#3117,.T.);
#4126=ORIENTED_EDGE('',*,*,#3118,.F.);
#4127=ORIENTED_EDGE('',*,*,#3119,.T.);
#4128=ORIENTED_EDGE('',*,*,#3120,.T.);
#4129=ORIENTED_EDGE('',*,*,#3121,.T.);
#4130=ORIENTED_EDGE('',*,*,#3122,.F.);
#4131=ORIENTED_EDGE('',*,*,#3123,.F.);
#4132=ORIENTED_EDGE('',*,*,#3124,.F.);
#4133=ORIENTED_EDGE('',*,*,#3125,.T.);
#4134=ORIENTED_EDGE('',*,*,#3126,.T.);
#4135=ORIENTED_EDGE('',*,*,#3127,.T.);
#4136=ORIENTED_EDGE('',*,*,#3128,.F.);
#4137=ORIENTED_EDGE('',*,*,#3129,.T.);
#4138=ORIENTED_EDGE('',*,*,#3130,.T.);
#4139=ORIENTED_EDGE('',*,*,#3131,.T.);
#4140=ORIENTED_EDGE('',*,*,#3132,.F.);
#4141=ORIENTED_EDGE('',*,*,#3133,.F.);
#4142=ORIENTED_EDGE('',*,*,#3134,.F.);
#4143=ORIENTED_EDGE('',*,*,#3135,.T.);
#4144=ORIENTED_EDGE('',*,*,#3136,.T.);
#4145=ORIENTED_EDGE('',*,*,#3092,.T.);
#4146=ORIENTED_EDGE('',*,*,#3137,.T.);
#4147=ORIENTED_EDGE('',*,*,#3138,.T.);
#4148=ORIENTED_EDGE('',*,*,#3139,.T.);
#4149=ORIENTED_EDGE('',*,*,#3140,.T.);
#4150=ORIENTED_EDGE('',*,*,#3141,.T.);
#4151=ORIENTED_EDGE('',*,*,#3142,.T.);
#4152=ORIENTED_EDGE('',*,*,#3095,.T.);
#4153=ORIENTED_EDGE('',*,*,#3143,.T.);
#4154=ORIENTED_EDGE('',*,*,#3142,.F.);
#4155=ORIENTED_EDGE('',*,*,#3144,.F.);
#4156=ORIENTED_EDGE('',*,*,#3145,.T.);
#4157=ORIENTED_EDGE('',*,*,#3146,.T.);
#4158=ORIENTED_EDGE('',*,*,#3147,.T.);
#4159=ORIENTED_EDGE('',*,*,#3148,.T.);
#4160=ORIENTED_EDGE('',*,*,#3149,.T.);
#4161=ORIENTED_EDGE('',*,*,#3096,.F.);
#4162=ORIENTED_EDGE('',*,*,#3089,.F.);
#4163=ORIENTED_EDGE('',*,*,#3098,.T.);
#4164=ORIENTED_EDGE('',*,*,#3150,.T.);
#4165=ORIENTED_EDGE('',*,*,#3151,.F.);
#4166=ORIENTED_EDGE('',*,*,#3152,.T.);
#4167=ORIENTED_EDGE('',*,*,#3153,.F.);
#4168=ORIENTED_EDGE('',*,*,#3154,.T.);
#4169=ORIENTED_EDGE('',*,*,#3155,.F.);
#4170=ORIENTED_EDGE('',*,*,#3143,.F.);
#4171=ORIENTED_EDGE('',*,*,#3094,.T.);
#4172=ORIENTED_EDGE('',*,*,#3156,.T.);
#4173=ORIENTED_EDGE('',*,*,#3157,.T.);
#4174=ORIENTED_EDGE('',*,*,#3158,.T.);
#4175=ORIENTED_EDGE('',*,*,#3159,.T.);
#4176=ORIENTED_EDGE('',*,*,#3160,.T.);
#4177=ORIENTED_EDGE('',*,*,#3161,.T.);
#4178=ORIENTED_EDGE('',*,*,#3162,.T.);
#4179=ORIENTED_EDGE('',*,*,#3163,.T.);
#4180=ORIENTED_EDGE('',*,*,#3164,.F.);
#4181=ORIENTED_EDGE('',*,*,#3165,.T.);
#4182=ORIENTED_EDGE('',*,*,#3166,.T.);
#4183=ORIENTED_EDGE('',*,*,#3167,.T.);
#4184=ORIENTED_EDGE('',*,*,#3168,.T.);
#4185=ORIENTED_EDGE('',*,*,#3169,.T.);
#4186=ORIENTED_EDGE('',*,*,#3170,.T.);
#4187=ORIENTED_EDGE('',*,*,#3171,.T.);
#4188=ORIENTED_EDGE('',*,*,#3172,.T.);
#4189=ORIENTED_EDGE('',*,*,#3173,.T.);
#4190=ORIENTED_EDGE('',*,*,#3174,.F.);
#4191=ORIENTED_EDGE('',*,*,#3175,.T.);
#4192=ORIENTED_EDGE('',*,*,#3176,.T.);
#4193=ORIENTED_EDGE('',*,*,#3177,.T.);
#4194=ORIENTED_EDGE('',*,*,#3178,.T.);
#4195=ORIENTED_EDGE('',*,*,#3179,.T.);
#4196=ORIENTED_EDGE('',*,*,#3180,.T.);
#4197=ORIENTED_EDGE('',*,*,#3181,.T.);
#4198=ORIENTED_EDGE('',*,*,#3182,.T.);
#4199=ORIENTED_EDGE('',*,*,#3183,.T.);
#4200=ORIENTED_EDGE('',*,*,#3184,.F.);
#4201=ORIENTED_EDGE('',*,*,#3185,.T.);
#4202=ORIENTED_EDGE('',*,*,#3186,.T.);
#4203=ORIENTED_EDGE('',*,*,#3187,.T.);
#4204=ORIENTED_EDGE('',*,*,#3188,.T.);
#4205=ORIENTED_EDGE('',*,*,#3189,.T.);
#4206=ORIENTED_EDGE('',*,*,#3190,.T.);
#4207=ORIENTED_EDGE('',*,*,#3191,.T.);
#4208=ORIENTED_EDGE('',*,*,#3192,.T.);
#4209=ORIENTED_EDGE('',*,*,#3193,.T.);
#4210=ORIENTED_EDGE('',*,*,#3194,.F.);
#4211=ORIENTED_EDGE('',*,*,#3195,.F.);
#4212=ORIENTED_EDGE('',*,*,#3196,.F.);
#4213=ORIENTED_EDGE('',*,*,#3197,.F.);
#4214=ORIENTED_EDGE('',*,*,#3198,.T.);
#4215=ORIENTED_EDGE('',*,*,#3118,.T.);
#4216=ORIENTED_EDGE('',*,*,#3199,.T.);
#4217=ORIENTED_EDGE('',*,*,#3200,.T.);
#4218=ORIENTED_EDGE('',*,*,#3198,.F.);
#4219=ORIENTED_EDGE('',*,*,#3201,.T.);
#4220=ORIENTED_EDGE('',*,*,#3202,.F.);
#4221=ORIENTED_EDGE('',*,*,#3203,.F.);
#4222=ORIENTED_EDGE('',*,*,#3204,.F.);
#4223=ORIENTED_EDGE('',*,*,#3173,.F.);
#4224=ORIENTED_EDGE('',*,*,#3205,.T.);
#4225=ORIENTED_EDGE('',*,*,#3119,.F.);
#4226=ORIENTED_EDGE('',*,*,#3200,.F.);
#4227=ORIENTED_EDGE('',*,*,#3206,.T.);
#4228=ORIENTED_EDGE('',*,*,#3207,.F.);
#4229=ORIENTED_EDGE('',*,*,#3208,.T.);
#4230=ORIENTED_EDGE('',*,*,#3209,.F.);
#4231=ORIENTED_EDGE('',*,*,#3210,.T.);
#4232=ORIENTED_EDGE('',*,*,#3211,.F.);
#4233=ORIENTED_EDGE('',*,*,#3201,.F.);
#4234=ORIENTED_EDGE('',*,*,#3212,.T.);
#4235=ORIENTED_EDGE('',*,*,#3174,.T.);
#4236=ORIENTED_EDGE('',*,*,#3204,.T.);
#4237=ORIENTED_EDGE('',*,*,#3213,.T.);
#4238=ORIENTED_EDGE('',*,*,#3213,.F.);
#4239=ORIENTED_EDGE('',*,*,#3203,.T.);
#4240=ORIENTED_EDGE('',*,*,#3214,.F.);
#4241=ORIENTED_EDGE('',*,*,#3215,.T.);
#4242=ORIENTED_EDGE('',*,*,#3216,.F.);
#4243=ORIENTED_EDGE('',*,*,#3217,.T.);
#4244=ORIENTED_EDGE('',*,*,#3218,.F.);
#4245=ORIENTED_EDGE('',*,*,#3219,.T.);
#4246=ORIENTED_EDGE('',*,*,#3220,.F.);
#4247=ORIENTED_EDGE('',*,*,#3184,.T.);
#4248=ORIENTED_EDGE('',*,*,#3221,.T.);
#4249=ORIENTED_EDGE('',*,*,#3222,.T.);
#4250=ORIENTED_EDGE('',*,*,#3222,.F.);
#4251=ORIENTED_EDGE('',*,*,#3223,.T.);
#4252=ORIENTED_EDGE('',*,*,#3224,.T.);
#4253=ORIENTED_EDGE('',*,*,#3225,.F.);
#4254=ORIENTED_EDGE('',*,*,#3226,.F.);
#4255=ORIENTED_EDGE('',*,*,#3164,.T.);
#4256=ORIENTED_EDGE('',*,*,#3227,.T.);
#4257=ORIENTED_EDGE('',*,*,#3228,.T.);
#4258=ORIENTED_EDGE('',*,*,#3228,.F.);
#4259=ORIENTED_EDGE('',*,*,#3229,.T.);
#4260=ORIENTED_EDGE('',*,*,#3230,.F.);
#4261=ORIENTED_EDGE('',*,*,#3231,.F.);
#4262=ORIENTED_EDGE('',*,*,#3135,.F.);
#4263=ORIENTED_EDGE('',*,*,#3232,.F.);
#4264=ORIENTED_EDGE('',*,*,#3157,.F.);
#4265=ORIENTED_EDGE('',*,*,#3233,.T.);
#4266=ORIENTED_EDGE('',*,*,#3136,.F.);
#4267=ORIENTED_EDGE('',*,*,#3233,.F.);
#4268=ORIENTED_EDGE('',*,*,#3156,.F.);
#4269=ORIENTED_EDGE('',*,*,#3093,.T.);
#4270=ORIENTED_EDGE('',*,*,#3232,.T.);
#4271=ORIENTED_EDGE('',*,*,#3134,.T.);
#4272=ORIENTED_EDGE('',*,*,#3234,.T.);
#4273=ORIENTED_EDGE('',*,*,#3158,.F.);
#4274=ORIENTED_EDGE('',*,*,#3100,.F.);
#4275=ORIENTED_EDGE('',*,*,#3235,.F.);
#4276=ORIENTED_EDGE('',*,*,#3192,.F.);
#4277=ORIENTED_EDGE('',*,*,#3236,.T.);
#4278=ORIENTED_EDGE('',*,*,#3101,.F.);
#4279=ORIENTED_EDGE('',*,*,#3236,.F.);
#4280=ORIENTED_EDGE('',*,*,#3191,.F.);
#4281=ORIENTED_EDGE('',*,*,#3237,.F.);
#4282=ORIENTED_EDGE('',*,*,#3120,.F.);
#4283=ORIENTED_EDGE('',*,*,#3205,.F.);
#4284=ORIENTED_EDGE('',*,*,#3172,.F.);
#4285=ORIENTED_EDGE('',*,*,#3238,.T.);
#4286=ORIENTED_EDGE('',*,*,#3121,.F.);
#4287=ORIENTED_EDGE('',*,*,#3238,.F.);
#4288=ORIENTED_EDGE('',*,*,#3171,.F.);
#4289=ORIENTED_EDGE('',*,*,#3239,.F.);
#4290=ORIENTED_EDGE('',*,*,#3116,.F.);
#4291=ORIENTED_EDGE('',*,*,#3240,.F.);
#4292=ORIENTED_EDGE('',*,*,#3176,.F.);
#4293=ORIENTED_EDGE('',*,*,#3241,.T.);
#4294=ORIENTED_EDGE('',*,*,#3115,.F.);
#4295=ORIENTED_EDGE('',*,*,#3242,.F.);
#4296=ORIENTED_EDGE('',*,*,#3177,.F.);
#4297=ORIENTED_EDGE('',*,*,#3240,.T.);
#4298=ORIENTED_EDGE('',*,*,#3243,.T.);
#4299=ORIENTED_EDGE('',*,*,#3244,.T.);
#4300=ORIENTED_EDGE('',*,*,#3147,.F.);
#4301=ORIENTED_EDGE('',*,*,#3245,.T.);
#4302=ORIENTED_EDGE('',*,*,#3246,.T.);
#4303=ORIENTED_EDGE('',*,*,#3247,.T.);
#4304=ORIENTED_EDGE('',*,*,#3248,.T.);
#4305=ORIENTED_EDGE('',*,*,#3247,.F.);
#4306=ORIENTED_EDGE('',*,*,#3249,.F.);
#4307=ORIENTED_EDGE('',*,*,#3250,.F.);
#4308=ORIENTED_EDGE('',*,*,#3243,.F.);
#4309=ORIENTED_EDGE('',*,*,#3248,.F.);
#4310=ORIENTED_EDGE('',*,*,#3246,.F.);
#4311=ORIENTED_EDGE('',*,*,#3251,.F.);
#4312=ORIENTED_EDGE('',*,*,#3251,.T.);
#4313=ORIENTED_EDGE('',*,*,#3245,.F.);
#4314=ORIENTED_EDGE('',*,*,#3146,.F.);
#4315=ORIENTED_EDGE('',*,*,#3252,.F.);
#4316=ORIENTED_EDGE('',*,*,#3153,.T.);
#4317=ORIENTED_EDGE('',*,*,#3253,.F.);
#4318=ORIENTED_EDGE('',*,*,#3254,.F.);
#4319=ORIENTED_EDGE('',*,*,#3255,.T.);
#4320=ORIENTED_EDGE('',*,*,#3253,.T.);
#4321=ORIENTED_EDGE('',*,*,#3152,.F.);
#4322=ORIENTED_EDGE('',*,*,#3256,.T.);
#4323=ORIENTED_EDGE('',*,*,#3249,.T.);
#4324=ORIENTED_EDGE('',*,*,#3254,.T.);
#4325=ORIENTED_EDGE('',*,*,#3255,.F.);
#4326=ORIENTED_EDGE('',*,*,#3257,.T.);
#4327=ORIENTED_EDGE('',*,*,#3250,.T.);
#4328=ORIENTED_EDGE('',*,*,#3257,.F.);
#4329=ORIENTED_EDGE('',*,*,#3256,.F.);
#4330=ORIENTED_EDGE('',*,*,#3151,.T.);
#4331=ORIENTED_EDGE('',*,*,#3258,.F.);
#4332=ORIENTED_EDGE('',*,*,#3148,.F.);
#4333=ORIENTED_EDGE('',*,*,#3244,.F.);
#4334=ORIENTED_EDGE('',*,*,#3259,.F.);
#4335=ORIENTED_EDGE('',*,*,#3154,.F.);
#4336=ORIENTED_EDGE('',*,*,#3252,.T.);
#4337=ORIENTED_EDGE('',*,*,#3145,.F.);
#4338=ORIENTED_EDGE('',*,*,#3090,.F.);
#4339=ORIENTED_EDGE('',*,*,#3155,.T.);
#4340=ORIENTED_EDGE('',*,*,#3259,.T.);
#4341=ORIENTED_EDGE('',*,*,#3144,.T.);
#4342=ORIENTED_EDGE('',*,*,#3141,.F.);
#4343=ORIENTED_EDGE('',*,*,#3193,.F.);
#4344=ORIENTED_EDGE('',*,*,#3235,.T.);
#4345=ORIENTED_EDGE('',*,*,#3099,.F.);
#4346=ORIENTED_EDGE('',*,*,#3097,.F.);
#4347=ORIENTED_EDGE('',*,*,#3149,.F.);
#4348=ORIENTED_EDGE('',*,*,#3258,.T.);
#4349=ORIENTED_EDGE('',*,*,#3150,.F.);
#4350=ORIENTED_EDGE('',*,*,#3237,.T.);
#4351=ORIENTED_EDGE('',*,*,#3190,.F.);
#4352=ORIENTED_EDGE('',*,*,#3260,.F.);
#4353=ORIENTED_EDGE('',*,*,#3102,.T.);
#4354=ORIENTED_EDGE('',*,*,#3261,.F.);
#4355=ORIENTED_EDGE('',*,*,#3262,.F.);
#4356=ORIENTED_EDGE('',*,*,#3263,.F.);
#4357=ORIENTED_EDGE('',*,*,#3264,.F.);
#4358=ORIENTED_EDGE('',*,*,#3216,.T.);
#4359=ORIENTED_EDGE('',*,*,#3265,.F.);
#4360=ORIENTED_EDGE('',*,*,#3266,.F.);
#4361=ORIENTED_EDGE('',*,*,#3262,.T.);
#4362=ORIENTED_EDGE('',*,*,#3267,.T.);
#4363=ORIENTED_EDGE('',*,*,#3268,.T.);
#4364=ORIENTED_EDGE('',*,*,#3263,.T.);
#4365=ORIENTED_EDGE('',*,*,#3266,.T.);
#4366=ORIENTED_EDGE('',*,*,#3261,.T.);
#4367=ORIENTED_EDGE('',*,*,#3269,.T.);
#4368=ORIENTED_EDGE('',*,*,#3268,.F.);
#4369=ORIENTED_EDGE('',*,*,#3270,.T.);
#4370=ORIENTED_EDGE('',*,*,#3271,.T.);
#4371=ORIENTED_EDGE('',*,*,#3208,.F.);
#4372=ORIENTED_EDGE('',*,*,#3272,.F.);
#4373=ORIENTED_EDGE('',*,*,#3217,.F.);
#4374=ORIENTED_EDGE('',*,*,#3264,.T.);
#4375=ORIENTED_EDGE('',*,*,#3273,.F.);
#4376=ORIENTED_EDGE('',*,*,#3274,.F.);
#4377=ORIENTED_EDGE('',*,*,#3209,.T.);
#4378=ORIENTED_EDGE('',*,*,#3271,.F.);
#4379=ORIENTED_EDGE('',*,*,#3267,.F.);
#4380=ORIENTED_EDGE('',*,*,#3275,.F.);
#4381=ORIENTED_EDGE('',*,*,#3273,.T.);
#4382=ORIENTED_EDGE('',*,*,#3270,.F.);
#4383=ORIENTED_EDGE('',*,*,#3269,.F.);
#4384=ORIENTED_EDGE('',*,*,#3265,.T.);
#4385=ORIENTED_EDGE('',*,*,#3215,.F.);
#4386=ORIENTED_EDGE('',*,*,#3276,.F.);
#4387=ORIENTED_EDGE('',*,*,#3210,.F.);
#4388=ORIENTED_EDGE('',*,*,#3274,.T.);
#4389=ORIENTED_EDGE('',*,*,#3275,.T.);
#4390=ORIENTED_EDGE('',*,*,#3277,.T.);
#4391=ORIENTED_EDGE('',*,*,#3218,.T.);
#4392=ORIENTED_EDGE('',*,*,#3272,.T.);
#4393=ORIENTED_EDGE('',*,*,#3207,.T.);
#4394=ORIENTED_EDGE('',*,*,#3202,.T.);
#4395=ORIENTED_EDGE('',*,*,#3211,.T.);
#4396=ORIENTED_EDGE('',*,*,#3276,.T.);
#4397=ORIENTED_EDGE('',*,*,#3214,.T.);
#4398=ORIENTED_EDGE('',*,*,#3199,.F.);
#4399=ORIENTED_EDGE('',*,*,#3117,.F.);
#4400=ORIENTED_EDGE('',*,*,#3241,.F.);
#4401=ORIENTED_EDGE('',*,*,#3175,.F.);
#4402=ORIENTED_EDGE('',*,*,#3212,.F.);
#4403=ORIENTED_EDGE('',*,*,#3219,.F.);
#4404=ORIENTED_EDGE('',*,*,#3277,.F.);
#4405=ORIENTED_EDGE('',*,*,#3206,.F.);
#4406=ORIENTED_EDGE('',*,*,#3242,.T.);
#4407=ORIENTED_EDGE('',*,*,#3114,.T.);
#4408=ORIENTED_EDGE('',*,*,#3278,.T.);
#4409=ORIENTED_EDGE('',*,*,#3178,.F.);
#4410=ORIENTED_EDGE('',*,*,#3239,.T.);
#4411=ORIENTED_EDGE('',*,*,#3170,.F.);
#4412=ORIENTED_EDGE('',*,*,#3279,.F.);
#4413=ORIENTED_EDGE('',*,*,#3122,.T.);
#4414=ORIENTED_EDGE('',*,*,#3280,.T.);
#4415=ORIENTED_EDGE('',*,*,#3281,.T.);
#4416=ORIENTED_EDGE('',*,*,#3282,.T.);
#4417=ORIENTED_EDGE('',*,*,#3108,.T.);
#4418=ORIENTED_EDGE('',*,*,#3280,.F.);
#4419=ORIENTED_EDGE('',*,*,#3107,.F.);
#4420=ORIENTED_EDGE('',*,*,#3283,.F.);
#4421=ORIENTED_EDGE('',*,*,#3185,.F.);
#4422=ORIENTED_EDGE('',*,*,#3220,.T.);
#4423=ORIENTED_EDGE('',*,*,#3225,.T.);
#4424=ORIENTED_EDGE('',*,*,#3284,.T.);
#4425=ORIENTED_EDGE('',*,*,#3285,.F.);
#4426=ORIENTED_EDGE('',*,*,#3286,.T.);
#4427=ORIENTED_EDGE('',*,*,#3287,.T.);
#4428=ORIENTED_EDGE('',*,*,#3288,.T.);
#4429=ORIENTED_EDGE('',*,*,#3128,.T.);
#4430=ORIENTED_EDGE('',*,*,#3288,.F.);
#4431=ORIENTED_EDGE('',*,*,#3289,.F.);
#4432=ORIENTED_EDGE('',*,*,#3290,.F.);
#4433=ORIENTED_EDGE('',*,*,#3229,.F.);
#4434=ORIENTED_EDGE('',*,*,#3227,.F.);
#4435=ORIENTED_EDGE('',*,*,#3163,.F.);
#4436=ORIENTED_EDGE('',*,*,#3291,.T.);
#4437=ORIENTED_EDGE('',*,*,#3129,.F.);
#4438=ORIENTED_EDGE('',*,*,#3287,.F.);
#4439=ORIENTED_EDGE('',*,*,#3292,.T.);
#4440=ORIENTED_EDGE('',*,*,#3293,.F.);
#4441=ORIENTED_EDGE('',*,*,#3289,.T.);
#4442=ORIENTED_EDGE('',*,*,#3105,.F.);
#4443=ORIENTED_EDGE('',*,*,#3294,.F.);
#4444=ORIENTED_EDGE('',*,*,#3187,.F.);
#4445=ORIENTED_EDGE('',*,*,#3295,.T.);
#4446=ORIENTED_EDGE('',*,*,#3106,.F.);
#4447=ORIENTED_EDGE('',*,*,#3295,.F.);
#4448=ORIENTED_EDGE('',*,*,#3186,.F.);
#4449=ORIENTED_EDGE('',*,*,#3283,.T.);
#4450=ORIENTED_EDGE('',*,*,#3294,.T.);
#4451=ORIENTED_EDGE('',*,*,#3104,.T.);
#4452=ORIENTED_EDGE('',*,*,#3296,.T.);
#4453=ORIENTED_EDGE('',*,*,#3188,.F.);
#4454=ORIENTED_EDGE('',*,*,#3281,.F.);
#4455=ORIENTED_EDGE('',*,*,#3285,.T.);
#4456=ORIENTED_EDGE('',*,*,#3297,.T.);
#4457=ORIENTED_EDGE('',*,*,#3298,.T.);
#4458=ORIENTED_EDGE('',*,*,#3110,.F.);
#4459=ORIENTED_EDGE('',*,*,#3299,.F.);
#4460=ORIENTED_EDGE('',*,*,#3182,.F.);
#4461=ORIENTED_EDGE('',*,*,#3300,.T.);
#4462=ORIENTED_EDGE('',*,*,#3111,.F.);
#4463=ORIENTED_EDGE('',*,*,#3300,.F.);
#4464=ORIENTED_EDGE('',*,*,#3181,.F.);
#4465=ORIENTED_EDGE('',*,*,#3301,.F.);
#4466=ORIENTED_EDGE('',*,*,#3282,.F.);
#4467=ORIENTED_EDGE('',*,*,#3298,.F.);
#4468=ORIENTED_EDGE('',*,*,#3302,.T.);
#4469=ORIENTED_EDGE('',*,*,#3223,.F.);
#4470=ORIENTED_EDGE('',*,*,#3221,.F.);
#4471=ORIENTED_EDGE('',*,*,#3183,.F.);
#4472=ORIENTED_EDGE('',*,*,#3299,.T.);
#4473=ORIENTED_EDGE('',*,*,#3109,.F.);
#4474=ORIENTED_EDGE('',*,*,#3302,.F.);
#4475=ORIENTED_EDGE('',*,*,#3297,.F.);
#4476=ORIENTED_EDGE('',*,*,#3284,.F.);
#4477=ORIENTED_EDGE('',*,*,#3224,.F.);
#4478=ORIENTED_EDGE('',*,*,#3131,.F.);
#4479=ORIENTED_EDGE('',*,*,#3303,.F.);
#4480=ORIENTED_EDGE('',*,*,#3161,.F.);
#4481=ORIENTED_EDGE('',*,*,#3304,.F.);
#4482=ORIENTED_EDGE('',*,*,#3130,.F.);
#4483=ORIENTED_EDGE('',*,*,#3291,.F.);
#4484=ORIENTED_EDGE('',*,*,#3162,.F.);
#4485=ORIENTED_EDGE('',*,*,#3303,.T.);
#4486=ORIENTED_EDGE('',*,*,#3304,.T.);
#4487=ORIENTED_EDGE('',*,*,#3160,.F.);
#4488=ORIENTED_EDGE('',*,*,#3305,.F.);
#4489=ORIENTED_EDGE('',*,*,#3132,.T.);
#4490=ORIENTED_EDGE('',*,*,#3125,.F.);
#4491=ORIENTED_EDGE('',*,*,#3306,.F.);
#4492=ORIENTED_EDGE('',*,*,#3167,.F.);
#4493=ORIENTED_EDGE('',*,*,#3307,.T.);
#4494=ORIENTED_EDGE('',*,*,#3126,.F.);
#4495=ORIENTED_EDGE('',*,*,#3307,.F.);
#4496=ORIENTED_EDGE('',*,*,#3166,.F.);
#4497=ORIENTED_EDGE('',*,*,#3308,.T.);
#4498=ORIENTED_EDGE('',*,*,#3306,.T.);
#4499=ORIENTED_EDGE('',*,*,#3124,.T.);
#4500=ORIENTED_EDGE('',*,*,#3309,.T.);
#4501=ORIENTED_EDGE('',*,*,#3168,.F.);
#4502=ORIENTED_EDGE('',*,*,#3286,.F.);
#4503=ORIENTED_EDGE('',*,*,#3127,.F.);
#4504=ORIENTED_EDGE('',*,*,#3308,.F.);
#4505=ORIENTED_EDGE('',*,*,#3165,.F.);
#4506=ORIENTED_EDGE('',*,*,#3226,.T.);
#4507=ORIENTED_EDGE('',*,*,#3231,.T.);
#4508=ORIENTED_EDGE('',*,*,#3310,.F.);
#4509=ORIENTED_EDGE('',*,*,#3292,.F.);
#4510=ORIENTED_EDGE('',*,*,#3310,.T.);
#4511=ORIENTED_EDGE('',*,*,#3230,.T.);
#4512=ORIENTED_EDGE('',*,*,#3290,.T.);
#4513=ORIENTED_EDGE('',*,*,#3293,.T.);
#4514=ORIENTED_EDGE('',*,*,#3194,.T.);
#4515=ORIENTED_EDGE('',*,*,#3311,.T.);
#4516=ORIENTED_EDGE('',*,*,#3312,.T.);
#4517=ORIENTED_EDGE('',*,*,#3313,.T.);
#4518=ORIENTED_EDGE('',*,*,#3311,.F.);
#4519=ORIENTED_EDGE('',*,*,#3312,.F.);
#4520=ORIENTED_EDGE('',*,*,#3313,.F.);
#4521=ORIENTED_EDGE('',*,*,#3314,.T.);
#4522=ORIENTED_EDGE('',*,*,#3137,.F.);
#4523=ORIENTED_EDGE('',*,*,#3314,.F.);
#4524=ORIENTED_EDGE('',*,*,#3197,.T.);
#4525=ORIENTED_EDGE('',*,*,#3315,.T.);
#4526=ORIENTED_EDGE('',*,*,#3316,.T.);
#4527=ORIENTED_EDGE('',*,*,#3317,.T.);
#4528=ORIENTED_EDGE('',*,*,#3315,.F.);
#4529=ORIENTED_EDGE('',*,*,#3317,.F.);
#4530=ORIENTED_EDGE('',*,*,#3318,.T.);
#4531=ORIENTED_EDGE('',*,*,#3138,.F.);
#4532=ORIENTED_EDGE('',*,*,#3318,.F.);
#4533=ORIENTED_EDGE('',*,*,#3316,.F.);
#4534=ORIENTED_EDGE('',*,*,#3195,.T.);
#4535=ORIENTED_EDGE('',*,*,#3319,.T.);
#4536=ORIENTED_EDGE('',*,*,#3320,.T.);
#4537=ORIENTED_EDGE('',*,*,#3321,.T.);
#4538=ORIENTED_EDGE('',*,*,#3319,.F.);
#4539=ORIENTED_EDGE('',*,*,#3320,.F.);
#4540=ORIENTED_EDGE('',*,*,#3321,.F.);
#4541=ORIENTED_EDGE('',*,*,#3322,.T.);
#4542=ORIENTED_EDGE('',*,*,#3139,.F.);
#4543=ORIENTED_EDGE('',*,*,#3322,.F.);
#4544=ORIENTED_EDGE('',*,*,#3196,.T.);
#4545=ORIENTED_EDGE('',*,*,#3323,.T.);
#4546=ORIENTED_EDGE('',*,*,#3324,.T.);
#4547=ORIENTED_EDGE('',*,*,#3325,.T.);
#4548=ORIENTED_EDGE('',*,*,#3323,.F.);
#4549=ORIENTED_EDGE('',*,*,#3325,.F.);
#4550=ORIENTED_EDGE('',*,*,#3326,.T.);
#4551=ORIENTED_EDGE('',*,*,#3140,.F.);
#4552=ORIENTED_EDGE('',*,*,#3326,.F.);
#4553=ORIENTED_EDGE('',*,*,#3324,.F.);
#4554=ORIENTED_EDGE('',*,*,#3133,.T.);
#4555=ORIENTED_EDGE('',*,*,#3305,.T.);
#4556=ORIENTED_EDGE('',*,*,#3159,.F.);
#4557=ORIENTED_EDGE('',*,*,#3234,.F.);
#4558=ORIENTED_EDGE('',*,*,#3103,.T.);
#4559=ORIENTED_EDGE('',*,*,#3260,.T.);
#4560=ORIENTED_EDGE('',*,*,#3189,.F.);
#4561=ORIENTED_EDGE('',*,*,#3296,.F.);
#4562=ORIENTED_EDGE('',*,*,#3301,.T.);
#4563=ORIENTED_EDGE('',*,*,#3180,.F.);
#4564=ORIENTED_EDGE('',*,*,#3327,.F.);
#4565=ORIENTED_EDGE('',*,*,#3112,.T.);
#4566=ORIENTED_EDGE('',*,*,#3113,.T.);
#4567=ORIENTED_EDGE('',*,*,#3327,.T.);
#4568=ORIENTED_EDGE('',*,*,#3179,.F.);
#4569=ORIENTED_EDGE('',*,*,#3278,.F.);
#4570=ORIENTED_EDGE('',*,*,#3123,.T.);
#4571=ORIENTED_EDGE('',*,*,#3279,.T.);
#4572=ORIENTED_EDGE('',*,*,#3169,.F.);
#4573=ORIENTED_EDGE('',*,*,#3309,.F.);
#4574=ORIENTED_EDGE('',*,*,#3328,.T.);
#4575=ORIENTED_EDGE('',*,*,#3329,.T.);
#4576=ORIENTED_EDGE('',*,*,#3330,.T.);
#4577=ORIENTED_EDGE('',*,*,#3331,.T.);
#4578=ORIENTED_EDGE('',*,*,#3329,.F.);
#4579=ORIENTED_EDGE('',*,*,#3332,.T.);
#4580=ORIENTED_EDGE('',*,*,#3333,.F.);
#4581=ORIENTED_EDGE('',*,*,#3334,.T.);
#4582=ORIENTED_EDGE('',*,*,#3335,.T.);
#4583=ORIENTED_EDGE('',*,*,#3336,.T.);
#4584=ORIENTED_EDGE('',*,*,#3337,.F.);
#4585=ORIENTED_EDGE('',*,*,#3338,.T.);
#4586=ORIENTED_EDGE('',*,*,#3328,.F.);
#4587=ORIENTED_EDGE('',*,*,#3339,.T.);
#4588=ORIENTED_EDGE('',*,*,#3340,.F.);
#4589=ORIENTED_EDGE('',*,*,#3341,.T.);
#4590=ORIENTED_EDGE('',*,*,#3342,.F.);
#4591=ORIENTED_EDGE('',*,*,#3343,.T.);
#4592=ORIENTED_EDGE('',*,*,#3344,.F.);
#4593=ORIENTED_EDGE('',*,*,#3345,.T.);
#4594=ORIENTED_EDGE('',*,*,#3346,.F.);
#4595=ORIENTED_EDGE('',*,*,#3347,.F.);
#4596=ORIENTED_EDGE('',*,*,#3348,.F.);
#4597=ORIENTED_EDGE('',*,*,#3332,.F.);
#4598=ORIENTED_EDGE('',*,*,#3349,.T.);
#4599=ORIENTED_EDGE('',*,*,#3350,.T.);
#4600=ORIENTED_EDGE('',*,*,#3340,.T.);
#4601=ORIENTED_EDGE('',*,*,#3351,.T.);
#4602=ORIENTED_EDGE('',*,*,#3350,.F.);
#4603=ORIENTED_EDGE('',*,*,#3352,.F.);
#4604=ORIENTED_EDGE('',*,*,#3353,.F.);
#4605=ORIENTED_EDGE('',*,*,#3341,.F.);
#4606=ORIENTED_EDGE('',*,*,#3354,.T.);
#4607=ORIENTED_EDGE('',*,*,#3355,.T.);
#4608=ORIENTED_EDGE('',*,*,#3344,.T.);
#4609=ORIENTED_EDGE('',*,*,#3356,.T.);
#4610=ORIENTED_EDGE('',*,*,#3355,.F.);
#4611=ORIENTED_EDGE('',*,*,#3357,.F.);
#4612=ORIENTED_EDGE('',*,*,#3358,.F.);
#4613=ORIENTED_EDGE('',*,*,#3345,.F.);
#4614=ORIENTED_EDGE('',*,*,#3359,.T.);
#4615=ORIENTED_EDGE('',*,*,#3360,.T.);
#4616=ORIENTED_EDGE('',*,*,#3346,.T.);
#4617=ORIENTED_EDGE('',*,*,#3358,.T.);
#4618=ORIENTED_EDGE('',*,*,#3342,.T.);
#4619=ORIENTED_EDGE('',*,*,#3353,.T.);
#4620=ORIENTED_EDGE('',*,*,#3361,.T.);
#4621=ORIENTED_EDGE('',*,*,#3362,.T.);
#4622=ORIENTED_EDGE('',*,*,#3356,.F.);
#4623=ORIENTED_EDGE('',*,*,#3343,.F.);
#4624=ORIENTED_EDGE('',*,*,#3362,.F.);
#4625=ORIENTED_EDGE('',*,*,#3363,.F.);
#4626=ORIENTED_EDGE('',*,*,#3331,.F.);
#4627=ORIENTED_EDGE('',*,*,#3364,.F.);
#4628=ORIENTED_EDGE('',*,*,#3351,.F.);
#4629=ORIENTED_EDGE('',*,*,#3339,.F.);
#4630=ORIENTED_EDGE('',*,*,#3360,.F.);
#4631=ORIENTED_EDGE('',*,*,#3365,.T.);
#4632=ORIENTED_EDGE('',*,*,#3366,.F.);
#4633=ORIENTED_EDGE('',*,*,#3367,.T.);
#4634=ORIENTED_EDGE('',*,*,#3368,.T.);
#4635=ORIENTED_EDGE('',*,*,#3369,.T.);
#4636=ORIENTED_EDGE('',*,*,#3370,.F.);
#4637=ORIENTED_EDGE('',*,*,#3347,.T.);
#4638=ORIENTED_EDGE('',*,*,#3370,.T.);
#4639=ORIENTED_EDGE('',*,*,#3371,.T.);
#4640=ORIENTED_EDGE('',*,*,#3333,.T.);
#4641=ORIENTED_EDGE('',*,*,#3348,.T.);
#4642=ORIENTED_EDGE('',*,*,#3371,.F.);
#4643=ORIENTED_EDGE('',*,*,#3369,.F.);
#4644=ORIENTED_EDGE('',*,*,#3372,.T.);
#4645=ORIENTED_EDGE('',*,*,#3334,.F.);
#4646=ORIENTED_EDGE('',*,*,#3337,.T.);
#4647=ORIENTED_EDGE('',*,*,#3373,.T.);
#4648=ORIENTED_EDGE('',*,*,#3366,.T.);
#4649=ORIENTED_EDGE('',*,*,#3374,.T.);
#4650=ORIENTED_EDGE('',*,*,#3330,.F.);
#4651=ORIENTED_EDGE('',*,*,#3338,.F.);
#4652=ORIENTED_EDGE('',*,*,#3374,.F.);
#4653=ORIENTED_EDGE('',*,*,#3365,.F.);
#4654=ORIENTED_EDGE('',*,*,#3359,.F.);
#4655=ORIENTED_EDGE('',*,*,#3357,.T.);
#4656=ORIENTED_EDGE('',*,*,#3354,.F.);
#4657=ORIENTED_EDGE('',*,*,#3363,.T.);
#4658=ORIENTED_EDGE('',*,*,#3361,.F.);
#4659=ORIENTED_EDGE('',*,*,#3352,.T.);
#4660=ORIENTED_EDGE('',*,*,#3349,.F.);
#4661=ORIENTED_EDGE('',*,*,#3364,.T.);
#4662=ORIENTED_EDGE('',*,*,#3373,.F.);
#4663=ORIENTED_EDGE('',*,*,#3336,.F.);
#4664=ORIENTED_EDGE('',*,*,#3375,.F.);
#4665=ORIENTED_EDGE('',*,*,#3367,.F.);
#4666=ORIENTED_EDGE('',*,*,#3375,.T.);
#4667=ORIENTED_EDGE('',*,*,#3335,.F.);
#4668=ORIENTED_EDGE('',*,*,#3372,.F.);
#4669=ORIENTED_EDGE('',*,*,#3368,.F.);
#4670=ORIENTED_EDGE('',*,*,#3376,.T.);
#4671=ORIENTED_EDGE('',*,*,#3377,.T.);
#4672=ORIENTED_EDGE('',*,*,#3378,.T.);
#4673=ORIENTED_EDGE('',*,*,#3379,.T.);
#4674=ORIENTED_EDGE('',*,*,#3377,.F.);
#4675=ORIENTED_EDGE('',*,*,#3380,.T.);
#4676=ORIENTED_EDGE('',*,*,#3381,.F.);
#4677=ORIENTED_EDGE('',*,*,#3382,.T.);
#4678=ORIENTED_EDGE('',*,*,#3383,.T.);
#4679=ORIENTED_EDGE('',*,*,#3384,.T.);
#4680=ORIENTED_EDGE('',*,*,#3385,.F.);
#4681=ORIENTED_EDGE('',*,*,#3386,.T.);
#4682=ORIENTED_EDGE('',*,*,#3376,.F.);
#4683=ORIENTED_EDGE('',*,*,#3387,.T.);
#4684=ORIENTED_EDGE('',*,*,#3388,.F.);
#4685=ORIENTED_EDGE('',*,*,#3389,.T.);
#4686=ORIENTED_EDGE('',*,*,#3390,.F.);
#4687=ORIENTED_EDGE('',*,*,#3391,.T.);
#4688=ORIENTED_EDGE('',*,*,#3392,.F.);
#4689=ORIENTED_EDGE('',*,*,#3393,.T.);
#4690=ORIENTED_EDGE('',*,*,#3394,.F.);
#4691=ORIENTED_EDGE('',*,*,#3395,.F.);
#4692=ORIENTED_EDGE('',*,*,#3396,.F.);
#4693=ORIENTED_EDGE('',*,*,#3380,.F.);
#4694=ORIENTED_EDGE('',*,*,#3397,.T.);
#4695=ORIENTED_EDGE('',*,*,#3398,.T.);
#4696=ORIENTED_EDGE('',*,*,#3388,.T.);
#4697=ORIENTED_EDGE('',*,*,#3399,.T.);
#4698=ORIENTED_EDGE('',*,*,#3398,.F.);
#4699=ORIENTED_EDGE('',*,*,#3400,.F.);
#4700=ORIENTED_EDGE('',*,*,#3401,.F.);
#4701=ORIENTED_EDGE('',*,*,#3389,.F.);
#4702=ORIENTED_EDGE('',*,*,#3402,.T.);
#4703=ORIENTED_EDGE('',*,*,#3403,.T.);
#4704=ORIENTED_EDGE('',*,*,#3392,.T.);
#4705=ORIENTED_EDGE('',*,*,#3404,.T.);
#4706=ORIENTED_EDGE('',*,*,#3403,.F.);
#4707=ORIENTED_EDGE('',*,*,#3405,.F.);
#4708=ORIENTED_EDGE('',*,*,#3406,.F.);
#4709=ORIENTED_EDGE('',*,*,#3393,.F.);
#4710=ORIENTED_EDGE('',*,*,#3407,.T.);
#4711=ORIENTED_EDGE('',*,*,#3408,.T.);
#4712=ORIENTED_EDGE('',*,*,#3394,.T.);
#4713=ORIENTED_EDGE('',*,*,#3406,.T.);
#4714=ORIENTED_EDGE('',*,*,#3390,.T.);
#4715=ORIENTED_EDGE('',*,*,#3401,.T.);
#4716=ORIENTED_EDGE('',*,*,#3409,.T.);
#4717=ORIENTED_EDGE('',*,*,#3410,.T.);
#4718=ORIENTED_EDGE('',*,*,#3404,.F.);
#4719=ORIENTED_EDGE('',*,*,#3391,.F.);
#4720=ORIENTED_EDGE('',*,*,#3410,.F.);
#4721=ORIENTED_EDGE('',*,*,#3411,.F.);
#4722=ORIENTED_EDGE('',*,*,#3379,.F.);
#4723=ORIENTED_EDGE('',*,*,#3412,.F.);
#4724=ORIENTED_EDGE('',*,*,#3399,.F.);
#4725=ORIENTED_EDGE('',*,*,#3387,.F.);
#4726=ORIENTED_EDGE('',*,*,#3408,.F.);
#4727=ORIENTED_EDGE('',*,*,#3413,.T.);
#4728=ORIENTED_EDGE('',*,*,#3414,.F.);
#4729=ORIENTED_EDGE('',*,*,#3415,.T.);
#4730=ORIENTED_EDGE('',*,*,#3416,.T.);
#4731=ORIENTED_EDGE('',*,*,#3417,.T.);
#4732=ORIENTED_EDGE('',*,*,#3418,.F.);
#4733=ORIENTED_EDGE('',*,*,#3395,.T.);
#4734=ORIENTED_EDGE('',*,*,#3418,.T.);
#4735=ORIENTED_EDGE('',*,*,#3419,.T.);
#4736=ORIENTED_EDGE('',*,*,#3381,.T.);
#4737=ORIENTED_EDGE('',*,*,#3396,.T.);
#4738=ORIENTED_EDGE('',*,*,#3419,.F.);
#4739=ORIENTED_EDGE('',*,*,#3417,.F.);
#4740=ORIENTED_EDGE('',*,*,#3420,.T.);
#4741=ORIENTED_EDGE('',*,*,#3382,.F.);
#4742=ORIENTED_EDGE('',*,*,#3385,.T.);
#4743=ORIENTED_EDGE('',*,*,#3421,.T.);
#4744=ORIENTED_EDGE('',*,*,#3414,.T.);
#4745=ORIENTED_EDGE('',*,*,#3422,.T.);
#4746=ORIENTED_EDGE('',*,*,#3378,.F.);
#4747=ORIENTED_EDGE('',*,*,#3386,.F.);
#4748=ORIENTED_EDGE('',*,*,#3422,.F.);
#4749=ORIENTED_EDGE('',*,*,#3413,.F.);
#4750=ORIENTED_EDGE('',*,*,#3407,.F.);
#4751=ORIENTED_EDGE('',*,*,#3405,.T.);
#4752=ORIENTED_EDGE('',*,*,#3402,.F.);
#4753=ORIENTED_EDGE('',*,*,#3411,.T.);
#4754=ORIENTED_EDGE('',*,*,#3409,.F.);
#4755=ORIENTED_EDGE('',*,*,#3400,.T.);
#4756=ORIENTED_EDGE('',*,*,#3397,.F.);
#4757=ORIENTED_EDGE('',*,*,#3412,.T.);
#4758=ORIENTED_EDGE('',*,*,#3421,.F.);
#4759=ORIENTED_EDGE('',*,*,#3384,.F.);
#4760=ORIENTED_EDGE('',*,*,#3423,.F.);
#4761=ORIENTED_EDGE('',*,*,#3415,.F.);
#4762=ORIENTED_EDGE('',*,*,#3423,.T.);
#4763=ORIENTED_EDGE('',*,*,#3383,.F.);
#4764=ORIENTED_EDGE('',*,*,#3420,.F.);
#4765=ORIENTED_EDGE('',*,*,#3416,.F.);
#4766=ORIENTED_EDGE('',*,*,#3424,.T.);
#4767=ORIENTED_EDGE('',*,*,#3425,.T.);
#4768=ORIENTED_EDGE('',*,*,#3426,.T.);
#4769=ORIENTED_EDGE('',*,*,#3427,.T.);
#4770=ORIENTED_EDGE('',*,*,#3425,.F.);
#4771=ORIENTED_EDGE('',*,*,#3428,.T.);
#4772=ORIENTED_EDGE('',*,*,#3429,.F.);
#4773=ORIENTED_EDGE('',*,*,#3430,.T.);
#4774=ORIENTED_EDGE('',*,*,#3431,.T.);
#4775=ORIENTED_EDGE('',*,*,#3432,.T.);
#4776=ORIENTED_EDGE('',*,*,#3433,.F.);
#4777=ORIENTED_EDGE('',*,*,#3434,.T.);
#4778=ORIENTED_EDGE('',*,*,#3424,.F.);
#4779=ORIENTED_EDGE('',*,*,#3435,.T.);
#4780=ORIENTED_EDGE('',*,*,#3436,.F.);
#4781=ORIENTED_EDGE('',*,*,#3437,.T.);
#4782=ORIENTED_EDGE('',*,*,#3438,.F.);
#4783=ORIENTED_EDGE('',*,*,#3439,.T.);
#4784=ORIENTED_EDGE('',*,*,#3440,.F.);
#4785=ORIENTED_EDGE('',*,*,#3441,.T.);
#4786=ORIENTED_EDGE('',*,*,#3442,.F.);
#4787=ORIENTED_EDGE('',*,*,#3443,.F.);
#4788=ORIENTED_EDGE('',*,*,#3444,.F.);
#4789=ORIENTED_EDGE('',*,*,#3428,.F.);
#4790=ORIENTED_EDGE('',*,*,#3445,.T.);
#4791=ORIENTED_EDGE('',*,*,#3446,.T.);
#4792=ORIENTED_EDGE('',*,*,#3436,.T.);
#4793=ORIENTED_EDGE('',*,*,#3447,.T.);
#4794=ORIENTED_EDGE('',*,*,#3446,.F.);
#4795=ORIENTED_EDGE('',*,*,#3448,.F.);
#4796=ORIENTED_EDGE('',*,*,#3449,.F.);
#4797=ORIENTED_EDGE('',*,*,#3437,.F.);
#4798=ORIENTED_EDGE('',*,*,#3450,.T.);
#4799=ORIENTED_EDGE('',*,*,#3451,.T.);
#4800=ORIENTED_EDGE('',*,*,#3440,.T.);
#4801=ORIENTED_EDGE('',*,*,#3452,.T.);
#4802=ORIENTED_EDGE('',*,*,#3451,.F.);
#4803=ORIENTED_EDGE('',*,*,#3453,.F.);
#4804=ORIENTED_EDGE('',*,*,#3454,.F.);
#4805=ORIENTED_EDGE('',*,*,#3441,.F.);
#4806=ORIENTED_EDGE('',*,*,#3455,.T.);
#4807=ORIENTED_EDGE('',*,*,#3456,.T.);
#4808=ORIENTED_EDGE('',*,*,#3442,.T.);
#4809=ORIENTED_EDGE('',*,*,#3454,.T.);
#4810=ORIENTED_EDGE('',*,*,#3438,.T.);
#4811=ORIENTED_EDGE('',*,*,#3449,.T.);
#4812=ORIENTED_EDGE('',*,*,#3457,.T.);
#4813=ORIENTED_EDGE('',*,*,#3458,.T.);
#4814=ORIENTED_EDGE('',*,*,#3452,.F.);
#4815=ORIENTED_EDGE('',*,*,#3439,.F.);
#4816=ORIENTED_EDGE('',*,*,#3458,.F.);
#4817=ORIENTED_EDGE('',*,*,#3459,.F.);
#4818=ORIENTED_EDGE('',*,*,#3427,.F.);
#4819=ORIENTED_EDGE('',*,*,#3460,.F.);
#4820=ORIENTED_EDGE('',*,*,#3447,.F.);
#4821=ORIENTED_EDGE('',*,*,#3435,.F.);
#4822=ORIENTED_EDGE('',*,*,#3456,.F.);
#4823=ORIENTED_EDGE('',*,*,#3461,.T.);
#4824=ORIENTED_EDGE('',*,*,#3462,.F.);
#4825=ORIENTED_EDGE('',*,*,#3463,.T.);
#4826=ORIENTED_EDGE('',*,*,#3464,.T.);
#4827=ORIENTED_EDGE('',*,*,#3465,.T.);
#4828=ORIENTED_EDGE('',*,*,#3466,.F.);
#4829=ORIENTED_EDGE('',*,*,#3443,.T.);
#4830=ORIENTED_EDGE('',*,*,#3466,.T.);
#4831=ORIENTED_EDGE('',*,*,#3467,.T.);
#4832=ORIENTED_EDGE('',*,*,#3429,.T.);
#4833=ORIENTED_EDGE('',*,*,#3444,.T.);
#4834=ORIENTED_EDGE('',*,*,#3467,.F.);
#4835=ORIENTED_EDGE('',*,*,#3465,.F.);
#4836=ORIENTED_EDGE('',*,*,#3468,.T.);
#4837=ORIENTED_EDGE('',*,*,#3430,.F.);
#4838=ORIENTED_EDGE('',*,*,#3433,.T.);
#4839=ORIENTED_EDGE('',*,*,#3469,.T.);
#4840=ORIENTED_EDGE('',*,*,#3462,.T.);
#4841=ORIENTED_EDGE('',*,*,#3470,.T.);
#4842=ORIENTED_EDGE('',*,*,#3426,.F.);
#4843=ORIENTED_EDGE('',*,*,#3434,.F.);
#4844=ORIENTED_EDGE('',*,*,#3470,.F.);
#4845=ORIENTED_EDGE('',*,*,#3461,.F.);
#4846=ORIENTED_EDGE('',*,*,#3455,.F.);
#4847=ORIENTED_EDGE('',*,*,#3453,.T.);
#4848=ORIENTED_EDGE('',*,*,#3450,.F.);
#4849=ORIENTED_EDGE('',*,*,#3459,.T.);
#4850=ORIENTED_EDGE('',*,*,#3457,.F.);
#4851=ORIENTED_EDGE('',*,*,#3448,.T.);
#4852=ORIENTED_EDGE('',*,*,#3445,.F.);
#4853=ORIENTED_EDGE('',*,*,#3460,.T.);
#4854=ORIENTED_EDGE('',*,*,#3469,.F.);
#4855=ORIENTED_EDGE('',*,*,#3432,.F.);
#4856=ORIENTED_EDGE('',*,*,#3471,.F.);
#4857=ORIENTED_EDGE('',*,*,#3463,.F.);
#4858=ORIENTED_EDGE('',*,*,#3471,.T.);
#4859=ORIENTED_EDGE('',*,*,#3431,.F.);
#4860=ORIENTED_EDGE('',*,*,#3468,.F.);
#4861=ORIENTED_EDGE('',*,*,#3464,.F.);
#4862=ORIENTED_EDGE('',*,*,#3472,.T.);
#4863=ORIENTED_EDGE('',*,*,#3473,.T.);
#4864=ORIENTED_EDGE('',*,*,#3474,.T.);
#4865=ORIENTED_EDGE('',*,*,#3473,.F.);
#4866=ORIENTED_EDGE('',*,*,#3472,.F.);
#4867=ORIENTED_EDGE('',*,*,#3475,.F.);
#4868=ORIENTED_EDGE('',*,*,#3476,.T.);
#4869=ORIENTED_EDGE('',*,*,#3477,.T.);
#4870=ORIENTED_EDGE('',*,*,#3475,.T.);
#4871=ORIENTED_EDGE('',*,*,#3477,.F.);
#4872=ORIENTED_EDGE('',*,*,#3474,.F.);
#4873=ORIENTED_EDGE('',*,*,#3476,.F.);
#4874=ORIENTED_EDGE('',*,*,#3478,.T.);
#4875=ORIENTED_EDGE('',*,*,#3479,.T.);
#4876=ORIENTED_EDGE('',*,*,#3480,.T.);
#4877=ORIENTED_EDGE('',*,*,#3481,.T.);
#4878=ORIENTED_EDGE('',*,*,#3479,.F.);
#4879=ORIENTED_EDGE('',*,*,#3481,.F.);
#4880=ORIENTED_EDGE('',*,*,#3482,.T.);
#4881=ORIENTED_EDGE('',*,*,#3483,.F.);
#4882=ORIENTED_EDGE('',*,*,#3484,.F.);
#4883=ORIENTED_EDGE('',*,*,#3482,.F.);
#4884=ORIENTED_EDGE('',*,*,#3480,.F.);
#4885=ORIENTED_EDGE('',*,*,#3478,.F.);
#4886=ORIENTED_EDGE('',*,*,#3483,.T.);
#4887=ORIENTED_EDGE('',*,*,#3484,.T.);
#4888=ORIENTED_EDGE('',*,*,#3485,.T.);
#4889=ORIENTED_EDGE('',*,*,#3486,.T.);
#4890=ORIENTED_EDGE('',*,*,#3485,.F.);
#4891=ORIENTED_EDGE('',*,*,#3486,.F.);
#4892=ORIENTED_EDGE('',*,*,#3487,.T.);
#4893=ORIENTED_EDGE('',*,*,#3488,.T.);
#4894=ORIENTED_EDGE('',*,*,#3489,.T.);
#4895=ORIENTED_EDGE('',*,*,#3490,.T.);
#4896=ORIENTED_EDGE('',*,*,#3488,.F.);
#4897=ORIENTED_EDGE('',*,*,#3490,.F.);
#4898=ORIENTED_EDGE('',*,*,#3491,.T.);
#4899=ORIENTED_EDGE('',*,*,#3492,.F.);
#4900=ORIENTED_EDGE('',*,*,#3493,.F.);
#4901=ORIENTED_EDGE('',*,*,#3491,.F.);
#4902=ORIENTED_EDGE('',*,*,#3489,.F.);
#4903=ORIENTED_EDGE('',*,*,#3487,.F.);
#4904=ORIENTED_EDGE('',*,*,#3492,.T.);
#4905=ORIENTED_EDGE('',*,*,#3493,.T.);
#4906=ORIENTED_EDGE('',*,*,#3494,.T.);
#4907=ORIENTED_EDGE('',*,*,#3495,.T.);
#4908=ORIENTED_EDGE('',*,*,#3494,.F.);
#4909=ORIENTED_EDGE('',*,*,#3495,.F.);
#4910=ORIENTED_EDGE('',*,*,#3496,.T.);
#4911=ORIENTED_EDGE('',*,*,#3497,.T.);
#4912=ORIENTED_EDGE('',*,*,#3498,.T.);
#4913=ORIENTED_EDGE('',*,*,#3497,.F.);
#4914=ORIENTED_EDGE('',*,*,#3496,.F.);
#4915=ORIENTED_EDGE('',*,*,#3499,.F.);
#4916=ORIENTED_EDGE('',*,*,#3500,.T.);
#4917=ORIENTED_EDGE('',*,*,#3501,.T.);
#4918=ORIENTED_EDGE('',*,*,#3499,.T.);
#4919=ORIENTED_EDGE('',*,*,#3501,.F.);
#4920=ORIENTED_EDGE('',*,*,#3498,.F.);
#4921=ORIENTED_EDGE('',*,*,#3500,.F.);
#4922=ORIENTED_EDGE('',*,*,#3502,.T.);
#4923=ORIENTED_EDGE('',*,*,#3503,.T.);
#4924=ORIENTED_EDGE('',*,*,#3504,.T.);
#4925=ORIENTED_EDGE('',*,*,#3503,.F.);
#4926=ORIENTED_EDGE('',*,*,#3505,.F.);
#4927=ORIENTED_EDGE('',*,*,#3502,.F.);
#4928=ORIENTED_EDGE('',*,*,#3504,.F.);
#4929=ORIENTED_EDGE('',*,*,#3506,.T.);
#4930=ORIENTED_EDGE('',*,*,#3507,.F.);
#4931=ORIENTED_EDGE('',*,*,#3508,.F.);
#4932=ORIENTED_EDGE('',*,*,#3506,.F.);
#4933=ORIENTED_EDGE('',*,*,#3509,.T.);
#4934=ORIENTED_EDGE('',*,*,#3510,.T.);
#4935=ORIENTED_EDGE('',*,*,#3511,.T.);
#4936=ORIENTED_EDGE('',*,*,#3505,.T.);
#4937=ORIENTED_EDGE('',*,*,#3511,.F.);
#4938=ORIENTED_EDGE('',*,*,#3512,.F.);
#4939=ORIENTED_EDGE('',*,*,#3513,.T.);
#4940=ORIENTED_EDGE('',*,*,#3509,.F.);
#4941=ORIENTED_EDGE('',*,*,#3510,.F.);
#4942=ORIENTED_EDGE('',*,*,#3513,.F.);
#4943=ORIENTED_EDGE('',*,*,#3514,.F.);
#4944=ORIENTED_EDGE('',*,*,#3515,.F.);
#4945=ORIENTED_EDGE('',*,*,#3516,.F.);
#4946=ORIENTED_EDGE('',*,*,#3517,.F.);
#4947=ORIENTED_EDGE('',*,*,#3518,.F.);
#4948=ORIENTED_EDGE('',*,*,#3519,.F.);
#4949=ORIENTED_EDGE('',*,*,#3520,.F.);
#4950=ORIENTED_EDGE('',*,*,#3521,.F.);
#4951=ORIENTED_EDGE('',*,*,#3522,.F.);
#4952=ORIENTED_EDGE('',*,*,#3523,.F.);
#4953=ORIENTED_EDGE('',*,*,#3524,.F.);
#4954=ORIENTED_EDGE('',*,*,#3525,.F.);
#4955=ORIENTED_EDGE('',*,*,#3526,.F.);
#4956=ORIENTED_EDGE('',*,*,#3527,.F.);
#4957=ORIENTED_EDGE('',*,*,#3528,.F.);
#4958=ORIENTED_EDGE('',*,*,#3529,.F.);
#4959=ORIENTED_EDGE('',*,*,#3530,.T.);
#4960=ORIENTED_EDGE('',*,*,#3531,.F.);
#4961=ORIENTED_EDGE('',*,*,#3532,.F.);
#4962=ORIENTED_EDGE('',*,*,#3516,.T.);
#4963=ORIENTED_EDGE('',*,*,#3533,.T.);
#4964=ORIENTED_EDGE('',*,*,#3534,.T.);
#4965=ORIENTED_EDGE('',*,*,#3535,.T.);
#4966=ORIENTED_EDGE('',*,*,#3530,.F.);
#4967=ORIENTED_EDGE('',*,*,#3515,.T.);
#4968=ORIENTED_EDGE('',*,*,#3536,.T.);
#4969=ORIENTED_EDGE('',*,*,#3537,.T.);
#4970=ORIENTED_EDGE('',*,*,#3538,.T.);
#4971=ORIENTED_EDGE('',*,*,#3539,.F.);
#4972=ORIENTED_EDGE('',*,*,#3540,.T.);
#4973=ORIENTED_EDGE('',*,*,#3541,.T.);
#4974=ORIENTED_EDGE('',*,*,#3542,.T.);
#4975=ORIENTED_EDGE('',*,*,#3543,.F.);
#4976=ORIENTED_EDGE('',*,*,#3544,.T.);
#4977=ORIENTED_EDGE('',*,*,#3545,.T.);
#4978=ORIENTED_EDGE('',*,*,#3546,.T.);
#4979=ORIENTED_EDGE('',*,*,#3547,.T.);
#4980=ORIENTED_EDGE('',*,*,#3548,.T.);
#4981=ORIENTED_EDGE('',*,*,#3549,.T.);
#4982=ORIENTED_EDGE('',*,*,#3550,.T.);
#4983=ORIENTED_EDGE('',*,*,#3551,.T.);
#4984=ORIENTED_EDGE('',*,*,#3552,.T.);
#4985=ORIENTED_EDGE('',*,*,#3553,.T.);
#4986=ORIENTED_EDGE('',*,*,#3554,.T.);
#4987=ORIENTED_EDGE('',*,*,#3555,.T.);
#4988=ORIENTED_EDGE('',*,*,#3556,.T.);
#4989=ORIENTED_EDGE('',*,*,#3557,.T.);
#4990=ORIENTED_EDGE('',*,*,#3558,.T.);
#4991=ORIENTED_EDGE('',*,*,#3557,.F.);
#4992=ORIENTED_EDGE('',*,*,#3559,.T.);
#4993=ORIENTED_EDGE('',*,*,#3560,.F.);
#4994=ORIENTED_EDGE('',*,*,#3561,.T.);
#4995=ORIENTED_EDGE('',*,*,#3562,.F.);
#4996=ORIENTED_EDGE('',*,*,#3563,.F.);
#4997=ORIENTED_EDGE('',*,*,#3544,.F.);
#4998=ORIENTED_EDGE('',*,*,#3564,.T.);
#4999=ORIENTED_EDGE('',*,*,#3565,.T.);
#5000=ORIENTED_EDGE('',*,*,#3566,.T.);
#5001=ORIENTED_EDGE('',*,*,#3561,.F.);
#5002=ORIENTED_EDGE('',*,*,#3543,.T.);
#5003=ORIENTED_EDGE('',*,*,#3558,.F.);
#5004=ORIENTED_EDGE('',*,*,#3567,.T.);
#5005=ORIENTED_EDGE('',*,*,#3568,.T.);
#5006=ORIENTED_EDGE('',*,*,#3569,.F.);
#5007=ORIENTED_EDGE('',*,*,#3570,.F.);
#5008=ORIENTED_EDGE('',*,*,#3571,.F.);
#5009=ORIENTED_EDGE('',*,*,#3572,.F.);
#5010=ORIENTED_EDGE('',*,*,#3523,.T.);
#5011=ORIENTED_EDGE('',*,*,#3573,.T.);
#5012=ORIENTED_EDGE('',*,*,#3574,.F.);
#5013=ORIENTED_EDGE('',*,*,#3575,.F.);
#5014=ORIENTED_EDGE('',*,*,#3576,.F.);
#5015=ORIENTED_EDGE('',*,*,#3522,.T.);
#5016=ORIENTED_EDGE('',*,*,#3577,.F.);
#5017=ORIENTED_EDGE('',*,*,#3578,.F.);
#5018=ORIENTED_EDGE('',*,*,#3579,.F.);
#5019=ORIENTED_EDGE('',*,*,#3573,.F.);
#5020=ORIENTED_EDGE('',*,*,#3525,.T.);
#5021=ORIENTED_EDGE('',*,*,#3580,.T.);
#5022=ORIENTED_EDGE('',*,*,#3581,.F.);
#5023=ORIENTED_EDGE('',*,*,#3582,.F.);
#5024=ORIENTED_EDGE('',*,*,#3583,.F.);
#5025=ORIENTED_EDGE('',*,*,#3526,.T.);
#5026=ORIENTED_EDGE('',*,*,#3583,.T.);
#5027=ORIENTED_EDGE('',*,*,#3584,.F.);
#5028=ORIENTED_EDGE('',*,*,#3585,.F.);
#5029=ORIENTED_EDGE('',*,*,#3586,.F.);
#5030=ORIENTED_EDGE('',*,*,#3517,.T.);
#5031=ORIENTED_EDGE('',*,*,#3532,.T.);
#5032=ORIENTED_EDGE('',*,*,#3587,.F.);
#5033=ORIENTED_EDGE('',*,*,#3588,.F.);
#5034=ORIENTED_EDGE('',*,*,#3589,.F.);
#5035=ORIENTED_EDGE('',*,*,#3519,.T.);
#5036=ORIENTED_EDGE('',*,*,#3590,.T.);
#5037=ORIENTED_EDGE('',*,*,#3591,.F.);
#5038=ORIENTED_EDGE('',*,*,#3592,.F.);
#5039=ORIENTED_EDGE('',*,*,#3593,.F.);
#5040=ORIENTED_EDGE('',*,*,#3518,.T.);
#5041=ORIENTED_EDGE('',*,*,#3589,.T.);
#5042=ORIENTED_EDGE('',*,*,#3594,.F.);
#5043=ORIENTED_EDGE('',*,*,#3595,.F.);
#5044=ORIENTED_EDGE('',*,*,#3590,.F.);
#5045=ORIENTED_EDGE('',*,*,#3521,.T.);
#5046=ORIENTED_EDGE('',*,*,#3596,.T.);
#5047=ORIENTED_EDGE('',*,*,#3597,.F.);
#5048=ORIENTED_EDGE('',*,*,#3598,.F.);
#5049=ORIENTED_EDGE('',*,*,#3577,.T.);
#5050=ORIENTED_EDGE('',*,*,#3520,.T.);
#5051=ORIENTED_EDGE('',*,*,#3593,.T.);
#5052=ORIENTED_EDGE('',*,*,#3599,.F.);
#5053=ORIENTED_EDGE('',*,*,#3600,.F.);
#5054=ORIENTED_EDGE('',*,*,#3596,.F.);
#5055=ORIENTED_EDGE('',*,*,#3524,.T.);
#5056=ORIENTED_EDGE('',*,*,#3576,.T.);
#5057=ORIENTED_EDGE('',*,*,#3601,.F.);
#5058=ORIENTED_EDGE('',*,*,#3602,.F.);
#5059=ORIENTED_EDGE('',*,*,#3580,.F.);
#5060=ORIENTED_EDGE('',*,*,#3527,.T.);
#5061=ORIENTED_EDGE('',*,*,#3586,.T.);
#5062=ORIENTED_EDGE('',*,*,#3603,.F.);
#5063=ORIENTED_EDGE('',*,*,#3604,.F.);
#5064=ORIENTED_EDGE('',*,*,#3605,.F.);
#5065=ORIENTED_EDGE('',*,*,#3528,.T.);
#5066=ORIENTED_EDGE('',*,*,#3605,.T.);
#5067=ORIENTED_EDGE('',*,*,#3606,.F.);
#5068=ORIENTED_EDGE('',*,*,#3607,.F.);
#5069=ORIENTED_EDGE('',*,*,#3608,.F.);
#5070=ORIENTED_EDGE('',*,*,#3609,.T.);
#5071=ORIENTED_EDGE('',*,*,#3541,.F.);
#5072=ORIENTED_EDGE('',*,*,#3610,.T.);
#5073=ORIENTED_EDGE('',*,*,#3571,.T.);
#5074=ORIENTED_EDGE('',*,*,#3569,.T.);
#5075=ORIENTED_EDGE('',*,*,#3611,.F.);
#5076=ORIENTED_EDGE('',*,*,#3564,.F.);
#5077=ORIENTED_EDGE('',*,*,#3612,.F.);
#5078=ORIENTED_EDGE('',*,*,#3613,.F.);
#5079=ORIENTED_EDGE('',*,*,#3614,.T.);
#5080=ORIENTED_EDGE('',*,*,#3615,.T.);
#5081=ORIENTED_EDGE('',*,*,#3616,.T.);
#5082=ORIENTED_EDGE('',*,*,#3617,.T.);
#5083=ORIENTED_EDGE('',*,*,#3618,.T.);
#5084=ORIENTED_EDGE('',*,*,#3619,.T.);
#5085=ORIENTED_EDGE('',*,*,#3620,.T.);
#5086=ORIENTED_EDGE('',*,*,#3621,.T.);
#5087=ORIENTED_EDGE('',*,*,#3622,.T.);
#5088=ORIENTED_EDGE('',*,*,#3623,.T.);
#5089=ORIENTED_EDGE('',*,*,#3624,.T.);
#5090=ORIENTED_EDGE('',*,*,#3625,.T.);
#5091=ORIENTED_EDGE('',*,*,#3626,.T.);
#5092=ORIENTED_EDGE('',*,*,#3627,.T.);
#5093=ORIENTED_EDGE('',*,*,#3628,.T.);
#5094=ORIENTED_EDGE('',*,*,#3629,.T.);
#5095=ORIENTED_EDGE('',*,*,#3630,.T.);
#5096=ORIENTED_EDGE('',*,*,#3631,.T.);
#5097=ORIENTED_EDGE('',*,*,#3566,.F.);
#5098=ORIENTED_EDGE('',*,*,#3632,.T.);
#5099=ORIENTED_EDGE('',*,*,#3633,.T.);
#5100=ORIENTED_EDGE('',*,*,#3562,.T.);
#5101=ORIENTED_EDGE('',*,*,#3634,.T.);
#5102=ORIENTED_EDGE('',*,*,#3635,.T.);
#5103=ORIENTED_EDGE('',*,*,#3636,.T.);
#5104=ORIENTED_EDGE('',*,*,#3637,.T.);
#5105=ORIENTED_EDGE('',*,*,#3638,.T.);
#5106=ORIENTED_EDGE('',*,*,#3639,.T.);
#5107=ORIENTED_EDGE('',*,*,#3640,.T.);
#5108=ORIENTED_EDGE('',*,*,#3641,.T.);
#5109=ORIENTED_EDGE('',*,*,#3642,.T.);
#5110=ORIENTED_EDGE('',*,*,#3643,.T.);
#5111=ORIENTED_EDGE('',*,*,#3644,.T.);
#5112=ORIENTED_EDGE('',*,*,#3645,.T.);
#5113=ORIENTED_EDGE('',*,*,#3646,.T.);
#5114=ORIENTED_EDGE('',*,*,#3647,.T.);
#5115=ORIENTED_EDGE('',*,*,#3648,.T.);
#5116=ORIENTED_EDGE('',*,*,#3594,.T.);
#5117=ORIENTED_EDGE('',*,*,#3588,.T.);
#5118=ORIENTED_EDGE('',*,*,#3649,.T.);
#5119=ORIENTED_EDGE('',*,*,#3599,.T.);
#5120=ORIENTED_EDGE('',*,*,#3592,.T.);
#5121=ORIENTED_EDGE('',*,*,#3650,.T.);
#5122=ORIENTED_EDGE('',*,*,#3578,.T.);
#5123=ORIENTED_EDGE('',*,*,#3598,.T.);
#5124=ORIENTED_EDGE('',*,*,#3651,.T.);
#5125=ORIENTED_EDGE('',*,*,#3601,.T.);
#5126=ORIENTED_EDGE('',*,*,#3575,.T.);
#5127=ORIENTED_EDGE('',*,*,#3652,.T.);
#5128=ORIENTED_EDGE('',*,*,#3584,.T.);
#5129=ORIENTED_EDGE('',*,*,#3582,.T.);
#5130=ORIENTED_EDGE('',*,*,#3653,.T.);
#5131=ORIENTED_EDGE('',*,*,#3606,.T.);
#5132=ORIENTED_EDGE('',*,*,#3604,.T.);
#5133=ORIENTED_EDGE('',*,*,#3654,.T.);
#5134=ORIENTED_EDGE('',*,*,#3535,.F.);
#5135=ORIENTED_EDGE('',*,*,#3655,.T.);
#5136=ORIENTED_EDGE('',*,*,#3587,.T.);
#5137=ORIENTED_EDGE('',*,*,#3531,.T.);
#5138=ORIENTED_EDGE('',*,*,#3591,.T.);
#5139=ORIENTED_EDGE('',*,*,#3595,.T.);
#5140=ORIENTED_EDGE('',*,*,#3656,.T.);
#5141=ORIENTED_EDGE('',*,*,#3597,.T.);
#5142=ORIENTED_EDGE('',*,*,#3600,.T.);
#5143=ORIENTED_EDGE('',*,*,#3657,.T.);
#5144=ORIENTED_EDGE('',*,*,#3574,.T.);
#5145=ORIENTED_EDGE('',*,*,#3579,.T.);
#5146=ORIENTED_EDGE('',*,*,#3658,.T.);
#5147=ORIENTED_EDGE('',*,*,#3581,.T.);
#5148=ORIENTED_EDGE('',*,*,#3602,.T.);
#5149=ORIENTED_EDGE('',*,*,#3659,.T.);
#5150=ORIENTED_EDGE('',*,*,#3603,.T.);
#5151=ORIENTED_EDGE('',*,*,#3585,.T.);
#5152=ORIENTED_EDGE('',*,*,#3660,.T.);
#5153=ORIENTED_EDGE('',*,*,#3508,.T.);
#5154=ORIENTED_EDGE('',*,*,#3661,.T.);
#5155=ORIENTED_EDGE('',*,*,#3612,.T.);
#5156=ORIENTED_EDGE('',*,*,#3572,.T.);
#5157=ORIENTED_EDGE('',*,*,#3610,.F.);
#5158=ORIENTED_EDGE('',*,*,#3540,.F.);
#5159=ORIENTED_EDGE('',*,*,#3662,.T.);
#5160=ORIENTED_EDGE('',*,*,#3542,.F.);
#5161=ORIENTED_EDGE('',*,*,#3609,.F.);
#5162=ORIENTED_EDGE('',*,*,#3570,.T.);
#5163=ORIENTED_EDGE('',*,*,#3613,.T.);
#5164=ORIENTED_EDGE('',*,*,#3661,.F.);
#5165=ORIENTED_EDGE('',*,*,#3507,.T.);
#5166=ORIENTED_EDGE('',*,*,#3663,.T.);
#5167=ORIENTED_EDGE('',*,*,#3538,.F.);
#5168=ORIENTED_EDGE('',*,*,#3664,.F.);
#5169=ORIENTED_EDGE('',*,*,#3654,.F.);
#5170=ORIENTED_EDGE('',*,*,#3660,.F.);
#5171=ORIENTED_EDGE('',*,*,#3653,.F.);
#5172=ORIENTED_EDGE('',*,*,#3659,.F.);
#5173=ORIENTED_EDGE('',*,*,#3652,.F.);
#5174=ORIENTED_EDGE('',*,*,#3658,.F.);
#5175=ORIENTED_EDGE('',*,*,#3651,.F.);
#5176=ORIENTED_EDGE('',*,*,#3657,.F.);
#5177=ORIENTED_EDGE('',*,*,#3650,.F.);
#5178=ORIENTED_EDGE('',*,*,#3656,.F.);
#5179=ORIENTED_EDGE('',*,*,#3649,.F.);
#5180=ORIENTED_EDGE('',*,*,#3655,.F.);
#5181=ORIENTED_EDGE('',*,*,#3534,.F.);
#5182=ORIENTED_EDGE('',*,*,#3539,.T.);
#5183=ORIENTED_EDGE('',*,*,#3663,.F.);
#5184=ORIENTED_EDGE('',*,*,#3533,.F.);
#5185=ORIENTED_EDGE('',*,*,#3662,.F.);
#5186=ORIENTED_EDGE('',*,*,#3611,.T.);
#5187=ORIENTED_EDGE('',*,*,#3568,.F.);
#5188=ORIENTED_EDGE('',*,*,#3665,.F.);
#5189=ORIENTED_EDGE('',*,*,#3631,.F.);
#5190=ORIENTED_EDGE('',*,*,#3648,.F.);
#5191=ORIENTED_EDGE('',*,*,#3628,.F.);
#5192=ORIENTED_EDGE('',*,*,#3645,.F.);
#5193=ORIENTED_EDGE('',*,*,#3625,.F.);
#5194=ORIENTED_EDGE('',*,*,#3642,.F.);
#5195=ORIENTED_EDGE('',*,*,#3622,.F.);
#5196=ORIENTED_EDGE('',*,*,#3639,.F.);
#5197=ORIENTED_EDGE('',*,*,#3619,.F.);
#5198=ORIENTED_EDGE('',*,*,#3636,.F.);
#5199=ORIENTED_EDGE('',*,*,#3616,.F.);
#5200=ORIENTED_EDGE('',*,*,#3632,.F.);
#5201=ORIENTED_EDGE('',*,*,#3565,.F.);
#5202=ORIENTED_EDGE('',*,*,#3537,.F.);
#5203=ORIENTED_EDGE('',*,*,#3666,.T.);
#5204=ORIENTED_EDGE('',*,*,#3607,.T.);
#5205=ORIENTED_EDGE('',*,*,#3664,.T.);
#5206=ORIENTED_EDGE('',*,*,#3567,.F.);
#5207=ORIENTED_EDGE('',*,*,#3560,.T.);
#5208=ORIENTED_EDGE('',*,*,#3667,.T.);
#5209=ORIENTED_EDGE('',*,*,#3665,.T.);
#5210=ORIENTED_EDGE('',*,*,#3553,.F.);
#5211=ORIENTED_EDGE('',*,*,#3668,.T.);
#5212=ORIENTED_EDGE('',*,*,#3643,.F.);
#5213=ORIENTED_EDGE('',*,*,#3627,.F.);
#5214=ORIENTED_EDGE('',*,*,#3669,.F.);
#5215=ORIENTED_EDGE('',*,*,#3554,.F.);
#5216=ORIENTED_EDGE('',*,*,#3669,.T.);
#5217=ORIENTED_EDGE('',*,*,#3626,.F.);
#5218=ORIENTED_EDGE('',*,*,#3647,.F.);
#5219=ORIENTED_EDGE('',*,*,#3670,.F.);
#5220=ORIENTED_EDGE('',*,*,#3552,.F.);
#5221=ORIENTED_EDGE('',*,*,#3671,.T.);
#5222=ORIENTED_EDGE('',*,*,#3623,.F.);
#5223=ORIENTED_EDGE('',*,*,#3644,.F.);
#5224=ORIENTED_EDGE('',*,*,#3668,.F.);
#5225=ORIENTED_EDGE('',*,*,#3551,.F.);
#5226=ORIENTED_EDGE('',*,*,#3672,.T.);
#5227=ORIENTED_EDGE('',*,*,#3640,.F.);
#5228=ORIENTED_EDGE('',*,*,#3624,.F.);
#5229=ORIENTED_EDGE('',*,*,#3671,.F.);
#5230=ORIENTED_EDGE('',*,*,#3550,.F.);
#5231=ORIENTED_EDGE('',*,*,#3673,.T.);
#5232=ORIENTED_EDGE('',*,*,#3620,.F.);
#5233=ORIENTED_EDGE('',*,*,#3641,.F.);
#5234=ORIENTED_EDGE('',*,*,#3672,.F.);
#5235=ORIENTED_EDGE('',*,*,#3549,.F.);
#5236=ORIENTED_EDGE('',*,*,#3674,.T.);
#5237=ORIENTED_EDGE('',*,*,#3637,.F.);
#5238=ORIENTED_EDGE('',*,*,#3621,.F.);
#5239=ORIENTED_EDGE('',*,*,#3673,.F.);
#5240=ORIENTED_EDGE('',*,*,#3548,.F.);
#5241=ORIENTED_EDGE('',*,*,#3675,.T.);
#5242=ORIENTED_EDGE('',*,*,#3617,.F.);
#5243=ORIENTED_EDGE('',*,*,#3638,.F.);
#5244=ORIENTED_EDGE('',*,*,#3674,.F.);
#5245=ORIENTED_EDGE('',*,*,#3547,.F.);
#5246=ORIENTED_EDGE('',*,*,#3676,.T.);
#5247=ORIENTED_EDGE('',*,*,#3634,.F.);
#5248=ORIENTED_EDGE('',*,*,#3618,.F.);
#5249=ORIENTED_EDGE('',*,*,#3675,.F.);
#5250=ORIENTED_EDGE('',*,*,#3546,.F.);
#5251=ORIENTED_EDGE('',*,*,#3677,.T.);
#5252=ORIENTED_EDGE('',*,*,#3614,.F.);
#5253=ORIENTED_EDGE('',*,*,#3635,.F.);
#5254=ORIENTED_EDGE('',*,*,#3676,.F.);
#5255=ORIENTED_EDGE('',*,*,#3545,.F.);
#5256=ORIENTED_EDGE('',*,*,#3563,.T.);
#5257=ORIENTED_EDGE('',*,*,#3633,.F.);
#5258=ORIENTED_EDGE('',*,*,#3615,.F.);
#5259=ORIENTED_EDGE('',*,*,#3677,.F.);
#5260=ORIENTED_EDGE('',*,*,#3536,.F.);
#5261=ORIENTED_EDGE('',*,*,#3529,.T.);
#5262=ORIENTED_EDGE('',*,*,#3608,.T.);
#5263=ORIENTED_EDGE('',*,*,#3666,.F.);
#5264=ORIENTED_EDGE('',*,*,#3556,.F.);
#5265=ORIENTED_EDGE('',*,*,#3678,.T.);
#5266=ORIENTED_EDGE('',*,*,#3629,.F.);
#5267=ORIENTED_EDGE('',*,*,#3667,.F.);
#5268=ORIENTED_EDGE('',*,*,#3559,.F.);
#5269=ORIENTED_EDGE('',*,*,#3555,.F.);
#5270=ORIENTED_EDGE('',*,*,#3670,.T.);
#5271=ORIENTED_EDGE('',*,*,#3646,.F.);
#5272=ORIENTED_EDGE('',*,*,#3630,.F.);
#5273=ORIENTED_EDGE('',*,*,#3678,.F.);
#5274=ORIENTED_EDGE('',*,*,#3679,.T.);
#5275=ORIENTED_EDGE('',*,*,#3680,.T.);
#5276=ORIENTED_EDGE('',*,*,#3681,.F.);
#5277=ORIENTED_EDGE('',*,*,#3682,.F.);
#5278=ORIENTED_EDGE('',*,*,#3683,.F.);
#5279=ORIENTED_EDGE('',*,*,#3684,.F.);
#5280=ORIENTED_EDGE('',*,*,#3685,.F.);
#5281=ORIENTED_EDGE('',*,*,#3686,.F.);
#5282=ORIENTED_EDGE('',*,*,#3687,.F.);
#5283=ORIENTED_EDGE('',*,*,#3688,.F.);
#5284=ORIENTED_EDGE('',*,*,#3689,.F.);
#5285=ORIENTED_EDGE('',*,*,#3690,.F.);
#5286=ORIENTED_EDGE('',*,*,#3691,.F.);
#5287=ORIENTED_EDGE('',*,*,#3692,.T.);
#5288=ORIENTED_EDGE('',*,*,#3693,.T.);
#5289=ORIENTED_EDGE('',*,*,#3694,.T.);
#5290=ORIENTED_EDGE('',*,*,#3690,.T.);
#5291=ORIENTED_EDGE('',*,*,#3695,.T.);
#5292=ORIENTED_EDGE('',*,*,#3680,.F.);
#5293=ORIENTED_EDGE('',*,*,#3696,.F.);
#5294=ORIENTED_EDGE('',*,*,#3697,.T.);
#5295=ORIENTED_EDGE('',*,*,#3698,.T.);
#5296=ORIENTED_EDGE('',*,*,#3699,.T.);
#5297=ORIENTED_EDGE('',*,*,#3697,.F.);
#5298=ORIENTED_EDGE('',*,*,#3700,.F.);
#5299=ORIENTED_EDGE('',*,*,#3701,.T.);
#5300=ORIENTED_EDGE('',*,*,#3691,.T.);
#5301=ORIENTED_EDGE('',*,*,#3702,.F.);
#5302=ORIENTED_EDGE('',*,*,#3703,.T.);
#5303=ORIENTED_EDGE('',*,*,#3699,.F.);
#5304=ORIENTED_EDGE('',*,*,#3704,.T.);
#5305=ORIENTED_EDGE('',*,*,#3705,.F.);
#5306=ORIENTED_EDGE('',*,*,#3706,.F.);
#5307=ORIENTED_EDGE('',*,*,#3704,.F.);
#5308=ORIENTED_EDGE('',*,*,#3698,.F.);
#5309=ORIENTED_EDGE('',*,*,#3706,.T.);
#5310=ORIENTED_EDGE('',*,*,#3707,.T.);
#5311=ORIENTED_EDGE('',*,*,#3514,.T.);
#5312=ORIENTED_EDGE('',*,*,#3512,.T.);
#5313=ORIENTED_EDGE('',*,*,#3707,.F.);
#5314=ORIENTED_EDGE('',*,*,#3705,.T.);
#5315=ORIENTED_EDGE('',*,*,#3708,.F.);
#5316=ORIENTED_EDGE('',*,*,#3702,.T.);
#5317=ORIENTED_EDGE('',*,*,#3694,.F.);
#5318=ORIENTED_EDGE('',*,*,#3709,.F.);
#5319=ORIENTED_EDGE('',*,*,#3710,.F.);
#5320=ORIENTED_EDGE('',*,*,#3711,.F.);
#5321=ORIENTED_EDGE('',*,*,#3712,.F.);
#5322=ORIENTED_EDGE('',*,*,#3713,.F.);
#5323=ORIENTED_EDGE('',*,*,#3714,.F.);
#5324=ORIENTED_EDGE('',*,*,#3715,.F.);
#5325=ORIENTED_EDGE('',*,*,#3692,.F.);
#5326=ORIENTED_EDGE('',*,*,#3701,.F.);
#5327=ORIENTED_EDGE('',*,*,#3679,.F.);
#5328=ORIENTED_EDGE('',*,*,#3703,.F.);
#5329=ORIENTED_EDGE('',*,*,#3708,.T.);
#5330=ORIENTED_EDGE('',*,*,#3700,.T.);
#5331=ORIENTED_EDGE('',*,*,#3696,.T.);
#5332=ORIENTED_EDGE('',*,*,#3683,.T.);
#5333=ORIENTED_EDGE('',*,*,#3716,.T.);
#5334=ORIENTED_EDGE('',*,*,#3717,.F.);
#5335=ORIENTED_EDGE('',*,*,#3718,.T.);
#5336=ORIENTED_EDGE('',*,*,#3695,.F.);
#5337=ORIENTED_EDGE('',*,*,#3689,.T.);
#5338=ORIENTED_EDGE('',*,*,#3719,.T.);
#5339=ORIENTED_EDGE('',*,*,#3681,.T.);
#5340=ORIENTED_EDGE('',*,*,#3714,.T.);
#5341=ORIENTED_EDGE('',*,*,#3720,.T.);
#5342=ORIENTED_EDGE('',*,*,#3721,.T.);
#5343=ORIENTED_EDGE('',*,*,#3722,.T.);
#5344=ORIENTED_EDGE('',*,*,#3715,.T.);
#5345=ORIENTED_EDGE('',*,*,#3722,.F.);
#5346=ORIENTED_EDGE('',*,*,#3723,.F.);
#5347=ORIENTED_EDGE('',*,*,#3724,.F.);
#5348=ORIENTED_EDGE('',*,*,#3725,.F.);
#5349=ORIENTED_EDGE('',*,*,#3726,.F.);
#5350=ORIENTED_EDGE('',*,*,#3727,.F.);
#5351=ORIENTED_EDGE('',*,*,#3728,.F.);
#5352=ORIENTED_EDGE('',*,*,#3729,.F.);
#5353=ORIENTED_EDGE('',*,*,#3730,.F.);
#5354=ORIENTED_EDGE('',*,*,#3731,.F.);
#5355=ORIENTED_EDGE('',*,*,#3732,.F.);
#5356=ORIENTED_EDGE('',*,*,#3733,.F.);
#5357=ORIENTED_EDGE('',*,*,#3734,.F.);
#5358=ORIENTED_EDGE('',*,*,#3735,.F.);
#5359=ORIENTED_EDGE('',*,*,#3736,.F.);
#5360=ORIENTED_EDGE('',*,*,#3737,.F.);
#5361=ORIENTED_EDGE('',*,*,#3738,.F.);
#5362=ORIENTED_EDGE('',*,*,#3739,.F.);
#5363=ORIENTED_EDGE('',*,*,#3709,.T.);
#5364=ORIENTED_EDGE('',*,*,#3693,.F.);
#5365=ORIENTED_EDGE('',*,*,#3682,.T.);
#5366=ORIENTED_EDGE('',*,*,#3719,.F.);
#5367=ORIENTED_EDGE('',*,*,#3688,.T.);
#5368=ORIENTED_EDGE('',*,*,#3740,.F.);
#5369=ORIENTED_EDGE('',*,*,#3741,.F.);
#5370=ORIENTED_EDGE('',*,*,#3742,.F.);
#5371=ORIENTED_EDGE('',*,*,#3743,.F.);
#5372=ORIENTED_EDGE('',*,*,#3744,.F.);
#5373=ORIENTED_EDGE('',*,*,#3745,.F.);
#5374=ORIENTED_EDGE('',*,*,#3746,.F.);
#5375=ORIENTED_EDGE('',*,*,#3747,.F.);
#5376=ORIENTED_EDGE('',*,*,#3748,.F.);
#5377=ORIENTED_EDGE('',*,*,#3749,.F.);
#5378=ORIENTED_EDGE('',*,*,#3750,.F.);
#5379=ORIENTED_EDGE('',*,*,#3751,.F.);
#5380=ORIENTED_EDGE('',*,*,#3752,.F.);
#5381=ORIENTED_EDGE('',*,*,#3753,.F.);
#5382=ORIENTED_EDGE('',*,*,#3754,.F.);
#5383=ORIENTED_EDGE('',*,*,#3755,.F.);
#5384=ORIENTED_EDGE('',*,*,#3756,.F.);
#5385=ORIENTED_EDGE('',*,*,#3716,.F.);
#5386=ORIENTED_EDGE('',*,*,#3712,.T.);
#5387=ORIENTED_EDGE('',*,*,#3757,.T.);
#5388=ORIENTED_EDGE('',*,*,#3713,.T.);
#5389=ORIENTED_EDGE('',*,*,#3757,.F.);
#5390=ORIENTED_EDGE('',*,*,#3711,.T.);
#5391=ORIENTED_EDGE('',*,*,#3758,.F.);
#5392=ORIENTED_EDGE('',*,*,#3759,.F.);
#5393=ORIENTED_EDGE('',*,*,#3760,.F.);
#5394=ORIENTED_EDGE('',*,*,#3761,.F.);
#5395=ORIENTED_EDGE('',*,*,#3762,.F.);
#5396=ORIENTED_EDGE('',*,*,#3763,.F.);
#5397=ORIENTED_EDGE('',*,*,#3764,.F.);
#5398=ORIENTED_EDGE('',*,*,#3765,.F.);
#5399=ORIENTED_EDGE('',*,*,#3766,.F.);
#5400=ORIENTED_EDGE('',*,*,#3767,.F.);
#5401=ORIENTED_EDGE('',*,*,#3768,.F.);
#5402=ORIENTED_EDGE('',*,*,#3769,.F.);
#5403=ORIENTED_EDGE('',*,*,#3770,.F.);
#5404=ORIENTED_EDGE('',*,*,#3771,.F.);
#5405=ORIENTED_EDGE('',*,*,#3772,.F.);
#5406=ORIENTED_EDGE('',*,*,#3773,.F.);
#5407=ORIENTED_EDGE('',*,*,#3774,.F.);
#5408=ORIENTED_EDGE('',*,*,#3720,.F.);
#5409=ORIENTED_EDGE('',*,*,#3684,.T.);
#5410=ORIENTED_EDGE('',*,*,#3718,.F.);
#5411=ORIENTED_EDGE('',*,*,#3775,.F.);
#5412=ORIENTED_EDGE('',*,*,#3776,.F.);
#5413=ORIENTED_EDGE('',*,*,#3777,.F.);
#5414=ORIENTED_EDGE('',*,*,#3778,.F.);
#5415=ORIENTED_EDGE('',*,*,#3779,.F.);
#5416=ORIENTED_EDGE('',*,*,#3780,.F.);
#5417=ORIENTED_EDGE('',*,*,#3781,.F.);
#5418=ORIENTED_EDGE('',*,*,#3782,.F.);
#5419=ORIENTED_EDGE('',*,*,#3783,.F.);
#5420=ORIENTED_EDGE('',*,*,#3784,.F.);
#5421=ORIENTED_EDGE('',*,*,#3785,.F.);
#5422=ORIENTED_EDGE('',*,*,#3786,.F.);
#5423=ORIENTED_EDGE('',*,*,#3787,.F.);
#5424=ORIENTED_EDGE('',*,*,#3788,.F.);
#5425=ORIENTED_EDGE('',*,*,#3789,.F.);
#5426=ORIENTED_EDGE('',*,*,#3790,.F.);
#5427=ORIENTED_EDGE('',*,*,#3791,.F.);
#5428=ORIENTED_EDGE('',*,*,#3686,.T.);
#5429=ORIENTED_EDGE('',*,*,#3792,.F.);
#5430=ORIENTED_EDGE('',*,*,#3751,.T.);
#5431=ORIENTED_EDGE('',*,*,#3793,.F.);
#5432=ORIENTED_EDGE('',*,*,#3780,.T.);
#5433=ORIENTED_EDGE('',*,*,#3794,.T.);
#5434=ORIENTED_EDGE('',*,*,#3752,.T.);
#5435=ORIENTED_EDGE('',*,*,#3794,.F.);
#5436=ORIENTED_EDGE('',*,*,#3779,.T.);
#5437=ORIENTED_EDGE('',*,*,#3795,.T.);
#5438=ORIENTED_EDGE('',*,*,#3750,.T.);
#5439=ORIENTED_EDGE('',*,*,#3796,.F.);
#5440=ORIENTED_EDGE('',*,*,#3781,.T.);
#5441=ORIENTED_EDGE('',*,*,#3793,.T.);
#5442=ORIENTED_EDGE('',*,*,#3749,.T.);
#5443=ORIENTED_EDGE('',*,*,#3797,.F.);
#5444=ORIENTED_EDGE('',*,*,#3782,.T.);
#5445=ORIENTED_EDGE('',*,*,#3796,.T.);
#5446=ORIENTED_EDGE('',*,*,#3748,.T.);
#5447=ORIENTED_EDGE('',*,*,#3798,.F.);
#5448=ORIENTED_EDGE('',*,*,#3783,.T.);
#5449=ORIENTED_EDGE('',*,*,#3797,.T.);
#5450=ORIENTED_EDGE('',*,*,#3747,.T.);
#5451=ORIENTED_EDGE('',*,*,#3799,.F.);
#5452=ORIENTED_EDGE('',*,*,#3784,.T.);
#5453=ORIENTED_EDGE('',*,*,#3798,.T.);
#5454=ORIENTED_EDGE('',*,*,#3746,.T.);
#5455=ORIENTED_EDGE('',*,*,#3800,.F.);
#5456=ORIENTED_EDGE('',*,*,#3785,.T.);
#5457=ORIENTED_EDGE('',*,*,#3799,.T.);
#5458=ORIENTED_EDGE('',*,*,#3745,.T.);
#5459=ORIENTED_EDGE('',*,*,#3801,.F.);
#5460=ORIENTED_EDGE('',*,*,#3786,.T.);
#5461=ORIENTED_EDGE('',*,*,#3800,.T.);
#5462=ORIENTED_EDGE('',*,*,#3744,.T.);
#5463=ORIENTED_EDGE('',*,*,#3802,.F.);
#5464=ORIENTED_EDGE('',*,*,#3787,.T.);
#5465=ORIENTED_EDGE('',*,*,#3801,.T.);
#5466=ORIENTED_EDGE('',*,*,#3743,.T.);
#5467=ORIENTED_EDGE('',*,*,#3803,.F.);
#5468=ORIENTED_EDGE('',*,*,#3788,.T.);
#5469=ORIENTED_EDGE('',*,*,#3802,.T.);
#5470=ORIENTED_EDGE('',*,*,#3742,.T.);
#5471=ORIENTED_EDGE('',*,*,#3804,.F.);
#5472=ORIENTED_EDGE('',*,*,#3789,.T.);
#5473=ORIENTED_EDGE('',*,*,#3803,.T.);
#5474=ORIENTED_EDGE('',*,*,#3741,.T.);
#5475=ORIENTED_EDGE('',*,*,#3805,.F.);
#5476=ORIENTED_EDGE('',*,*,#3790,.T.);
#5477=ORIENTED_EDGE('',*,*,#3804,.T.);
#5478=ORIENTED_EDGE('',*,*,#3687,.T.);
#5479=ORIENTED_EDGE('',*,*,#3791,.T.);
#5480=ORIENTED_EDGE('',*,*,#3805,.T.);
#5481=ORIENTED_EDGE('',*,*,#3740,.T.);
#5482=ORIENTED_EDGE('',*,*,#3710,.T.);
#5483=ORIENTED_EDGE('',*,*,#3739,.T.);
#5484=ORIENTED_EDGE('',*,*,#3806,.F.);
#5485=ORIENTED_EDGE('',*,*,#3758,.T.);
#5486=ORIENTED_EDGE('',*,*,#3738,.T.);
#5487=ORIENTED_EDGE('',*,*,#3807,.F.);
#5488=ORIENTED_EDGE('',*,*,#3759,.T.);
#5489=ORIENTED_EDGE('',*,*,#3806,.T.);
#5490=ORIENTED_EDGE('',*,*,#3737,.T.);
#5491=ORIENTED_EDGE('',*,*,#3808,.F.);
#5492=ORIENTED_EDGE('',*,*,#3760,.T.);
#5493=ORIENTED_EDGE('',*,*,#3807,.T.);
#5494=ORIENTED_EDGE('',*,*,#3736,.T.);
#5495=ORIENTED_EDGE('',*,*,#3809,.F.);
#5496=ORIENTED_EDGE('',*,*,#3761,.T.);
#5497=ORIENTED_EDGE('',*,*,#3808,.T.);
#5498=ORIENTED_EDGE('',*,*,#3735,.T.);
#5499=ORIENTED_EDGE('',*,*,#3810,.F.);
#5500=ORIENTED_EDGE('',*,*,#3762,.T.);
#5501=ORIENTED_EDGE('',*,*,#3809,.T.);
#5502=ORIENTED_EDGE('',*,*,#3732,.T.);
#5503=ORIENTED_EDGE('',*,*,#3811,.F.);
#5504=ORIENTED_EDGE('',*,*,#3765,.T.);
#5505=ORIENTED_EDGE('',*,*,#3812,.T.);
#5506=ORIENTED_EDGE('',*,*,#3728,.T.);
#5507=ORIENTED_EDGE('',*,*,#3813,.F.);
#5508=ORIENTED_EDGE('',*,*,#3769,.T.);
#5509=ORIENTED_EDGE('',*,*,#3814,.T.);
#5510=ORIENTED_EDGE('',*,*,#3729,.T.);
#5511=ORIENTED_EDGE('',*,*,#3814,.F.);
#5512=ORIENTED_EDGE('',*,*,#3768,.T.);
#5513=ORIENTED_EDGE('',*,*,#3815,.F.);
#5514=ORIENTED_EDGE('',*,*,#3726,.T.);
#5515=ORIENTED_EDGE('',*,*,#3816,.F.);
#5516=ORIENTED_EDGE('',*,*,#3771,.T.);
#5517=ORIENTED_EDGE('',*,*,#3817,.T.);
#5518=ORIENTED_EDGE('',*,*,#3727,.T.);
#5519=ORIENTED_EDGE('',*,*,#3817,.F.);
#5520=ORIENTED_EDGE('',*,*,#3770,.T.);
#5521=ORIENTED_EDGE('',*,*,#3813,.T.);
#5522=ORIENTED_EDGE('',*,*,#3724,.T.);
#5523=ORIENTED_EDGE('',*,*,#3818,.F.);
#5524=ORIENTED_EDGE('',*,*,#3773,.T.);
#5525=ORIENTED_EDGE('',*,*,#3819,.T.);
#5526=ORIENTED_EDGE('',*,*,#3725,.T.);
#5527=ORIENTED_EDGE('',*,*,#3819,.F.);
#5528=ORIENTED_EDGE('',*,*,#3772,.T.);
#5529=ORIENTED_EDGE('',*,*,#3816,.T.);
#5530=ORIENTED_EDGE('',*,*,#3723,.T.);
#5531=ORIENTED_EDGE('',*,*,#3721,.F.);
#5532=ORIENTED_EDGE('',*,*,#3774,.T.);
#5533=ORIENTED_EDGE('',*,*,#3818,.T.);
#5534=ORIENTED_EDGE('',*,*,#3756,.T.);
#5535=ORIENTED_EDGE('',*,*,#3820,.F.);
#5536=ORIENTED_EDGE('',*,*,#3775,.T.);
#5537=ORIENTED_EDGE('',*,*,#3717,.T.);
#5538=ORIENTED_EDGE('',*,*,#3754,.T.);
#5539=ORIENTED_EDGE('',*,*,#3821,.F.);
#5540=ORIENTED_EDGE('',*,*,#3777,.T.);
#5541=ORIENTED_EDGE('',*,*,#3822,.T.);
#5542=ORIENTED_EDGE('',*,*,#3755,.T.);
#5543=ORIENTED_EDGE('',*,*,#3822,.F.);
#5544=ORIENTED_EDGE('',*,*,#3776,.T.);
#5545=ORIENTED_EDGE('',*,*,#3820,.T.);
#5546=ORIENTED_EDGE('',*,*,#3753,.T.);
#5547=ORIENTED_EDGE('',*,*,#3795,.F.);
#5548=ORIENTED_EDGE('',*,*,#3778,.T.);
#5549=ORIENTED_EDGE('',*,*,#3821,.T.);
#5550=ORIENTED_EDGE('',*,*,#3734,.T.);
#5551=ORIENTED_EDGE('',*,*,#3823,.F.);
#5552=ORIENTED_EDGE('',*,*,#3763,.T.);
#5553=ORIENTED_EDGE('',*,*,#3810,.T.);
#5554=ORIENTED_EDGE('',*,*,#3733,.T.);
#5555=ORIENTED_EDGE('',*,*,#3812,.F.);
#5556=ORIENTED_EDGE('',*,*,#3764,.T.);
#5557=ORIENTED_EDGE('',*,*,#3823,.T.);
#5558=ORIENTED_EDGE('',*,*,#3730,.T.);
#5559=ORIENTED_EDGE('',*,*,#3815,.T.);
#5560=ORIENTED_EDGE('',*,*,#3767,.T.);
#5561=ORIENTED_EDGE('',*,*,#3824,.T.);
#5562=ORIENTED_EDGE('',*,*,#3685,.T.);
#5563=ORIENTED_EDGE('',*,*,#3792,.T.);
#5564=ORIENTED_EDGE('',*,*,#3731,.T.);
#5565=ORIENTED_EDGE('',*,*,#3824,.F.);
#5566=ORIENTED_EDGE('',*,*,#3766,.T.);
#5567=ORIENTED_EDGE('',*,*,#3811,.T.);
#5568=ORIENTED_EDGE('',*,*,#3825,.F.);
#5569=ORIENTED_EDGE('',*,*,#3826,.T.);
#5570=ORIENTED_EDGE('',*,*,#3827,.T.);
#5571=ORIENTED_EDGE('',*,*,#3828,.T.);
#5572=ORIENTED_EDGE('',*,*,#3827,.F.);
#5573=ORIENTED_EDGE('',*,*,#3829,.T.);
#5574=ORIENTED_EDGE('',*,*,#3830,.T.);
#5575=ORIENTED_EDGE('',*,*,#3831,.T.);
#5576=ORIENTED_EDGE('',*,*,#3832,.F.);
#5577=ORIENTED_EDGE('',*,*,#3833,.T.);
#5578=ORIENTED_EDGE('',*,*,#3825,.T.);
#5579=ORIENTED_EDGE('',*,*,#3834,.T.);
#5580=ORIENTED_EDGE('',*,*,#3835,.F.);
#5581=ORIENTED_EDGE('',*,*,#3836,.T.);
#5582=ORIENTED_EDGE('',*,*,#3832,.T.);
#5583=ORIENTED_EDGE('',*,*,#3837,.T.);
#5584=ORIENTED_EDGE('',*,*,#3838,.F.);
#5585=ORIENTED_EDGE('',*,*,#3839,.T.);
#5586=ORIENTED_EDGE('',*,*,#3835,.T.);
#5587=ORIENTED_EDGE('',*,*,#3840,.T.);
#5588=ORIENTED_EDGE('',*,*,#3841,.F.);
#5589=ORIENTED_EDGE('',*,*,#3842,.T.);
#5590=ORIENTED_EDGE('',*,*,#3838,.T.);
#5591=ORIENTED_EDGE('',*,*,#3843,.T.);
#5592=ORIENTED_EDGE('',*,*,#3844,.F.);
#5593=ORIENTED_EDGE('',*,*,#3845,.F.);
#5594=ORIENTED_EDGE('',*,*,#3846,.T.);
#5595=ORIENTED_EDGE('',*,*,#3847,.T.);
#5596=ORIENTED_EDGE('',*,*,#3848,.T.);
#5597=ORIENTED_EDGE('',*,*,#3849,.T.);
#5598=ORIENTED_EDGE('',*,*,#3841,.T.);
#5599=ORIENTED_EDGE('',*,*,#3850,.T.);
#5600=ORIENTED_EDGE('',*,*,#3846,.F.);
#5601=ORIENTED_EDGE('',*,*,#3851,.F.);
#5602=ORIENTED_EDGE('',*,*,#3852,.F.);
#5603=ORIENTED_EDGE('',*,*,#3853,.T.);
#5604=ORIENTED_EDGE('',*,*,#3854,.F.);
#5605=ORIENTED_EDGE('',*,*,#3855,.F.);
#5606=ORIENTED_EDGE('',*,*,#3856,.T.);
#5607=ORIENTED_EDGE('',*,*,#3852,.T.);
#5608=ORIENTED_EDGE('',*,*,#3848,.F.);
#5609=ORIENTED_EDGE('',*,*,#3857,.T.);
#5610=ORIENTED_EDGE('',*,*,#3858,.F.);
#5611=ORIENTED_EDGE('',*,*,#3859,.T.);
#5612=ORIENTED_EDGE('',*,*,#3847,.F.);
#5613=ORIENTED_EDGE('',*,*,#3854,.T.);
#5614=ORIENTED_EDGE('',*,*,#3860,.T.);
#5615=ORIENTED_EDGE('',*,*,#3857,.F.);
#5616=ORIENTED_EDGE('',*,*,#3858,.T.);
#5617=ORIENTED_EDGE('',*,*,#3860,.F.);
#5618=ORIENTED_EDGE('',*,*,#3853,.F.);
#5619=ORIENTED_EDGE('',*,*,#3856,.F.);
#5620=ORIENTED_EDGE('',*,*,#3861,.F.);
#5621=ORIENTED_EDGE('',*,*,#3850,.F.);
#5622=ORIENTED_EDGE('',*,*,#3843,.F.);
#5623=ORIENTED_EDGE('',*,*,#3840,.F.);
#5624=ORIENTED_EDGE('',*,*,#3837,.F.);
#5625=ORIENTED_EDGE('',*,*,#3834,.F.);
#5626=ORIENTED_EDGE('',*,*,#3831,.F.);
#5627=ORIENTED_EDGE('',*,*,#3862,.F.);
#5628=ORIENTED_EDGE('',*,*,#3863,.T.);
#5629=ORIENTED_EDGE('',*,*,#3864,.F.);
#5630=ORIENTED_EDGE('',*,*,#3829,.F.);
#5631=ORIENTED_EDGE('',*,*,#3826,.F.);
#5632=ORIENTED_EDGE('',*,*,#3833,.F.);
#5633=ORIENTED_EDGE('',*,*,#3836,.F.);
#5634=ORIENTED_EDGE('',*,*,#3839,.F.);
#5635=ORIENTED_EDGE('',*,*,#3842,.F.);
#5636=ORIENTED_EDGE('',*,*,#3849,.F.);
#5637=ORIENTED_EDGE('',*,*,#3859,.F.);
#5638=ORIENTED_EDGE('',*,*,#3863,.F.);
#5639=ORIENTED_EDGE('',*,*,#3830,.F.);
#5640=ORIENTED_EDGE('',*,*,#3864,.T.);
#5641=ORIENTED_EDGE('',*,*,#3862,.T.);
#5642=ORIENTED_EDGE('',*,*,#3844,.T.);
#5643=ORIENTED_EDGE('',*,*,#3861,.T.);
#5644=ORIENTED_EDGE('',*,*,#3865,.F.);
#5645=ORIENTED_EDGE('',*,*,#3851,.T.);
#5646=ORIENTED_EDGE('',*,*,#3845,.T.);
#5647=ORIENTED_EDGE('',*,*,#3865,.T.);
#5648=ORIENTED_EDGE('',*,*,#3855,.T.);
#5649=ORIENTED_EDGE('',*,*,#3828,.F.);
#5650=CYLINDRICAL_SURFACE('',#6088,0.1);
#5651=CYLINDRICAL_SURFACE('',#6092,0.1);
#5652=CYLINDRICAL_SURFACE('',#6099,0.1);
#5653=CYLINDRICAL_SURFACE('',#6102,0.1);
#5654=CYLINDRICAL_SURFACE('',#6105,0.5);
#5655=CYLINDRICAL_SURFACE('',#6111,0.5);
#5656=CYLINDRICAL_SURFACE('',#6117,0.5);
#5657=CYLINDRICAL_SURFACE('',#6120,0.5);
#5658=CYLINDRICAL_SURFACE('',#6125,0.4);
#5659=CYLINDRICAL_SURFACE('',#6129,1.);
#5660=CYLINDRICAL_SURFACE('',#6141,0.4);
#5661=CYLINDRICAL_SURFACE('',#6145,1.);
#5662=CYLINDRICAL_SURFACE('',#6152,0.5);
#5663=CYLINDRICAL_SURFACE('',#6154,0.5);
#5664=CYLINDRICAL_SURFACE('',#6159,0.5);
#5665=CYLINDRICAL_SURFACE('',#6161,0.5);
#5666=CYLINDRICAL_SURFACE('',#6165,0.2);
#5667=CYLINDRICAL_SURFACE('',#6179,0.05);
#5668=CYLINDRICAL_SURFACE('',#6192,0.2);
#5669=CYLINDRICAL_SURFACE('',#6198,0.05);
#5670=CYLINDRICAL_SURFACE('',#6201,0.05);
#5671=CYLINDRICAL_SURFACE('',#6205,0.05);
#5672=CYLINDRICAL_SURFACE('',#6220,0.55);
#5673=CYLINDRICAL_SURFACE('',#6231,0.55);
#5674=CYLINDRICAL_SURFACE('',#6241,0.2);
#5675=CYLINDRICAL_SURFACE('',#6245,0.2);
#5676=CYLINDRICAL_SURFACE('',#6270,0.175);
#5677=CYLINDRICAL_SURFACE('',#6275,0.175);
#5678=CYLINDRICAL_SURFACE('',#6280,0.175);
#5679=CYLINDRICAL_SURFACE('',#6285,0.175);
#5680=CYLINDRICAL_SURFACE('',#6286,0.5);
#5681=CYLINDRICAL_SURFACE('',#6287,0.500000000000002);
#5682=CYLINDRICAL_SURFACE('',#6289,0.5);
#5683=CYLINDRICAL_SURFACE('',#6290,0.5);
#5684=CYLINDRICAL_SURFACE('',#6291,0.2);
#5685=CYLINDRICAL_SURFACE('',#6302,0.2);
#5686=CYLINDRICAL_SURFACE('',#6305,0.2);
#5687=CYLINDRICAL_SURFACE('',#6308,0.2);
#5688=CYLINDRICAL_SURFACE('',#6310,0.4);
#5689=CYLINDRICAL_SURFACE('',#6317,0.1);
#5690=CYLINDRICAL_SURFACE('',#6319,0.5);
#5691=CYLINDRICAL_SURFACE('',#6323,0.2);
#5692=CYLINDRICAL_SURFACE('',#6334,0.2);
#5693=CYLINDRICAL_SURFACE('',#6337,0.2);
#5694=CYLINDRICAL_SURFACE('',#6340,0.2);
#5695=CYLINDRICAL_SURFACE('',#6342,0.4);
#5696=CYLINDRICAL_SURFACE('',#6349,0.1);
#5697=CYLINDRICAL_SURFACE('',#6351,0.5);
#5698=CYLINDRICAL_SURFACE('',#6355,0.2);
#5699=CYLINDRICAL_SURFACE('',#6366,0.2);
#5700=CYLINDRICAL_SURFACE('',#6369,0.2);
#5701=CYLINDRICAL_SURFACE('',#6372,0.2);
#5702=CYLINDRICAL_SURFACE('',#6374,0.4);
#5703=CYLINDRICAL_SURFACE('',#6381,0.1);
#5704=CYLINDRICAL_SURFACE('',#6383,0.5);
#5705=CYLINDRICAL_SURFACE('',#6402,0.85);
#5706=CYLINDRICAL_SURFACE('',#6415,0.85);
#5707=CYLINDRICAL_SURFACE('',#6438,2.75);
#5708=CYLINDRICAL_SURFACE('',#6444,3.25);
#5709=CYLINDRICAL_SURFACE('',#6523,1.95);
#5710=CYLINDRICAL_SURFACE('',#6527,1.95);
#5711=CYLINDRICAL_SURFACE('',#6545,2.45);
#5712=CYLINDRICAL_SURFACE('',#6564,2.45);
#5713=CYLINDRICAL_SURFACE('',#6609,3.1);
#5714=CYLINDRICAL_SURFACE('',#6611,3.1);
#5715=CYLINDRICAL_SURFACE('',#6612,3.1);
#5716=CYLINDRICAL_SURFACE('',#6613,3.1);
#5717=CYLINDRICAL_SURFACE('',#6614,3.1);
#5718=CYLINDRICAL_SURFACE('',#6615,3.1);
#5719=CYLINDRICAL_SURFACE('',#6618,3.1);
#5720=ADVANCED_FACE('',(#504),#5650,.F.);
#5721=ADVANCED_FACE('',(#505),#300,.F.);
#5722=ADVANCED_FACE('',(#506),#5651,.F.);
#5723=ADVANCED_FACE('',(#507),#301,.F.);
#5724=ADVANCED_FACE('',(#508),#302,.F.);
#5725=ADVANCED_FACE('',(#509),#5652,.F.);
#5726=ADVANCED_FACE('',(#510),#303,.F.);
#5727=ADVANCED_FACE('',(#511),#5653,.F.);
#5728=ADVANCED_FACE('',(#512),#304,.F.);
#5729=ADVANCED_FACE('',(#513),#5654,.T.);
#5730=ADVANCED_FACE('',(#514),#305,.T.);
#5731=ADVANCED_FACE('',(#515),#306,.F.);
#5732=ADVANCED_FACE('',(#516),#5655,.T.);
#5733=ADVANCED_FACE('',(#517),#307,.T.);
#5734=ADVANCED_FACE('',(#518),#308,.T.);
#5735=ADVANCED_FACE('',(#519),#5656,.T.);
#5736=ADVANCED_FACE('',(#520),#309,.T.);
#5737=ADVANCED_FACE('',(#521),#5657,.T.);
#5738=ADVANCED_FACE('',(#522),#310,.F.);
#5739=ADVANCED_FACE('',(#523),#311,.T.);
#5740=ADVANCED_FACE('',(#524,#284),#312,.F.);
#5741=ADVANCED_FACE('',(#525),#5658,.F.);
#5742=ADVANCED_FACE('',(#526),#313,.T.);
#5743=ADVANCED_FACE('',(#527),#5659,.F.);
#5744=ADVANCED_FACE('',(#528),#314,.F.);
#5745=ADVANCED_FACE('',(#529),#315,.F.);
#5746=ADVANCED_FACE('',(#530,#285),#316,.T.);
#5747=ADVANCED_FACE('',(#531),#317,.T.);
#5748=ADVANCED_FACE('',(#532),#318,.T.);
#5749=ADVANCED_FACE('',(#533),#5660,.F.);
#5750=ADVANCED_FACE('',(#534),#319,.T.);
#5751=ADVANCED_FACE('',(#535),#5661,.F.);
#5752=ADVANCED_FACE('',(#536),#320,.F.);
#5753=ADVANCED_FACE('',(#537),#321,.F.);
#5754=ADVANCED_FACE('',(#538,#286),#322,.T.);
#5755=ADVANCED_FACE('',(#539),#323,.T.);
#5756=ADVANCED_FACE('',(#540),#5662,.T.);
#5757=ADVANCED_FACE('',(#541),#5663,.T.);
#5758=ADVANCED_FACE('',(#542),#324,.T.);
#5759=ADVANCED_FACE('',(#543),#325,.F.);
#5760=ADVANCED_FACE('',(#544),#326,.T.);
#5761=ADVANCED_FACE('',(#545),#5664,.T.);
#5762=ADVANCED_FACE('',(#546),#5665,.T.);
#5763=ADVANCED_FACE('',(#547),#327,.T.);
#5764=ADVANCED_FACE('',(#548),#328,.F.);
#5765=ADVANCED_FACE('',(#549),#5666,.T.);
#5766=ADVANCED_FACE('',(#550),#329,.F.);
#5767=ADVANCED_FACE('',(#551,#287,#288,#289,#290),#330,.F.);
#5768=ADVANCED_FACE('',(#552),#5667,.F.);
#5769=ADVANCED_FACE('',(#553),#331,.F.);
#5770=ADVANCED_FACE('',(#554),#332,.F.);
#5771=ADVANCED_FACE('',(#555,#291,#292,#293,#294),#333,.T.);
#5772=ADVANCED_FACE('',(#556),#5668,.T.);
#5773=ADVANCED_FACE('',(#557),#334,.T.);
#5774=ADVANCED_FACE('',(#558),#335,.T.);
#5775=ADVANCED_FACE('',(#559),#5669,.F.);
#5776=ADVANCED_FACE('',(#560),#336,.T.);
#5777=ADVANCED_FACE('',(#561),#5670,.F.);
#5778=ADVANCED_FACE('',(#562),#337,.F.);
#5779=ADVANCED_FACE('',(#563),#5671,.F.);
#5780=ADVANCED_FACE('',(#564),#338,.T.);
#5781=ADVANCED_FACE('',(#565),#339,.F.);
#5782=ADVANCED_FACE('',(#566),#340,.F.);
#5783=ADVANCED_FACE('',(#567),#341,.T.);
#5784=ADVANCED_FACE('',(#568),#342,.T.);
#5785=ADVANCED_FACE('',(#569),#343,.T.);
#5786=ADVANCED_FACE('',(#570),#344,.T.);
#5787=ADVANCED_FACE('',(#571),#345,.T.);
#5788=ADVANCED_FACE('',(#572),#346,.F.);
#5789=ADVANCED_FACE('',(#573),#347,.F.);
#5790=ADVANCED_FACE('',(#574),#250,.F.);
#5791=ADVANCED_FACE('',(#575),#348,.F.);
#5792=ADVANCED_FACE('',(#576),#5672,.T.);
#5793=ADVANCED_FACE('',(#577),#349,.T.);
#5794=ADVANCED_FACE('',(#578),#251,.F.);
#5795=ADVANCED_FACE('',(#579),#350,.F.);
#5796=ADVANCED_FACE('',(#580),#351,.F.);
#5797=ADVANCED_FACE('',(#581),#352,.F.);
#5798=ADVANCED_FACE('',(#582),#353,.F.);
#5799=ADVANCED_FACE('',(#583),#354,.F.);
#5800=ADVANCED_FACE('',(#584),#355,.T.);
#5801=ADVANCED_FACE('',(#585),#252,.T.);
#5802=ADVANCED_FACE('',(#586),#356,.T.);
#5803=ADVANCED_FACE('',(#587),#5673,.T.);
#5804=ADVANCED_FACE('',(#588),#357,.F.);
#5805=ADVANCED_FACE('',(#589),#253,.T.);
#5806=ADVANCED_FACE('',(#590),#358,.T.);
#5807=ADVANCED_FACE('',(#591),#359,.T.);
#5808=ADVANCED_FACE('',(#592),#360,.T.);
#5809=ADVANCED_FACE('',(#593),#361,.T.);
#5810=ADVANCED_FACE('',(#594),#362,.T.);
#5811=ADVANCED_FACE('',(#595),#363,.T.);
#5812=ADVANCED_FACE('',(#596),#364,.T.);
#5813=ADVANCED_FACE('',(#597),#5674,.T.);
#5814=ADVANCED_FACE('',(#598),#365,.F.);
#5815=ADVANCED_FACE('',(#599),#5675,.T.);
#5816=ADVANCED_FACE('',(#600),#366,.T.);
#5817=ADVANCED_FACE('',(#601),#367,.T.);
#5818=ADVANCED_FACE('',(#602),#368,.F.);
#5819=ADVANCED_FACE('',(#603),#369,.F.);
#5820=ADVANCED_FACE('',(#604),#370,.T.);
#5821=ADVANCED_FACE('',(#605),#371,.T.);
#5822=ADVANCED_FACE('',(#606),#372,.T.);
#5823=ADVANCED_FACE('',(#607),#373,.T.);
#5824=ADVANCED_FACE('',(#608),#374,.F.);
#5825=ADVANCED_FACE('',(#609),#375,.F.);
#5826=ADVANCED_FACE('',(#610),#376,.T.);
#5827=ADVANCED_FACE('',(#611),#377,.T.);
#5828=ADVANCED_FACE('',(#612),#378,.T.);
#5829=ADVANCED_FACE('',(#613),#379,.F.);
#5830=ADVANCED_FACE('',(#614),#380,.F.);
#5831=ADVANCED_FACE('',(#615),#381,.T.);
#5832=ADVANCED_FACE('',(#616),#382,.T.);
#5833=ADVANCED_FACE('',(#617),#383,.T.);
#5834=ADVANCED_FACE('',(#618),#187,.T.);
#5835=ADVANCED_FACE('',(#619),#5676,.F.);
#5836=ADVANCED_FACE('',(#620),#188,.T.);
#5837=ADVANCED_FACE('',(#621),#5677,.F.);
#5838=ADVANCED_FACE('',(#622),#189,.T.);
#5839=ADVANCED_FACE('',(#623),#5678,.F.);
#5840=ADVANCED_FACE('',(#624),#190,.T.);
#5841=ADVANCED_FACE('',(#625),#5679,.F.);
#5842=ADVANCED_FACE('',(#626),#5680,.T.);
#5843=ADVANCED_FACE('',(#627),#5681,.T.);
#5844=ADVANCED_FACE('',(#628),#384,.T.);
#5845=ADVANCED_FACE('',(#629),#5682,.T.);
#5846=ADVANCED_FACE('',(#630),#5683,.T.);
#5847=ADVANCED_FACE('',(#631),#5684,.T.);
#5848=ADVANCED_FACE('',(#632),#385,.T.);
#5849=ADVANCED_FACE('',(#633),#386,.T.);
#5850=ADVANCED_FACE('',(#634),#5685,.F.);
#5851=ADVANCED_FACE('',(#635),#387,.F.);
#5852=ADVANCED_FACE('',(#636),#5686,.F.);
#5853=ADVANCED_FACE('',(#637),#388,.F.);
#5854=ADVANCED_FACE('',(#638),#5687,.T.);
#5855=ADVANCED_FACE('',(#639),#5688,.T.);
#5856=ADVANCED_FACE('',(#640),#389,.F.);
#5857=ADVANCED_FACE('',(#641),#390,.F.);
#5858=ADVANCED_FACE('',(#642),#391,.T.);
#5859=ADVANCED_FACE('',(#643),#5689,.F.);
#5860=ADVANCED_FACE('',(#644),#392,.T.);
#5861=ADVANCED_FACE('',(#645),#5690,.T.);
#5862=ADVANCED_FACE('',(#646),#393,.T.);
#5863=ADVANCED_FACE('',(#647),#394,.T.);
#5864=ADVANCED_FACE('',(#648),#395,.T.);
#5865=ADVANCED_FACE('',(#649),#5691,.T.);
#5866=ADVANCED_FACE('',(#650),#396,.T.);
#5867=ADVANCED_FACE('',(#651),#397,.T.);
#5868=ADVANCED_FACE('',(#652),#5692,.F.);
#5869=ADVANCED_FACE('',(#653),#398,.F.);
#5870=ADVANCED_FACE('',(#654),#5693,.F.);
#5871=ADVANCED_FACE('',(#655),#399,.F.);
#5872=ADVANCED_FACE('',(#656),#5694,.T.);
#5873=ADVANCED_FACE('',(#657),#5695,.T.);
#5874=ADVANCED_FACE('',(#658),#400,.F.);
#5875=ADVANCED_FACE('',(#659),#401,.F.);
#5876=ADVANCED_FACE('',(#660),#402,.T.);
#5877=ADVANCED_FACE('',(#661),#5696,.F.);
#5878=ADVANCED_FACE('',(#662),#403,.T.);
#5879=ADVANCED_FACE('',(#663),#5697,.T.);
#5880=ADVANCED_FACE('',(#664),#404,.T.);
#5881=ADVANCED_FACE('',(#665),#405,.T.);
#5882=ADVANCED_FACE('',(#666),#406,.T.);
#5883=ADVANCED_FACE('',(#667),#5698,.T.);
#5884=ADVANCED_FACE('',(#668),#407,.T.);
#5885=ADVANCED_FACE('',(#669),#408,.T.);
#5886=ADVANCED_FACE('',(#670),#5699,.F.);
#5887=ADVANCED_FACE('',(#671),#409,.F.);
#5888=ADVANCED_FACE('',(#672),#5700,.F.);
#5889=ADVANCED_FACE('',(#673),#410,.F.);
#5890=ADVANCED_FACE('',(#674),#5701,.T.);
#5891=ADVANCED_FACE('',(#675),#5702,.T.);
#5892=ADVANCED_FACE('',(#676),#411,.F.);
#5893=ADVANCED_FACE('',(#677),#412,.F.);
#5894=ADVANCED_FACE('',(#678),#413,.T.);
#5895=ADVANCED_FACE('',(#679),#5703,.F.);
#5896=ADVANCED_FACE('',(#680),#414,.T.);
#5897=ADVANCED_FACE('',(#681),#5704,.T.);
#5898=ADVANCED_FACE('',(#682),#415,.T.);
#5899=ADVANCED_FACE('',(#683),#416,.T.);
#5900=ADVANCED_FACE('',(#684),#417,.T.);
#5901=ADVANCED_FACE('',(#685),#191,.T.);
#5902=ADVANCED_FACE('',(#686,#295),#418,.T.);
#5903=ADVANCED_FACE('',(#687),#192,.T.);
#5904=ADVANCED_FACE('',(#688,#296),#419,.F.);
#5905=ADVANCED_FACE('',(#689),#193,.T.);
#5906=ADVANCED_FACE('',(#690),#5705,.T.);
#5907=ADVANCED_FACE('',(#691),#420,.T.);
#5908=ADVANCED_FACE('',(#692),#194,.T.);
#5909=ADVANCED_FACE('',(#693),#421,.F.);
#5910=ADVANCED_FACE('',(#694),#195,.T.);
#5911=ADVANCED_FACE('',(#695),#5706,.T.);
#5912=ADVANCED_FACE('',(#696),#422,.T.);
#5913=ADVANCED_FACE('',(#697),#196,.T.);
#5914=ADVANCED_FACE('',(#698),#423,.F.);
#5915=ADVANCED_FACE('',(#699),#197,.T.);
#5916=ADVANCED_FACE('',(#700,#297),#424,.T.);
#5917=ADVANCED_FACE('',(#701),#198,.T.);
#5918=ADVANCED_FACE('',(#702,#298),#425,.F.);
#5919=ADVANCED_FACE('',(#703),#153,.F.);
#5920=ADVANCED_FACE('',(#704,#299),#426,.F.);
#5921=ADVANCED_FACE('',(#705),#5707,.F.);
#5922=ADVANCED_FACE('',(#706),#154,.T.);
#5923=ADVANCED_FACE('',(#707),#5708,.T.);
#5924=ADVANCED_FACE('',(#708),#427,.F.);
#5925=ADVANCED_FACE('',(#709),#428,.F.);
#5926=ADVANCED_FACE('',(#710),#429,.T.);
#5927=ADVANCED_FACE('',(#711),#430,.F.);
#5928=ADVANCED_FACE('',(#712),#431,.F.);
#5929=ADVANCED_FACE('',(#713),#432,.F.);
#5930=ADVANCED_FACE('',(#714),#433,.T.);
#5931=ADVANCED_FACE('',(#715),#434,.F.);
#5932=ADVANCED_FACE('',(#716),#435,.F.);
#5933=ADVANCED_FACE('',(#717),#436,.F.);
#5934=ADVANCED_FACE('',(#718),#437,.F.);
#5935=ADVANCED_FACE('',(#719),#438,.F.);
#5936=ADVANCED_FACE('',(#720),#439,.F.);
#5937=ADVANCED_FACE('',(#721),#440,.F.);
#5938=ADVANCED_FACE('',(#722),#441,.F.);
#5939=ADVANCED_FACE('',(#723),#442,.F.);
#5940=ADVANCED_FACE('',(#724),#443,.F.);
#5941=ADVANCED_FACE('',(#725),#444,.F.);
#5942=ADVANCED_FACE('',(#726),#445,.F.);
#5943=ADVANCED_FACE('',(#727),#446,.T.);
#5944=ADVANCED_FACE('',(#728),#199,.T.);
#5945=ADVANCED_FACE('',(#729),#155,.T.);
#5946=ADVANCED_FACE('',(#730),#156,.T.);
#5947=ADVANCED_FACE('',(#731),#157,.T.);
#5948=ADVANCED_FACE('',(#732),#158,.T.);
#5949=ADVANCED_FACE('',(#733),#159,.T.);
#5950=ADVANCED_FACE('',(#734),#160,.T.);
#5951=ADVANCED_FACE('',(#735),#161,.F.);
#5952=ADVANCED_FACE('',(#736),#162,.F.);
#5953=ADVANCED_FACE('',(#737),#163,.F.);
#5954=ADVANCED_FACE('',(#738),#164,.F.);
#5955=ADVANCED_FACE('',(#739),#165,.F.);
#5956=ADVANCED_FACE('',(#740),#166,.F.);
#5957=ADVANCED_FACE('',(#741),#167,.T.);
#5958=ADVANCED_FACE('',(#742),#168,.T.);
#5959=ADVANCED_FACE('',(#743),#169,.T.);
#5960=ADVANCED_FACE('',(#744),#170,.T.);
#5961=ADVANCED_FACE('',(#745),#171,.T.);
#5962=ADVANCED_FACE('',(#746),#172,.T.);
#5963=ADVANCED_FACE('',(#747),#173,.F.);
#5964=ADVANCED_FACE('',(#748),#174,.F.);
#5965=ADVANCED_FACE('',(#749),#175,.F.);
#5966=ADVANCED_FACE('',(#750),#176,.F.);
#5967=ADVANCED_FACE('',(#751),#177,.F.);
#5968=ADVANCED_FACE('',(#752),#178,.F.);
#5969=ADVANCED_FACE('',(#753),#179,.F.);
#5970=ADVANCED_FACE('',(#754),#5709,.F.);
#5971=ADVANCED_FACE('',(#755),#200,.T.);
#5972=ADVANCED_FACE('',(#756),#5710,.F.);
#5973=ADVANCED_FACE('',(#757),#180,.F.);
#5974=ADVANCED_FACE('',(#758),#181,.F.);
#5975=ADVANCED_FACE('',(#759),#447,.F.);
#5976=ADVANCED_FACE('',(#760),#448,.F.);
#5977=ADVANCED_FACE('',(#761),#449,.F.);
#5978=ADVANCED_FACE('',(#762),#450,.F.);
#5979=ADVANCED_FACE('',(#763),#451,.F.);
#5980=ADVANCED_FACE('',(#764),#452,.F.);
#5981=ADVANCED_FACE('',(#765),#453,.F.);
#5982=ADVANCED_FACE('',(#766),#454,.F.);
#5983=ADVANCED_FACE('',(#767),#455,.F.);
#5984=ADVANCED_FACE('',(#768),#456,.F.);
#5985=ADVANCED_FACE('',(#769),#457,.F.);
#5986=ADVANCED_FACE('',(#770),#458,.F.);
#5987=ADVANCED_FACE('',(#771),#459,.F.);
#5988=ADVANCED_FACE('',(#772),#460,.F.);
#5989=ADVANCED_FACE('',(#773),#5711,.T.);
#5990=ADVANCED_FACE('',(#774),#201,.F.);
#5991=ADVANCED_FACE('',(#775),#182,.T.);
#5992=ADVANCED_FACE('',(#776),#202,.T.);
#5993=ADVANCED_FACE('',(#777),#461,.F.);
#5994=ADVANCED_FACE('',(#778),#462,.F.);
#5995=ADVANCED_FACE('',(#779),#463,.T.);
#5996=ADVANCED_FACE('',(#780),#5712,.T.);
#5997=ADVANCED_FACE('',(#781),#464,.T.);
#5998=ADVANCED_FACE('',(#782),#183,.T.);
#5999=ADVANCED_FACE('',(#783),#184,.T.);
#6000=ADVANCED_FACE('',(#784),#465,.T.);
#6001=ADVANCED_FACE('',(#785),#185,.T.);
#6002=ADVANCED_FACE('',(#786),#186,.T.);
#6003=ADVANCED_FACE('',(#787),#466,.T.);
#6004=ADVANCED_FACE('',(#788),#467,.T.);
#6005=ADVANCED_FACE('',(#789),#468,.T.);
#6006=ADVANCED_FACE('',(#790),#469,.T.);
#6007=ADVANCED_FACE('',(#791),#470,.T.);
#6008=ADVANCED_FACE('',(#792),#471,.T.);
#6009=ADVANCED_FACE('',(#793),#472,.T.);
#6010=ADVANCED_FACE('',(#794),#473,.T.);
#6011=ADVANCED_FACE('',(#795),#474,.T.);
#6012=ADVANCED_FACE('',(#796),#475,.T.);
#6013=ADVANCED_FACE('',(#797),#476,.T.);
#6014=ADVANCED_FACE('',(#798),#477,.T.);
#6015=ADVANCED_FACE('',(#799),#478,.T.);
#6016=ADVANCED_FACE('',(#800),#479,.T.);
#6017=ADVANCED_FACE('',(#801),#480,.T.);
#6018=ADVANCED_FACE('',(#802),#481,.T.);
#6019=ADVANCED_FACE('',(#803),#482,.T.);
#6020=ADVANCED_FACE('',(#804),#483,.T.);
#6021=ADVANCED_FACE('',(#805),#484,.T.);
#6022=ADVANCED_FACE('',(#806),#485,.T.);
#6023=ADVANCED_FACE('',(#807),#486,.T.);
#6024=ADVANCED_FACE('',(#808),#487,.T.);
#6025=ADVANCED_FACE('',(#809),#488,.T.);
#6026=ADVANCED_FACE('',(#810),#489,.T.);
#6027=ADVANCED_FACE('',(#811),#490,.T.);
#6028=ADVANCED_FACE('',(#812),#491,.T.);
#6029=ADVANCED_FACE('',(#813),#492,.T.);
#6030=ADVANCED_FACE('',(#814),#493,.T.);
#6031=ADVANCED_FACE('',(#815),#494,.T.);
#6032=ADVANCED_FACE('',(#816),#495,.T.);
#6033=ADVANCED_FACE('',(#817),#496,.T.);
#6034=ADVANCED_FACE('',(#818),#497,.T.);
#6035=ADVANCED_FACE('',(#819),#498,.T.);
#6036=ADVANCED_FACE('',(#820),#499,.T.);
#6037=ADVANCED_FACE('',(#821),#500,.T.);
#6038=ADVANCED_FACE('',(#822),#5713,.T.);
#6039=ADVANCED_FACE('',(#823),#5714,.T.);
#6040=ADVANCED_FACE('',(#824),#5715,.T.);
#6041=ADVANCED_FACE('',(#825),#5716,.T.);
#6042=ADVANCED_FACE('',(#826),#5717,.T.);
#6043=ADVANCED_FACE('',(#827),#5718,.T.);
#6044=ADVANCED_FACE('',(#828),#254,.T.);
#6045=ADVANCED_FACE('',(#829),#255,.T.);
#6046=ADVANCED_FACE('',(#830),#256,.T.);
#6047=ADVANCED_FACE('',(#831),#257,.T.);
#6048=ADVANCED_FACE('',(#832),#258,.T.);
#6049=ADVANCED_FACE('',(#833),#259,.T.);
#6050=ADVANCED_FACE('',(#834),#501,.F.);
#6051=ADVANCED_FACE('',(#835),#5719,.T.);
#6052=ADVANCED_FACE('',(#836),#502,.T.);
#6053=ADVANCED_FACE('',(#837),#503,.F.);
#6054=CLOSED_SHELL('',(#5720,#5721,#5722,#5723,#5724,#5725,#5726,#5727,
#5728,#5729,#5730,#5731,#5732,#5733,#5734,#5735,#5736,#5737,#5738,#5739,
#5740));
#6055=CLOSED_SHELL('',(#5741,#5742,#5743,#5744,#5745,#5746,#5747,#5748,
#5749,#5750,#5751,#5752,#5753,#5754,#5755,#5756,#5757,#5758,#5759,#5760,
#5761,#5762,#5763,#5764));
#6056=CLOSED_SHELL('',(#5765,#5766,#5767,#5768,#5769,#5770,#5771,#5772,
#5773,#5774,#5775,#5776,#5777,#5778,#5779,#5780,#5781,#5782,#5783,#5784,
#5785,#5786,#5787,#5788,#5789,#5790,#5791,#5792,#5793,#5794,#5795,#5796,
#5797,#5798,#5799,#5800,#5801,#5802,#5803,#5804,#5805,#5806,#5807,#5808,
#5809,#5810,#5811,#5812,#5813,#5814,#5815,#5816,#5817,#5818,#5819,#5820,
#5821,#5822,#5823,#5824,#5825,#5826,#5827,#5828,#5829,#5830,#5831,#5832,
#5833,#5834,#5835,#5836,#5837,#5838,#5839,#5840,#5841,#5842,#5843,#5844,
#5845,#5846));
#6057=CLOSED_SHELL('',(#5847,#5848,#5849,#5850,#5851,#5852,#5853,#5854,
#5855,#5856,#5857,#5858,#5859,#5860,#5861,#5862,#5863,#5864));
#6058=CLOSED_SHELL('',(#5865,#5866,#5867,#5868,#5869,#5870,#5871,#5872,
#5873,#5874,#5875,#5876,#5877,#5878,#5879,#5880,#5881,#5882));
#6059=CLOSED_SHELL('',(#5883,#5884,#5885,#5886,#5887,#5888,#5889,#5890,
#5891,#5892,#5893,#5894,#5895,#5896,#5897,#5898,#5899,#5900));
#6060=CLOSED_SHELL('',(#5901,#5902,#5903,#5904));
#6061=CLOSED_SHELL('',(#5905,#5906,#5907,#5908,#5909));
#6062=CLOSED_SHELL('',(#5910,#5911,#5912,#5913,#5914));
#6063=CLOSED_SHELL('',(#5915,#5916,#5917,#5918));
#6064=CLOSED_SHELL('',(#5919,#5920,#5921,#5922,#5923,#5924,#5925,#5926,
#5927,#5928,#5929,#5930,#5931,#5932,#5933,#5934,#5935,#5936,#5937,#5938,
#5939,#5940,#5941,#5942,#5943,#5944,#5945,#5946,#5947,#5948,#5949,#5950,
#5951,#5952,#5953,#5954,#5955,#5956,#5957,#5958,#5959,#5960,#5961,#5962,
#5963,#5964,#5965,#5966,#5967,#5968,#5969,#5970,#5971,#5972,#5973,#5974,
#5975,#5976,#5977,#5978,#5979,#5980,#5981,#5982,#5983,#5984,#5985,#5986,
#5987,#5988,#5989,#5990,#5991,#5992,#5993,#5994,#5995,#5996,#5997,#5998,
#5999,#6000,#6001,#6002,#6003,#6004,#6005,#6006,#6007,#6008,#6009,#6010,
#6011,#6012,#6013,#6014,#6015,#6016,#6017,#6018,#6019,#6020,#6021,#6022,
#6023,#6024,#6025,#6026,#6027,#6028,#6029,#6030,#6031,#6032,#6033,#6034,
#6035,#6036,#6037));
#6065=CLOSED_SHELL('',(#6038,#6039,#6040,#6041,#6042,#6043,#6044,#6045,
#6046,#6047,#6048,#6049,#6050,#6051,#6052,#6053));
#6066=DERIVED_UNIT_ELEMENT(#6069,1.);
#6067=DERIVED_UNIT_ELEMENT(#11177,-3.);
#6068=DIMENSIONAL_EXPONENTS(0.,1.,0.,0.,0.,0.,0.);
#6069=(
CONVERSION_BASED_UNIT('gram',#6071)
MASS_UNIT()
NAMED_UNIT(#6068)
);
#6070=(
MASS_UNIT()
NAMED_UNIT(*)
SI_UNIT(.KILO.,.GRAM.)
);
#6071=MASS_MEASURE_WITH_UNIT(MASS_MEASURE(0.001),#6070);
#6072=DERIVED_UNIT((#6066,#6067));
#6073=MEASURE_REPRESENTATION_ITEM('density measure',
POSITIVE_RATIO_MEASURE(1.),#6072);
#6074=PROPERTY_DEFINITION_REPRESENTATION(#6079,#6076);
#6075=PROPERTY_DEFINITION_REPRESENTATION(#6080,#6077);
#6076=REPRESENTATION('material name',(#6078),#11174);
#6077=REPRESENTATION('density',(#6073),#11174);
#6078=DESCRIPTIVE_REPRESENTATION_ITEM('Generic','Generic');
#6079=PROPERTY_DEFINITION('material property','material name',#11184);
#6080=PROPERTY_DEFINITION('material property','density of part',#11184);
#6081=DATE_TIME_ROLE('creation_date');
#6082=APPLIED_DATE_AND_TIME_ASSIGNMENT(#6083,#6081,(#11184));
#6083=DATE_AND_TIME(#6084,#6085);
#6084=CALENDAR_DATE(2026,25,3);
#6085=LOCAL_TIME(0,0,0.,#6086);
#6086=COORDINATED_UNIVERSAL_TIME_OFFSET(0,0,.BEHIND.);
#6087=AXIS2_PLACEMENT_3D('',#8187,#6622,#6623);
#6088=AXIS2_PLACEMENT_3D('',#8188,#6624,#6625);
#6089=AXIS2_PLACEMENT_3D('',#8191,#6626,#6627);
#6090=AXIS2_PLACEMENT_3D('',#8195,#6629,#6630);
#6091=AXIS2_PLACEMENT_3D('',#8197,#6632,#6633);
#6092=AXIS2_PLACEMENT_3D('',#8203,#6637,#6638);
#6093=AXIS2_PLACEMENT_3D('',#8206,#6639,#6640);
#6094=AXIS2_PLACEMENT_3D('',#8210,#6642,#6643);
#6095=AXIS2_PLACEMENT_3D('',#8212,#6645,#6646);
#6096=AXIS2_PLACEMENT_3D('',#8217,#6649,#6650);
#6097=AXIS2_PLACEMENT_3D('',#8220,#6652,#6653);
#6098=AXIS2_PLACEMENT_3D('',#8221,#6654,#6655);
#6099=AXIS2_PLACEMENT_3D('',#8225,#6658,#6659);
#6100=AXIS2_PLACEMENT_3D('',#8227,#6660,#6661);
#6101=AXIS2_PLACEMENT_3D('',#8229,#6663,#6664);
#6102=AXIS2_PLACEMENT_3D('',#8233,#6667,#6668);
#6103=AXIS2_PLACEMENT_3D('',#8234,#6669,#6670);
#6104=AXIS2_PLACEMENT_3D('',#8235,#6671,#6672);
#6105=AXIS2_PLACEMENT_3D('',#8237,#6674,#6675);
#6106=AXIS2_PLACEMENT_3D('',#8240,#6676,#6677);
#6107=AXIS2_PLACEMENT_3D('',#8244,#6679,#6680);
#6108=AXIS2_PLACEMENT_3D('',#8246,#6682,#6683);
#6109=AXIS2_PLACEMENT_3D('',#8256,#6689,#6690);
#6110=AXIS2_PLACEMENT_3D('',#8260,#6692,#6693);
#6111=AXIS2_PLACEMENT_3D('',#8264,#6696,#6697);
#6112=AXIS2_PLACEMENT_3D('',#8266,#6698,#6699);
#6113=AXIS2_PLACEMENT_3D('',#8269,#6701,#6702);
#6114=AXIS2_PLACEMENT_3D('',#8270,#6703,#6704);
#6115=AXIS2_PLACEMENT_3D('',#8276,#6708,#6709);
#6116=AXIS2_PLACEMENT_3D('',#8281,#6712,#6713);
#6117=AXIS2_PLACEMENT_3D('',#8282,#6714,#6715);
#6118=AXIS2_PLACEMENT_3D('',#8286,#6717,#6718);
#6119=AXIS2_PLACEMENT_3D('',#8288,#6720,#6721);
#6120=AXIS2_PLACEMENT_3D('',#8293,#6725,#6726);
#6121=AXIS2_PLACEMENT_3D('',#8294,#6727,#6728);
#6122=AXIS2_PLACEMENT_3D('',#8295,#6729,#6730);
#6123=AXIS2_PLACEMENT_3D('',#8296,#6731,#6732);
#6124=AXIS2_PLACEMENT_3D('',#8298,#6734,#6735);
#6125=AXIS2_PLACEMENT_3D('',#8299,#6736,#6737);
#6126=AXIS2_PLACEMENT_3D('',#8301,#6738,#6739);
#6127=AXIS2_PLACEMENT_3D('',#8304,#6741,#6742);
#6128=AXIS2_PLACEMENT_3D('',#8305,#6743,#6744);
#6129=AXIS2_PLACEMENT_3D('',#8306,#6745,#6746);
#6130=AXIS2_PLACEMENT_3D('',#8309,#6747,#6748);
#6131=AXIS2_PLACEMENT_3D('',#8313,#6750,#6751);
#6132=AXIS2_PLACEMENT_3D('',#8315,#6753,#6754);
#6133=AXIS2_PLACEMENT_3D('',#8321,#6758,#6759);
#6134=AXIS2_PLACEMENT_3D('',#8327,#6763,#6764);
#6135=AXIS2_PLACEMENT_3D('',#8331,#6766,#6767);
#6136=AXIS2_PLACEMENT_3D('',#8333,#6769,#6770);
#6137=AXIS2_PLACEMENT_3D('',#8341,#6775,#6776);
#6138=AXIS2_PLACEMENT_3D('',#8345,#6778,#6779);
#6139=AXIS2_PLACEMENT_3D('',#8351,#6782,#6783);
#6140=AXIS2_PLACEMENT_3D('',#8356,#6786,#6787);
#6141=AXIS2_PLACEMENT_3D('',#8357,#6788,#6789);
#6142=AXIS2_PLACEMENT_3D('',#8359,#6790,#6791);
#6143=AXIS2_PLACEMENT_3D('',#8362,#6793,#6794);
#6144=AXIS2_PLACEMENT_3D('',#8363,#6795,#6796);
#6145=AXIS2_PLACEMENT_3D('',#8364,#6797,#6798);
#6146=AXIS2_PLACEMENT_3D('',#8367,#6799,#6800);
#6147=AXIS2_PLACEMENT_3D('',#8370,#6803,#6804);
#6148=AXIS2_PLACEMENT_3D('',#8374,#6807,#6808);
#6149=AXIS2_PLACEMENT_3D('',#8378,#6811,#6812);
#6150=AXIS2_PLACEMENT_3D('',#8382,#6814,#6815);
#6151=AXIS2_PLACEMENT_3D('',#8384,#6817,#6818);
#6152=AXIS2_PLACEMENT_3D('',#8394,#6824,#6825);
#6153=AXIS2_PLACEMENT_3D('',#8397,#6827,#6828);
#6154=AXIS2_PLACEMENT_3D('',#8398,#6829,#6830);
#6155=AXIS2_PLACEMENT_3D('',#8402,#6832,#6833);
#6156=AXIS2_PLACEMENT_3D('',#8404,#6835,#6836);
#6157=AXIS2_PLACEMENT_3D('',#8406,#6838,#6839);
#6158=AXIS2_PLACEMENT_3D('',#8410,#6842,#6843);
#6159=AXIS2_PLACEMENT_3D('',#8414,#6846,#6847);
#6160=AXIS2_PLACEMENT_3D('',#8416,#6848,#6849);
#6161=AXIS2_PLACEMENT_3D('',#8418,#6851,#6852);
#6162=AXIS2_PLACEMENT_3D('',#8419,#6853,#6854);
#6163=AXIS2_PLACEMENT_3D('',#8420,#6855,#6856);
#6164=AXIS2_PLACEMENT_3D('',#8422,#6858,#6859);
#6165=AXIS2_PLACEMENT_3D('',#8423,#6860,#6861);
#6166=AXIS2_PLACEMENT_3D('',#8426,#6862,#6863);
#6167=AXIS2_PLACEMENT_3D('',#8430,#6865,#6866);
#6168=AXIS2_PLACEMENT_3D('',#8432,#6868,#6869);
#6169=AXIS2_PLACEMENT_3D('',#8440,#6873,#6874);
#6170=AXIS2_PLACEMENT_3D('',#8446,#6878,#6879);
#6171=AXIS2_PLACEMENT_3D('',#8456,#6884,#6885);
#6172=AXIS2_PLACEMENT_3D('',#8476,#6895,#6896);
#6173=AXIS2_PLACEMENT_3D('',#8496,#6906,#6907);
#6174=AXIS2_PLACEMENT_3D('',#8516,#6917,#6918);
#6175=AXIS2_PLACEMENT_3D('',#8523,#6922,#6923);
#6176=AXIS2_PLACEMENT_3D('',#8525,#6924,#6925);
#6177=AXIS2_PLACEMENT_3D('',#8527,#6926,#6927);
#6178=AXIS2_PLACEMENT_3D('',#8529,#6928,#6929);
#6179=AXIS2_PLACEMENT_3D('',#8530,#6930,#6931);
#6180=AXIS2_PLACEMENT_3D('',#8533,#6932,#6933);
#6181=AXIS2_PLACEMENT_3D('',#8536,#6936,#6937);
#6182=AXIS2_PLACEMENT_3D('',#8548,#6944,#6945);
#6183=AXIS2_PLACEMENT_3D('',#8560,#6952,#6953);
#6184=AXIS2_PLACEMENT_3D('',#8568,#6957,#6958);
#6185=AXIS2_PLACEMENT_3D('',#8588,#6968,#6969);
#6186=AXIS2_PLACEMENT_3D('',#8608,#6979,#6980);
#6187=AXIS2_PLACEMENT_3D('',#8628,#6990,#6991);
#6188=AXIS2_PLACEMENT_3D('',#8637,#6996,#6997);
#6189=AXIS2_PLACEMENT_3D('',#8639,#6998,#6999);
#6190=AXIS2_PLACEMENT_3D('',#8641,#7000,#7001);
#6191=AXIS2_PLACEMENT_3D('',#8643,#7002,#7003);
#6192=AXIS2_PLACEMENT_3D('',#8644,#7004,#7005);
#6193=AXIS2_PLACEMENT_3D('',#8646,#7006,#7007);
#6194=AXIS2_PLACEMENT_3D('',#8648,#7008,#7009);
#6195=AXIS2_PLACEMENT_3D('',#8650,#7011,#7012);
#6196=AXIS2_PLACEMENT_3D('',#8657,#7016,#7017);
#6197=AXIS2_PLACEMENT_3D('',#8659,#7019,#7020);
#6198=AXIS2_PLACEMENT_3D('',#8671,#7027,#7028);
#6199=AXIS2_PLACEMENT_3D('',#8673,#7029,#7030);
#6200=AXIS2_PLACEMENT_3D('',#8675,#7032,#7033);
#6201=AXIS2_PLACEMENT_3D('',#8687,#7040,#7041);
#6202=AXIS2_PLACEMENT_3D('',#8689,#7042,#7043);
#6203=AXIS2_PLACEMENT_3D('',#8691,#7044,#7045);
#6204=AXIS2_PLACEMENT_3D('',#8693,#7047,#7048);
#6205=AXIS2_PLACEMENT_3D('',#8699,#7052,#7053);
#6206=AXIS2_PLACEMENT_3D('',#8701,#7054,#7055);
#6207=AXIS2_PLACEMENT_3D('',#8703,#7056,#7057);
#6208=AXIS2_PLACEMENT_3D('',#8705,#7059,#7060);
#6209=AXIS2_PLACEMENT_3D('',#8711,#7064,#7065);
#6210=AXIS2_PLACEMENT_3D('',#8714,#7068,#7069);
#6211=AXIS2_PLACEMENT_3D('',#8715,#7070,#7071);
#6212=AXIS2_PLACEMENT_3D('',#8717,#7073,#7074);
#6213=AXIS2_PLACEMENT_3D('',#8720,#7077,#7078);
#6214=AXIS2_PLACEMENT_3D('',#8722,#7080,#7081);
#6215=AXIS2_PLACEMENT_3D('',#8724,#7083,#7084);
#6216=AXIS2_PLACEMENT_3D('',#8726,#7086,#7087);
#6217=AXIS2_PLACEMENT_3D('',#8729,#7090,#7091);
#6218=AXIS2_PLACEMENT_3D('',#8792,#7094,#7095);
#6219=AXIS2_PLACEMENT_3D('',#8793,#7096,#7097);
#6220=AXIS2_PLACEMENT_3D('',#8794,#7098,#7099);
#6221=AXIS2_PLACEMENT_3D('',#8797,#7100,#7101);
#6222=AXIS2_PLACEMENT_3D('',#8800,#7104,#7105);
#6223=AXIS2_PLACEMENT_3D('',#8842,#7109,#7110);
#6224=AXIS2_PLACEMENT_3D('',#8844,#7112,#7113);
#6225=AXIS2_PLACEMENT_3D('',#8846,#7115,#7116);
#6226=AXIS2_PLACEMENT_3D('',#8848,#7118,#7119);
#6227=AXIS2_PLACEMENT_3D('',#8849,#7120,#7121);
#6228=AXIS2_PLACEMENT_3D('',#8850,#7122,#7123);
#6229=AXIS2_PLACEMENT_3D('',#8913,#7126,#7127);
#6230=AXIS2_PLACEMENT_3D('',#8914,#7128,#7129);
#6231=AXIS2_PLACEMENT_3D('',#8915,#7130,#7131);
#6232=AXIS2_PLACEMENT_3D('',#8918,#7132,#7133);
#6233=AXIS2_PLACEMENT_3D('',#8921,#7136,#7137);
#6234=AXIS2_PLACEMENT_3D('',#8963,#7141,#7142);
#6235=AXIS2_PLACEMENT_3D('',#8965,#7144,#7145);
#6236=AXIS2_PLACEMENT_3D('',#8967,#7147,#7148);
#6237=AXIS2_PLACEMENT_3D('',#8969,#7150,#7151);
#6238=AXIS2_PLACEMENT_3D('',#8970,#7152,#7153);
#6239=AXIS2_PLACEMENT_3D('',#8971,#7154,#7155);
#6240=AXIS2_PLACEMENT_3D('',#8973,#7157,#7158);
#6241=AXIS2_PLACEMENT_3D('',#8975,#7160,#7161);
#6242=AXIS2_PLACEMENT_3D('',#8977,#7162,#7163);
#6243=AXIS2_PLACEMENT_3D('',#8980,#7165,#7166);
#6244=AXIS2_PLACEMENT_3D('',#8981,#7167,#7168);
#6245=AXIS2_PLACEMENT_3D('',#8986,#7172,#7173);
#6246=AXIS2_PLACEMENT_3D('',#8988,#7174,#7175);
#6247=AXIS2_PLACEMENT_3D('',#8991,#7177,#7178);
#6248=AXIS2_PLACEMENT_3D('',#8992,#7179,#7180);
#6249=AXIS2_PLACEMENT_3D('',#8997,#7184,#7185);
#6250=AXIS2_PLACEMENT_3D('',#9001,#7188,#7189);
#6251=AXIS2_PLACEMENT_3D('',#9004,#7192,#7193);
#6252=AXIS2_PLACEMENT_3D('',#9005,#7194,#7195);
#6253=AXIS2_PLACEMENT_3D('',#9007,#7197,#7198);
#6254=AXIS2_PLACEMENT_3D('',#9011,#7201,#7202);
#6255=AXIS2_PLACEMENT_3D('',#9014,#7205,#7206);
#6256=AXIS2_PLACEMENT_3D('',#9016,#7208,#7209);
#6257=AXIS2_PLACEMENT_3D('',#9018,#7211,#7212);
#6258=AXIS2_PLACEMENT_3D('',#9019,#7213,#7214);
#6259=AXIS2_PLACEMENT_3D('',#9022,#7217,#7218);
#6260=AXIS2_PLACEMENT_3D('',#9023,#7219,#7220);
#6261=AXIS2_PLACEMENT_3D('',#9025,#7222,#7223);
#6262=AXIS2_PLACEMENT_3D('',#9028,#7226,#7227);
#6263=AXIS2_PLACEMENT_3D('',#9030,#7229,#7230);
#6264=AXIS2_PLACEMENT_3D('',#9032,#7232,#7233);
#6265=AXIS2_PLACEMENT_3D('',#9034,#7235,#7236);
#6266=AXIS2_PLACEMENT_3D('',#9035,#7237,#7238);
#6267=AXIS2_PLACEMENT_3D('',#9037,#7239,#7240);
#6268=AXIS2_PLACEMENT_3D('',#9039,#7241,#7242);
#6269=AXIS2_PLACEMENT_3D('',#9040,#7243,#7244);
#6270=AXIS2_PLACEMENT_3D('',#9041,#7245,#7246);
#6271=AXIS2_PLACEMENT_3D('',#9043,#7248,#7249);
#6272=AXIS2_PLACEMENT_3D('',#9045,#7250,#7251);
#6273=AXIS2_PLACEMENT_3D('',#9047,#7252,#7253);
#6274=AXIS2_PLACEMENT_3D('',#9048,#7254,#7255);
#6275=AXIS2_PLACEMENT_3D('',#9049,#7256,#7257);
#6276=AXIS2_PLACEMENT_3D('',#9051,#7259,#7260);
#6277=AXIS2_PLACEMENT_3D('',#9053,#7261,#7262);
#6278=AXIS2_PLACEMENT_3D('',#9055,#7263,#7264);
#6279=AXIS2_PLACEMENT_3D('',#9056,#7265,#7266);
#6280=AXIS2_PLACEMENT_3D('',#9057,#7267,#7268);
#6281=AXIS2_PLACEMENT_3D('',#9059,#7270,#7271);
#6282=AXIS2_PLACEMENT_3D('',#9061,#7272,#7273);
#6283=AXIS2_PLACEMENT_3D('',#9063,#7274,#7275);
#6284=AXIS2_PLACEMENT_3D('',#9064,#7276,#7277);
#6285=AXIS2_PLACEMENT_3D('',#9065,#7278,#7279);
#6286=AXIS2_PLACEMENT_3D('',#9067,#7281,#7282);
#6287=AXIS2_PLACEMENT_3D('',#9068,#7283,#7284);
#6288=AXIS2_PLACEMENT_3D('',#9069,#7285,#7286);
#6289=AXIS2_PLACEMENT_3D('',#9071,#7288,#7289);
#6290=AXIS2_PLACEMENT_3D('',#9072,#7290,#7291);
#6291=AXIS2_PLACEMENT_3D('',#9073,#7292,#7293);
#6292=AXIS2_PLACEMENT_3D('',#9076,#7294,#7295);
#6293=AXIS2_PLACEMENT_3D('',#9080,#7297,#7298);
#6294=AXIS2_PLACEMENT_3D('',#9082,#7300,#7301);
#6295=AXIS2_PLACEMENT_3D('',#9086,#7303,#7304);
#6296=AXIS2_PLACEMENT_3D('',#9094,#7308,#7309);
#6297=AXIS2_PLACEMENT_3D('',#9096,#7311,#7312);
#6298=AXIS2_PLACEMENT_3D('',#9100,#7314,#7315);
#6299=AXIS2_PLACEMENT_3D('',#9104,#7317,#7318);
#6300=AXIS2_PLACEMENT_3D('',#9108,#7320,#7321);
#6301=AXIS2_PLACEMENT_3D('',#9112,#7323,#7324);
#6302=AXIS2_PLACEMENT_3D('',#9116,#7327,#7328);
#6303=AXIS2_PLACEMENT_3D('',#9119,#7329,#7330);
#6304=AXIS2_PLACEMENT_3D('',#9122,#7333,#7334);
#6305=AXIS2_PLACEMENT_3D('',#9126,#7337,#7338);
#6306=AXIS2_PLACEMENT_3D('',#9129,#7339,#7340);
#6307=AXIS2_PLACEMENT_3D('',#9132,#7343,#7344);
#6308=AXIS2_PLACEMENT_3D('',#9136,#7347,#7348);
#6309=AXIS2_PLACEMENT_3D('',#9138,#7349,#7350);
#6310=AXIS2_PLACEMENT_3D('',#9140,#7352,#7353);
#6311=AXIS2_PLACEMENT_3D('',#9142,#7354,#7355);
#6312=AXIS2_PLACEMENT_3D('',#9144,#7357,#7358);
#6313=AXIS2_PLACEMENT_3D('',#9146,#7360,#7361);
#6314=AXIS2_PLACEMENT_3D('',#9148,#7363,#7364);
#6315=AXIS2_PLACEMENT_3D('',#9152,#7366,#7367);
#6316=AXIS2_PLACEMENT_3D('',#9159,#7371,#7372);
#6317=AXIS2_PLACEMENT_3D('',#9160,#7373,#7374);
#6318=AXIS2_PLACEMENT_3D('',#9162,#7376,#7377);
#6319=AXIS2_PLACEMENT_3D('',#9164,#7379,#7380);
#6320=AXIS2_PLACEMENT_3D('',#9167,#7383,#7384);
#6321=AXIS2_PLACEMENT_3D('',#9168,#7385,#7386);
#6322=AXIS2_PLACEMENT_3D('',#9170,#7388,#7389);
#6323=AXIS2_PLACEMENT_3D('',#9171,#7390,#7391);
#6324=AXIS2_PLACEMENT_3D('',#9174,#7392,#7393);
#6325=AXIS2_PLACEMENT_3D('',#9178,#7395,#7396);
#6326=AXIS2_PLACEMENT_3D('',#9180,#7398,#7399);
#6327=AXIS2_PLACEMENT_3D('',#9184,#7401,#7402);
#6328=AXIS2_PLACEMENT_3D('',#9192,#7406,#7407);
#6329=AXIS2_PLACEMENT_3D('',#9194,#7409,#7410);
#6330=AXIS2_PLACEMENT_3D('',#9198,#7412,#7413);
#6331=AXIS2_PLACEMENT_3D('',#9202,#7415,#7416);
#6332=AXIS2_PLACEMENT_3D('',#9206,#7418,#7419);
#6333=AXIS2_PLACEMENT_3D('',#9210,#7421,#7422);
#6334=AXIS2_PLACEMENT_3D('',#9214,#7425,#7426);
#6335=AXIS2_PLACEMENT_3D('',#9217,#7427,#7428);
#6336=AXIS2_PLACEMENT_3D('',#9220,#7431,#7432);
#6337=AXIS2_PLACEMENT_3D('',#9224,#7435,#7436);
#6338=AXIS2_PLACEMENT_3D('',#9227,#7437,#7438);
#6339=AXIS2_PLACEMENT_3D('',#9230,#7441,#7442);
#6340=AXIS2_PLACEMENT_3D('',#9234,#7445,#7446);
#6341=AXIS2_PLACEMENT_3D('',#9236,#7447,#7448);
#6342=AXIS2_PLACEMENT_3D('',#9238,#7450,#7451);
#6343=AXIS2_PLACEMENT_3D('',#9240,#7452,#7453);
#6344=AXIS2_PLACEMENT_3D('',#9242,#7455,#7456);
#6345=AXIS2_PLACEMENT_3D('',#9244,#7458,#7459);
#6346=AXIS2_PLACEMENT_3D('',#9246,#7461,#7462);
#6347=AXIS2_PLACEMENT_3D('',#9250,#7464,#7465);
#6348=AXIS2_PLACEMENT_3D('',#9257,#7469,#7470);
#6349=AXIS2_PLACEMENT_3D('',#9258,#7471,#7472);
#6350=AXIS2_PLACEMENT_3D('',#9260,#7474,#7475);
#6351=AXIS2_PLACEMENT_3D('',#9262,#7477,#7478);
#6352=AXIS2_PLACEMENT_3D('',#9265,#7481,#7482);
#6353=AXIS2_PLACEMENT_3D('',#9266,#7483,#7484);
#6354=AXIS2_PLACEMENT_3D('',#9268,#7486,#7487);
#6355=AXIS2_PLACEMENT_3D('',#9269,#7488,#7489);
#6356=AXIS2_PLACEMENT_3D('',#9272,#7490,#7491);
#6357=AXIS2_PLACEMENT_3D('',#9276,#7493,#7494);
#6358=AXIS2_PLACEMENT_3D('',#9278,#7496,#7497);
#6359=AXIS2_PLACEMENT_3D('',#9282,#7499,#7500);
#6360=AXIS2_PLACEMENT_3D('',#9290,#7504,#7505);
#6361=AXIS2_PLACEMENT_3D('',#9292,#7507,#7508);
#6362=AXIS2_PLACEMENT_3D('',#9296,#7510,#7511);
#6363=AXIS2_PLACEMENT_3D('',#9300,#7513,#7514);
#6364=AXIS2_PLACEMENT_3D('',#9304,#7516,#7517);
#6365=AXIS2_PLACEMENT_3D('',#9308,#7519,#7520);
#6366=AXIS2_PLACEMENT_3D('',#9312,#7523,#7524);
#6367=AXIS2_PLACEMENT_3D('',#9315,#7525,#7526);
#6368=AXIS2_PLACEMENT_3D('',#9318,#7529,#7530);
#6369=AXIS2_PLACEMENT_3D('',#9322,#7533,#7534);
#6370=AXIS2_PLACEMENT_3D('',#9325,#7535,#7536);
#6371=AXIS2_PLACEMENT_3D('',#9328,#7539,#7540);
#6372=AXIS2_PLACEMENT_3D('',#9332,#7543,#7544);
#6373=AXIS2_PLACEMENT_3D('',#9334,#7545,#7546);
#6374=AXIS2_PLACEMENT_3D('',#9336,#7548,#7549);
#6375=AXIS2_PLACEMENT_3D('',#9338,#7550,#7551);
#6376=AXIS2_PLACEMENT_3D('',#9340,#7553,#7554);
#6377=AXIS2_PLACEMENT_3D('',#9342,#7556,#7557);
#6378=AXIS2_PLACEMENT_3D('',#9344,#7559,#7560);
#6379=AXIS2_PLACEMENT_3D('',#9348,#7562,#7563);
#6380=AXIS2_PLACEMENT_3D('',#9355,#7567,#7568);
#6381=AXIS2_PLACEMENT_3D('',#9356,#7569,#7570);
#6382=AXIS2_PLACEMENT_3D('',#9358,#7572,#7573);
#6383=AXIS2_PLACEMENT_3D('',#9360,#7575,#7576);
#6384=AXIS2_PLACEMENT_3D('',#9363,#7579,#7580);
#6385=AXIS2_PLACEMENT_3D('',#9364,#7581,#7582);
#6386=AXIS2_PLACEMENT_3D('',#9366,#7584,#7585);
#6387=AXIS2_PLACEMENT_3D('',#9367,#7586,#7587);
#6388=AXIS2_PLACEMENT_3D('',#9369,#7588,#7589);
#6389=AXIS2_PLACEMENT_3D('',#9371,#7590,#7591);
#6390=AXIS2_PLACEMENT_3D('',#9372,#7592,#7593);
#6391=AXIS2_PLACEMENT_3D('',#9373,#7594,#7595);
#6392=AXIS2_PLACEMENT_3D('',#9375,#7596,#7597);
#6393=AXIS2_PLACEMENT_3D('',#9376,#7598,#7599);
#6394=AXIS2_PLACEMENT_3D('',#9378,#7600,#7601);
#6395=AXIS2_PLACEMENT_3D('',#9379,#7602,#7603);
#6396=AXIS2_PLACEMENT_3D('',#9380,#7604,#7605);
#6397=AXIS2_PLACEMENT_3D('',#9381,#7606,#7607);
#6398=AXIS2_PLACEMENT_3D('',#9383,#7608,#7609);
#6399=AXIS2_PLACEMENT_3D('',#9385,#7610,#7611);
#6400=AXIS2_PLACEMENT_3D('',#9387,#7612,#7613);
#6401=AXIS2_PLACEMENT_3D('',#9388,#7614,#7615);
#6402=AXIS2_PLACEMENT_3D('',#9389,#7616,#7617);
#6403=AXIS2_PLACEMENT_3D('',#9393,#7619,#7620);
#6404=AXIS2_PLACEMENT_3D('',#9394,#7621,#7622);
#6405=AXIS2_PLACEMENT_3D('',#9395,#7623,#7624);
#6406=AXIS2_PLACEMENT_3D('',#9396,#7625,#7626);
#6407=AXIS2_PLACEMENT_3D('',#9398,#7627,#7628);
#6408=AXIS2_PLACEMENT_3D('',#9399,#7629,#7630);
#6409=AXIS2_PLACEMENT_3D('',#9400,#7631,#7632);
#6410=AXIS2_PLACEMENT_3D('',#9401,#7633,#7634);
#6411=AXIS2_PLACEMENT_3D('',#9403,#7635,#7636);
#6412=AXIS2_PLACEMENT_3D('',#9405,#7637,#7638);
#6413=AXIS2_PLACEMENT_3D('',#9407,#7639,#7640);
#6414=AXIS2_PLACEMENT_3D('',#9408,#7641,#7642);
#6415=AXIS2_PLACEMENT_3D('',#9409,#7643,#7644);
#6416=AXIS2_PLACEMENT_3D('',#9413,#7646,#7647);
#6417=AXIS2_PLACEMENT_3D('',#9414,#7648,#7649);
#6418=AXIS2_PLACEMENT_3D('',#9415,#7650,#7651);
#6419=AXIS2_PLACEMENT_3D('',#9416,#7652,#7653);
#6420=AXIS2_PLACEMENT_3D('',#9418,#7654,#7655);
#6421=AXIS2_PLACEMENT_3D('',#9419,#7656,#7657);
#6422=AXIS2_PLACEMENT_3D('',#9420,#7658,#7659);
#6423=AXIS2_PLACEMENT_3D('',#9421,#7660,#7661);
#6424=AXIS2_PLACEMENT_3D('',#9423,#7662,#7663);
#6425=AXIS2_PLACEMENT_3D('',#9425,#7664,#7665);
#6426=AXIS2_PLACEMENT_3D('',#9426,#7666,#7667);
#6427=AXIS2_PLACEMENT_3D('',#9427,#7668,#7669);
#6428=AXIS2_PLACEMENT_3D('',#9429,#7670,#7671);
#6429=AXIS2_PLACEMENT_3D('',#9430,#7672,#7673);
#6430=AXIS2_PLACEMENT_3D('',#9432,#7674,#7675);
#6431=AXIS2_PLACEMENT_3D('',#9433,#7676,#7677);
#6432=AXIS2_PLACEMENT_3D('',#9434,#7678,#7679);
#6433=AXIS2_PLACEMENT_3D('',#9435,#7680,#7681);
#6434=AXIS2_PLACEMENT_3D('',#9437,#7682,#7683);
#6435=AXIS2_PLACEMENT_3D('',#9440,#7685,#7686);
#6436=AXIS2_PLACEMENT_3D('',#9441,#7687,#7688);
#6437=AXIS2_PLACEMENT_3D('',#9443,#7689,#7690);
#6438=AXIS2_PLACEMENT_3D('',#9444,#7691,#7692);
#6439=AXIS2_PLACEMENT_3D('',#9448,#7694,#7695);
#6440=AXIS2_PLACEMENT_3D('',#9449,#7696,#7697);
#6441=AXIS2_PLACEMENT_3D('',#9450,#7698,#7699);
#6442=AXIS2_PLACEMENT_3D('',#9453,#7700,#7701);
#6443=AXIS2_PLACEMENT_3D('',#9454,#7702,#7703);
#6444=AXIS2_PLACEMENT_3D('',#9456,#7705,#7706);
#6445=AXIS2_PLACEMENT_3D('',#9459,#7707,#7708);
#6446=AXIS2_PLACEMENT_3D('',#9461,#7710,#7711);
#6447=AXIS2_PLACEMENT_3D('',#9462,#7712,#7713);
#6448=AXIS2_PLACEMENT_3D('',#9493,#7729,#7730);
#6449=AXIS2_PLACEMENT_3D('',#9501,#7733,#7734);
#6450=AXIS2_PLACEMENT_3D('',#9543,#7739,#7740);
#6451=AXIS2_PLACEMENT_3D('',#9574,#7756,#7757);
#6452=AXIS2_PLACEMENT_3D('',#9582,#7760,#7761);
#6453=AXIS2_PLACEMENT_3D('',#9590,#7764,#7765);
#6454=AXIS2_PLACEMENT_3D('',#9630,#7769,#7770);
#6455=AXIS2_PLACEMENT_3D('',#9642,#7773,#7774);
#6456=AXIS2_PLACEMENT_3D('',#9652,#7776,#7777);
#6457=AXIS2_PLACEMENT_3D('',#9664,#7780,#7781);
#6458=AXIS2_PLACEMENT_3D('',#9674,#7783,#7784);
#6459=AXIS2_PLACEMENT_3D('',#9684,#7786,#7787);
#6460=AXIS2_PLACEMENT_3D('',#9696,#7790,#7791);
#6461=AXIS2_PLACEMENT_3D('',#9704,#7792,#7793);
#6462=AXIS2_PLACEMENT_3D('',#9714,#7795,#7796);
#6463=AXIS2_PLACEMENT_3D('',#9722,#7797,#7798);
#6464=AXIS2_PLACEMENT_3D('',#9730,#7799,#7800);
#6465=AXIS2_PLACEMENT_3D('',#9740,#7802,#7803);
#6466=AXIS2_PLACEMENT_3D('',#9750,#7805,#7806);
#6467=AXIS2_PLACEMENT_3D('',#9751,#7807,#7808);
#6468=AXIS2_PLACEMENT_3D('',#9752,#7809,#7810);
#6469=AXIS2_PLACEMENT_3D('',#9753,#7811,#7812);
#6470=AXIS2_PLACEMENT_3D('',#9754,#7813,#7814);
#6471=AXIS2_PLACEMENT_3D('',#9756,#7815,#7816);
#6472=AXIS2_PLACEMENT_3D('',#9757,#7817,#7818);
#6473=AXIS2_PLACEMENT_3D('',#9758,#7819,#7820);
#6474=AXIS2_PLACEMENT_3D('',#9768,#7821,#7822);
#6475=AXIS2_PLACEMENT_3D('',#9769,#7823,#7824);
#6476=AXIS2_PLACEMENT_3D('',#9779,#7825,#7826);
#6477=AXIS2_PLACEMENT_3D('',#9780,#7827,#7828);
#6478=AXIS2_PLACEMENT_3D('',#9790,#7829,#7830);
#6479=AXIS2_PLACEMENT_3D('',#9791,#7831,#7832);
#6480=AXIS2_PLACEMENT_3D('',#9801,#7833,#7834);
#6481=AXIS2_PLACEMENT_3D('',#9802,#7835,#7836);
#6482=AXIS2_PLACEMENT_3D('',#9812,#7837,#7838);
#6483=AXIS2_PLACEMENT_3D('',#9813,#7839,#7840);
#6484=AXIS2_PLACEMENT_3D('',#9823,#7841,#7842);
#6485=AXIS2_PLACEMENT_3D('',#9824,#7843,#7844);
#6486=AXIS2_PLACEMENT_3D('',#9825,#7845,#7846);
#6487=AXIS2_PLACEMENT_3D('',#9829,#7847,#7848);
#6488=AXIS2_PLACEMENT_3D('',#9837,#7849,#7850);
#6489=AXIS2_PLACEMENT_3D('',#9838,#7851,#7852);
#6490=AXIS2_PLACEMENT_3D('',#9846,#7853,#7854);
#6491=AXIS2_PLACEMENT_3D('',#9847,#7855,#7856);
#6492=AXIS2_PLACEMENT_3D('',#9855,#7857,#7858);
#6493=AXIS2_PLACEMENT_3D('',#9856,#7859,#7860);
#6494=AXIS2_PLACEMENT_3D('',#9864,#7861,#7862);
#6495=AXIS2_PLACEMENT_3D('',#9865,#7863,#7864);
#6496=AXIS2_PLACEMENT_3D('',#9873,#7865,#7866);
#6497=AXIS2_PLACEMENT_3D('',#9874,#7867,#7868);
#6498=AXIS2_PLACEMENT_3D('',#9875,#7869,#7870);
#6499=AXIS2_PLACEMENT_3D('',#9876,#7871,#7872);
#6500=AXIS2_PLACEMENT_3D('',#9877,#7873,#7874);
#6501=AXIS2_PLACEMENT_3D('',#9878,#7875,#7876);
#6502=AXIS2_PLACEMENT_3D('',#9879,#7877,#7878);
#6503=AXIS2_PLACEMENT_3D('',#9880,#7879,#7880);
#6504=AXIS2_PLACEMENT_3D('',#9881,#7881,#7882);
#6505=AXIS2_PLACEMENT_3D('',#9882,#7883,#7884);
#6506=AXIS2_PLACEMENT_3D('',#9883,#7885,#7886);
#6507=AXIS2_PLACEMENT_3D('',#9884,#7887,#7888);
#6508=AXIS2_PLACEMENT_3D('',#9885,#7889,#7890);
#6509=AXIS2_PLACEMENT_3D('',#9886,#7891,#7892);
#6510=AXIS2_PLACEMENT_3D('',#9887,#7893,#7894);
#6511=AXIS2_PLACEMENT_3D('',#9888,#7895,#7896);
#6512=AXIS2_PLACEMENT_3D('',#9889,#7897,#7898);
#6513=AXIS2_PLACEMENT_3D('',#9890,#7899,#7900);
#6514=AXIS2_PLACEMENT_3D('',#9891,#7901,#7902);
#6515=AXIS2_PLACEMENT_3D('',#9892,#7903,#7904);
#6516=AXIS2_PLACEMENT_3D('',#9893,#7905,#7906);
#6517=AXIS2_PLACEMENT_3D('',#9894,#7907,#7908);
#6518=AXIS2_PLACEMENT_3D('',#9895,#7909,#7910);
#6519=AXIS2_PLACEMENT_3D('',#9896,#7911,#7912);
#6520=AXIS2_PLACEMENT_3D('',#9897,#7913,#7914);
#6521=AXIS2_PLACEMENT_3D('',#9898,#7915,#7916);
#6522=AXIS2_PLACEMENT_3D('',#9900,#7918,#7919);
#6523=AXIS2_PLACEMENT_3D('',#9901,#7920,#7921);
#6524=AXIS2_PLACEMENT_3D('',#9902,#7922,#7923);
#6525=AXIS2_PLACEMENT_3D('',#9903,#7924,#7925);
#6526=AXIS2_PLACEMENT_3D('',#9904,#7926,#7927);
#6527=AXIS2_PLACEMENT_3D('',#9905,#7928,#7929);
#6528=AXIS2_PLACEMENT_3D('',#9906,#7930,#7931);
#6529=AXIS2_PLACEMENT_3D('',#9907,#7932,#7933);
#6530=AXIS2_PLACEMENT_3D('',#9911,#7934,#7935);
#6531=AXIS2_PLACEMENT_3D('',#9915,#7936,#7937);
#6532=AXIS2_PLACEMENT_3D('',#9918,#7940,#7941);
#6533=AXIS2_PLACEMENT_3D('',#9920,#7943,#7944);
#6534=AXIS2_PLACEMENT_3D('',#9922,#7946,#7947);
#6535=AXIS2_PLACEMENT_3D('',#9924,#7949,#7950);
#6536=AXIS2_PLACEMENT_3D('',#9926,#7952,#7953);
#6537=AXIS2_PLACEMENT_3D('',#9928,#7955,#7956);
#6538=AXIS2_PLACEMENT_3D('',#9930,#7958,#7959);
#6539=AXIS2_PLACEMENT_3D('',#9932,#7961,#7962);
#6540=AXIS2_PLACEMENT_3D('',#9934,#7964,#7965);
#6541=AXIS2_PLACEMENT_3D('',#9935,#7966,#7967);
#6542=AXIS2_PLACEMENT_3D('',#9936,#7968,#7969);
#6543=AXIS2_PLACEMENT_3D('',#9938,#7971,#7972);
#6544=AXIS2_PLACEMENT_3D('',#9939,#7973,#7974);
#6545=AXIS2_PLACEMENT_3D('',#9982,#7981,#7982);
#6546=AXIS2_PLACEMENT_3D('',#9985,#7983,#7984);
#6547=AXIS2_PLACEMENT_3D('',#9989,#7986,#7987);
#6548=AXIS2_PLACEMENT_3D('',#9991,#7989,#7990);
#6549=AXIS2_PLACEMENT_3D('',#9992,#7991,#7992);
#6550=AXIS2_PLACEMENT_3D('',#9994,#7993,#7994);
#6551=AXIS2_PLACEMENT_3D('',#9996,#7995,#7996);
#6552=AXIS2_PLACEMENT_3D('',#9998,#7997,#7998);
#6553=AXIS2_PLACEMENT_3D('',#9999,#7999,#8000);
#6554=AXIS2_PLACEMENT_3D('',#10001,#8001,#8002);
#6555=AXIS2_PLACEMENT_3D('',#10015,#8003,#8004);
#6556=AXIS2_PLACEMENT_3D('',#10016,#8005,#8006);
#6557=AXIS2_PLACEMENT_3D('',#10020,#8008,#8009);
#6558=AXIS2_PLACEMENT_3D('',#10021,#8010,#8011);
#6559=AXIS2_PLACEMENT_3D('',#10022,#8012,#8013);
#6560=AXIS2_PLACEMENT_3D('',#10023,#8014,#8015);
#6561=AXIS2_PLACEMENT_3D('',#10024,#8016,#8017);
#6562=AXIS2_PLACEMENT_3D('',#10047,#8022,#8023);
#6563=AXIS2_PLACEMENT_3D('',#10048,#8024,#8025);
#6564=AXIS2_PLACEMENT_3D('',#10058,#8027,#8028);
#6565=AXIS2_PLACEMENT_3D('',#10059,#8029,#8030);
#6566=AXIS2_PLACEMENT_3D('',#10060,#8031,#8032);
#6567=AXIS2_PLACEMENT_3D('',#10070,#8034,#8035);
#6568=AXIS2_PLACEMENT_3D('',#10138,#8036,#8037);
#6569=AXIS2_PLACEMENT_3D('',#10206,#8038,#8039);
#6570=AXIS2_PLACEMENT_3D('',#10207,#8040,#8041);
#6571=AXIS2_PLACEMENT_3D('',#10208,#8042,#8043);
#6572=AXIS2_PLACEMENT_3D('',#10276,#8044,#8045);
#6573=AXIS2_PLACEMENT_3D('',#10344,#8046,#8047);
#6574=AXIS2_PLACEMENT_3D('',#10345,#8048,#8049);
#6575=AXIS2_PLACEMENT_3D('',#10348,#8052,#8053);
#6576=AXIS2_PLACEMENT_3D('',#10350,#8055,#8056);
#6577=AXIS2_PLACEMENT_3D('',#10352,#8058,#8059);
#6578=AXIS2_PLACEMENT_3D('',#10354,#8061,#8062);
#6579=AXIS2_PLACEMENT_3D('',#10356,#8064,#8065);
#6580=AXIS2_PLACEMENT_3D('',#10358,#8067,#8068);
#6581=AXIS2_PLACEMENT_3D('',#10360,#8070,#8071);
#6582=AXIS2_PLACEMENT_3D('',#10362,#8073,#8074);
#6583=AXIS2_PLACEMENT_3D('',#10364,#8076,#8077);
#6584=AXIS2_PLACEMENT_3D('',#10366,#8079,#8080);
#6585=AXIS2_PLACEMENT_3D('',#10368,#8082,#8083);
#6586=AXIS2_PLACEMENT_3D('',#10370,#8085,#8086);
#6587=AXIS2_PLACEMENT_3D('',#10371,#8087,#8088);
#6588=AXIS2_PLACEMENT_3D('',#10373,#8090,#8091);
#6589=AXIS2_PLACEMENT_3D('',#10375,#8093,#8094);
#6590=AXIS2_PLACEMENT_3D('',#10377,#8096,#8097);
#6591=AXIS2_PLACEMENT_3D('',#10379,#8099,#8100);
#6592=AXIS2_PLACEMENT_3D('',#10381,#8102,#8103);
#6593=AXIS2_PLACEMENT_3D('',#10384,#8106,#8107);
#6594=AXIS2_PLACEMENT_3D('',#10387,#8110,#8111);
#6595=AXIS2_PLACEMENT_3D('',#10389,#8113,#8114);
#6596=AXIS2_PLACEMENT_3D('',#10392,#8117,#8118);
#6597=AXIS2_PLACEMENT_3D('',#10393,#8119,#8120);
#6598=AXIS2_PLACEMENT_3D('',#10396,#8123,#8124);
#6599=AXIS2_PLACEMENT_3D('',#10397,#8125,#8126);
#6600=AXIS2_PLACEMENT_3D('',#10398,#8127,#8128);
#6601=AXIS2_PLACEMENT_3D('',#10400,#8130,#8131);
#6602=AXIS2_PLACEMENT_3D('',#10403,#8134,#8135);
#6603=AXIS2_PLACEMENT_3D('',#10404,#8136,#8137);
#6604=AXIS2_PLACEMENT_3D('',#10405,#8138,#8139);
#6605=AXIS2_PLACEMENT_3D('',#10407,#8141,#8142);
#6606=AXIS2_PLACEMENT_3D('',#10408,#8143,#8144);
#6607=AXIS2_PLACEMENT_3D('',#10410,#8146,#8147);
#6608=AXIS2_PLACEMENT_3D('',#10411,#8148,#8149);
#6609=AXIS2_PLACEMENT_3D('',#10412,#8150,#8151);
#6610=AXIS2_PLACEMENT_3D('',#10432,#8154,#8155);
#6611=AXIS2_PLACEMENT_3D('',#10452,#8157,#8158);
#6612=AXIS2_PLACEMENT_3D('',#10480,#8160,#8161);
#6613=AXIS2_PLACEMENT_3D('',#10506,#8163,#8164);
#6614=AXIS2_PLACEMENT_3D('',#10533,#8166,#8167);
#6615=AXIS2_PLACEMENT_3D('',#10560,#8169,#8170);
#6616=AXIS2_PLACEMENT_3D('',#10565,#8172,#8173);
#6617=AXIS2_PLACEMENT_3D('',#11167,#8177,#8178);
#6618=AXIS2_PLACEMENT_3D('',#11168,#8179,#8180);
#6619=AXIS2_PLACEMENT_3D('',#11169,#8181,#8182);
#6620=AXIS2_PLACEMENT_3D('',#11170,#8183,#8184);
#6621=AXIS2_PLACEMENT_3D('',#11171,#8185,#8186);
#6622=DIRECTION('axis',(0.,0.,1.));
#6623=DIRECTION('refdir',(1.,0.,0.));
#6624=DIRECTION('center_axis',(0.,1.,0.));
#6625=DIRECTION('ref_axis',(-0.707106781186548,0.,0.707106781186548));
#6626=DIRECTION('center_axis',(0.,-1.,0.));
#6627=DIRECTION('ref_axis',(-0.707106781186548,0.,0.707106781186548));
#6628=DIRECTION('',(0.,-1.,0.));
#6629=DIRECTION('center_axis',(0.,-1.,0.));
#6630=DIRECTION('ref_axis',(-0.707106781186548,0.,0.707106781186548));
#6631=DIRECTION('',(0.,1.,0.));
#6632=DIRECTION('center_axis',(0.,0.,1.));
#6633=DIRECTION('ref_axis',(1.,0.,0.));
#6634=DIRECTION('',(1.,0.,0.));
#6635=DIRECTION('',(0.,1.,0.));
#6636=DIRECTION('',(1.,0.,0.));
#6637=DIRECTION('center_axis',(0.,1.,0.));
#6638=DIRECTION('ref_axis',(-0.707106781186548,0.,-0.707106781186548));
#6639=DIRECTION('center_axis',(0.,-1.,0.));
#6640=DIRECTION('ref_axis',(-0.707106781186548,0.,-0.707106781186548));
#6641=DIRECTION('',(0.,-1.,0.));
#6642=DIRECTION('center_axis',(0.,-1.,0.));
#6643=DIRECTION('ref_axis',(-0.707106781186548,0.,-0.707106781186548));
#6644=DIRECTION('',(0.,1.,0.));
#6645=DIRECTION('center_axis',(0.,1.,0.));
#6646=DIRECTION('ref_axis',(0.,0.,1.));
#6647=DIRECTION('',(0.,0.,1.));
#6648=DIRECTION('',(-1.,0.,0.));
#6649=DIRECTION('center_axis',(0.,-1.,0.));
#6650=DIRECTION('ref_axis',(0.707106781186548,0.,-0.707106781186548));
#6651=DIRECTION('',(0.,0.,-1.));
#6652=DIRECTION('center_axis',(0.,-1.,0.));
#6653=DIRECTION('ref_axis',(0.707106781186548,0.,0.707106781186548));
#6654=DIRECTION('center_axis',(0.,0.,-1.));
#6655=DIRECTION('ref_axis',(-1.,0.,0.));
#6656=DIRECTION('',(-1.,0.,0.));
#6657=DIRECTION('',(0.,-1.,0.));
#6658=DIRECTION('center_axis',(0.,1.,0.));
#6659=DIRECTION('ref_axis',(0.707106781186548,0.,-0.707106781186548));
#6660=DIRECTION('center_axis',(0.,-1.,0.));
#6661=DIRECTION('ref_axis',(0.707106781186548,0.,-0.707106781186548));
#6662=DIRECTION('',(0.,1.,0.));
#6663=DIRECTION('center_axis',(1.,0.,0.));
#6664=DIRECTION('ref_axis',(0.,0.,-1.));
#6665=DIRECTION('',(0.,0.,-1.));
#6666=DIRECTION('',(0.,-1.,0.));
#6667=DIRECTION('center_axis',(0.,1.,0.));
#6668=DIRECTION('ref_axis',(0.707106781186548,0.,0.707106781186548));
#6669=DIRECTION('center_axis',(0.,-1.,0.));
#6670=DIRECTION('ref_axis',(0.707106781186548,0.,0.707106781186548));
#6671=DIRECTION('center_axis',(-1.,0.,0.));
#6672=DIRECTION('ref_axis',(0.,0.,1.));
#6673=DIRECTION('',(0.,0.,1.));
#6674=DIRECTION('center_axis',(0.,1.,0.));
#6675=DIRECTION('ref_axis',(-0.707106781186548,0.,-0.707106781186548));
#6676=DIRECTION('center_axis',(0.,-1.,0.));
#6677=DIRECTION('ref_axis',(-0.707106781186548,0.,-0.707106781186548));
#6678=DIRECTION('',(0.,-1.,0.));
#6679=DIRECTION('center_axis',(0.,1.,0.));
#6680=DIRECTION('ref_axis',(-0.707106781186548,0.,-0.707106781186548));
#6681=DIRECTION('',(0.,1.,0.));
#6682=DIRECTION('center_axis',(0.,0.,-1.));
#6683=DIRECTION('ref_axis',(-1.,0.,0.));
#6684=DIRECTION('',(1.,0.,0.));
#6685=DIRECTION('',(-3.96508223080413E-16,1.,0.));
#6686=DIRECTION('',(-1.,0.,0.));
#6687=DIRECTION('',(0.,1.,0.));
#6688=DIRECTION('',(-1.,0.,0.));
#6689=DIRECTION('center_axis',(0.,-1.,0.));
#6690=DIRECTION('ref_axis',(-1.,0.,0.));
#6691=DIRECTION('',(0.,0.,-1.));
#6692=DIRECTION('center_axis',(0.,-1.,0.));
#6693=DIRECTION('ref_axis',(-0.707106781186548,0.,0.707106781186548));
#6694=DIRECTION('',(-1.,0.,0.));
#6695=DIRECTION('',(0.,0.,-1.));
#6696=DIRECTION('center_axis',(0.,1.,0.));
#6697=DIRECTION('ref_axis',(0.707106781186548,0.,-0.707106781186548));
#6698=DIRECTION('center_axis',(0.,-1.,0.));
#6699=DIRECTION('ref_axis',(0.707106781186548,0.,-0.707106781186548));
#6700=DIRECTION('',(0.,-1.,0.));
#6701=DIRECTION('center_axis',(0.,1.,0.));
#6702=DIRECTION('ref_axis',(0.707106781186548,0.,-0.707106781186548));
#6703=DIRECTION('center_axis',(1.,0.,0.));
#6704=DIRECTION('ref_axis',(0.,0.,-1.));
#6705=DIRECTION('',(0.,0.,-1.));
#6706=DIRECTION('',(0.,1.,0.));
#6707=DIRECTION('',(0.,0.,-1.));
#6708=DIRECTION('center_axis',(0.,1.,0.));
#6709=DIRECTION('ref_axis',(0.,0.,1.));
#6710=DIRECTION('',(0.,0.,1.));
#6711=DIRECTION('',(1.,0.,0.));
#6712=DIRECTION('center_axis',(0.,-1.,0.));
#6713=DIRECTION('ref_axis',(0.707106781186548,0.,0.707106781186548));
#6714=DIRECTION('center_axis',(0.,1.,0.));
#6715=DIRECTION('ref_axis',(-0.707106781186548,0.,0.707106781186548));
#6716=DIRECTION('',(0.,-1.,0.));
#6717=DIRECTION('center_axis',(0.,1.,0.));
#6718=DIRECTION('ref_axis',(-0.707106781186548,0.,0.707106781186548));
#6719=DIRECTION('',(0.,1.,0.));
#6720=DIRECTION('center_axis',(0.,0.,1.));
#6721=DIRECTION('ref_axis',(1.,0.,0.));
#6722=DIRECTION('',(1.,0.,0.));
#6723=DIRECTION('',(0.,-1.,0.));
#6724=DIRECTION('',(3.96508223080413E-16,-1.,0.));
#6725=DIRECTION('center_axis',(0.,1.,0.));
#6726=DIRECTION('ref_axis',(0.707106781186548,0.,0.707106781186548));
#6727=DIRECTION('center_axis',(0.,1.,0.));
#6728=DIRECTION('ref_axis',(0.707106781186548,0.,0.707106781186548));
#6729=DIRECTION('center_axis',(1.,3.96508223080413E-16,0.));
#6730=DIRECTION('ref_axis',(3.96508223080413E-16,-1.,0.));
#6731=DIRECTION('center_axis',(-1.,0.,0.));
#6732=DIRECTION('ref_axis',(0.,0.,1.));
#6733=DIRECTION('',(0.,0.,1.));
#6734=DIRECTION('center_axis',(0.,1.,0.));
#6735=DIRECTION('ref_axis',(0.,0.,1.));
#6736=DIRECTION('center_axis',(0.,-1.,0.));
#6737=DIRECTION('ref_axis',(1.,0.,0.));
#6738=DIRECTION('center_axis',(0.,-1.,0.));
#6739=DIRECTION('ref_axis',(1.,0.,0.));
#6740=DIRECTION('',(0.,-1.,0.));
#6741=DIRECTION('center_axis',(0.,-1.,0.));
#6742=DIRECTION('ref_axis',(1.,0.,0.));
#6743=DIRECTION('center_axis',(0.,1.,0.));
#6744=DIRECTION('ref_axis',(0.,0.,1.));
#6745=DIRECTION('center_axis',(0.,-1.,0.));
#6746=DIRECTION('ref_axis',(-0.707106781186547,0.,0.707106781186548));
#6747=DIRECTION('center_axis',(0.,1.,0.));
#6748=DIRECTION('ref_axis',(-0.707106781186547,0.,0.707106781186548));
#6749=DIRECTION('',(0.,1.,0.));
#6750=DIRECTION('center_axis',(0.,1.,0.));
#6751=DIRECTION('ref_axis',(-0.707106781186547,0.,0.707106781186548));
#6752=DIRECTION('',(0.,-1.,0.));
#6753=DIRECTION('center_axis',(4.11193712824132E-16,0.,1.));
#6754=DIRECTION('ref_axis',(-1.,0.,4.11193712824132E-16));
#6755=DIRECTION('',(-1.,0.,4.11193712824132E-16));
#6756=DIRECTION('',(0.,1.,0.));
#6757=DIRECTION('',(-1.,0.,4.11193712824132E-16));
#6758=DIRECTION('center_axis',(-1.,0.,0.));
#6759=DIRECTION('ref_axis',(0.,0.,-1.));
#6760=DIRECTION('',(0.,0.,-1.));
#6761=DIRECTION('',(0.,-1.,0.));
#6762=DIRECTION('',(0.,0.,-1.));
#6763=DIRECTION('center_axis',(0.,1.,0.));
#6764=DIRECTION('ref_axis',(0.,0.,1.));
#6765=DIRECTION('',(0.,0.,1.));
#6766=DIRECTION('center_axis',(0.,-1.,0.));
#6767=DIRECTION('ref_axis',(1.,0.,-1.11022302462516E-15));
#6768=DIRECTION('',(1.,0.,0.));
#6769=DIRECTION('center_axis',(1.,0.,0.));
#6770=DIRECTION('ref_axis',(0.,0.,-1.));
#6771=DIRECTION('',(0.,0.,-1.));
#6772=DIRECTION('',(0.,1.,0.));
#6773=DIRECTION('',(0.,0.,-1.));
#6774=DIRECTION('',(0.,1.,0.));
#6775=DIRECTION('center_axis',(0.,1.,0.));
#6776=DIRECTION('ref_axis',(0.,0.,1.));
#6777=DIRECTION('',(-1.,0.,0.));
#6778=DIRECTION('center_axis',(0.,1.,0.));
#6779=DIRECTION('ref_axis',(0.,0.,-1.));
#6780=DIRECTION('',(0.,0.,1.));
#6781=DIRECTION('',(1.,0.,0.));
#6782=DIRECTION('center_axis',(0.,1.,0.));
#6783=DIRECTION('ref_axis',(0.707106781186548,0.,-0.707106781186548));
#6784=DIRECTION('',(0.,0.,1.));
#6785=DIRECTION('',(1.,0.,0.));
#6786=DIRECTION('center_axis',(0.,1.,0.));
#6787=DIRECTION('ref_axis',(0.,0.,1.));
#6788=DIRECTION('center_axis',(0.,-1.,0.));
#6789=DIRECTION('ref_axis',(1.,0.,0.));
#6790=DIRECTION('center_axis',(0.,-1.,0.));
#6791=DIRECTION('ref_axis',(1.,0.,0.));
#6792=DIRECTION('',(0.,-1.,0.));
#6793=DIRECTION('center_axis',(0.,-1.,0.));
#6794=DIRECTION('ref_axis',(1.,0.,0.));
#6795=DIRECTION('center_axis',(0.,1.,0.));
#6796=DIRECTION('ref_axis',(0.,0.,1.));
#6797=DIRECTION('center_axis',(0.,-1.,0.));
#6798=DIRECTION('ref_axis',(0.707106781186548,0.,-0.707106781186548));
#6799=DIRECTION('center_axis',(0.,1.,0.));
#6800=DIRECTION('ref_axis',(0.707106781186548,0.,-0.707106781186548));
#6801=DIRECTION('',(0.,1.,0.));
#6802=DIRECTION('',(0.,-1.,0.));
#6803=DIRECTION('center_axis',(0.,0.,-1.));
#6804=DIRECTION('ref_axis',(1.,0.,0.));
#6805=DIRECTION('',(0.,1.,0.));
#6806=DIRECTION('',(1.,0.,0.));
#6807=DIRECTION('center_axis',(1.,0.,0.));
#6808=DIRECTION('ref_axis',(0.,0.,1.));
#6809=DIRECTION('',(0.,0.,1.));
#6810=DIRECTION('',(0.,-1.,0.));
#6811=DIRECTION('center_axis',(0.,1.,0.));
#6812=DIRECTION('ref_axis',(0.,0.,1.));
#6813=DIRECTION('',(0.,0.,-1.));
#6814=DIRECTION('center_axis',(0.,-1.,0.));
#6815=DIRECTION('ref_axis',(-1.,0.,0.));
#6816=DIRECTION('',(-1.,0.,0.));
#6817=DIRECTION('center_axis',(0.,0.,1.));
#6818=DIRECTION('ref_axis',(1.,0.,0.));
#6819=DIRECTION('',(0.,-1.,0.));
#6820=DIRECTION('',(-1.,0.,0.));
#6821=DIRECTION('',(0.,1.,0.));
#6822=DIRECTION('',(1.,0.,0.));
#6823=DIRECTION('',(0.,1.,0.));
#6824=DIRECTION('center_axis',(0.,-1.,0.));
#6825=DIRECTION('ref_axis',(-1.,0.,0.));
#6826=DIRECTION('',(0.,-1.,0.));
#6827=DIRECTION('center_axis',(0.,-1.,0.));
#6828=DIRECTION('ref_axis',(-1.,0.,0.));
#6829=DIRECTION('center_axis',(0.,-1.,0.));
#6830=DIRECTION('ref_axis',(0.,0.,-1.));
#6831=DIRECTION('',(0.,-1.,0.));
#6832=DIRECTION('center_axis',(0.,-1.,0.));
#6833=DIRECTION('ref_axis',(0.,0.,-1.));
#6834=DIRECTION('',(0.,-1.,0.));
#6835=DIRECTION('center_axis',(-1.,0.,0.));
#6836=DIRECTION('ref_axis',(0.,0.,-1.));
#6837=DIRECTION('',(0.,0.,-1.));
#6838=DIRECTION('center_axis',(0.,1.,0.));
#6839=DIRECTION('ref_axis',(0.,0.,1.));
#6840=DIRECTION('',(1.,0.,0.));
#6841=DIRECTION('',(0.,0.,-1.));
#6842=DIRECTION('center_axis',(-1.,0.,0.));
#6843=DIRECTION('ref_axis',(0.,0.,1.));
#6844=DIRECTION('',(0.,1.,0.));
#6845=DIRECTION('',(0.,0.,1.));
#6846=DIRECTION('center_axis',(0.,1.,0.));
#6847=DIRECTION('ref_axis',(1.,0.,-1.11022302462516E-15));
#6848=DIRECTION('center_axis',(0.,1.,0.));
#6849=DIRECTION('ref_axis',(1.,0.,-1.11022302462516E-15));
#6850=DIRECTION('',(0.,1.,0.));
#6851=DIRECTION('center_axis',(0.,1.,0.));
#6852=DIRECTION('ref_axis',(0.,0.,1.));
#6853=DIRECTION('center_axis',(0.,1.,0.));
#6854=DIRECTION('ref_axis',(0.,0.,1.));
#6855=DIRECTION('center_axis',(0.,0.,-1.));
#6856=DIRECTION('ref_axis',(-1.,0.,0.));
#6857=DIRECTION('',(-1.,0.,0.));
#6858=DIRECTION('center_axis',(0.,1.,0.));
#6859=DIRECTION('ref_axis',(0.,0.,1.));
#6860=DIRECTION('center_axis',(1.,0.,0.));
#6861=DIRECTION('ref_axis',(0.,0.707106781186547,-0.707106781186548));
#6862=DIRECTION('center_axis',(-1.,0.,0.));
#6863=DIRECTION('ref_axis',(0.,0.707106781186547,-0.707106781186548));
#6864=DIRECTION('',(-1.,0.,0.));
#6865=DIRECTION('center_axis',(1.,0.,0.));
#6866=DIRECTION('ref_axis',(0.,0.707106781186547,-0.707106781186548));
#6867=DIRECTION('',(1.,0.,0.));
#6868=DIRECTION('center_axis',(-1.,0.,0.));
#6869=DIRECTION('ref_axis',(0.,1.,0.));
#6870=DIRECTION('',(0.,0.,-1.));
#6871=DIRECTION('',(0.,1.,0.));
#6872=DIRECTION('',(0.,0.,1.));
#6873=DIRECTION('center_axis',(1.,0.,0.));
#6874=DIRECTION('ref_axis',(0.,0.707106781186548,-0.707106781186548));
#6875=DIRECTION('',(0.,-1.,0.));
#6876=DIRECTION('',(0.,0.,-1.));
#6877=DIRECTION('',(0.,-1.,0.));
#6878=DIRECTION('center_axis',(0.,-1.,0.));
#6879=DIRECTION('ref_axis',(0.,0.,-1.));
#6880=DIRECTION('',(0.,0.,1.));
#6881=DIRECTION('',(-1.,0.,0.));
#6882=DIRECTION('',(0.,0.,-1.));
#6883=DIRECTION('',(1.,0.,0.));
#6884=DIRECTION('center_axis',(0.,-1.,0.));
#6885=DIRECTION('ref_axis',(-1.,0.,-2.2204460492503E-15));
#6886=DIRECTION('',(1.30614473485313E-16,0.,-1.));
#6887=DIRECTION('',(1.,0.,6.93889390390722E-16));
#6888=DIRECTION('',(0.,0.,1.));
#6889=DIRECTION('',(-1.,0.,0.));
#6890=DIRECTION('',(1.30614473485313E-16,0.,-1.));
#6891=DIRECTION('',(1.,0.,0.));
#6892=DIRECTION('',(0.,0.,1.));
#6893=DIRECTION('',(-1.,0.,6.93889390390722E-16));
#6894=DIRECTION('',(1.30614473485313E-16,0.,-1.));
#6895=DIRECTION('center_axis',(0.,-1.,0.));
#6896=DIRECTION('ref_axis',(0.,0.,1.));
#6897=DIRECTION('',(-1.,0.,0.));
#6898=DIRECTION('',(0.,0.,-1.));
#6899=DIRECTION('',(1.,0.,0.));
#6900=DIRECTION('',(0.,0.,1.));
#6901=DIRECTION('',(-1.,0.,0.));
#6902=DIRECTION('',(0.,0.,-1.));
#6903=DIRECTION('',(1.,0.,0.));
#6904=DIRECTION('',(0.,0.,1.));
#6905=DIRECTION('',(-1.,0.,0.));
#6906=DIRECTION('center_axis',(0.,-1.,0.));
#6907=DIRECTION('ref_axis',(1.,0.,0.));
#6908=DIRECTION('',(0.,0.,1.));
#6909=DIRECTION('',(-1.,0.,-6.93889390390722E-16));
#6910=DIRECTION('',(0.,0.,-1.));
#6911=DIRECTION('',(1.,0.,0.));
#6912=DIRECTION('',(0.,0.,1.));
#6913=DIRECTION('',(-1.,0.,0.));
#6914=DIRECTION('',(0.,0.,-1.));
#6915=DIRECTION('',(1.,0.,-6.93889390390722E-16));
#6916=DIRECTION('',(0.,0.,1.));
#6917=DIRECTION('center_axis',(0.,-1.,0.));
#6918=DIRECTION('ref_axis',(0.,0.,-1.));
#6919=DIRECTION('',(1.,0.,0.));
#6920=DIRECTION('',(0.,0.,1.));
#6921=DIRECTION('',(-1.,0.,0.));
#6922=DIRECTION('center_axis',(0.,-1.,0.));
#6923=DIRECTION('ref_axis',(-1.,0.,0.));
#6924=DIRECTION('center_axis',(0.,-1.,0.));
#6925=DIRECTION('ref_axis',(1.,0.,0.));
#6926=DIRECTION('center_axis',(0.,-1.,0.));
#6927=DIRECTION('ref_axis',(-1.,0.,0.));
#6928=DIRECTION('center_axis',(0.,-1.,0.));
#6929=DIRECTION('ref_axis',(1.,0.,0.));
#6930=DIRECTION('center_axis',(1.,0.,0.));
#6931=DIRECTION('ref_axis',(0.,0.707106781186548,-0.707106781186548));
#6932=DIRECTION('center_axis',(-1.,0.,0.));
#6933=DIRECTION('ref_axis',(0.,0.707106781186548,-0.707106781186548));
#6934=DIRECTION('',(1.,0.,0.));
#6935=DIRECTION('',(-1.,0.,0.));
#6936=DIRECTION('center_axis',(0.,0.,-1.));
#6937=DIRECTION('ref_axis',(1.,0.,0.));
#6938=DIRECTION('',(0.,1.,0.));
#6939=DIRECTION('',(1.,0.,0.));
#6940=DIRECTION('',(0.,-1.,0.));
#6941=DIRECTION('',(1.,0.,0.));
#6942=DIRECTION('',(0.,1.,0.));
#6943=DIRECTION('',(1.,0.,0.));
#6944=DIRECTION('center_axis',(0.,0.,1.));
#6945=DIRECTION('ref_axis',(-1.,0.,0.));
#6946=DIRECTION('',(-1.,0.,0.));
#6947=DIRECTION('',(0.,1.,0.));
#6948=DIRECTION('',(-1.,0.,0.));
#6949=DIRECTION('',(0.,-1.,0.));
#6950=DIRECTION('',(-1.,0.,0.));
#6951=DIRECTION('',(0.,-1.,0.));
#6952=DIRECTION('center_axis',(0.,-1.,0.));
#6953=DIRECTION('ref_axis',(0.,0.,-1.));
#6954=DIRECTION('',(1.,0.,0.));
#6955=DIRECTION('',(0.,0.,-1.));
#6956=DIRECTION('',(1.,0.,0.));
#6957=DIRECTION('center_axis',(0.,-1.,0.));
#6958=DIRECTION('ref_axis',(0.,0.,-1.));
#6959=DIRECTION('',(0.,0.,1.));
#6960=DIRECTION('',(-1.,0.,6.93889390390722E-16));
#6961=DIRECTION('',(0.,0.,1.));
#6962=DIRECTION('',(-1.,0.,0.));
#6963=DIRECTION('',(0.,0.,-1.));
#6964=DIRECTION('',(1.,0.,0.));
#6965=DIRECTION('',(0.,0.,1.));
#6966=DIRECTION('',(1.,0.,6.93889390390722E-16));
#6967=DIRECTION('',(0.,0.,1.));
#6968=DIRECTION('center_axis',(0.,-1.,0.));
#6969=DIRECTION('ref_axis',(1.,0.,0.));
#6970=DIRECTION('',(-1.,0.,0.));
#6971=DIRECTION('',(0.,0.,-1.));
#6972=DIRECTION('',(-1.,0.,0.));
#6973=DIRECTION('',(0.,0.,1.));
#6974=DIRECTION('',(1.,0.,0.));
#6975=DIRECTION('',(0.,0.,-1.));
#6976=DIRECTION('',(-1.,0.,0.));
#6977=DIRECTION('',(0.,0.,1.));
#6978=DIRECTION('',(-1.,0.,0.));
#6979=DIRECTION('center_axis',(0.,-1.,0.));
#6980=DIRECTION('ref_axis',(0.,0.,1.));
#6981=DIRECTION('',(1.30614473485313E-16,0.,-1.));
#6982=DIRECTION('',(1.,0.,-6.93889390390722E-16));
#6983=DIRECTION('',(0.,0.,-1.));
#6984=DIRECTION('',(1.,0.,0.));
#6985=DIRECTION('',(0.,0.,1.));
#6986=DIRECTION('',(-1.,0.,0.));
#6987=DIRECTION('',(0.,0.,-1.));
#6988=DIRECTION('',(-1.,0.,-6.93889390390722E-16));
#6989=DIRECTION('',(1.30614473485313E-16,0.,-1.));
#6990=DIRECTION('center_axis',(0.,-1.,0.));
#6991=DIRECTION('ref_axis',(-1.,0.,-2.2204460492503E-15));
#6992=DIRECTION('',(1.,0.,0.));
#6993=DIRECTION('',(0.,0.,1.));
#6994=DIRECTION('',(1.,0.,0.));
#6995=DIRECTION('',(0.,0.,-1.));
#6996=DIRECTION('center_axis',(0.,-1.,0.));
#6997=DIRECTION('ref_axis',(1.,0.,0.));
#6998=DIRECTION('center_axis',(0.,-1.,0.));
#6999=DIRECTION('ref_axis',(1.,0.,0.));
#7000=DIRECTION('center_axis',(0.,-1.,0.));
#7001=DIRECTION('ref_axis',(-1.,0.,0.));
#7002=DIRECTION('center_axis',(0.,-1.,0.));
#7003=DIRECTION('ref_axis',(-1.,0.,0.));
#7004=DIRECTION('center_axis',(1.,0.,0.));
#7005=DIRECTION('ref_axis',(0.,0.707106781186547,0.707106781186548));
#7006=DIRECTION('center_axis',(-1.,0.,0.));
#7007=DIRECTION('ref_axis',(0.,0.707106781186547,0.707106781186548));
#7008=DIRECTION('center_axis',(1.,0.,0.));
#7009=DIRECTION('ref_axis',(0.,0.707106781186547,0.707106781186548));
#7010=DIRECTION('',(1.,0.,0.));
#7011=DIRECTION('center_axis',(1.,0.,0.));
#7012=DIRECTION('ref_axis',(0.,1.,0.));
#7013=DIRECTION('',(0.,-1.,0.));
#7014=DIRECTION('',(0.,0.,1.));
#7015=DIRECTION('',(0.,-1.,0.));
#7016=DIRECTION('center_axis',(1.,0.,0.));
#7017=DIRECTION('ref_axis',(0.,0.707106781186548,0.707106781186548));
#7018=DIRECTION('',(0.,1.,0.));
#7019=DIRECTION('center_axis',(0.,0.,1.));
#7020=DIRECTION('ref_axis',(-1.,0.,0.));
#7021=DIRECTION('',(0.,-1.,0.));
#7022=DIRECTION('',(1.,0.,0.));
#7023=DIRECTION('',(0.,-1.,0.));
#7024=DIRECTION('',(-1.,0.,0.));
#7025=DIRECTION('',(0.,1.,0.));
#7026=DIRECTION('',(1.,0.,0.));
#7027=DIRECTION('center_axis',(1.,0.,0.));
#7028=DIRECTION('ref_axis',(0.,0.707106781186548,0.707106781186548));
#7029=DIRECTION('center_axis',(-1.,0.,0.));
#7030=DIRECTION('ref_axis',(0.,0.707106781186548,0.707106781186548));
#7031=DIRECTION('',(-1.,0.,0.));
#7032=DIRECTION('center_axis',(0.,0.,-1.));
#7033=DIRECTION('ref_axis',(1.,0.,0.));
#7034=DIRECTION('',(-1.,0.,0.));
#7035=DIRECTION('',(0.,-1.,0.));
#7036=DIRECTION('',(1.,0.,0.));
#7037=DIRECTION('',(0.,1.,0.));
#7038=DIRECTION('',(-1.,0.,0.));
#7039=DIRECTION('',(0.,1.,0.));
#7040=DIRECTION('center_axis',(0.,0.,-1.));
#7041=DIRECTION('ref_axis',(-0.707106781186548,0.707106781186548,0.));
#7042=DIRECTION('center_axis',(0.,0.,-1.));
#7043=DIRECTION('ref_axis',(-0.707106781186548,0.707106781186548,0.));
#7044=DIRECTION('center_axis',(0.,0.,1.));
#7045=DIRECTION('ref_axis',(-0.707106781186548,0.707106781186548,0.));
#7046=DIRECTION('',(0.,0.,-1.));
#7047=DIRECTION('center_axis',(-1.,0.,0.));
#7048=DIRECTION('ref_axis',(0.,0.,-1.));
#7049=DIRECTION('',(0.,-1.,0.));
#7050=DIRECTION('',(0.,0.,-1.));
#7051=DIRECTION('',(0.,-1.,0.));
#7052=DIRECTION('center_axis',(0.,0.,1.));
#7053=DIRECTION('ref_axis',(0.70710678118654,0.707106781186555,0.));
#7054=DIRECTION('center_axis',(0.,0.,1.));
#7055=DIRECTION('ref_axis',(0.70710678118654,0.707106781186555,0.));
#7056=DIRECTION('center_axis',(0.,0.,-1.));
#7057=DIRECTION('ref_axis',(0.70710678118654,0.707106781186555,0.));
#7058=DIRECTION('',(0.,0.,1.));
#7059=DIRECTION('center_axis',(-1.,0.,0.));
#7060=DIRECTION('ref_axis',(0.,0.,-1.));
#7061=DIRECTION('',(0.,-1.,0.));
#7062=DIRECTION('',(0.,0.,-1.));
#7063=DIRECTION('',(0.,-1.,0.));
#7064=DIRECTION('center_axis',(1.,0.,0.));
#7065=DIRECTION('ref_axis',(0.,0.,-1.));
#7066=DIRECTION('',(0.,1.,0.));
#7067=DIRECTION('',(0.,1.,0.));
#7068=DIRECTION('center_axis',(0.,0.,1.));
#7069=DIRECTION('ref_axis',(1.,0.,0.));
#7070=DIRECTION('center_axis',(0.,0.,-1.));
#7071=DIRECTION('ref_axis',(1.,0.,0.));
#7072=DIRECTION('',(0.,-1.,0.));
#7073=DIRECTION('center_axis',(0.,0.,-1.));
#7074=DIRECTION('ref_axis',(-1.,0.,0.));
#7075=DIRECTION('',(0.,1.,0.));
#7076=DIRECTION('',(0.,1.,0.));
#7077=DIRECTION('center_axis',(1.,0.,0.));
#7078=DIRECTION('ref_axis',(0.,0.,-1.));
#7079=DIRECTION('',(0.,-1.,0.));
#7080=DIRECTION('center_axis',(0.,0.,1.));
#7081=DIRECTION('ref_axis',(1.,0.,0.));
#7082=DIRECTION('',(0.,1.,0.));
#7083=DIRECTION('center_axis',(-1.,0.,0.));
#7084=DIRECTION('ref_axis',(0.,0.,1.));
#7085=DIRECTION('',(0.,-1.,0.));
#7086=DIRECTION('center_axis',(0.,0.,-1.));
#7087=DIRECTION('ref_axis',(-1.,0.,0.));
#7088=DIRECTION('',(0.,1.,0.));
#7089=DIRECTION('',(0.,1.,0.));
#7090=DIRECTION('center_axis',(-1.,0.,0.));
#7091=DIRECTION('ref_axis',(0.,0.,1.));
#7092=DIRECTION('',(0.,1.,0.));
#7093=DIRECTION('',(1.,0.,0.));
#7094=DIRECTION('center_axis',(0.,-0.63387267509054,-0.773437412964723));
#7095=DIRECTION('ref_axis',(0.,0.773437412964723,-0.63387267509054));
#7096=DIRECTION('center_axis',(0.,0.63387267509054,0.773437412964723));
#7097=DIRECTION('ref_axis',(0.707106781186548,-0.546902839530736,0.448215666965377));
#7098=DIRECTION('center_axis',(0.,0.633872675090538,0.773437412964724));
#7099=DIRECTION('ref_axis',(-0.707106781186548,-0.546902839530736,0.448215666965377));
#7100=DIRECTION('center_axis',(0.,-0.63387267509054,-0.773437412964723));
#7101=DIRECTION('ref_axis',(0.707106781186548,-0.546902839530736,0.448215666965377));
#7102=DIRECTION('',(0.,-0.633872675090538,-0.773437412964724));
#7103=DIRECTION('',(0.,0.633872675090538,0.773437412964724));
#7104=DIRECTION('center_axis',(-1.,0.,0.));
#7105=DIRECTION('ref_axis',(0.,0.,1.));
#7106=DIRECTION('',(0.,0.,-1.));
#7107=DIRECTION('',(0.,0.773437412964723,-0.63387267509054));
#7108=DIRECTION('',(-1.,0.,0.));
#7109=DIRECTION('center_axis',(0.,0.63387267509054,0.773437412964723));
#7110=DIRECTION('ref_axis',(0.,-0.773437412964723,0.63387267509054));
#7111=DIRECTION('',(0.,-0.773437412964723,0.63387267509054));
#7112=DIRECTION('center_axis',(-1.,0.,0.));
#7113=DIRECTION('ref_axis',(0.,0.,1.));
#7114=DIRECTION('',(0.,0.,-1.));
#7115=DIRECTION('center_axis',(0.,1.,0.));
#7116=DIRECTION('ref_axis',(0.,0.,1.));
#7117=DIRECTION('',(0.,0.,1.));
#7118=DIRECTION('center_axis',(1.,0.,0.));
#7119=DIRECTION('ref_axis',(0.,-1.,0.));
#7120=DIRECTION('center_axis',(0.,1.,0.));
#7121=DIRECTION('ref_axis',(0.,0.,1.));
#7122=DIRECTION('center_axis',(0.,0.,-1.));
#7123=DIRECTION('ref_axis',(1.,0.,0.));
#7124=DIRECTION('',(0.,-1.,0.));
#7125=DIRECTION('',(1.,0.,0.));
#7126=DIRECTION('center_axis',(0.,0.63387267509054,-0.773437412964723));
#7127=DIRECTION('ref_axis',(0.,0.773437412964723,0.63387267509054));
#7128=DIRECTION('center_axis',(0.,-0.63387267509054,0.773437412964723));
#7129=DIRECTION('ref_axis',(0.707106781186548,-0.546902839530736,-0.448215666965377));
#7130=DIRECTION('center_axis',(0.,-0.633872675090538,0.773437412964724));
#7131=DIRECTION('ref_axis',(-0.707106781186548,-0.546902839530736,-0.448215666965377));
#7132=DIRECTION('center_axis',(0.,0.63387267509054,-0.773437412964723));
#7133=DIRECTION('ref_axis',(0.707106781186548,-0.546902839530736,-0.448215666965377));
#7134=DIRECTION('',(0.,0.633872675090538,-0.773437412964724));
#7135=DIRECTION('',(0.,-0.633872675090538,0.773437412964724));
#7136=DIRECTION('center_axis',(1.,0.,0.));
#7137=DIRECTION('ref_axis',(0.,0.,-1.));
#7138=DIRECTION('',(0.,0.773437412964723,0.63387267509054));
#7139=DIRECTION('',(0.,0.,-1.));
#7140=DIRECTION('',(-1.,0.,0.));
#7141=DIRECTION('center_axis',(0.,-0.63387267509054,0.773437412964723));
#7142=DIRECTION('ref_axis',(0.,-0.773437412964723,-0.63387267509054));
#7143=DIRECTION('',(0.,-0.773437412964723,-0.63387267509054));
#7144=DIRECTION('center_axis',(1.,0.,0.));
#7145=DIRECTION('ref_axis',(0.,0.,-1.));
#7146=DIRECTION('',(0.,0.,-1.));
#7147=DIRECTION('center_axis',(0.,-1.,0.));
#7148=DIRECTION('ref_axis',(0.,0.,-1.));
#7149=DIRECTION('',(0.,0.,-1.));
#7150=DIRECTION('center_axis',(0.,-1.,0.));
#7151=DIRECTION('ref_axis',(0.,0.,-1.));
#7152=DIRECTION('center_axis',(-1.,0.,0.));
#7153=DIRECTION('ref_axis',(0.,-1.,0.));
#7154=DIRECTION('center_axis',(0.,0.,1.));
#7155=DIRECTION('ref_axis',(-1.,0.,0.));
#7156=DIRECTION('',(0.,-1.,0.));
#7157=DIRECTION('center_axis',(0.,0.,1.));
#7158=DIRECTION('ref_axis',(-1.,0.,0.));
#7159=DIRECTION('',(0.,-1.,0.));
#7160=DIRECTION('center_axis',(1.30614473485313E-16,0.,-1.));
#7161=DIRECTION('ref_axis',(-0.707106781186548,0.707106781186547,0.));
#7162=DIRECTION('center_axis',(0.,0.,1.));
#7163=DIRECTION('ref_axis',(-0.707106781186548,0.707106781186547,0.));
#7164=DIRECTION('',(-1.30614473485313E-16,0.,1.));
#7165=DIRECTION('center_axis',(0.,0.,-1.));
#7166=DIRECTION('ref_axis',(-0.707106781186548,0.707106781186547,0.));
#7167=DIRECTION('center_axis',(0.,0.,1.));
#7168=DIRECTION('ref_axis',(-1.,0.,0.));
#7169=DIRECTION('',(0.,1.,0.));
#7170=DIRECTION('',(-1.,0.,0.));
#7171=DIRECTION('',(0.,-1.,0.));
#7172=DIRECTION('center_axis',(0.,0.,1.));
#7173=DIRECTION('ref_axis',(0.707106781186548,0.707106781186547,0.));
#7174=DIRECTION('center_axis',(0.,0.,-1.));
#7175=DIRECTION('ref_axis',(0.707106781186548,0.707106781186547,0.));
#7176=DIRECTION('',(0.,0.,-1.));
#7177=DIRECTION('center_axis',(0.,0.,1.));
#7178=DIRECTION('ref_axis',(0.707106781186548,0.707106781186547,0.));
#7179=DIRECTION('center_axis',(0.,0.,-1.));
#7180=DIRECTION('ref_axis',(1.,0.,0.));
#7181=DIRECTION('',(0.,1.,0.));
#7182=DIRECTION('',(1.,0.,0.));
#7183=DIRECTION('',(0.,1.,0.));
#7184=DIRECTION('center_axis',(1.,0.,0.));
#7185=DIRECTION('ref_axis',(0.,0.,1.));
#7186=DIRECTION('',(0.,-1.,0.));
#7187=DIRECTION('',(0.,0.,1.));
#7188=DIRECTION('center_axis',(6.93889390390722E-16,0.,-1.));
#7189=DIRECTION('ref_axis',(-1.,0.,-6.93889390390722E-16));
#7190=DIRECTION('',(0.,1.,0.));
#7191=DIRECTION('',(0.,1.,0.));
#7192=DIRECTION('center_axis',(1.,0.,0.));
#7193=DIRECTION('ref_axis',(0.,0.,-1.));
#7194=DIRECTION('center_axis',(-1.,0.,-1.30614473485313E-16));
#7195=DIRECTION('ref_axis',(1.30614473485313E-16,0.,-1.));
#7196=DIRECTION('',(0.,-1.,0.));
#7197=DIRECTION('center_axis',(-1.,0.,-1.30614473485313E-16));
#7198=DIRECTION('ref_axis',(1.30614473485313E-16,0.,-1.));
#7199=DIRECTION('',(0.,0.,1.));
#7200=DIRECTION('',(0.,1.,0.));
#7201=DIRECTION('center_axis',(-1.,0.,0.));
#7202=DIRECTION('ref_axis',(0.,0.,1.));
#7203=DIRECTION('',(0.,1.,0.));
#7204=DIRECTION('',(0.,1.,0.));
#7205=DIRECTION('center_axis',(-6.93889390390722E-16,0.,-1.));
#7206=DIRECTION('ref_axis',(-1.,0.,6.93889390390722E-16));
#7207=DIRECTION('',(0.,-1.,0.));
#7208=DIRECTION('center_axis',(0.,0.,-1.));
#7209=DIRECTION('ref_axis',(1.,0.,0.));
#7210=DIRECTION('',(1.,0.,0.));
#7211=DIRECTION('center_axis',(0.,1.,0.));
#7212=DIRECTION('ref_axis',(0.,0.,-1.));
#7213=DIRECTION('center_axis',(6.93889390390722E-16,0.,1.));
#7214=DIRECTION('ref_axis',(1.,0.,-6.93889390390722E-16));
#7215=DIRECTION('',(0.,1.,0.));
#7216=DIRECTION('',(0.,-1.,0.));
#7217=DIRECTION('center_axis',(1.,0.,0.));
#7218=DIRECTION('ref_axis',(0.,0.,-1.));
#7219=DIRECTION('center_axis',(1.,0.,0.));
#7220=DIRECTION('ref_axis',(0.,0.,1.));
#7221=DIRECTION('',(0.,-1.,0.));
#7222=DIRECTION('center_axis',(-6.93889390390722E-16,0.,1.));
#7223=DIRECTION('ref_axis',(1.,0.,6.93889390390722E-16));
#7224=DIRECTION('',(0.,1.,0.));
#7225=DIRECTION('',(0.,1.,0.));
#7226=DIRECTION('center_axis',(-1.,0.,0.));
#7227=DIRECTION('ref_axis',(0.,0.,1.));
#7228=DIRECTION('',(0.,1.,0.));
#7229=DIRECTION('center_axis',(1.,0.,0.));
#7230=DIRECTION('ref_axis',(0.,0.,1.));
#7231=DIRECTION('',(0.,-1.,0.));
#7232=DIRECTION('center_axis',(0.,0.,1.));
#7233=DIRECTION('ref_axis',(-1.,0.,0.));
#7234=DIRECTION('',(-1.,0.,0.));
#7235=DIRECTION('center_axis',(0.,-1.,0.));
#7236=DIRECTION('ref_axis',(0.,0.,-1.));
#7237=DIRECTION('center_axis',(0.,1.,0.));
#7238=DIRECTION('ref_axis',(0.,0.,1.));
#7239=DIRECTION('center_axis',(-1.,0.,0.));
#7240=DIRECTION('ref_axis',(0.,0.,-1.));
#7241=DIRECTION('center_axis',(0.,1.,0.));
#7242=DIRECTION('ref_axis',(1.,0.,0.));
#7243=DIRECTION('center_axis',(0.,1.,0.));
#7244=DIRECTION('ref_axis',(1.,0.,0.));
#7245=DIRECTION('center_axis',(0.,1.,0.));
#7246=DIRECTION('ref_axis',(-1.,0.,0.));
#7247=DIRECTION('',(0.,1.,0.));
#7248=DIRECTION('center_axis',(0.,1.,0.));
#7249=DIRECTION('ref_axis',(0.,0.,1.));
#7250=DIRECTION('center_axis',(-1.,0.,0.));
#7251=DIRECTION('ref_axis',(0.,0.,-1.));
#7252=DIRECTION('center_axis',(0.,1.,0.));
#7253=DIRECTION('ref_axis',(-1.,0.,0.));
#7254=DIRECTION('center_axis',(0.,1.,0.));
#7255=DIRECTION('ref_axis',(-1.,0.,0.));
#7256=DIRECTION('center_axis',(0.,-1.,0.));
#7257=DIRECTION('ref_axis',(1.,0.,0.));
#7258=DIRECTION('',(0.,1.,0.));
#7259=DIRECTION('center_axis',(0.,1.,0.));
#7260=DIRECTION('ref_axis',(0.,0.,1.));
#7261=DIRECTION('center_axis',(-1.,0.,0.));
#7262=DIRECTION('ref_axis',(0.,0.,-1.));
#7263=DIRECTION('center_axis',(0.,1.,0.));
#7264=DIRECTION('ref_axis',(1.,0.,0.));
#7265=DIRECTION('center_axis',(0.,1.,0.));
#7266=DIRECTION('ref_axis',(1.,0.,0.));
#7267=DIRECTION('center_axis',(0.,-1.,0.));
#7268=DIRECTION('ref_axis',(-1.,0.,0.));
#7269=DIRECTION('',(0.,1.,0.));
#7270=DIRECTION('center_axis',(0.,1.,0.));
#7271=DIRECTION('ref_axis',(0.,0.,1.));
#7272=DIRECTION('center_axis',(-1.,0.,0.));
#7273=DIRECTION('ref_axis',(0.,0.,-1.));
#7274=DIRECTION('center_axis',(0.,1.,0.));
#7275=DIRECTION('ref_axis',(-1.,0.,0.));
#7276=DIRECTION('center_axis',(0.,1.,0.));
#7277=DIRECTION('ref_axis',(-1.,0.,0.));
#7278=DIRECTION('center_axis',(0.,1.,0.));
#7279=DIRECTION('ref_axis',(1.,0.,0.));
#7280=DIRECTION('',(0.,1.,0.));
#7281=DIRECTION('center_axis',(0.,-1.,0.));
#7282=DIRECTION('ref_axis',(0.,0.,-1.));
#7283=DIRECTION('center_axis',(0.,-1.,0.));
#7284=DIRECTION('ref_axis',(-1.,0.,-2.2204460492503E-15));
#7285=DIRECTION('center_axis',(-1.,0.,-1.30614473485313E-16));
#7286=DIRECTION('ref_axis',(1.30614473485313E-16,0.,-1.));
#7287=DIRECTION('',(0.,-1.,0.));
#7288=DIRECTION('center_axis',(0.,-1.,0.));
#7289=DIRECTION('ref_axis',(0.,0.,1.));
#7290=DIRECTION('center_axis',(0.,-1.,0.));
#7291=DIRECTION('ref_axis',(1.,0.,0.));
#7292=DIRECTION('center_axis',(1.,3.70074341541719E-16,0.));
#7293=DIRECTION('ref_axis',(0.,-0.599373362101848,0.800469595176936));
#7294=DIRECTION('center_axis',(-1.,-1.2335811384724E-16,0.));
#7295=DIRECTION('ref_axis',(0.,-0.599373362101848,0.800469595176936));
#7296=DIRECTION('',(-1.,-3.70074341541719E-16,0.));
#7297=DIRECTION('center_axis',(1.,2.36217664814394E-16,0.));
#7298=DIRECTION('ref_axis',(0.,-0.599373362101848,0.800469595176936));
#7299=DIRECTION('',(1.,3.70074341541719E-16,0.));
#7300=DIRECTION('center_axis',(0.,0.,1.));
#7301=DIRECTION('ref_axis',(1.,0.,0.));
#7302=DIRECTION('',(-1.2335811384724E-16,1.,0.));
#7303=DIRECTION('center_axis',(0.,0.,1.));
#7304=DIRECTION('ref_axis',(-0.707106781186546,0.707106781186549,0.));
#7305=DIRECTION('',(1.,1.63268091856641E-16,0.));
#7306=DIRECTION('',(0.,1.,0.));
#7307=DIRECTION('',(-1.,-1.69144698250553E-11,0.));
#7308=DIRECTION('center_axis',(0.,0.,-1.));
#7309=DIRECTION('ref_axis',(-0.707106781192528,0.707106781180567,0.));
#7310=DIRECTION('',(2.36217664814394E-16,-1.,0.));
#7311=DIRECTION('center_axis',(1.,1.2335811384724E-16,0.));
#7312=DIRECTION('ref_axis',(-1.2335811384724E-16,1.,0.));
#7313=DIRECTION('',(3.47256970839539E-17,-0.281503145605456,-0.959560305043009));
#7314=DIRECTION('center_axis',(1.,1.2335811384724E-16,0.));
#7315=DIRECTION('ref_axis',(0.,0.599373362101843,-0.800469595176939));
#7316=DIRECTION('',(1.2335811384724E-16,-1.,0.));
#7317=DIRECTION('center_axis',(-1.,-1.2335811384724E-16,0.));
#7318=DIRECTION('ref_axis',(0.,-0.707106781186548,-0.707106781186547));
#7319=DIRECTION('',(-1.2335811384724E-16,1.,0.));
#7320=DIRECTION('center_axis',(1.,1.2335811384724E-16,0.));
#7321=DIRECTION('ref_axis',(0.,0.599373362101848,0.800469595176936));
#7322=DIRECTION('',(-3.47256970839539E-17,0.281503145605456,-0.959560305043009));
#7323=DIRECTION('center_axis',(-1.,-1.2335811384724E-16,0.));
#7324=DIRECTION('ref_axis',(0.,-0.599373362101846,-0.800469595176937));
#7325=DIRECTION('',(1.2335811384724E-16,-1.,0.));
#7326=DIRECTION('',(0.,0.,-1.));
#7327=DIRECTION('center_axis',(1.,3.70074341541719E-16,0.));
#7328=DIRECTION('ref_axis',(0.,0.599373362101843,-0.800469595176939));
#7329=DIRECTION('center_axis',(-1.,-2.36217664814394E-16,0.));
#7330=DIRECTION('ref_axis',(0.,0.599373362101843,-0.800469595176939));
#7331=DIRECTION('',(1.,3.70074341541719E-16,0.));
#7332=DIRECTION('',(-1.,-3.70074341541719E-16,0.));
#7333=DIRECTION('center_axis',(0.,0.,-1.));
#7334=DIRECTION('ref_axis',(-2.36217664814394E-16,1.,0.));
#7335=DIRECTION('',(-2.36217664814394E-16,1.,0.));
#7336=DIRECTION('',(-1.,0.,0.));
#7337=DIRECTION('center_axis',(1.,3.70074341541719E-16,0.));
#7338=DIRECTION('ref_axis',(0.,0.599373362101848,0.800469595176936));
#7339=DIRECTION('center_axis',(-1.,-2.36217664814394E-16,0.));
#7340=DIRECTION('ref_axis',(0.,0.599373362101848,0.800469595176936));
#7341=DIRECTION('',(1.,3.70074341541719E-16,0.));
#7342=DIRECTION('',(-1.,-3.70074341541719E-16,0.));
#7343=DIRECTION('center_axis',(-3.55108648058363E-16,0.959560305043009,
0.281503145605456));
#7344=DIRECTION('ref_axis',(6.64960156928274E-17,-0.281503145605456,0.959560305043009));
#7345=DIRECTION('',(6.64960156928274E-17,-0.281503145605456,0.959560305043009));
#7346=DIRECTION('',(-1.,-3.70074341541719E-16,0.));
#7347=DIRECTION('center_axis',(-1.,-3.70074341541719E-16,0.));
#7348=DIRECTION('ref_axis',(0.,-0.599373362101846,-0.800469595176937));
#7349=DIRECTION('center_axis',(1.,2.36217664814394E-16,0.));
#7350=DIRECTION('ref_axis',(0.,-0.599373362101846,-0.800469595176937));
#7351=DIRECTION('',(1.,3.70074341541719E-16,0.));
#7352=DIRECTION('center_axis',(1.,0.,0.));
#7353=DIRECTION('ref_axis',(0.,-0.707106781186548,-0.707106781186547));
#7354=DIRECTION('center_axis',(1.,2.36217664814394E-16,0.));
#7355=DIRECTION('ref_axis',(0.,-0.707106781186548,0.707106781186548));
#7356=DIRECTION('',(1.,0.,0.));
#7357=DIRECTION('center_axis',(0.,0.,1.));
#7358=DIRECTION('ref_axis',(2.36217664814394E-16,-1.,0.));
#7359=DIRECTION('',(2.36217664814394E-16,-1.,0.));
#7360=DIRECTION('center_axis',(-3.55108648058363E-16,0.959560305043009,
-0.281503145605456));
#7361=DIRECTION('ref_axis',(-6.64960156928274E-17,0.281503145605456,0.959560305043009));
#7362=DIRECTION('',(-6.64960156928274E-17,0.281503145605456,0.959560305043009));
#7363=DIRECTION('center_axis',(0.,0.,-1.));
#7364=DIRECTION('ref_axis',(-1.,0.,0.));
#7365=DIRECTION('',(-2.36217664814394E-16,1.,0.));
#7366=DIRECTION('center_axis',(0.,0.,1.));
#7367=DIRECTION('ref_axis',(-0.707106781192528,0.707106781180567,0.));
#7368=DIRECTION('',(1.,1.69144698250553E-11,0.));
#7369=DIRECTION('',(0.,-1.,0.));
#7370=DIRECTION('',(-1.,-1.63268091856641E-16,0.));
#7371=DIRECTION('center_axis',(0.,0.,-1.));
#7372=DIRECTION('ref_axis',(-0.707106781186546,0.707106781186549,0.));
#7373=DIRECTION('center_axis',(0.,0.,1.));
#7374=DIRECTION('ref_axis',(-0.707106781186546,0.707106781186549,0.));
#7375=DIRECTION('',(0.,0.,1.));
#7376=DIRECTION('center_axis',(1.63268091856641E-16,-1.,0.));
#7377=DIRECTION('ref_axis',(1.,1.63268091856641E-16,0.));
#7378=DIRECTION('',(0.,0.,1.));
#7379=DIRECTION('center_axis',(0.,0.,1.));
#7380=DIRECTION('ref_axis',(-0.707106781192528,0.707106781180567,0.));
#7381=DIRECTION('',(0.,0.,-1.));
#7382=DIRECTION('',(0.,0.,1.));
#7383=DIRECTION('center_axis',(-1.,-2.36217664814394E-16,0.));
#7384=DIRECTION('ref_axis',(2.36217664814394E-16,-1.,0.));
#7385=DIRECTION('center_axis',(-1.69144698250553E-11,1.,0.));
#7386=DIRECTION('ref_axis',(-1.,-1.69144698250553E-11,0.));
#7387=DIRECTION('',(0.,0.,1.));
#7388=DIRECTION('center_axis',(1.,0.,0.));
#7389=DIRECTION('ref_axis',(0.,1.,0.));
#7390=DIRECTION('center_axis',(1.,3.70074341541719E-16,0.));
#7391=DIRECTION('ref_axis',(0.,-0.599373362101846,0.800469595176937));
#7392=DIRECTION('center_axis',(-1.,-1.2335811384724E-16,0.));
#7393=DIRECTION('ref_axis',(0.,-0.599373362101846,0.800469595176937));
#7394=DIRECTION('',(-1.,-3.70074341541719E-16,0.));
#7395=DIRECTION('center_axis',(1.,2.36217664814394E-16,0.));
#7396=DIRECTION('ref_axis',(0.,-0.599373362101846,0.800469595176937));
#7397=DIRECTION('',(1.,3.70074341541719E-16,0.));
#7398=DIRECTION('center_axis',(0.,0.,1.));
#7399=DIRECTION('ref_axis',(1.,0.,0.));
#7400=DIRECTION('',(-1.2335811384724E-16,1.,0.));
#7401=DIRECTION('center_axis',(0.,0.,1.));
#7402=DIRECTION('ref_axis',(-0.707106781186546,0.707106781186549,0.));
#7403=DIRECTION('',(1.,1.63268091856641E-16,0.));
#7404=DIRECTION('',(0.,1.,0.));
#7405=DIRECTION('',(-1.,-1.69144698250553E-11,0.));
#7406=DIRECTION('center_axis',(0.,0.,-1.));
#7407=DIRECTION('ref_axis',(-0.707106781192528,0.707106781180567,0.));
#7408=DIRECTION('',(2.36217664814394E-16,-1.,0.));
#7409=DIRECTION('center_axis',(1.,1.2335811384724E-16,0.));
#7410=DIRECTION('ref_axis',(-1.2335811384724E-16,1.,0.));
#7411=DIRECTION('',(3.47256970839539E-17,-0.281503145605456,-0.959560305043009));
#7412=DIRECTION('center_axis',(1.,1.2335811384724E-16,0.));
#7413=DIRECTION('ref_axis',(0.,0.599373362101846,-0.800469595176937));
#7414=DIRECTION('',(1.2335811384724E-16,-1.,0.));
#7415=DIRECTION('center_axis',(-1.,-1.2335811384724E-16,0.));
#7416=DIRECTION('ref_axis',(0.,-0.707106781186548,-0.707106781186548));
#7417=DIRECTION('',(-1.2335811384724E-16,1.,0.));
#7418=DIRECTION('center_axis',(1.,1.2335811384724E-16,0.));
#7419=DIRECTION('ref_axis',(0.,0.599373362101846,0.800469595176937));
#7420=DIRECTION('',(-3.47256970839539E-17,0.281503145605456,-0.959560305043009));
#7421=DIRECTION('center_axis',(-1.,-1.2335811384724E-16,0.));
#7422=DIRECTION('ref_axis',(0.,-0.599373362101846,-0.800469595176937));
#7423=DIRECTION('',(1.2335811384724E-16,-1.,0.));
#7424=DIRECTION('',(0.,0.,-1.));
#7425=DIRECTION('center_axis',(1.,3.70074341541719E-16,0.));
#7426=DIRECTION('ref_axis',(0.,0.599373362101846,-0.800469595176937));
#7427=DIRECTION('center_axis',(-1.,-2.36217664814394E-16,0.));
#7428=DIRECTION('ref_axis',(0.,0.599373362101846,-0.800469595176937));
#7429=DIRECTION('',(1.,3.70074341541719E-16,0.));
#7430=DIRECTION('',(-1.,-3.70074341541719E-16,0.));
#7431=DIRECTION('center_axis',(0.,0.,-1.));
#7432=DIRECTION('ref_axis',(-2.36217664814394E-16,1.,0.));
#7433=DIRECTION('',(-2.36217664814394E-16,1.,0.));
#7434=DIRECTION('',(-1.,0.,0.));
#7435=DIRECTION('center_axis',(1.,3.70074341541719E-16,0.));
#7436=DIRECTION('ref_axis',(0.,0.599373362101846,0.800469595176937));
#7437=DIRECTION('center_axis',(-1.,-2.36217664814394E-16,0.));
#7438=DIRECTION('ref_axis',(0.,0.599373362101846,0.800469595176937));
#7439=DIRECTION('',(1.,3.70074341541719E-16,0.));
#7440=DIRECTION('',(-1.,-3.70074341541719E-16,0.));
#7441=DIRECTION('center_axis',(-3.55108648058363E-16,0.959560305043009,
0.281503145605456));
#7442=DIRECTION('ref_axis',(6.64960156928274E-17,-0.281503145605456,0.959560305043009));
#7443=DIRECTION('',(6.64960156928274E-17,-0.281503145605456,0.959560305043009));
#7444=DIRECTION('',(-1.,-3.70074341541719E-16,0.));
#7445=DIRECTION('center_axis',(-1.,-3.70074341541719E-16,0.));
#7446=DIRECTION('ref_axis',(0.,-0.599373362101846,-0.800469595176937));
#7447=DIRECTION('center_axis',(1.,2.36217664814394E-16,0.));
#7448=DIRECTION('ref_axis',(0.,-0.599373362101846,-0.800469595176937));
#7449=DIRECTION('',(1.,3.70074341541719E-16,0.));
#7450=DIRECTION('center_axis',(1.,0.,0.));
#7451=DIRECTION('ref_axis',(0.,-0.707106781186548,-0.707106781186548));
#7452=DIRECTION('center_axis',(1.,2.36217664814394E-16,0.));
#7453=DIRECTION('ref_axis',(0.,-0.707106781186548,0.707106781186548));
#7454=DIRECTION('',(1.,0.,0.));
#7455=DIRECTION('center_axis',(0.,0.,1.));
#7456=DIRECTION('ref_axis',(2.36217664814394E-16,-1.,0.));
#7457=DIRECTION('',(2.36217664814394E-16,-1.,0.));
#7458=DIRECTION('center_axis',(-3.55108648058363E-16,0.959560305043009,
-0.281503145605456));
#7459=DIRECTION('ref_axis',(-6.64960156928274E-17,0.281503145605456,0.959560305043009));
#7460=DIRECTION('',(-6.64960156928274E-17,0.281503145605456,0.959560305043009));
#7461=DIRECTION('center_axis',(0.,0.,-1.));
#7462=DIRECTION('ref_axis',(-1.,0.,0.));
#7463=DIRECTION('',(-2.36217664814394E-16,1.,0.));
#7464=DIRECTION('center_axis',(0.,0.,1.));
#7465=DIRECTION('ref_axis',(-0.707106781192528,0.707106781180567,0.));
#7466=DIRECTION('',(1.,1.69144698250553E-11,0.));
#7467=DIRECTION('',(0.,-1.,0.));
#7468=DIRECTION('',(-1.,-1.63268091856641E-16,0.));
#7469=DIRECTION('center_axis',(0.,0.,-1.));
#7470=DIRECTION('ref_axis',(-0.707106781186546,0.707106781186549,0.));
#7471=DIRECTION('center_axis',(0.,0.,1.));
#7472=DIRECTION('ref_axis',(-0.707106781186546,0.707106781186549,0.));
#7473=DIRECTION('',(0.,0.,1.));
#7474=DIRECTION('center_axis',(1.63268091856641E-16,-1.,0.));
#7475=DIRECTION('ref_axis',(1.,1.63268091856641E-16,0.));
#7476=DIRECTION('',(0.,0.,1.));
#7477=DIRECTION('center_axis',(0.,0.,1.));
#7478=DIRECTION('ref_axis',(-0.707106781192528,0.707106781180567,0.));
#7479=DIRECTION('',(0.,0.,-1.));
#7480=DIRECTION('',(0.,0.,1.));
#7481=DIRECTION('center_axis',(-1.,-2.36217664814394E-16,0.));
#7482=DIRECTION('ref_axis',(2.36217664814394E-16,-1.,0.));
#7483=DIRECTION('center_axis',(-1.69144698250553E-11,1.,0.));
#7484=DIRECTION('ref_axis',(-1.,-1.69144698250553E-11,0.));
#7485=DIRECTION('',(0.,0.,1.));
#7486=DIRECTION('center_axis',(1.,0.,0.));
#7487=DIRECTION('ref_axis',(0.,1.,0.));
#7488=DIRECTION('center_axis',(1.,3.70074341541719E-16,0.));
#7489=DIRECTION('ref_axis',(0.,-0.599373362101846,0.800469595176937));
#7490=DIRECTION('center_axis',(-1.,-1.2335811384724E-16,0.));
#7491=DIRECTION('ref_axis',(0.,-0.599373362101846,0.800469595176937));
#7492=DIRECTION('',(-1.,-3.70074341541719E-16,0.));
#7493=DIRECTION('center_axis',(1.,2.36217664814394E-16,0.));
#7494=DIRECTION('ref_axis',(0.,-0.599373362101846,0.800469595176937));
#7495=DIRECTION('',(1.,3.70074341541719E-16,0.));
#7496=DIRECTION('center_axis',(0.,0.,1.));
#7497=DIRECTION('ref_axis',(1.,0.,0.));
#7498=DIRECTION('',(-1.2335811384724E-16,1.,0.));
#7499=DIRECTION('center_axis',(0.,0.,1.));
#7500=DIRECTION('ref_axis',(-0.707106781186546,0.707106781186549,0.));
#7501=DIRECTION('',(1.,1.63268091856641E-16,0.));
#7502=DIRECTION('',(0.,1.,0.));
#7503=DIRECTION('',(-1.,-1.69144698250553E-11,0.));
#7504=DIRECTION('center_axis',(0.,0.,-1.));
#7505=DIRECTION('ref_axis',(-0.707106781192528,0.707106781180567,0.));
#7506=DIRECTION('',(2.36217664814394E-16,-1.,0.));
#7507=DIRECTION('center_axis',(1.,1.2335811384724E-16,0.));
#7508=DIRECTION('ref_axis',(-1.2335811384724E-16,1.,0.));
#7509=DIRECTION('',(3.47256970839539E-17,-0.281503145605456,-0.959560305043009));
#7510=DIRECTION('center_axis',(1.,1.2335811384724E-16,0.));
#7511=DIRECTION('ref_axis',(0.,0.599373362101846,-0.800469595176937));
#7512=DIRECTION('',(1.2335811384724E-16,-1.,0.));
#7513=DIRECTION('center_axis',(-1.,-1.2335811384724E-16,0.));
#7514=DIRECTION('ref_axis',(0.,-0.707106781186548,-0.707106781186547));
#7515=DIRECTION('',(-1.2335811384724E-16,1.,0.));
#7516=DIRECTION('center_axis',(1.,1.2335811384724E-16,0.));
#7517=DIRECTION('ref_axis',(0.,0.599373362101848,0.800469595176936));
#7518=DIRECTION('',(-3.47256970839539E-17,0.281503145605456,-0.959560305043009));
#7519=DIRECTION('center_axis',(-1.,-1.2335811384724E-16,0.));
#7520=DIRECTION('ref_axis',(0.,-0.599373362101846,-0.800469595176937));
#7521=DIRECTION('',(1.2335811384724E-16,-1.,0.));
#7522=DIRECTION('',(0.,0.,-1.));
#7523=DIRECTION('center_axis',(1.,3.70074341541719E-16,0.));
#7524=DIRECTION('ref_axis',(0.,0.599373362101846,-0.800469595176937));
#7525=DIRECTION('center_axis',(-1.,-2.36217664814394E-16,0.));
#7526=DIRECTION('ref_axis',(0.,0.599373362101846,-0.800469595176937));
#7527=DIRECTION('',(1.,3.70074341541719E-16,0.));
#7528=DIRECTION('',(-1.,-3.70074341541719E-16,0.));
#7529=DIRECTION('center_axis',(0.,0.,-1.));
#7530=DIRECTION('ref_axis',(-2.36217664814394E-16,1.,0.));
#7531=DIRECTION('',(-2.36217664814394E-16,1.,0.));
#7532=DIRECTION('',(-1.,0.,0.));
#7533=DIRECTION('center_axis',(1.,3.70074341541719E-16,0.));
#7534=DIRECTION('ref_axis',(0.,0.599373362101848,0.800469595176936));
#7535=DIRECTION('center_axis',(-1.,-2.36217664814394E-16,0.));
#7536=DIRECTION('ref_axis',(0.,0.599373362101848,0.800469595176936));
#7537=DIRECTION('',(1.,3.70074341541719E-16,0.));
#7538=DIRECTION('',(-1.,-3.70074341541719E-16,0.));
#7539=DIRECTION('center_axis',(-3.55108648058363E-16,0.959560305043009,
0.281503145605456));
#7540=DIRECTION('ref_axis',(6.64960156928274E-17,-0.281503145605456,0.959560305043009));
#7541=DIRECTION('',(6.64960156928274E-17,-0.281503145605456,0.959560305043009));
#7542=DIRECTION('',(-1.,-3.70074341541719E-16,0.));
#7543=DIRECTION('center_axis',(-1.,-3.70074341541719E-16,0.));
#7544=DIRECTION('ref_axis',(0.,-0.599373362101846,-0.800469595176937));
#7545=DIRECTION('center_axis',(1.,2.36217664814394E-16,0.));
#7546=DIRECTION('ref_axis',(0.,-0.599373362101846,-0.800469595176937));
#7547=DIRECTION('',(1.,3.70074341541719E-16,0.));
#7548=DIRECTION('center_axis',(1.,0.,0.));
#7549=DIRECTION('ref_axis',(0.,-0.707106781186548,-0.707106781186547));
#7550=DIRECTION('center_axis',(1.,2.36217664814394E-16,0.));
#7551=DIRECTION('ref_axis',(0.,-0.707106781186548,0.707106781186547));
#7552=DIRECTION('',(1.,0.,0.));
#7553=DIRECTION('center_axis',(0.,0.,1.));
#7554=DIRECTION('ref_axis',(2.36217664814394E-16,-1.,0.));
#7555=DIRECTION('',(2.36217664814394E-16,-1.,0.));
#7556=DIRECTION('center_axis',(-3.55108648058363E-16,0.959560305043009,
-0.281503145605456));
#7557=DIRECTION('ref_axis',(-6.64960156928274E-17,0.281503145605456,0.959560305043009));
#7558=DIRECTION('',(-6.64960156928274E-17,0.281503145605456,0.959560305043009));
#7559=DIRECTION('center_axis',(0.,0.,-1.));
#7560=DIRECTION('ref_axis',(-1.,0.,0.));
#7561=DIRECTION('',(-2.36217664814394E-16,1.,0.));
#7562=DIRECTION('center_axis',(0.,0.,1.));
#7563=DIRECTION('ref_axis',(-0.707106781192528,0.707106781180567,0.));
#7564=DIRECTION('',(1.,1.69144698250553E-11,0.));
#7565=DIRECTION('',(0.,-1.,0.));
#7566=DIRECTION('',(-1.,-1.63268091856641E-16,0.));
#7567=DIRECTION('center_axis',(0.,0.,-1.));
#7568=DIRECTION('ref_axis',(-0.707106781186546,0.707106781186549,0.));
#7569=DIRECTION('center_axis',(0.,0.,1.));
#7570=DIRECTION('ref_axis',(-0.707106781186546,0.707106781186549,0.));
#7571=DIRECTION('',(0.,0.,1.));
#7572=DIRECTION('center_axis',(1.63268091856641E-16,-1.,0.));
#7573=DIRECTION('ref_axis',(1.,1.63268091856641E-16,0.));
#7574=DIRECTION('',(0.,0.,1.));
#7575=DIRECTION('center_axis',(0.,0.,1.));
#7576=DIRECTION('ref_axis',(-0.707106781192528,0.707106781180567,0.));
#7577=DIRECTION('',(0.,0.,-1.));
#7578=DIRECTION('',(0.,0.,1.));
#7579=DIRECTION('center_axis',(-1.,-2.36217664814394E-16,0.));
#7580=DIRECTION('ref_axis',(2.36217664814394E-16,-1.,0.));
#7581=DIRECTION('center_axis',(-1.69144698250553E-11,1.,0.));
#7582=DIRECTION('ref_axis',(-1.,-1.69144698250553E-11,0.));
#7583=DIRECTION('',(0.,0.,1.));
#7584=DIRECTION('center_axis',(1.,0.,0.));
#7585=DIRECTION('ref_axis',(0.,1.,0.));
#7586=DIRECTION('center_axis',(0.,1.,0.));
#7587=DIRECTION('ref_axis',(1.,0.,0.));
#7588=DIRECTION('center_axis',(0.,-1.,0.));
#7589=DIRECTION('ref_axis',(1.,0.,0.));
#7590=DIRECTION('center_axis',(0.,0.,1.));
#7591=DIRECTION('ref_axis',(-1.,0.,0.));
#7592=DIRECTION('center_axis',(0.,1.,0.));
#7593=DIRECTION('ref_axis',(1.,0.,0.));
#7594=DIRECTION('center_axis',(0.,1.,0.));
#7595=DIRECTION('ref_axis',(0.,0.,1.));
#7596=DIRECTION('center_axis',(0.,1.,0.));
#7597=DIRECTION('ref_axis',(1.,0.,0.));
#7598=DIRECTION('center_axis',(0.,1.,0.));
#7599=DIRECTION('ref_axis',(1.,0.,0.));
#7600=DIRECTION('center_axis',(0.,-1.,0.));
#7601=DIRECTION('ref_axis',(-1.,0.,0.));
#7602=DIRECTION('center_axis',(0.,0.,1.));
#7603=DIRECTION('ref_axis',(-1.,0.,0.));
#7604=DIRECTION('center_axis',(0.,1.,0.));
#7605=DIRECTION('ref_axis',(0.,0.,1.));
#7606=DIRECTION('center_axis',(0.,-1.,0.));
#7607=DIRECTION('ref_axis',(0.,0.,-1.));
#7608=DIRECTION('center_axis',(0.,1.,0.));
#7609=DIRECTION('ref_axis',(-1.,0.,0.));
#7610=DIRECTION('center_axis',(-1.,0.,0.));
#7611=DIRECTION('ref_axis',(0.,0.,1.));
#7612=DIRECTION('center_axis',(0.,-1.,0.));
#7613=DIRECTION('ref_axis',(-1.,0.,0.));
#7614=DIRECTION('center_axis',(0.,-1.,0.));
#7615=DIRECTION('ref_axis',(-1.,0.,0.));
#7616=DIRECTION('center_axis',(0.,-1.,0.));
#7617=DIRECTION('ref_axis',(1.,0.,0.));
#7618=DIRECTION('',(0.,1.,0.));
#7619=DIRECTION('center_axis',(0.,1.,0.));
#7620=DIRECTION('ref_axis',(-1.,0.,0.));
#7621=DIRECTION('center_axis',(0.,1.,0.));
#7622=DIRECTION('ref_axis',(-1.,0.,0.));
#7623=DIRECTION('center_axis',(0.,-1.,0.));
#7624=DIRECTION('ref_axis',(0.,0.,-1.));
#7625=DIRECTION('center_axis',(0.,-1.,0.));
#7626=DIRECTION('ref_axis',(0.,0.,-1.));
#7627=DIRECTION('center_axis',(-1.,0.,0.));
#7628=DIRECTION('ref_axis',(0.,0.,1.));
#7629=DIRECTION('center_axis',(0.,-1.,0.));
#7630=DIRECTION('ref_axis',(-1.,0.,0.));
#7631=DIRECTION('center_axis',(0.,-1.,0.));
#7632=DIRECTION('ref_axis',(0.,0.,-1.));
#7633=DIRECTION('center_axis',(0.,-1.,0.));
#7634=DIRECTION('ref_axis',(0.,0.,-1.));
#7635=DIRECTION('center_axis',(0.,1.,0.));
#7636=DIRECTION('ref_axis',(-1.,0.,0.));
#7637=DIRECTION('center_axis',(-1.,0.,0.));
#7638=DIRECTION('ref_axis',(0.,0.,1.));
#7639=DIRECTION('center_axis',(0.,-1.,0.));
#7640=DIRECTION('ref_axis',(-1.,0.,0.));
#7641=DIRECTION('center_axis',(0.,-1.,0.));
#7642=DIRECTION('ref_axis',(-1.,0.,0.));
#7643=DIRECTION('center_axis',(0.,-1.,0.));
#7644=DIRECTION('ref_axis',(1.,0.,0.));
#7645=DIRECTION('',(0.,1.,0.));
#7646=DIRECTION('center_axis',(0.,1.,0.));
#7647=DIRECTION('ref_axis',(-1.,0.,0.));
#7648=DIRECTION('center_axis',(0.,1.,0.));
#7649=DIRECTION('ref_axis',(-1.,0.,0.));
#7650=DIRECTION('center_axis',(0.,-1.,0.));
#7651=DIRECTION('ref_axis',(0.,0.,-1.));
#7652=DIRECTION('center_axis',(0.,-1.,0.));
#7653=DIRECTION('ref_axis',(0.,0.,-1.));
#7654=DIRECTION('center_axis',(-1.,0.,0.));
#7655=DIRECTION('ref_axis',(0.,0.,1.));
#7656=DIRECTION('center_axis',(0.,-1.,0.));
#7657=DIRECTION('ref_axis',(-1.,0.,0.));
#7658=DIRECTION('center_axis',(0.,-1.,0.));
#7659=DIRECTION('ref_axis',(0.,0.,-1.));
#7660=DIRECTION('center_axis',(0.,1.,0.));
#7661=DIRECTION('ref_axis',(1.,0.,0.));
#7662=DIRECTION('center_axis',(0.,-1.,0.));
#7663=DIRECTION('ref_axis',(1.,0.,0.));
#7664=DIRECTION('center_axis',(0.,0.,1.));
#7665=DIRECTION('ref_axis',(-1.,0.,0.));
#7666=DIRECTION('center_axis',(0.,1.,0.));
#7667=DIRECTION('ref_axis',(1.,0.,0.));
#7668=DIRECTION('center_axis',(0.,1.,0.));
#7669=DIRECTION('ref_axis',(0.,0.,1.));
#7670=DIRECTION('center_axis',(0.,1.,0.));
#7671=DIRECTION('ref_axis',(1.,0.,0.));
#7672=DIRECTION('center_axis',(0.,1.,0.));
#7673=DIRECTION('ref_axis',(1.,0.,0.));
#7674=DIRECTION('center_axis',(0.,-1.,0.));
#7675=DIRECTION('ref_axis',(-1.,0.,0.));
#7676=DIRECTION('center_axis',(0.,0.,1.));
#7677=DIRECTION('ref_axis',(-1.,0.,0.));
#7678=DIRECTION('center_axis',(0.,1.,0.));
#7679=DIRECTION('ref_axis',(0.,0.,1.));
#7680=DIRECTION('center_axis',(0.,-1.,0.));
#7681=DIRECTION('ref_axis',(1.,0.,0.));
#7682=DIRECTION('center_axis',(0.,-1.,0.));
#7683=DIRECTION('ref_axis',(1.,0.,0.));
#7684=DIRECTION('',(0.707106781186548,0.707106781186548,8.65956056235494E-17));
#7685=DIRECTION('center_axis',(0.,1.,0.));
#7686=DIRECTION('ref_axis',(1.,0.,0.));
#7687=DIRECTION('center_axis',(0.,1.,0.));
#7688=DIRECTION('ref_axis',(0.,0.,1.));
#7689=DIRECTION('center_axis',(0.,1.,0.));
#7690=DIRECTION('ref_axis',(-1.,0.,0.));
#7691=DIRECTION('center_axis',(0.,1.,0.));
#7692=DIRECTION('ref_axis',(1.,0.,0.));
#7693=DIRECTION('',(0.,1.,0.));
#7694=DIRECTION('center_axis',(0.,1.,0.));
#7695=DIRECTION('ref_axis',(1.,0.,0.));
#7696=DIRECTION('center_axis',(0.,1.,0.));
#7697=DIRECTION('ref_axis',(1.,0.,0.));
#7698=DIRECTION('center_axis',(0.,1.,0.));
#7699=DIRECTION('ref_axis',(-1.,0.,0.));
#7700=DIRECTION('center_axis',(0.,-1.,0.));
#7701=DIRECTION('ref_axis',(-1.,0.,0.));
#7702=DIRECTION('center_axis',(0.,-1.,0.));
#7703=DIRECTION('ref_axis',(-1.,0.,0.));
#7704=DIRECTION('',(-0.707106781186548,-0.707106781186548,8.65956056235493E-17));
#7705=DIRECTION('center_axis',(0.,1.,0.));
#7706=DIRECTION('ref_axis',(1.,0.,0.));
#7707=DIRECTION('center_axis',(0.,1.,0.));
#7708=DIRECTION('ref_axis',(-1.,0.,0.));
#7709=DIRECTION('',(0.,-1.,0.));
#7710=DIRECTION('center_axis',(0.,1.,0.));
#7711=DIRECTION('ref_axis',(-1.,0.,0.));
#7712=DIRECTION('center_axis',(0.,1.,0.));
#7713=DIRECTION('ref_axis',(0.,0.,1.));
#7714=DIRECTION('',(0.,0.,-1.));
#7715=DIRECTION('',(0.950272533664508,0.,-0.31141951088979));
#7716=DIRECTION('',(0.205439059167571,0.,0.978669910116962));
#7717=DIRECTION('',(0.999475833369003,0.,0.0323737318104884));
#7718=DIRECTION('',(-0.141675255005756,0.,0.989913189183301));
#7719=DIRECTION('',(0.928127596876888,0.,0.372262224669026));
#7720=DIRECTION('',(-0.471701442521313,0.,0.881758328071424));
#7721=DIRECTION('',(0.744833474496937,0.,0.667250399227172));
#7722=DIRECTION('',(-0.744833474496937,0.,0.667250399227172));
#7723=DIRECTION('',(0.471701442521314,0.,0.881758328071423));
#7724=DIRECTION('',(-0.928127596876888,0.,0.372262224669027));
#7725=DIRECTION('',(0.141675255005757,0.,0.989913189183301));
#7726=DIRECTION('',(-0.999475833369003,0.,0.0323737318104887));
#7727=DIRECTION('',(-0.205439059167571,0.,0.978669910116962));
#7728=DIRECTION('',(-0.950272533664508,0.,-0.31141951088979));
#7729=DIRECTION('center_axis',(0.31141951088979,0.,0.950272533664508));
#7730=DIRECTION('ref_axis',(-0.950272533664508,0.,0.31141951088979));
#7731=DIRECTION('',(3.02109494265027E-16,-1.,-9.90061141474519E-17));
#7732=DIRECTION('',(0.,-1.,0.));
#7733=DIRECTION('center_axis',(-1.,-3.02109494265027E-16,0.));
#7734=DIRECTION('ref_axis',(3.02109494265027E-16,-1.,0.));
#7735=DIRECTION('',(0.,-1.,0.));
#7736=DIRECTION('',(3.02109494265027E-16,-1.,9.90061141474519E-17));
#7737=DIRECTION('',(0.,1.,0.));
#7738=DIRECTION('',(0.,0.,1.));
#7739=DIRECTION('center_axis',(0.,1.,0.));
#7740=DIRECTION('ref_axis',(0.,0.,1.));
#7741=DIRECTION('',(0.,0.,1.));
#7742=DIRECTION('',(0.950272533664508,0.,-0.311419510889791));
#7743=DIRECTION('',(0.205439059167571,0.,0.978669910116962));
#7744=DIRECTION('',(0.999475833369003,0.,0.0323737318104885));
#7745=DIRECTION('',(-0.141675255005756,0.,0.989913189183301));
#7746=DIRECTION('',(0.928127596876888,0.,0.372262224669027));
#7747=DIRECTION('',(-0.471701442521314,0.,0.881758328071423));
#7748=DIRECTION('',(0.744833474496937,0.,0.667250399227172));
#7749=DIRECTION('',(-0.744833474496937,0.,0.667250399227172));
#7750=DIRECTION('',(0.471701442521314,0.,0.881758328071423));
#7751=DIRECTION('',(-0.928127596876888,0.,0.372262224669027));
#7752=DIRECTION('',(0.141675255005757,0.,0.989913189183301));
#7753=DIRECTION('',(-0.999475833369003,0.,0.0323737318104887));
#7754=DIRECTION('',(-0.205439059167571,0.,0.978669910116962));
#7755=DIRECTION('',(-0.950272533664508,0.,-0.31141951088979));
#7756=DIRECTION('center_axis',(-0.31141951088979,0.,0.950272533664508));
#7757=DIRECTION('ref_axis',(-0.950272533664508,0.,-0.31141951088979));
#7758=DIRECTION('',(-4.15400554614412E-16,1.,-1.36133406952746E-16));
#7759=DIRECTION('',(0.,-1.,0.));
#7760=DIRECTION('center_axis',(-0.311419510889791,0.,-0.950272533664508));
#7761=DIRECTION('ref_axis',(0.950272533664508,0.,-0.311419510889791));
#7762=DIRECTION('',(4.15400554614412E-16,-1.,-1.36133406952747E-16));
#7763=DIRECTION('',(0.,1.,0.));
#7764=DIRECTION('center_axis',(1.,4.15400554614412E-16,0.));
#7765=DIRECTION('ref_axis',(-4.15400554614412E-16,1.,0.));
#7766=DIRECTION('',(0.,1.,0.));
#7767=DIRECTION('',(0.,-1.,0.));
#7768=DIRECTION('',(0.,0.,-1.));
#7769=DIRECTION('center_axis',(-0.667250399227172,0.,-0.744833474496937));
#7770=DIRECTION('ref_axis',(0.744833474496937,0.,-0.667250399227172));
#7771=DIRECTION('',(0.,-1.,0.));
#7772=DIRECTION('',(0.,-1.,0.));
#7773=DIRECTION('center_axis',(-0.667250399227172,0.,0.744833474496937));
#7774=DIRECTION('ref_axis',(-0.744833474496937,0.,-0.667250399227172));
#7775=DIRECTION('',(0.,1.,0.));
#7776=DIRECTION('center_axis',(-0.372262224669027,0.,-0.928127596876888));
#7777=DIRECTION('ref_axis',(0.928127596876888,0.,-0.372262224669027));
#7778=DIRECTION('',(0.,-1.,0.));
#7779=DIRECTION('',(0.,-1.,0.));
#7780=DIRECTION('center_axis',(-0.989913189183301,0.,0.141675255005757));
#7781=DIRECTION('ref_axis',(-0.141675255005757,0.,-0.989913189183301));
#7782=DIRECTION('',(0.,1.,0.));
#7783=DIRECTION('center_axis',(-0.978669910116962,0.,0.205439059167571));
#7784=DIRECTION('ref_axis',(-0.205439059167571,0.,-0.978669910116962));
#7785=DIRECTION('',(0.,-1.,0.));
#7786=DIRECTION('center_axis',(-0.989913189183301,0.,-0.141675255005756));
#7787=DIRECTION('ref_axis',(0.141675255005756,0.,-0.989913189183301));
#7788=DIRECTION('',(0.,-1.,0.));
#7789=DIRECTION('',(0.,-1.,0.));
#7790=DIRECTION('center_axis',(-0.0323737318104884,0.,0.999475833369003));
#7791=DIRECTION('ref_axis',(-0.999475833369003,0.,-0.0323737318104884));
#7792=DIRECTION('center_axis',(-0.881758328071424,0.,-0.471701442521313));
#7793=DIRECTION('ref_axis',(0.471701442521313,0.,-0.881758328071424));
#7794=DIRECTION('',(0.,-1.,0.));
#7795=DIRECTION('center_axis',(-0.372262224669026,0.,0.928127596876888));
#7796=DIRECTION('ref_axis',(-0.928127596876888,0.,-0.372262224669026));
#7797=DIRECTION('center_axis',(-0.881758328071423,0.,0.471701442521314));
#7798=DIRECTION('ref_axis',(-0.471701442521314,0.,-0.881758328071423));
#7799=DIRECTION('center_axis',(-0.0323737318104887,0.,-0.999475833369003));
#7800=DIRECTION('ref_axis',(0.999475833369003,0.,-0.0323737318104887));
#7801=DIRECTION('',(0.,-1.,0.));
#7802=DIRECTION('center_axis',(-0.978669910116962,0.,-0.205439059167571));
#7803=DIRECTION('ref_axis',(0.205439059167571,0.,-0.978669910116962));
#7804=DIRECTION('',(0.,1.,0.));
#7805=DIRECTION('center_axis',(0.,-1.,0.));
#7806=DIRECTION('ref_axis',(1.,0.,0.));
#7807=DIRECTION('center_axis',(0.,-1.,0.));
#7808=DIRECTION('ref_axis',(-1.,0.,0.));
#7809=DIRECTION('center_axis',(0.,-1.,0.));
#7810=DIRECTION('ref_axis',(-1.,0.,0.));
#7811=DIRECTION('center_axis',(0.,-1.,0.));
#7812=DIRECTION('ref_axis',(0.,0.,-1.));
#7813=DIRECTION('center_axis',(0.,-1.,0.));
#7814=DIRECTION('ref_axis',(1.,0.,1.22464679914735E-16));
#7815=DIRECTION('center_axis',(0.,1.,0.));
#7816=DIRECTION('ref_axis',(-1.,0.,6.12323399573677E-17));
#7817=DIRECTION('center_axis',(0.,1.,0.));
#7818=DIRECTION('ref_axis',(-1.,0.,6.12323399573677E-17));
#7819=DIRECTION('center_axis',(0.,1.,0.));
#7820=DIRECTION('ref_axis',(-1.,0.,0.));
#7821=DIRECTION('center_axis',(0.,1.,0.));
#7822=DIRECTION('ref_axis',(1.,0.,0.));
#7823=DIRECTION('center_axis',(0.,1.,0.));
#7824=DIRECTION('ref_axis',(-1.,0.,0.));
#7825=DIRECTION('center_axis',(0.,1.,0.));
#7826=DIRECTION('ref_axis',(1.,0.,0.));
#7827=DIRECTION('center_axis',(0.,1.,0.));
#7828=DIRECTION('ref_axis',(-1.,0.,0.));
#7829=DIRECTION('center_axis',(0.,1.,0.));
#7830=DIRECTION('ref_axis',(1.,0.,0.));
#7831=DIRECTION('center_axis',(0.,1.,0.));
#7832=DIRECTION('ref_axis',(-1.,0.,0.));
#7833=DIRECTION('center_axis',(0.,1.,0.));
#7834=DIRECTION('ref_axis',(1.,0.,0.));
#7835=DIRECTION('center_axis',(0.,1.,0.));
#7836=DIRECTION('ref_axis',(-1.,0.,0.));
#7837=DIRECTION('center_axis',(0.,1.,0.));
#7838=DIRECTION('ref_axis',(1.,0.,0.));
#7839=DIRECTION('center_axis',(0.,1.,0.));
#7840=DIRECTION('ref_axis',(-1.,0.,0.));
#7841=DIRECTION('center_axis',(0.,1.,0.));
#7842=DIRECTION('ref_axis',(1.,0.,0.));
#7843=DIRECTION('center_axis',(0.,1.,0.));
#7844=DIRECTION('ref_axis',(-1.,0.,0.));
#7845=DIRECTION('center_axis',(0.,1.,0.));
#7846=DIRECTION('ref_axis',(1.,0.,0.));
#7847=DIRECTION('center_axis',(0.,1.,0.));
#7848=DIRECTION('ref_axis',(-1.,0.,0.));
#7849=DIRECTION('center_axis',(0.,1.,0.));
#7850=DIRECTION('ref_axis',(1.,0.,0.));
#7851=DIRECTION('center_axis',(0.,1.,0.));
#7852=DIRECTION('ref_axis',(-1.,0.,0.));
#7853=DIRECTION('center_axis',(0.,1.,0.));
#7854=DIRECTION('ref_axis',(1.,0.,0.));
#7855=DIRECTION('center_axis',(0.,1.,0.));
#7856=DIRECTION('ref_axis',(1.,0.,-7.6571373978539E-16));
#7857=DIRECTION('center_axis',(0.,1.,0.));
#7858=DIRECTION('ref_axis',(1.,0.,0.));
#7859=DIRECTION('center_axis',(0.,1.,0.));
#7860=DIRECTION('ref_axis',(-1.,0.,0.));
#7861=DIRECTION('center_axis',(0.,1.,0.));
#7862=DIRECTION('ref_axis',(1.,0.,0.));
#7863=DIRECTION('center_axis',(0.,1.,0.));
#7864=DIRECTION('ref_axis',(-1.,0.,0.));
#7865=DIRECTION('center_axis',(0.,1.,0.));
#7866=DIRECTION('ref_axis',(1.,0.,0.));
#7867=DIRECTION('center_axis',(0.,1.,0.));
#7868=DIRECTION('ref_axis',(-1.,0.,0.));
#7869=DIRECTION('center_axis',(0.,1.,0.));
#7870=DIRECTION('ref_axis',(1.,0.,0.));
#7871=DIRECTION('center_axis',(0.,1.,0.));
#7872=DIRECTION('ref_axis',(-1.,0.,0.));
#7873=DIRECTION('center_axis',(0.,1.,0.));
#7874=DIRECTION('ref_axis',(1.,0.,0.));
#7875=DIRECTION('center_axis',(0.,1.,0.));
#7876=DIRECTION('ref_axis',(-1.,0.,0.));
#7877=DIRECTION('center_axis',(0.,1.,0.));
#7878=DIRECTION('ref_axis',(1.,0.,0.));
#7879=DIRECTION('center_axis',(0.,1.,0.));
#7880=DIRECTION('ref_axis',(-1.,0.,0.));
#7881=DIRECTION('center_axis',(0.,1.,0.));
#7882=DIRECTION('ref_axis',(1.,0.,0.));
#7883=DIRECTION('center_axis',(0.,1.,0.));
#7884=DIRECTION('ref_axis',(-1.,0.,0.));
#7885=DIRECTION('center_axis',(0.,1.,0.));
#7886=DIRECTION('ref_axis',(1.,0.,0.));
#7887=DIRECTION('center_axis',(0.,1.,0.));
#7888=DIRECTION('ref_axis',(-1.,0.,0.));
#7889=DIRECTION('center_axis',(0.,1.,0.));
#7890=DIRECTION('ref_axis',(1.,0.,0.));
#7891=DIRECTION('center_axis',(0.,1.,0.));
#7892=DIRECTION('ref_axis',(-1.,0.,0.));
#7893=DIRECTION('center_axis',(0.,1.,0.));
#7894=DIRECTION('ref_axis',(1.,0.,0.));
#7895=DIRECTION('center_axis',(0.,1.,0.));
#7896=DIRECTION('ref_axis',(-1.,0.,0.));
#7897=DIRECTION('center_axis',(0.,1.,0.));
#7898=DIRECTION('ref_axis',(1.,0.,0.));
#7899=DIRECTION('center_axis',(0.,1.,0.));
#7900=DIRECTION('ref_axis',(-1.,0.,0.));
#7901=DIRECTION('center_axis',(0.,1.,0.));
#7902=DIRECTION('ref_axis',(1.,0.,0.));
#7903=DIRECTION('center_axis',(0.,1.,0.));
#7904=DIRECTION('ref_axis',(-1.,0.,0.));
#7905=DIRECTION('center_axis',(0.,1.,0.));
#7906=DIRECTION('ref_axis',(1.,0.,0.));
#7907=DIRECTION('center_axis',(0.,1.,0.));
#7908=DIRECTION('ref_axis',(-1.,0.,0.));
#7909=DIRECTION('center_axis',(0.,1.,0.));
#7910=DIRECTION('ref_axis',(1.,0.,0.));
#7911=DIRECTION('center_axis',(0.,1.,0.));
#7912=DIRECTION('ref_axis',(-1.,0.,0.));
#7913=DIRECTION('center_axis',(0.,1.,0.));
#7914=DIRECTION('ref_axis',(1.,0.,0.));
#7915=DIRECTION('center_axis',(0.,-1.,0.));
#7916=DIRECTION('ref_axis',(-1.,0.,0.));
#7917=DIRECTION('',(-0.707106781186547,0.707106781186548,8.65956056235493E-17));
#7918=DIRECTION('center_axis',(0.,1.,0.));
#7919=DIRECTION('ref_axis',(-1.,0.,6.12323399573677E-17));
#7920=DIRECTION('center_axis',(0.,1.,0.));
#7921=DIRECTION('ref_axis',(-1.,0.,-1.22464679914735E-16));
#7922=DIRECTION('center_axis',(0.,-1.,0.));
#7923=DIRECTION('ref_axis',(-1.,0.,0.));
#7924=DIRECTION('center_axis',(0.,1.,0.));
#7925=DIRECTION('ref_axis',(1.,0.,0.));
#7926=DIRECTION('center_axis',(0.,-1.,0.));
#7927=DIRECTION('ref_axis',(0.,0.,-1.));
#7928=DIRECTION('center_axis',(0.,1.,0.));
#7929=DIRECTION('ref_axis',(1.,0.,0.));
#7930=DIRECTION('center_axis',(0.,1.,0.));
#7931=DIRECTION('ref_axis',(1.,0.,0.));
#7932=DIRECTION('center_axis',(0.,1.,0.));
#7933=DIRECTION('ref_axis',(-1.,0.,0.));
#7934=DIRECTION('center_axis',(0.,1.,0.));
#7935=DIRECTION('ref_axis',(-1.,0.,0.));
#7936=DIRECTION('center_axis',(0.372262224669027,0.,0.928127596876888));
#7937=DIRECTION('ref_axis',(-0.928127596876888,0.,0.372262224669027));
#7938=DIRECTION('',(0.,1.,0.));
#7939=DIRECTION('',(0.,1.,0.));
#7940=DIRECTION('center_axis',(0.989913189183301,0.,-0.141675255005757));
#7941=DIRECTION('ref_axis',(0.141675255005757,0.,0.989913189183301));
#7942=DIRECTION('',(0.,-1.,0.));
#7943=DIRECTION('center_axis',(0.881758328071423,0.,-0.471701442521314));
#7944=DIRECTION('ref_axis',(0.471701442521314,0.,0.881758328071423));
#7945=DIRECTION('',(0.,-1.,0.));
#7946=DIRECTION('center_axis',(0.667250399227172,0.,0.744833474496937));
#7947=DIRECTION('ref_axis',(-0.744833474496937,0.,0.667250399227172));
#7948=DIRECTION('',(0.,1.,0.));
#7949=DIRECTION('center_axis',(0.667250399227172,0.,-0.744833474496937));
#7950=DIRECTION('ref_axis',(0.744833474496937,0.,0.667250399227172));
#7951=DIRECTION('',(0.,-1.,0.));
#7952=DIRECTION('center_axis',(0.881758328071423,0.,0.471701442521314));
#7953=DIRECTION('ref_axis',(-0.471701442521314,0.,0.881758328071423));
#7954=DIRECTION('',(0.,1.,0.));
#7955=DIRECTION('center_axis',(0.372262224669027,0.,-0.928127596876888));
#7956=DIRECTION('ref_axis',(0.928127596876888,0.,0.372262224669027));
#7957=DIRECTION('',(0.,-1.,0.));
#7958=DIRECTION('center_axis',(0.989913189183301,0.,0.141675255005756));
#7959=DIRECTION('ref_axis',(-0.141675255005756,0.,0.989913189183301));
#7960=DIRECTION('',(0.,1.,0.));
#7961=DIRECTION('center_axis',(0.0323737318104885,0.,-0.999475833369003));
#7962=DIRECTION('ref_axis',(0.999475833369003,0.,0.0323737318104885));
#7963=DIRECTION('',(0.,-1.,0.));
#7964=DIRECTION('center_axis',(0.978669910116962,0.,-0.205439059167571));
#7965=DIRECTION('ref_axis',(0.205439059167571,0.,0.978669910116962));
#7966=DIRECTION('center_axis',(0.31141951088979,0.,-0.950272533664508));
#7967=DIRECTION('ref_axis',(0.950272533664508,0.,0.31141951088979));
#7968=DIRECTION('center_axis',(0.978669910116963,0.,0.205439059167571));
#7969=DIRECTION('ref_axis',(-0.205439059167571,0.,0.978669910116962));
#7970=DIRECTION('',(0.,-1.,0.));
#7971=DIRECTION('center_axis',(0.0323737318104887,0.,0.999475833369003));
#7972=DIRECTION('ref_axis',(-0.999475833369003,0.,0.0323737318104887));
#7973=DIRECTION('center_axis',(1.,4.15400554614412E-16,0.));
#7974=DIRECTION('ref_axis',(-4.15400554614412E-16,1.,0.));
#7975=DIRECTION('',(0.,0.,1.));
#7976=DIRECTION('',(0.,-1.,0.));
#7977=DIRECTION('',(4.15400554614412E-16,-1.,3.26240433853776E-16));
#7978=DIRECTION('',(0.,0.,1.));
#7979=DIRECTION('',(-4.15400554614412E-16,1.,3.26240433853776E-16));
#7980=DIRECTION('',(0.,1.,0.));
#7981=DIRECTION('center_axis',(0.,1.,0.));
#7982=DIRECTION('ref_axis',(-1.,0.,-1.22464679914735E-16));
#7983=DIRECTION('center_axis',(0.,-1.,0.));
#7984=DIRECTION('ref_axis',(-1.,0.,0.));
#7985=DIRECTION('',(0.,1.,0.));
#7986=DIRECTION('center_axis',(0.,-1.,0.));
#7987=DIRECTION('ref_axis',(1.,0.,0.));
#7988=DIRECTION('',(0.,-1.,0.));
#7989=DIRECTION('center_axis',(0.,-1.,0.));
#7990=DIRECTION('ref_axis',(0.,0.,-1.));
#7991=DIRECTION('center_axis',(0.,-1.,0.));
#7992=DIRECTION('ref_axis',(1.,0.,1.22464679914735E-16));
#7993=DIRECTION('center_axis',(0.,-1.,0.));
#7994=DIRECTION('ref_axis',(0.,0.,-1.));
#7995=DIRECTION('center_axis',(-1.,0.,-1.04738021191052E-16));
#7996=DIRECTION('ref_axis',(-1.04738021191052E-16,0.,1.));
#7997=DIRECTION('center_axis',(0.,1.,0.));
#7998=DIRECTION('ref_axis',(-1.,0.,6.12323399573677E-17));
#7999=DIRECTION('center_axis',(0.,1.,0.));
#8000=DIRECTION('ref_axis',(-1.,0.,6.12323399573677E-17));
#8001=DIRECTION('center_axis',(0.,-1.,0.));
#8002=DIRECTION('ref_axis',(0.,0.,-1.));
#8003=DIRECTION('center_axis',(0.,-1.,0.));
#8004=DIRECTION('ref_axis',(0.,0.,-1.));
#8005=DIRECTION('center_axis',(0.,-1.,0.));
#8006=DIRECTION('ref_axis',(-1.,0.,0.));
#8007=DIRECTION('',(0.707106781186547,-0.707106781186548,-8.65956056235493E-17));
#8008=DIRECTION('center_axis',(0.,-1.,0.));
#8009=DIRECTION('ref_axis',(-1.,0.,6.12323399573677E-17));
#8010=DIRECTION('center_axis',(0.,-1.,0.));
#8011=DIRECTION('ref_axis',(-1.,0.,6.12323399573677E-17));
#8012=DIRECTION('center_axis',(0.,1.,0.));
#8013=DIRECTION('ref_axis',(0.,0.,1.));
#8014=DIRECTION('center_axis',(-1.,0.,1.28102656687518E-16));
#8015=DIRECTION('ref_axis',(-1.28102656687518E-16,0.,-1.));
#8016=DIRECTION('center_axis',(-1.,-3.02109494265027E-16,0.));
#8017=DIRECTION('ref_axis',(3.02109494265027E-16,-1.,0.));
#8018=DIRECTION('',(0.,0.,1.));
#8019=DIRECTION('',(3.02109494265027E-16,-1.,2.37265770075474E-16));
#8020=DIRECTION('',(0.,0.,-1.));
#8021=DIRECTION('',(-3.02109494265027E-16,1.,2.37265770075474E-16));
#8022=DIRECTION('center_axis',(0.,-1.,0.));
#8023=DIRECTION('ref_axis',(1.,0.,0.));
#8024=DIRECTION('center_axis',(-0.617650964514274,0.,0.786452341871131));
#8025=DIRECTION('ref_axis',(-0.786452341871131,0.,-0.617650964514274));
#8026=DIRECTION('',(0.,-1.,0.));
#8027=DIRECTION('center_axis',(0.,1.,0.));
#8028=DIRECTION('ref_axis',(1.,0.,0.));
#8029=DIRECTION('center_axis',(0.,-1.,0.));
#8030=DIRECTION('ref_axis',(1.,0.,0.));
#8031=DIRECTION('center_axis',(0.617650964514274,0.,0.786452341871131));
#8032=DIRECTION('ref_axis',(-0.786452341871131,0.,0.617650964514274));
#8033=DIRECTION('',(0.,-1.,0.));
#8034=DIRECTION('center_axis',(0.,1.,0.));
#8035=DIRECTION('ref_axis',(-1.,0.,0.));
#8036=DIRECTION('center_axis',(0.,1.,0.));
#8037=DIRECTION('ref_axis',(1.,0.,5.66553889764798E-16));
#8038=DIRECTION('center_axis',(0.,1.,0.));
#8039=DIRECTION('ref_axis',(0.,0.,1.));
#8040=DIRECTION('center_axis',(0.,1.,0.));
#8041=DIRECTION('ref_axis',(-1.,0.,0.));
#8042=DIRECTION('center_axis',(0.,-1.,0.));
#8043=DIRECTION('ref_axis',(-1.,0.,0.));
#8044=DIRECTION('center_axis',(0.,-1.,0.));
#8045=DIRECTION('ref_axis',(1.,0.,1.22464679914735E-16));
#8046=DIRECTION('center_axis',(0.,1.,0.));
#8047=DIRECTION('ref_axis',(-1.,0.,0.));
#8048=DIRECTION('center_axis',(0.372262224669027,0.,0.928127596876888));
#8049=DIRECTION('ref_axis',(-0.928127596876888,0.,0.372262224669027));
#8050=DIRECTION('',(0.,-1.,0.));
#8051=DIRECTION('',(0.,-1.,0.));
#8052=DIRECTION('center_axis',(0.989913189183301,0.,-0.141675255005757));
#8053=DIRECTION('ref_axis',(0.141675255005757,0.,0.989913189183301));
#8054=DIRECTION('',(0.,-1.,0.));
#8055=DIRECTION('center_axis',(0.881758328071423,0.,-0.471701442521314));
#8056=DIRECTION('ref_axis',(0.471701442521314,0.,0.881758328071423));
#8057=DIRECTION('',(0.,-1.,0.));
#8058=DIRECTION('center_axis',(0.667250399227172,0.,0.744833474496937));
#8059=DIRECTION('ref_axis',(-0.744833474496937,0.,0.667250399227172));
#8060=DIRECTION('',(0.,-1.,0.));
#8061=DIRECTION('center_axis',(0.667250399227172,0.,-0.744833474496937));
#8062=DIRECTION('ref_axis',(0.744833474496937,0.,0.667250399227172));
#8063=DIRECTION('',(0.,-1.,0.));
#8064=DIRECTION('center_axis',(0.881758328071423,0.,0.471701442521314));
#8065=DIRECTION('ref_axis',(-0.471701442521314,0.,0.881758328071423));
#8066=DIRECTION('',(0.,-1.,0.));
#8067=DIRECTION('center_axis',(0.372262224669027,0.,-0.928127596876888));
#8068=DIRECTION('ref_axis',(0.928127596876888,0.,0.372262224669027));
#8069=DIRECTION('',(0.,-1.,0.));
#8070=DIRECTION('center_axis',(0.989913189183301,0.,0.141675255005756));
#8071=DIRECTION('ref_axis',(-0.141675255005756,0.,0.989913189183301));
#8072=DIRECTION('',(0.,-1.,0.));
#8073=DIRECTION('center_axis',(0.0323737318104885,0.,-0.999475833369003));
#8074=DIRECTION('ref_axis',(0.999475833369003,0.,0.0323737318104885));
#8075=DIRECTION('',(0.,-1.,0.));
#8076=DIRECTION('center_axis',(0.978669910116962,0.,-0.205439059167571));
#8077=DIRECTION('ref_axis',(0.205439059167571,0.,0.978669910116962));
#8078=DIRECTION('',(0.,-1.,0.));
#8079=DIRECTION('center_axis',(-0.311419510889791,0.,-0.950272533664508));
#8080=DIRECTION('ref_axis',(0.950272533664508,0.,-0.311419510889791));
#8081=DIRECTION('',(0.,-1.,0.));
#8082=DIRECTION('center_axis',(0.849384596260935,0.,-0.527774390847689));
#8083=DIRECTION('ref_axis',(0.527774390847689,0.,0.849384596260935));
#8084=DIRECTION('',(0.,-1.,0.));
#8085=DIRECTION('center_axis',(-0.617650964514274,0.,-0.786452341871131));
#8086=DIRECTION('ref_axis',(0.786452341871131,0.,-0.617650964514274));
#8087=DIRECTION('center_axis',(0.617650964514274,0.,-0.786452341871131));
#8088=DIRECTION('ref_axis',(0.786452341871131,0.,0.617650964514274));
#8089=DIRECTION('',(0.,-1.,0.));
#8090=DIRECTION('center_axis',(-0.849384596260935,0.,-0.527774390847689));
#8091=DIRECTION('ref_axis',(0.527774390847689,0.,-0.849384596260935));
#8092=DIRECTION('',(0.,-1.,0.));
#8093=DIRECTION('center_axis',(0.31141951088979,0.,-0.950272533664508));
#8094=DIRECTION('ref_axis',(0.950272533664508,0.,0.31141951088979));
#8095=DIRECTION('',(0.,-1.,0.));
#8096=DIRECTION('center_axis',(-0.978669910116962,0.,-0.205439059167571));
#8097=DIRECTION('ref_axis',(0.205439059167571,0.,-0.978669910116962));
#8098=DIRECTION('',(0.,-1.,0.));
#8099=DIRECTION('center_axis',(-0.0323737318104887,0.,-0.999475833369003));
#8100=DIRECTION('ref_axis',(0.999475833369003,0.,-0.0323737318104887));
#8101=DIRECTION('',(0.,-1.,0.));
#8102=DIRECTION('center_axis',(-0.881758328071423,0.,0.471701442521314));
#8103=DIRECTION('ref_axis',(-0.471701442521314,0.,-0.881758328071423));
#8104=DIRECTION('',(0.,-1.,0.));
#8105=DIRECTION('',(0.,-1.,0.));
#8106=DIRECTION('center_axis',(-0.372262224669026,0.,0.928127596876888));
#8107=DIRECTION('ref_axis',(-0.928127596876888,0.,-0.372262224669026));
#8108=DIRECTION('',(0.,-1.,0.));
#8109=DIRECTION('',(0.,-1.,0.));
#8110=DIRECTION('center_axis',(-0.881758328071424,0.,-0.471701442521313));
#8111=DIRECTION('ref_axis',(0.471701442521313,0.,-0.881758328071424));
#8112=DIRECTION('',(0.,1.,0.));
#8113=DIRECTION('center_axis',(-0.0323737318104884,0.,0.999475833369003));
#8114=DIRECTION('ref_axis',(-0.999475833369003,0.,-0.0323737318104884));
#8115=DIRECTION('',(0.,-1.,0.));
#8116=DIRECTION('',(0.,-1.,0.));
#8117=DIRECTION('center_axis',(-0.989913189183301,0.,-0.141675255005756));
#8118=DIRECTION('ref_axis',(0.141675255005756,0.,-0.989913189183301));
#8119=DIRECTION('center_axis',(0.31141951088979,0.,0.950272533664508));
#8120=DIRECTION('ref_axis',(-0.950272533664508,0.,0.31141951088979));
#8121=DIRECTION('',(0.,-1.,0.));
#8122=DIRECTION('',(0.,-1.,0.));
#8123=DIRECTION('center_axis',(-0.978669910116962,0.,0.205439059167571));
#8124=DIRECTION('ref_axis',(-0.205439059167571,0.,-0.978669910116962));
#8125=DIRECTION('center_axis',(-0.849384596260935,0.,0.527774390847689));
#8126=DIRECTION('ref_axis',(-0.527774390847689,0.,-0.849384596260934));
#8127=DIRECTION('center_axis',(0.849384596260935,0.,0.527774390847689));
#8128=DIRECTION('ref_axis',(-0.527774390847689,0.,0.849384596260935));
#8129=DIRECTION('',(0.,-1.,0.));
#8130=DIRECTION('center_axis',(0.978669910116963,0.,0.205439059167571));
#8131=DIRECTION('ref_axis',(-0.205439059167571,0.,0.978669910116962));
#8132=DIRECTION('',(0.,-1.,0.));
#8133=DIRECTION('',(0.,-1.,0.));
#8134=DIRECTION('center_axis',(-0.31141951088979,0.,0.950272533664508));
#8135=DIRECTION('ref_axis',(-0.950272533664508,0.,-0.31141951088979));
#8136=DIRECTION('center_axis',(0.0323737318104887,0.,0.999475833369003));
#8137=DIRECTION('ref_axis',(-0.999475833369003,0.,0.0323737318104887));
#8138=DIRECTION('center_axis',(-0.989913189183301,0.,0.141675255005757));
#8139=DIRECTION('ref_axis',(-0.141675255005757,0.,-0.989913189183301));
#8140=DIRECTION('',(0.,-1.,0.));
#8141=DIRECTION('center_axis',(-0.372262224669027,0.,-0.928127596876888));
#8142=DIRECTION('ref_axis',(0.928127596876888,0.,-0.372262224669027));
#8143=DIRECTION('center_axis',(-0.667250399227172,0.,0.744833474496937));
#8144=DIRECTION('ref_axis',(-0.744833474496937,0.,-0.667250399227172));
#8145=DIRECTION('',(0.,-1.,0.));
#8146=DIRECTION('center_axis',(0.,1.,0.));
#8147=DIRECTION('ref_axis',(0.,0.,1.));
#8148=DIRECTION('center_axis',(-0.667250399227172,0.,-0.744833474496937));
#8149=DIRECTION('ref_axis',(0.744833474496937,0.,-0.667250399227172));
#8150=DIRECTION('center_axis',(0.,1.,0.));
#8151=DIRECTION('ref_axis',(1.,0.,0.));
#8152=DIRECTION('',(0.,-1.,0.));
#8153=DIRECTION('',(0.,-1.,0.));
#8154=DIRECTION('center_axis',(0.,1.,0.));
#8155=DIRECTION('ref_axis',(1.,0.,0.));
#8156=DIRECTION('',(0.,1.,0.));
#8157=DIRECTION('center_axis',(0.,1.,0.));
#8158=DIRECTION('ref_axis',(1.,0.,0.));
#8159=DIRECTION('',(0.,-1.,0.));
#8160=DIRECTION('center_axis',(0.,1.,0.));
#8161=DIRECTION('ref_axis',(1.,0.,0.));
#8162=DIRECTION('',(0.,-1.,0.));
#8163=DIRECTION('center_axis',(0.,1.,0.));
#8164=DIRECTION('ref_axis',(1.,0.,0.));
#8165=DIRECTION('',(0.,-1.,0.));
#8166=DIRECTION('center_axis',(0.,1.,0.));
#8167=DIRECTION('ref_axis',(1.,0.,0.));
#8168=DIRECTION('',(0.,-1.,0.));
#8169=DIRECTION('center_axis',(0.,1.,0.));
#8170=DIRECTION('ref_axis',(1.,0.,0.));
#8171=DIRECTION('',(0.,-1.,0.));
#8172=DIRECTION('center_axis',(0.,1.,0.));
#8173=DIRECTION('ref_axis',(1.,0.,0.));
#8174=DIRECTION('',(-0.495823772678029,-0.86769160218655,-0.0356380406625356));
#8175=DIRECTION('',(-0.868243142124459,0.496138938356834,0.));
#8176=DIRECTION('',(0.868243142124459,0.496138938356834,0.));
#8177=DIRECTION('center_axis',(0.,0.,-1.));
#8178=DIRECTION('ref_axis',(-1.,0.,0.));
#8179=DIRECTION('center_axis',(0.,1.,0.));
#8180=DIRECTION('ref_axis',(1.,0.,0.));
#8181=DIRECTION('center_axis',(0.,1.,0.));
#8182=DIRECTION('ref_axis',(1.,0.,0.));
#8183=DIRECTION('center_axis',(0.,1.,0.));
#8184=DIRECTION('ref_axis',(0.,0.,1.));
#8185=DIRECTION('center_axis',(0.,1.,0.));
#8186=DIRECTION('ref_axis',(0.,0.,1.));
#8187=CARTESIAN_POINT('',(0.,0.,0.));
#8188=CARTESIAN_POINT('Origin',(-4.75000000000291,0.,3.85000000002037));
#8189=CARTESIAN_POINT('',(-4.75000000000291,0.8,3.95000000002037));
#8190=CARTESIAN_POINT('',(-4.85000000000291,0.8,3.85000000002037));
#8191=CARTESIAN_POINT('Origin',(-4.75000000000291,0.8,3.85000000002037));
#8192=CARTESIAN_POINT('',(-4.75000000000291,0.,3.95000000002037));
#8193=CARTESIAN_POINT('',(-4.75000000000291,0.,3.95000000002037));
#8194=CARTESIAN_POINT('',(-4.85000000000291,0.,3.85000000002037));
#8195=CARTESIAN_POINT('Origin',(-4.75000000000291,0.,3.85000000002037));
#8196=CARTESIAN_POINT('',(-4.85000000000291,0.,3.85000000002037));
#8197=CARTESIAN_POINT('Origin',(-4.85000000000291,0.,3.95000000002037));
#8198=CARTESIAN_POINT('',(4.75000000000291,0.8,3.95000000002037));
#8199=CARTESIAN_POINT('',(4.85000000000291,0.8,3.95000000002037));
#8200=CARTESIAN_POINT('',(4.75000000000291,0.,3.95000000002037));
#8201=CARTESIAN_POINT('',(4.75000000000291,0.,3.95000000002037));
#8202=CARTESIAN_POINT('',(-2.42500000000146,0.,3.95000000002037));
#8203=CARTESIAN_POINT('Origin',(-4.75000000000291,0.,-3.85000000002037));
#8204=CARTESIAN_POINT('',(-4.85000000000291,0.8,-3.85000000002037));
#8205=CARTESIAN_POINT('',(-4.75000000000291,0.8,-3.95000000002037));
#8206=CARTESIAN_POINT('Origin',(-4.75000000000291,0.8,-3.85000000002037));
#8207=CARTESIAN_POINT('',(-4.85000000000291,0.,-3.85000000002037));
#8208=CARTESIAN_POINT('',(-4.85000000000291,0.,-3.85000000002037));
#8209=CARTESIAN_POINT('',(-4.75000000000291,0.,-3.95000000002037));
#8210=CARTESIAN_POINT('Origin',(-4.75000000000291,0.,-3.85000000002037));
#8211=CARTESIAN_POINT('',(-4.75000000000291,0.,-3.95000000002037));
#8212=CARTESIAN_POINT('Origin',(0.,0.8,0.));
#8213=CARTESIAN_POINT('',(-4.85000000000291,0.8,3.95000000002037));
#8214=CARTESIAN_POINT('',(4.75000000000291,0.8,-3.95000000002037));
#8215=CARTESIAN_POINT('',(-4.85000000000291,0.8,-3.95000000002037));
#8216=CARTESIAN_POINT('',(4.85000000000291,0.8,-3.85000000002037));
#8217=CARTESIAN_POINT('Origin',(4.75000000000291,0.8,-3.85000000002037));
#8218=CARTESIAN_POINT('',(4.85000000000291,0.8,3.85000000002037));
#8219=CARTESIAN_POINT('',(4.85000000000291,0.8,-3.95000000002037));
#8220=CARTESIAN_POINT('Origin',(4.75000000000291,0.8,3.85000000002037));
#8221=CARTESIAN_POINT('Origin',(4.85000000000291,0.,-3.95000000002037));
#8222=CARTESIAN_POINT('',(4.75000000000291,0.,-3.95000000002037));
#8223=CARTESIAN_POINT('',(2.42500000000146,0.,-3.95000000002037));
#8224=CARTESIAN_POINT('',(4.75000000000291,0.,-3.95000000002037));
#8225=CARTESIAN_POINT('Origin',(4.75000000000291,0.,-3.85000000002037));
#8226=CARTESIAN_POINT('',(4.85000000000291,0.,-3.85000000002037));
#8227=CARTESIAN_POINT('Origin',(4.75000000000291,0.,-3.85000000002037));
#8228=CARTESIAN_POINT('',(4.85000000000291,0.,-3.85000000002037));
#8229=CARTESIAN_POINT('Origin',(4.85000000000291,0.,3.95000000002037));
#8230=CARTESIAN_POINT('',(4.85000000000291,0.,3.85000000002037));
#8231=CARTESIAN_POINT('',(4.85000000000291,0.,1.97500000001019));
#8232=CARTESIAN_POINT('',(4.85000000000291,0.,3.85000000002037));
#8233=CARTESIAN_POINT('Origin',(4.75000000000291,0.,3.85000000002037));
#8234=CARTESIAN_POINT('Origin',(4.75000000000291,0.,3.85000000002037));
#8235=CARTESIAN_POINT('Origin',(-4.85000000000291,0.,-3.95000000002037));
#8236=CARTESIAN_POINT('',(-4.85000000000291,0.,-1.97500000001019));
#8237=CARTESIAN_POINT('Origin',(-5.15,0.,-4.25));
#8238=CARTESIAN_POINT('',(-5.65,3.3,-4.25));
#8239=CARTESIAN_POINT('',(-5.15,3.3,-4.75));
#8240=CARTESIAN_POINT('Origin',(-5.15,3.3,-4.25));
#8241=CARTESIAN_POINT('',(-5.15,0.,-4.75));
#8242=CARTESIAN_POINT('',(-5.15,0.,-4.75));
#8243=CARTESIAN_POINT('',(-5.65,0.,-4.25));
#8244=CARTESIAN_POINT('Origin',(-5.15,0.,-4.25));
#8245=CARTESIAN_POINT('',(-5.65,0.,-4.25));
#8246=CARTESIAN_POINT('Origin',(5.65,0.,-4.75));
#8247=CARTESIAN_POINT('',(-4.75,3.3,-4.75));
#8248=CARTESIAN_POINT('',(0.45,3.3,-4.75));
#8249=CARTESIAN_POINT('',(-4.75,4.,-4.75));
#8250=CARTESIAN_POINT('',(-4.75,2.,-4.75));
#8251=CARTESIAN_POINT('',(5.15,4.,-4.75));
#8252=CARTESIAN_POINT('',(5.65,4.,-4.75));
#8253=CARTESIAN_POINT('',(5.15,0.,-4.75));
#8254=CARTESIAN_POINT('',(5.15,0.,-4.75));
#8255=CARTESIAN_POINT('',(5.65,0.,-4.75));
#8256=CARTESIAN_POINT('Origin',(-4.75,3.3,4.75));
#8257=CARTESIAN_POINT('',(-5.65,3.3,4.25));
#8258=CARTESIAN_POINT('',(-5.65,3.3,0.));
#8259=CARTESIAN_POINT('',(-5.15,3.3,4.75));
#8260=CARTESIAN_POINT('Origin',(-5.15,3.3,4.25));
#8261=CARTESIAN_POINT('',(-4.75,3.3,4.75));
#8262=CARTESIAN_POINT('',(-5.2,3.3,4.75));
#8263=CARTESIAN_POINT('',(-4.75,3.3,4.75));
#8264=CARTESIAN_POINT('Origin',(5.15,0.,-4.25));
#8265=CARTESIAN_POINT('',(5.65,4.,-4.25));
#8266=CARTESIAN_POINT('Origin',(5.15,4.,-4.25));
#8267=CARTESIAN_POINT('',(5.65,0.,-4.25));
#8268=CARTESIAN_POINT('',(5.65,0.,-4.25));
#8269=CARTESIAN_POINT('Origin',(5.15,0.,-4.25));
#8270=CARTESIAN_POINT('Origin',(5.65,0.,4.75));
#8271=CARTESIAN_POINT('',(5.65,4.,4.25));
#8272=CARTESIAN_POINT('',(5.65,4.,4.75));
#8273=CARTESIAN_POINT('',(5.65,0.,4.25));
#8274=CARTESIAN_POINT('',(5.65,0.,4.25));
#8275=CARTESIAN_POINT('',(5.65,0.,4.75));
#8276=CARTESIAN_POINT('Origin',(0.,4.,0.));
#8277=CARTESIAN_POINT('',(-4.75,4.,4.75));
#8278=CARTESIAN_POINT('',(-4.75,4.,2.375));
#8279=CARTESIAN_POINT('',(5.15,4.,4.75));
#8280=CARTESIAN_POINT('',(-5.65,4.,4.75));
#8281=CARTESIAN_POINT('Origin',(5.15,4.,4.25));
#8282=CARTESIAN_POINT('Origin',(-5.15,0.,4.25));
#8283=CARTESIAN_POINT('',(-5.65,0.,4.25));
#8284=CARTESIAN_POINT('',(-5.65,0.,4.25));
#8285=CARTESIAN_POINT('',(-5.15,0.,4.75));
#8286=CARTESIAN_POINT('Origin',(-5.15,0.,4.25));
#8287=CARTESIAN_POINT('',(-5.15,0.,4.75));
#8288=CARTESIAN_POINT('Origin',(-5.65,0.,4.75));
#8289=CARTESIAN_POINT('',(5.15,0.,4.75));
#8290=CARTESIAN_POINT('',(-5.65,0.,4.75));
#8291=CARTESIAN_POINT('',(5.15,0.,4.75));
#8292=CARTESIAN_POINT('',(-4.75,2.,4.75));
#8293=CARTESIAN_POINT('Origin',(5.15,0.,4.25));
#8294=CARTESIAN_POINT('Origin',(5.15,0.,4.25));
#8295=CARTESIAN_POINT('Origin',(-4.75,4.,4.75));
#8296=CARTESIAN_POINT('Origin',(-5.65,0.,-4.75));
#8297=CARTESIAN_POINT('',(-5.65,0.,-4.75));
#8298=CARTESIAN_POINT('Origin',(0.,0.,0.));
#8299=CARTESIAN_POINT('Origin',(4.6896406036061,5.3,-3.7896406036061));
#8300=CARTESIAN_POINT('',(4.2896406036061,5.3,-3.7896406036061));
#8301=CARTESIAN_POINT('Origin',(4.6896406036061,5.3,-3.7896406036061));
#8302=CARTESIAN_POINT('',(4.2896406036061,4.8,-3.7896406036061));
#8303=CARTESIAN_POINT('',(4.2896406036061,5.3,-3.7896406036061));
#8304=CARTESIAN_POINT('Origin',(4.6896406036061,4.8,-3.7896406036061));
#8305=CARTESIAN_POINT('Origin',(4.6896406036061,4.8,-3.7896406036061));
#8306=CARTESIAN_POINT('Origin',(3.95,6.3,-3.75));
#8307=CARTESIAN_POINT('',(2.95,5.3,-3.75));
#8308=CARTESIAN_POINT('',(3.95,5.3,-2.75));
#8309=CARTESIAN_POINT('Origin',(3.95,5.3,-3.75));
#8310=CARTESIAN_POINT('',(2.95,6.3,-3.75));
#8311=CARTESIAN_POINT('',(2.95,6.3,-3.75));
#8312=CARTESIAN_POINT('',(3.95,6.3,-2.75));
#8313=CARTESIAN_POINT('Origin',(3.95,6.3,-3.75));
#8314=CARTESIAN_POINT('',(3.95,6.3,-2.75));
#8315=CARTESIAN_POINT('Origin',(5.65,6.3,-2.75));
#8316=CARTESIAN_POINT('',(5.65,6.3,-2.75));
#8317=CARTESIAN_POINT('',(3.05,6.3,-2.75));
#8318=CARTESIAN_POINT('',(5.65,5.3,-2.75));
#8319=CARTESIAN_POINT('',(5.65,5.15,-2.75));
#8320=CARTESIAN_POINT('',(2.95,5.3,-2.75));
#8321=CARTESIAN_POINT('Origin',(2.95,6.3,-2.75));
#8322=CARTESIAN_POINT('',(2.95,5.3,-4.75));
#8323=CARTESIAN_POINT('',(2.95,5.3,-4.75));
#8324=CARTESIAN_POINT('',(2.95,6.3,-4.75));
#8325=CARTESIAN_POINT('',(2.95,5.15,-4.75));
#8326=CARTESIAN_POINT('',(2.95,6.3,-1.375));
#8327=CARTESIAN_POINT('Origin',(4.3,5.3,-3.75));
#8328=CARTESIAN_POINT('',(5.65,5.3,-4.25));
#8329=CARTESIAN_POINT('',(5.65,5.3,0.25));
#8330=CARTESIAN_POINT('',(5.15,5.3,-4.75));
#8331=CARTESIAN_POINT('Origin',(5.15,5.3,-4.25));
#8332=CARTESIAN_POINT('',(4.725,5.3,-4.75));
#8333=CARTESIAN_POINT('Origin',(5.65,4.,4.25));
#8334=CARTESIAN_POINT('',(5.65,6.3,4.25));
#8335=CARTESIAN_POINT('',(5.65,6.3,4.25));
#8336=CARTESIAN_POINT('',(5.65,4.,4.25));
#8337=CARTESIAN_POINT('',(5.65,4.,4.25));
#8338=CARTESIAN_POINT('',(5.65,4.,-4.25));
#8339=CARTESIAN_POINT('',(5.65,4.,4.25));
#8340=CARTESIAN_POINT('',(5.65,4.,-4.25));
#8341=CARTESIAN_POINT('Origin',(0.45,6.3,0.));
#8342=CARTESIAN_POINT('',(-5.15,6.3,-4.75));
#8343=CARTESIAN_POINT('',(5.15,6.3,-4.75));
#8344=CARTESIAN_POINT('',(-5.65,6.3,-4.25));
#8345=CARTESIAN_POINT('Origin',(-5.15,6.3,-4.25));
#8346=CARTESIAN_POINT('',(-5.65,6.3,2.75));
#8347=CARTESIAN_POINT('',(-5.65,6.3,-4.25));
#8348=CARTESIAN_POINT('',(-2.85,6.3,2.75));
#8349=CARTESIAN_POINT('',(-2.6,6.3,2.75));
#8350=CARTESIAN_POINT('',(-1.85,6.3,3.75));
#8351=CARTESIAN_POINT('Origin',(-2.85,6.3,3.75));
#8352=CARTESIAN_POINT('',(-1.85,6.3,4.75));
#8353=CARTESIAN_POINT('',(-1.85,6.3,1.375));
#8354=CARTESIAN_POINT('',(5.15,6.3,4.75));
#8355=CARTESIAN_POINT('',(-5.15,6.3,4.75));
#8356=CARTESIAN_POINT('Origin',(5.15,6.3,4.25));
#8357=CARTESIAN_POINT('Origin',(-3.35,5.3,3.95));
#8358=CARTESIAN_POINT('',(-3.75,5.3,3.95));
#8359=CARTESIAN_POINT('Origin',(-3.35,5.3,3.95));
#8360=CARTESIAN_POINT('',(-3.75,4.8,3.95));
#8361=CARTESIAN_POINT('',(-3.75,5.3,3.95));
#8362=CARTESIAN_POINT('Origin',(-3.35,4.8,3.95));
#8363=CARTESIAN_POINT('Origin',(-3.35,4.8,3.95));
#8364=CARTESIAN_POINT('Origin',(-2.85,6.3,3.75));
#8365=CARTESIAN_POINT('',(-1.85,5.3,3.75));
#8366=CARTESIAN_POINT('',(-2.85,5.3,2.75));
#8367=CARTESIAN_POINT('Origin',(-2.85,5.3,3.75));
#8368=CARTESIAN_POINT('',(-1.85,6.3,3.75));
#8369=CARTESIAN_POINT('',(-2.85,6.3,2.75));
#8370=CARTESIAN_POINT('Origin',(-5.65,6.3,2.75));
#8371=CARTESIAN_POINT('',(-5.65,5.3,2.75));
#8372=CARTESIAN_POINT('',(-5.65,6.3,2.75));
#8373=CARTESIAN_POINT('',(-1.85,5.3,2.75));
#8374=CARTESIAN_POINT('Origin',(-1.85,6.3,2.75));
#8375=CARTESIAN_POINT('',(-1.85,5.3,4.75));
#8376=CARTESIAN_POINT('',(-1.85,5.3,4.75));
#8377=CARTESIAN_POINT('',(-1.85,5.15,4.75));
#8378=CARTESIAN_POINT('Origin',(-3.75,5.3,3.75));
#8379=CARTESIAN_POINT('',(-5.65,5.3,4.25));
#8380=CARTESIAN_POINT('',(-5.65,5.3,4.));
#8381=CARTESIAN_POINT('',(-5.15,5.3,4.75));
#8382=CARTESIAN_POINT('Origin',(-5.15,5.3,4.25));
#8383=CARTESIAN_POINT('',(-4.25,5.3,4.75));
#8384=CARTESIAN_POINT('Origin',(-4.75,4.,4.75));
#8385=CARTESIAN_POINT('',(-5.15,4.7,4.75));
#8386=CARTESIAN_POINT('',(-5.15,6.3,4.75));
#8387=CARTESIAN_POINT('',(-4.75,4.7,4.75));
#8388=CARTESIAN_POINT('',(-5.15,4.7,4.75));
#8389=CARTESIAN_POINT('',(-4.75,4.,4.75));
#8390=CARTESIAN_POINT('',(-4.75,4.,4.75));
#8391=CARTESIAN_POINT('',(5.15,4.,4.75));
#8392=CARTESIAN_POINT('',(-4.75,4.,4.75));
#8393=CARTESIAN_POINT('',(5.15,4.,4.75));
#8394=CARTESIAN_POINT('Origin',(-5.15,6.3,4.25));
#8395=CARTESIAN_POINT('',(-5.65,4.7,4.25));
#8396=CARTESIAN_POINT('',(-5.65,6.3,4.25));
#8397=CARTESIAN_POINT('Origin',(-5.15,4.7,4.25));
#8398=CARTESIAN_POINT('Origin',(-5.15,6.3,-4.25));
#8399=CARTESIAN_POINT('',(-5.15,4.7,-4.75));
#8400=CARTESIAN_POINT('',(-5.15,6.3,-4.75));
#8401=CARTESIAN_POINT('',(-5.65,4.7,-4.25));
#8402=CARTESIAN_POINT('Origin',(-5.15,4.7,-4.25));
#8403=CARTESIAN_POINT('',(-5.65,6.3,-4.25));
#8404=CARTESIAN_POINT('Origin',(-5.65,6.3,4.25));
#8405=CARTESIAN_POINT('',(-5.65,4.7,-4.25));
#8406=CARTESIAN_POINT('Origin',(-5.2,4.7,0.));
#8407=CARTESIAN_POINT('',(-4.75,4.7,-4.75));
#8408=CARTESIAN_POINT('',(-4.75,4.7,-4.75));
#8409=CARTESIAN_POINT('',(-4.75,4.7,-2.375));
#8410=CARTESIAN_POINT('Origin',(-4.75,4.,-4.75));
#8411=CARTESIAN_POINT('',(-4.75,4.,-4.75));
#8412=CARTESIAN_POINT('',(-4.75,4.,-4.75));
#8413=CARTESIAN_POINT('',(-4.75,4.,-4.75));
#8414=CARTESIAN_POINT('Origin',(5.15,4.,-4.25));
#8415=CARTESIAN_POINT('',(5.15,4.,-4.75));
#8416=CARTESIAN_POINT('Origin',(5.15,4.,-4.25));
#8417=CARTESIAN_POINT('',(5.15,4.,-4.75));
#8418=CARTESIAN_POINT('Origin',(5.15,4.,4.25));
#8419=CARTESIAN_POINT('Origin',(5.15,4.,4.25));
#8420=CARTESIAN_POINT('Origin',(5.15,4.,-4.75));
#8421=CARTESIAN_POINT('',(5.15,4.,-4.75));
#8422=CARTESIAN_POINT('Origin',(0.45,4.,0.));
#8423=CARTESIAN_POINT('Origin',(1.65,-0.2,-4.96));
#8424=CARTESIAN_POINT('',(2.4,0.,-4.96));
#8425=CARTESIAN_POINT('',(2.4,-0.2,-5.16));
#8426=CARTESIAN_POINT('Origin',(2.4,-0.2,-4.96));
#8427=CARTESIAN_POINT('',(-0.6,-0.2,-5.16));
#8428=CARTESIAN_POINT('',(1.65,-0.2,-5.16));
#8429=CARTESIAN_POINT('',(-0.6,0.,-4.96));
#8430=CARTESIAN_POINT('Origin',(-0.6,-0.2,-4.96));
#8431=CARTESIAN_POINT('',(1.65,0.,-4.96));
#8432=CARTESIAN_POINT('Origin',(2.4,-0.4,-4.75));
#8433=CARTESIAN_POINT('',(2.4,0.,-4.35));
#8434=CARTESIAN_POINT('',(2.4,0.,-2.375));
#8435=CARTESIAN_POINT('',(2.4,-0.4,-4.35));
#8436=CARTESIAN_POINT('',(2.4,-0.4,-4.35));
#8437=CARTESIAN_POINT('',(2.4,-0.4,-4.71));
#8438=CARTESIAN_POINT('',(2.4,-0.4,-2.375));
#8439=CARTESIAN_POINT('',(2.4,-0.45,-4.76));
#8440=CARTESIAN_POINT('Origin',(2.4,-0.45,-4.71));
#8441=CARTESIAN_POINT('',(2.4,-3.7,-4.76));
#8442=CARTESIAN_POINT('',(2.4,-1.4,-4.76));
#8443=CARTESIAN_POINT('',(2.4,-3.7,-5.16));
#8444=CARTESIAN_POINT('',(2.4,-3.7,-4.76));
#8445=CARTESIAN_POINT('',(2.4,-1.4,-5.16));
#8446=CARTESIAN_POINT('Origin',(0.9,0.,0.));
#8447=CARTESIAN_POINT('',(-0.6,0.,-4.35));
#8448=CARTESIAN_POINT('',(-0.6,0.,-2.375));
#8449=CARTESIAN_POINT('',(-1.,0.,-4.35));
#8450=CARTESIAN_POINT('',(0.15,0.,-4.35));
#8451=CARTESIAN_POINT('',(-1.,0.,-4.75));
#8452=CARTESIAN_POINT('',(-1.,0.,-2.175));
#8453=CARTESIAN_POINT('',(-3.35,0.,-4.75));
#8454=CARTESIAN_POINT('',(-5.15,0.,-4.75));
#8455=CARTESIAN_POINT('',(-3.85,0.,-4.25));
#8456=CARTESIAN_POINT('Origin',(-3.35,0.,-4.25));
#8457=CARTESIAN_POINT('',(-3.85,0.,-1.95));
#8458=CARTESIAN_POINT('',(-3.85,0.,4.25));
#8459=CARTESIAN_POINT('',(-3.45,0.,-1.95));
#8460=CARTESIAN_POINT('',(-1.275,0.,-1.95));
#8461=CARTESIAN_POINT('',(-3.45,0.,-1.55));
#8462=CARTESIAN_POINT('',(-3.45,0.,-0.775));
#8463=CARTESIAN_POINT('',(-3.65,0.,-1.55));
#8464=CARTESIAN_POINT('',(-1.475,0.,-1.55));
#8465=CARTESIAN_POINT('',(-3.65,0.,1.55));
#8466=CARTESIAN_POINT('',(-3.65,0.,2.125));
#8467=CARTESIAN_POINT('',(-3.45,0.,1.55));
#8468=CARTESIAN_POINT('',(-1.475,0.,1.55));
#8469=CARTESIAN_POINT('',(-3.45,0.,1.95));
#8470=CARTESIAN_POINT('',(-3.45,0.,0.775));
#8471=CARTESIAN_POINT('',(-3.85,0.,1.95));
#8472=CARTESIAN_POINT('',(-1.275,0.,1.95));
#8473=CARTESIAN_POINT('',(-3.85,0.,4.25));
#8474=CARTESIAN_POINT('',(-3.85,0.,4.25));
#8475=CARTESIAN_POINT('',(-3.35,0.,4.75));
#8476=CARTESIAN_POINT('Origin',(-3.35,0.,4.25));
#8477=CARTESIAN_POINT('',(-1.,0.,4.75));
#8478=CARTESIAN_POINT('',(5.15,0.,4.75));
#8479=CARTESIAN_POINT('',(-1.,0.,4.35));
#8480=CARTESIAN_POINT('',(-1.,0.,2.175));
#8481=CARTESIAN_POINT('',(-0.6,0.,4.35));
#8482=CARTESIAN_POINT('',(0.15,0.,4.35));
#8483=CARTESIAN_POINT('',(-0.6,0.,4.96));
#8484=CARTESIAN_POINT('',(-0.6,0.,2.375));
#8485=CARTESIAN_POINT('',(2.4,0.,4.96));
#8486=CARTESIAN_POINT('',(1.65,0.,4.96));
#8487=CARTESIAN_POINT('',(2.4,0.,4.35));
#8488=CARTESIAN_POINT('',(2.4,0.,2.375));
#8489=CARTESIAN_POINT('',(2.8,0.,4.35));
#8490=CARTESIAN_POINT('',(1.65,0.,4.35));
#8491=CARTESIAN_POINT('',(2.8,0.,4.75));
#8492=CARTESIAN_POINT('',(2.8,0.,2.175));
#8493=CARTESIAN_POINT('',(5.15,0.,4.75));
#8494=CARTESIAN_POINT('',(5.15,0.,4.75));
#8495=CARTESIAN_POINT('',(5.65,0.,4.25));
#8496=CARTESIAN_POINT('Origin',(5.15,0.,4.25));
#8497=CARTESIAN_POINT('',(5.65,0.,1.95));
#8498=CARTESIAN_POINT('',(5.65,0.,-4.25));
#8499=CARTESIAN_POINT('',(5.25,0.,1.95));
#8500=CARTESIAN_POINT('',(3.075,0.,1.95));
#8501=CARTESIAN_POINT('',(5.25,0.,1.55));
#8502=CARTESIAN_POINT('',(5.25,0.,0.775));
#8503=CARTESIAN_POINT('',(5.45,0.,1.55));
#8504=CARTESIAN_POINT('',(3.275,0.,1.55));
#8505=CARTESIAN_POINT('',(5.45,0.,-1.55));
#8506=CARTESIAN_POINT('',(5.45,0.,-2.125));
#8507=CARTESIAN_POINT('',(5.25,0.,-1.55));
#8508=CARTESIAN_POINT('',(3.275,0.,-1.55));
#8509=CARTESIAN_POINT('',(5.25,0.,-1.95));
#8510=CARTESIAN_POINT('',(5.25,0.,-0.775));
#8511=CARTESIAN_POINT('',(5.65,0.,-1.95));
#8512=CARTESIAN_POINT('',(3.075,0.,-1.95));
#8513=CARTESIAN_POINT('',(5.65,0.,-4.25));
#8514=CARTESIAN_POINT('',(5.65,0.,-4.25));
#8515=CARTESIAN_POINT('',(5.15,0.,-4.75));
#8516=CARTESIAN_POINT('Origin',(5.15,0.,-4.25));
#8517=CARTESIAN_POINT('',(2.8,0.,-4.75));
#8518=CARTESIAN_POINT('',(-5.15,0.,-4.75));
#8519=CARTESIAN_POINT('',(2.8,0.,-4.35));
#8520=CARTESIAN_POINT('',(2.8,0.,-2.175));
#8521=CARTESIAN_POINT('',(1.65,0.,-4.35));
#8522=CARTESIAN_POINT('',(4.8646406036061,0.,-3.7896406036061));
#8523=CARTESIAN_POINT('Origin',(4.6896406036061,0.,-3.7896406036061));
#8524=CARTESIAN_POINT('',(-3.0646406036061,0.,-3.7896406036061));
#8525=CARTESIAN_POINT('Origin',(-2.8896406036061,0.,-3.7896406036061));
#8526=CARTESIAN_POINT('',(4.8646406036061,0.,3.7896406036061));
#8527=CARTESIAN_POINT('Origin',(4.6896406036061,0.,3.7896406036061));
#8528=CARTESIAN_POINT('',(-3.0646406036061,0.,3.7896406036061));
#8529=CARTESIAN_POINT('Origin',(-2.8896406036061,0.,3.7896406036061));
#8530=CARTESIAN_POINT('Origin',(0.15,-0.45,-4.71));
#8531=CARTESIAN_POINT('',(-0.6,-0.4,-4.71));
#8532=CARTESIAN_POINT('',(-0.6,-0.45,-4.76));
#8533=CARTESIAN_POINT('Origin',(-0.6,-0.45,-4.71));
#8534=CARTESIAN_POINT('',(0.15,-0.45,-4.76));
#8535=CARTESIAN_POINT('',(0.15,-0.4,-4.71));
#8536=CARTESIAN_POINT('Origin',(-0.6,-1.4,-4.76));
#8537=CARTESIAN_POINT('',(-0.6,-3.7,-4.76));
#8538=CARTESIAN_POINT('',(-0.6,-1.4,-4.76));
#8539=CARTESIAN_POINT('',(0.350000000000001,-3.7,-4.76));
#8540=CARTESIAN_POINT('',(0.15,-3.7,-4.76));
#8541=CARTESIAN_POINT('',(0.350000000000001,-4.7,-4.76));
#8542=CARTESIAN_POINT('',(0.350000000000001,-3.875,-4.76));
#8543=CARTESIAN_POINT('',(1.45,-4.7,-4.76));
#8544=CARTESIAN_POINT('',(-0.6,-4.7,-4.76));
#8545=CARTESIAN_POINT('',(1.45,-3.7,-4.76));
#8546=CARTESIAN_POINT('',(1.45,-3.875,-4.76));
#8547=CARTESIAN_POINT('',(0.15,-3.7,-4.76));
#8548=CARTESIAN_POINT('Origin',(2.4,-1.4,-5.16));
#8549=CARTESIAN_POINT('',(1.45,-3.7,-5.16));
#8550=CARTESIAN_POINT('',(1.65,-3.7,-5.16));
#8551=CARTESIAN_POINT('',(1.45,-4.7,-5.16));
#8552=CARTESIAN_POINT('',(1.45,-3.875,-5.16));
#8553=CARTESIAN_POINT('',(0.350000000000001,-4.7,-5.16));
#8554=CARTESIAN_POINT('',(2.4,-4.7,-5.16));
#8555=CARTESIAN_POINT('',(0.350000000000001,-3.7,-5.16));
#8556=CARTESIAN_POINT('',(0.350000000000001,-3.875,-5.16));
#8557=CARTESIAN_POINT('',(-0.6,-3.7,-5.16));
#8558=CARTESIAN_POINT('',(1.65,-3.7,-5.16));
#8559=CARTESIAN_POINT('',(-0.6,-1.4,-5.16));
#8560=CARTESIAN_POINT('Origin',(0.9,-0.4,0.));
#8561=CARTESIAN_POINT('',(2.8,-0.4,-4.35));
#8562=CARTESIAN_POINT('',(1.65,-0.4,-4.35));
#8563=CARTESIAN_POINT('',(2.8,-0.4,-4.75));
#8564=CARTESIAN_POINT('',(2.8,-0.4,-2.175));
#8565=CARTESIAN_POINT('',(5.15,-0.4,-4.75));
#8566=CARTESIAN_POINT('',(-5.15,-0.4,-4.75));
#8567=CARTESIAN_POINT('',(5.65,-0.4,-4.25));
#8568=CARTESIAN_POINT('Origin',(5.15,-0.4,-4.25));
#8569=CARTESIAN_POINT('',(5.65,-0.4,-1.95));
#8570=CARTESIAN_POINT('',(5.65,-0.4,-4.25));
#8571=CARTESIAN_POINT('',(5.25,-0.4,-1.95));
#8572=CARTESIAN_POINT('',(3.075,-0.4,-1.95));
#8573=CARTESIAN_POINT('',(5.25,-0.4,-1.55));
#8574=CARTESIAN_POINT('',(5.25,-0.4,-0.775));
#8575=CARTESIAN_POINT('',(5.2,-0.4,-1.55));
#8576=CARTESIAN_POINT('',(3.075,-0.4,-1.55));
#8577=CARTESIAN_POINT('',(5.2,-0.4,1.55));
#8578=CARTESIAN_POINT('',(5.2,-0.4,0.775));
#8579=CARTESIAN_POINT('',(5.25,-0.4,1.55));
#8580=CARTESIAN_POINT('',(3.275,-0.4,1.55));
#8581=CARTESIAN_POINT('',(5.25,-0.4,1.95));
#8582=CARTESIAN_POINT('',(5.25,-0.4,0.775));
#8583=CARTESIAN_POINT('',(5.65,-0.4,1.95));
#8584=CARTESIAN_POINT('',(3.075,-0.4,1.95));
#8585=CARTESIAN_POINT('',(5.65,-0.4,4.25));
#8586=CARTESIAN_POINT('',(5.65,-0.4,-4.25));
#8587=CARTESIAN_POINT('',(5.15,-0.4,4.75));
#8588=CARTESIAN_POINT('Origin',(5.15,-0.4,4.25));
#8589=CARTESIAN_POINT('',(2.8,-0.4,4.75));
#8590=CARTESIAN_POINT('',(5.15,-0.4,4.75));
#8591=CARTESIAN_POINT('',(2.8,-0.4,4.35));
#8592=CARTESIAN_POINT('',(2.8,-0.4,2.175));
#8593=CARTESIAN_POINT('',(2.4,-0.4,4.35));
#8594=CARTESIAN_POINT('',(1.65,-0.4,4.35));
#8595=CARTESIAN_POINT('',(2.4,-0.4,4.71));
#8596=CARTESIAN_POINT('',(2.4,-0.4,4.75));
#8597=CARTESIAN_POINT('',(-0.6,-0.4,4.71));
#8598=CARTESIAN_POINT('',(0.15,-0.4,4.71));
#8599=CARTESIAN_POINT('',(-0.6,-0.4,4.35));
#8600=CARTESIAN_POINT('',(-0.6,-0.4,2.375));
#8601=CARTESIAN_POINT('',(-1.,-0.4,4.35));
#8602=CARTESIAN_POINT('',(0.15,-0.4,4.35));
#8603=CARTESIAN_POINT('',(-1.,-0.4,4.75));
#8604=CARTESIAN_POINT('',(-1.,-0.4,2.175));
#8605=CARTESIAN_POINT('',(-3.35,-0.4,4.75));
#8606=CARTESIAN_POINT('',(5.15,-0.4,4.75));
#8607=CARTESIAN_POINT('',(-3.85,-0.4,4.25));
#8608=CARTESIAN_POINT('Origin',(-3.35,-0.4,4.25));
#8609=CARTESIAN_POINT('',(-3.85,-0.4,1.95));
#8610=CARTESIAN_POINT('',(-3.85,-0.4,4.25));
#8611=CARTESIAN_POINT('',(-3.45,-0.4,1.95));
#8612=CARTESIAN_POINT('',(-1.275,-0.4,1.95));
#8613=CARTESIAN_POINT('',(-3.45,-0.4,1.55));
#8614=CARTESIAN_POINT('',(-3.45,-0.4,0.775));
#8615=CARTESIAN_POINT('',(-3.4,-0.4,1.55));
#8616=CARTESIAN_POINT('',(-1.475,-0.4,1.55));
#8617=CARTESIAN_POINT('',(-3.4,-0.4,-1.55));
#8618=CARTESIAN_POINT('',(-3.4,-0.4,0.775));
#8619=CARTESIAN_POINT('',(-3.45,-0.4,-1.55));
#8620=CARTESIAN_POINT('',(-1.275,-0.4,-1.55));
#8621=CARTESIAN_POINT('',(-3.45,-0.4,-1.95));
#8622=CARTESIAN_POINT('',(-3.45,-0.4,-0.775));
#8623=CARTESIAN_POINT('',(-3.85,-0.4,-1.95));
#8624=CARTESIAN_POINT('',(-1.275,-0.4,-1.95));
#8625=CARTESIAN_POINT('',(-3.85,-0.4,-4.25));
#8626=CARTESIAN_POINT('',(-3.85,-0.4,4.25));
#8627=CARTESIAN_POINT('',(-3.35,-0.4,-4.75));
#8628=CARTESIAN_POINT('Origin',(-3.35,-0.4,-4.25));
#8629=CARTESIAN_POINT('',(-1.,-0.4,-4.75));
#8630=CARTESIAN_POINT('',(-5.15,-0.4,-4.75));
#8631=CARTESIAN_POINT('',(-1.,-0.4,-4.35));
#8632=CARTESIAN_POINT('',(-1.,-0.4,-2.175));
#8633=CARTESIAN_POINT('',(-0.6,-0.4,-4.35));
#8634=CARTESIAN_POINT('',(0.15,-0.4,-4.35));
#8635=CARTESIAN_POINT('',(-0.6,-0.4,-4.75));
#8636=CARTESIAN_POINT('',(4.6896406036061,-0.4,-4.2646406036061));
#8637=CARTESIAN_POINT('Origin',(4.6896406036061,-0.4,-3.7896406036061));
#8638=CARTESIAN_POINT('',(4.6896406036061,-0.4,3.3146406036061));
#8639=CARTESIAN_POINT('Origin',(4.6896406036061,-0.4,3.7896406036061));
#8640=CARTESIAN_POINT('',(-2.8896406036061,-0.4,3.3146406036061));
#8641=CARTESIAN_POINT('Origin',(-2.8896406036061,-0.4,3.7896406036061));
#8642=CARTESIAN_POINT('',(-2.8896406036061,-0.4,-4.2646406036061));
#8643=CARTESIAN_POINT('Origin',(-2.8896406036061,-0.4,-3.7896406036061));
#8644=CARTESIAN_POINT('Origin',(1.65,-0.2,4.96));
#8645=CARTESIAN_POINT('',(2.4,-0.2,5.16));
#8646=CARTESIAN_POINT('Origin',(2.4,-0.2,4.96));
#8647=CARTESIAN_POINT('',(-0.6,-0.2,5.16));
#8648=CARTESIAN_POINT('Origin',(-0.6,-0.2,4.96));
#8649=CARTESIAN_POINT('',(1.65,-0.2,5.16));
#8650=CARTESIAN_POINT('Origin',(2.4,-0.4,4.75));
#8651=CARTESIAN_POINT('',(2.4,-3.7,5.16));
#8652=CARTESIAN_POINT('',(2.4,-1.4,5.16));
#8653=CARTESIAN_POINT('',(2.4,-3.7,4.76));
#8654=CARTESIAN_POINT('',(2.4,-3.7,4.76));
#8655=CARTESIAN_POINT('',(2.4,-0.45,4.76));
#8656=CARTESIAN_POINT('',(2.4,-1.4,4.76));
#8657=CARTESIAN_POINT('Origin',(2.4,-0.45,4.71));
#8658=CARTESIAN_POINT('',(2.4,-0.4,4.35));
#8659=CARTESIAN_POINT('Origin',(2.4,-1.4,5.16));
#8660=CARTESIAN_POINT('',(-0.6,-3.7,5.16));
#8661=CARTESIAN_POINT('',(-0.6,-1.4,5.16));
#8662=CARTESIAN_POINT('',(0.350000000000001,-3.7,5.16));
#8663=CARTESIAN_POINT('',(1.65,-3.7,5.16));
#8664=CARTESIAN_POINT('',(0.350000000000001,-4.7,5.16));
#8665=CARTESIAN_POINT('',(0.350000000000001,-3.875,5.16));
#8666=CARTESIAN_POINT('',(1.45,-4.7,5.16));
#8667=CARTESIAN_POINT('',(2.4,-4.7,5.16));
#8668=CARTESIAN_POINT('',(1.45,-3.7,5.16));
#8669=CARTESIAN_POINT('',(1.45,-3.875,5.16));
#8670=CARTESIAN_POINT('',(1.65,-3.7,5.16));
#8671=CARTESIAN_POINT('Origin',(0.15,-0.45,4.71));
#8672=CARTESIAN_POINT('',(-0.6,-0.45,4.76));
#8673=CARTESIAN_POINT('Origin',(-0.6,-0.45,4.71));
#8674=CARTESIAN_POINT('',(0.15,-0.45,4.76));
#8675=CARTESIAN_POINT('Origin',(-0.6,-1.4,4.76));
#8676=CARTESIAN_POINT('',(1.45,-3.7,4.76));
#8677=CARTESIAN_POINT('',(0.15,-3.7,4.76));
#8678=CARTESIAN_POINT('',(1.45,-4.7,4.76));
#8679=CARTESIAN_POINT('',(1.45,-3.875,4.76));
#8680=CARTESIAN_POINT('',(0.350000000000001,-4.7,4.76));
#8681=CARTESIAN_POINT('',(-0.6,-4.7,4.76));
#8682=CARTESIAN_POINT('',(0.350000000000001,-3.7,4.76));
#8683=CARTESIAN_POINT('',(0.350000000000001,-3.875,4.76));
#8684=CARTESIAN_POINT('',(-0.6,-3.7,4.76));
#8685=CARTESIAN_POINT('',(0.15,-3.7,4.76));
#8686=CARTESIAN_POINT('',(-0.6,-1.4,4.76));
#8687=CARTESIAN_POINT('Origin',(-3.4,-0.45,0.775));
#8688=CARTESIAN_POINT('',(-3.45,-0.45,-1.55));
#8689=CARTESIAN_POINT('Origin',(-3.4,-0.45,-1.55));
#8690=CARTESIAN_POINT('',(-3.45,-0.45,1.55));
#8691=CARTESIAN_POINT('Origin',(-3.4,-0.45,1.55));
#8692=CARTESIAN_POINT('',(-3.45,-0.45,0.775));
#8693=CARTESIAN_POINT('Origin',(-3.45,-0.4,1.55));
#8694=CARTESIAN_POINT('',(-3.45,-3.9,1.55));
#8695=CARTESIAN_POINT('',(-3.45,-0.4,1.55));
#8696=CARTESIAN_POINT('',(-3.45,-3.9,-1.55));
#8697=CARTESIAN_POINT('',(-3.45,-3.9,1.55));
#8698=CARTESIAN_POINT('',(-3.45,-0.4,-1.55));
#8699=CARTESIAN_POINT('Origin',(5.2,-0.45,0.775));
#8700=CARTESIAN_POINT('',(5.25,-0.45,1.55));
#8701=CARTESIAN_POINT('Origin',(5.2,-0.45,1.55));
#8702=CARTESIAN_POINT('',(5.25,-0.45,-1.55));
#8703=CARTESIAN_POINT('Origin',(5.2,-0.45,-1.55));
#8704=CARTESIAN_POINT('',(5.25,-0.45,0.775));
#8705=CARTESIAN_POINT('Origin',(5.25,-0.4,1.55));
#8706=CARTESIAN_POINT('',(5.25,-3.9,-1.55));
#8707=CARTESIAN_POINT('',(5.25,-0.4,-1.55));
#8708=CARTESIAN_POINT('',(5.25,-3.9,1.55));
#8709=CARTESIAN_POINT('',(5.25,-3.9,1.55));
#8710=CARTESIAN_POINT('',(5.25,-0.4,1.55));
#8711=CARTESIAN_POINT('Origin',(2.8,-0.4,-4.35));
#8712=CARTESIAN_POINT('',(2.8,-0.2,-4.75));
#8713=CARTESIAN_POINT('',(2.8,-0.4,-4.35));
#8714=CARTESIAN_POINT('Origin',(2.4,-0.4,-4.35));
#8715=CARTESIAN_POINT('Origin',(-3.35,0.,-4.75));
#8716=CARTESIAN_POINT('',(5.15,0.,-4.75));
#8717=CARTESIAN_POINT('Origin',(-0.6,-0.4,-4.35));
#8718=CARTESIAN_POINT('',(-0.6,-0.4,-4.35));
#8719=CARTESIAN_POINT('',(-1.,-0.4,-4.35));
#8720=CARTESIAN_POINT('Origin',(-1.,-0.4,-4.35));
#8721=CARTESIAN_POINT('',(-1.,-0.2,-4.75));
#8722=CARTESIAN_POINT('Origin',(2.4,-0.4,4.35));
#8723=CARTESIAN_POINT('',(2.8,-0.4,4.35));
#8724=CARTESIAN_POINT('Origin',(2.8,-0.4,4.35));
#8725=CARTESIAN_POINT('',(2.8,-0.2,4.75));
#8726=CARTESIAN_POINT('Origin',(-0.6,-0.4,4.35));
#8727=CARTESIAN_POINT('',(-1.,-0.4,4.35));
#8728=CARTESIAN_POINT('',(-0.6,-0.4,4.35));
#8729=CARTESIAN_POINT('Origin',(-1.,-0.4,4.35));
#8730=CARTESIAN_POINT('',(-1.,-0.2,4.75));
#8731=CARTESIAN_POINT('Ctrl Pts',(0.350000000000001,-7.46893595922272,-5.37328510024293));
#8732=CARTESIAN_POINT('Ctrl Pts',(1.45,-7.46893595922272,-5.37328510024293));
#8733=CARTESIAN_POINT('Ctrl Pts',(0.350000000000001,-7.39375152595601,-5.43490270115165));
#8734=CARTESIAN_POINT('Ctrl Pts',(1.45,-7.39375152595601,-5.43490270115165));
#8735=CARTESIAN_POINT('Ctrl Pts',(0.350000000000001,-7.23235929347282,-5.56717213165517));
#8736=CARTESIAN_POINT('Ctrl Pts',(1.45,-7.23235929347282,-5.56717213165517));
#8737=CARTESIAN_POINT('Ctrl Pts',(0.350000000000001,-6.85998706190768,-5.78208863996972));
#8738=CARTESIAN_POINT('Ctrl Pts',(1.45,-6.85998706190768,-5.78208863996972));
#8739=CARTESIAN_POINT('Ctrl Pts',(0.350000000000001,-6.48655016095029,-5.20116626308697));
#8740=CARTESIAN_POINT('Ctrl Pts',(1.45,-6.48655016095029,-5.20116626308697));
#8741=CARTESIAN_POINT('Ctrl Pts',(0.350000000000001,-5.72959436591284,-4.80739725073414));
#8742=CARTESIAN_POINT('Ctrl Pts',(1.45,-5.72959436591284,-4.80739725073414));
#8743=CARTESIAN_POINT('Ctrl Pts',(0.350000000000001,-5.20976096610301,-4.76));
#8744=CARTESIAN_POINT('Ctrl Pts',(1.45,-5.20976096610301,-4.76));
#8745=CARTESIAN_POINT('Ctrl Pts',(0.350000000000001,-4.8735651309453,-4.76));
#8746=CARTESIAN_POINT('Ctrl Pts',(1.45,-4.8735651309453,-4.76));
#8747=CARTESIAN_POINT('Ctrl Pts',(0.350000000000001,-4.7,-4.76));
#8748=CARTESIAN_POINT('Ctrl Pts',(1.45,-4.7,-4.76));
#8749=CARTESIAN_POINT('',(1.43742863807129,-7.46893595922272,-5.37328510024293));
#8750=CARTESIAN_POINT('',(1.45,-7.37790251131773,-5.4466627128364));
#8751=CARTESIAN_POINT('Ctrl Pts',(1.43742863807129,-7.46893595922272,-5.37328510024293));
#8752=CARTESIAN_POINT('Ctrl Pts',(1.44158977341187,-7.45414261800986,-5.38540902211552));
#8753=CARTESIAN_POINT('Ctrl Pts',(1.44472646226682,-7.43919069970706,-5.39766410227787));
#8754=CARTESIAN_POINT('Ctrl Pts',(1.44682593376496,-7.424067174717,-5.40990770318806));
#8755=CARTESIAN_POINT('Ctrl Pts',(1.44700813904055,-7.42275466057183,-5.41097027949835));
#8756=CARTESIAN_POINT('Ctrl Pts',(1.4471825321458,-7.42144087626195,-5.41203274497948));
#8757=CARTESIAN_POINT('Ctrl Pts',(1.44734910473288,-7.42012582711768,-5.41309499270812));
#8758=CARTESIAN_POINT('Ctrl Pts',(1.4491157730381,-7.40617842026252,-5.42436118858905));
#8759=CARTESIAN_POINT('Ctrl Pts',(1.45000001342245,-7.3921080218285,-5.43558693837991));
#8760=CARTESIAN_POINT('Ctrl Pts',(1.45,-7.37790251131772,-5.4466627128364));
#8761=CARTESIAN_POINT('Ctrl Pts',(1.45,-7.37790251131773,-5.4466627128364));
#8762=CARTESIAN_POINT('Ctrl Pts',(1.45,-7.3234184083971,-5.48914296266305));
#8763=CARTESIAN_POINT('Ctrl Pts',(1.45,-7.17319973812266,-5.59748102932788));
#8764=CARTESIAN_POINT('Ctrl Pts',(1.45,-6.83757582409436,-5.74722548234919));
#8765=CARTESIAN_POINT('Ctrl Pts',(1.45,-6.48655016095029,-5.20116626308697));
#8766=CARTESIAN_POINT('Ctrl Pts',(1.45,-5.72959436591284,-4.80739725073414));
#8767=CARTESIAN_POINT('Ctrl Pts',(1.45,-5.20976096610301,-4.76));
#8768=CARTESIAN_POINT('Ctrl Pts',(1.45,-4.8735651309453,-4.76));
#8769=CARTESIAN_POINT('Ctrl Pts',(1.45,-4.7,-4.76));
#8770=CARTESIAN_POINT('',(0.350000000000001,-7.37790251131773,-5.4466627128364));
#8771=CARTESIAN_POINT('Ctrl Pts',(0.350000000000001,-4.7,-4.76));
#8772=CARTESIAN_POINT('Ctrl Pts',(0.350000000000001,-4.8735651309453,-4.76));
#8773=CARTESIAN_POINT('Ctrl Pts',(0.350000000000001,-5.20976096610301,-4.76));
#8774=CARTESIAN_POINT('Ctrl Pts',(0.350000000000001,-5.72959436591284,-4.80739725073414));
#8775=CARTESIAN_POINT('Ctrl Pts',(0.350000000000001,-6.48655016095029,-5.20116626308697));
#8776=CARTESIAN_POINT('Ctrl Pts',(0.350000000000001,-6.83757582409436,-5.74722548234919));
#8777=CARTESIAN_POINT('Ctrl Pts',(0.350000000000001,-7.17319973812266,-5.59748102932788));
#8778=CARTESIAN_POINT('Ctrl Pts',(0.350000000000001,-7.3234184083971,-5.48914296266305));
#8779=CARTESIAN_POINT('Ctrl Pts',(0.350000000000001,-7.37790251131773,-5.4466627128364));
#8780=CARTESIAN_POINT('',(0.362571361928713,-7.46893595922272,-5.37328510024293));
#8781=CARTESIAN_POINT('Ctrl Pts',(0.350000000000001,-7.37790251131761,-5.44666271283649));
#8782=CARTESIAN_POINT('Ctrl Pts',(0.35000001246012,-7.38127595255953,-5.44403250293947));
#8783=CARTESIAN_POINT('Ctrl Pts',(0.350049870857258,-7.38464357834364,-5.44139245274819));
#8784=CARTESIAN_POINT('Ctrl Pts',(0.350149755652057,-7.38800581836562,-5.4387437461568));
#8785=CARTESIAN_POINT('Ctrl Pts',(0.350599446780481,-7.40314295222626,-5.42681900968072));
#8786=CARTESIAN_POINT('Ctrl Pts',(0.35206122486257,-7.41812093723032,-5.41475775596923));
#8787=CARTESIAN_POINT('Ctrl Pts',(0.354525983442738,-7.43293446522208,-5.40271275445028));
#8788=CARTESIAN_POINT('Ctrl Pts',(0.356539848790092,-7.44503806471239,-5.39287121809738));
#8789=CARTESIAN_POINT('Ctrl Pts',(0.359223297374398,-7.45703318334528,-5.38304005165848));
#8790=CARTESIAN_POINT('Ctrl Pts',(0.362571361928714,-7.46893595922272,-5.37328510024293));
#8791=CARTESIAN_POINT('',(0.900000000000001,-7.46893595922272,-5.37328510024293));
#8792=CARTESIAN_POINT('Origin',(0.900000000000001,-7.80389566321158,-5.09876798993004));
#8793=CARTESIAN_POINT('Origin',(0.900000000000001,-7.37850508608098,-5.44739796122984));
#8794=CARTESIAN_POINT('Origin',(0.900000000000001,-7.26131696449446,-5.30440760819541));
#8795=CARTESIAN_POINT('',(1.45,-7.5746094228694,-5.68668013393927));
#8796=CARTESIAN_POINT('',(0.350000000000001,-7.5746094228694,-5.68668013393927));
#8797=CARTESIAN_POINT('Origin',(0.900000000000001,-7.5746094228694,-5.68668013393927));
#8798=CARTESIAN_POINT('',(1.45,-7.26131696449446,-5.30440760819541));
#8799=CARTESIAN_POINT('',(0.350000000000001,-7.26131696449446,-5.30440760819541));
#8800=CARTESIAN_POINT('Origin',(0.350000000000001,-6.35,-5.41224764632487));
#8801=CARTESIAN_POINT('',(0.350000000000001,-3.7,-5.18612382316243));
#8802=CARTESIAN_POINT('',(0.350000000000001,-7.46893595922272,-5.77328510024294));
#8803=CARTESIAN_POINT('Ctrl Pts',(0.350000000000001,-7.46893595922272,-5.77328510024294));
#8804=CARTESIAN_POINT('Ctrl Pts',(0.350000000000001,-7.39046468082824,-5.83759644375943));
#8805=CARTESIAN_POINT('Ctrl Pts',(0.350000000000001,-7.22006180374667,-5.97725057184819));
#8806=CARTESIAN_POINT('Ctrl Pts',(0.350000000000001,-6.77012433750293,-6.06449529264973));
#8807=CARTESIAN_POINT('Ctrl Pts',(0.350000000000001,-6.53206185537405,-5.85439198633266));
#8808=CARTESIAN_POINT('Ctrl Pts',(0.350000000000001,-5.61516029393165,-5.13725004805788));
#8809=CARTESIAN_POINT('Ctrl Pts',(0.350000000000001,-5.17040576401024,-5.16));
#8810=CARTESIAN_POINT('Ctrl Pts',(0.350000000000001,-4.8608867675334,-5.16));
#8811=CARTESIAN_POINT('Ctrl Pts',(0.350000000000001,-4.7,-5.16));
#8812=CARTESIAN_POINT('',(0.350000000000001,-7.46893595922272,-5.77328510024294));
#8813=CARTESIAN_POINT('Ctrl Pts',(0.350000000000001,-4.7,-5.16));
#8814=CARTESIAN_POINT('Ctrl Pts',(1.45,-4.7,-5.16));
#8815=CARTESIAN_POINT('Ctrl Pts',(0.350000000000001,-4.8608867675334,-5.16));
#8816=CARTESIAN_POINT('Ctrl Pts',(1.45,-4.8608867675334,-5.16));
#8817=CARTESIAN_POINT('Ctrl Pts',(0.350000000000001,-5.17040576401024,-5.16));
#8818=CARTESIAN_POINT('Ctrl Pts',(1.45,-5.17040576401024,-5.16));
#8819=CARTESIAN_POINT('Ctrl Pts',(0.350000000000001,-5.61516029393165,-5.13725004805788));
#8820=CARTESIAN_POINT('Ctrl Pts',(1.45,-5.61516029393165,-5.13725004805788));
#8821=CARTESIAN_POINT('Ctrl Pts',(0.350000000000001,-6.53206185537405,-5.85439198633266));
#8822=CARTESIAN_POINT('Ctrl Pts',(1.45,-6.53206185537405,-5.85439198633266));
#8823=CARTESIAN_POINT('Ctrl Pts',(0.350000000000001,-6.77012433750293,-6.06449529264973));
#8824=CARTESIAN_POINT('Ctrl Pts',(1.45,-6.77012433750293,-6.06449529264973));
#8825=CARTESIAN_POINT('Ctrl Pts',(0.350000000000001,-7.22006180374667,-5.97725057184819));
#8826=CARTESIAN_POINT('Ctrl Pts',(1.45,-7.22006180374667,-5.97725057184819));
#8827=CARTESIAN_POINT('Ctrl Pts',(0.350000000000001,-7.39046468082824,-5.83759644375943));
#8828=CARTESIAN_POINT('Ctrl Pts',(1.45,-7.39046468082824,-5.83759644375943));
#8829=CARTESIAN_POINT('Ctrl Pts',(0.350000000000001,-7.46893595922272,-5.77328510024294));
#8830=CARTESIAN_POINT('Ctrl Pts',(1.45,-7.46893595922272,-5.77328510024294));
#8831=CARTESIAN_POINT('',(1.45,-7.46893595922272,-5.77328510024294));
#8832=CARTESIAN_POINT('',(0.900000000000001,-7.46893595922272,-5.77328510024294));
#8833=CARTESIAN_POINT('Ctrl Pts',(1.45,-4.7,-5.16));
#8834=CARTESIAN_POINT('Ctrl Pts',(1.45,-4.8608867675334,-5.16));
#8835=CARTESIAN_POINT('Ctrl Pts',(1.45,-5.17040576401024,-5.16));
#8836=CARTESIAN_POINT('Ctrl Pts',(1.45,-5.61516029393165,-5.13725004805788));
#8837=CARTESIAN_POINT('Ctrl Pts',(1.45,-6.53206185537405,-5.85439198633266));
#8838=CARTESIAN_POINT('Ctrl Pts',(1.45,-6.77012433750293,-6.06449529264973));
#8839=CARTESIAN_POINT('Ctrl Pts',(1.45,-7.22006180374667,-5.97725057184819));
#8840=CARTESIAN_POINT('Ctrl Pts',(1.45,-7.39046468082824,-5.83759644375943));
#8841=CARTESIAN_POINT('Ctrl Pts',(1.45,-7.46893595922272,-5.77328510024294));
#8842=CARTESIAN_POINT('Origin',(0.900000000000001,-7.46893595922272,-5.77328510024294));
#8843=CARTESIAN_POINT('',(1.45,-7.46893595922272,-5.77328510024294));
#8844=CARTESIAN_POINT('Origin',(1.45,-6.35,-5.41224764632487));
#8845=CARTESIAN_POINT('',(1.45,-3.7,-5.18612382316243));
#8846=CARTESIAN_POINT('Origin',(0.900000000000001,-3.7,-4.96));
#8847=CARTESIAN_POINT('',(-0.6,-3.7,-5.16));
#8848=CARTESIAN_POINT('Origin',(-0.6,0.,-4.75));
#8849=CARTESIAN_POINT('Origin',(0.900000000000001,-3.7,-4.96));
#8850=CARTESIAN_POINT('Origin',(-3.35,0.,-4.75));
#8851=CARTESIAN_POINT('',(-3.35,0.,-4.75));
#8852=CARTESIAN_POINT('Ctrl Pts',(0.350000000000001,-7.46893595922272,5.37328510024293));
#8853=CARTESIAN_POINT('Ctrl Pts',(1.45,-7.46893595922272,5.37328510024293));
#8854=CARTESIAN_POINT('Ctrl Pts',(0.350000000000001,-7.39375152595601,5.43490270115165));
#8855=CARTESIAN_POINT('Ctrl Pts',(1.45,-7.39375152595601,5.43490270115165));
#8856=CARTESIAN_POINT('Ctrl Pts',(0.350000000000001,-7.23235929347282,5.56717213165517));
#8857=CARTESIAN_POINT('Ctrl Pts',(1.45,-7.23235929347282,5.56717213165517));
#8858=CARTESIAN_POINT('Ctrl Pts',(0.350000000000001,-6.85998706190768,5.78208863996972));
#8859=CARTESIAN_POINT('Ctrl Pts',(1.45,-6.85998706190768,5.78208863996972));
#8860=CARTESIAN_POINT('Ctrl Pts',(0.350000000000001,-6.48655016095029,5.20116626308697));
#8861=CARTESIAN_POINT('Ctrl Pts',(1.45,-6.48655016095029,5.20116626308697));
#8862=CARTESIAN_POINT('Ctrl Pts',(0.350000000000001,-5.72959436591284,4.80739725073414));
#8863=CARTESIAN_POINT('Ctrl Pts',(1.45,-5.72959436591284,4.80739725073414));
#8864=CARTESIAN_POINT('Ctrl Pts',(0.350000000000001,-5.20976096610301,4.76));
#8865=CARTESIAN_POINT('Ctrl Pts',(1.45,-5.20976096610301,4.76));
#8866=CARTESIAN_POINT('Ctrl Pts',(0.350000000000001,-4.8735651309453,4.76));
#8867=CARTESIAN_POINT('Ctrl Pts',(1.45,-4.8735651309453,4.76));
#8868=CARTESIAN_POINT('Ctrl Pts',(0.350000000000001,-4.7,4.76));
#8869=CARTESIAN_POINT('Ctrl Pts',(1.45,-4.7,4.76));
#8870=CARTESIAN_POINT('',(1.43742863807129,-7.46893595922272,5.37328510024293));
#8871=CARTESIAN_POINT('',(1.45,-7.37790251131773,5.4466627128364));
#8872=CARTESIAN_POINT('Ctrl Pts',(1.43742863807129,-7.46893595922272,5.37328510024293));
#8873=CARTESIAN_POINT('Ctrl Pts',(1.44158977341187,-7.45414261800986,5.38540902211552));
#8874=CARTESIAN_POINT('Ctrl Pts',(1.44472646226682,-7.43919069970706,5.39766410227787));
#8875=CARTESIAN_POINT('Ctrl Pts',(1.44682593376496,-7.424067174717,5.40990770318806));
#8876=CARTESIAN_POINT('Ctrl Pts',(1.44700813904055,-7.42275466057183,5.41097027949835));
#8877=CARTESIAN_POINT('Ctrl Pts',(1.4471825321458,-7.42144087626195,5.41203274497948));
#8878=CARTESIAN_POINT('Ctrl Pts',(1.44734910473288,-7.42012582711768,5.41309499270812));
#8879=CARTESIAN_POINT('Ctrl Pts',(1.4491157730381,-7.40617842026252,5.42436118858905));
#8880=CARTESIAN_POINT('Ctrl Pts',(1.45000001342245,-7.3921080218285,5.43558693837991));
#8881=CARTESIAN_POINT('Ctrl Pts',(1.45,-7.37790251131772,5.4466627128364));
#8882=CARTESIAN_POINT('',(0.362571361928713,-7.46893595922272,5.37328510024293));
#8883=CARTESIAN_POINT('',(0.900000000000001,-7.46893595922272,5.37328510024293));
#8884=CARTESIAN_POINT('',(0.350000000000001,-7.37790251131773,5.4466627128364));
#8885=CARTESIAN_POINT('Ctrl Pts',(0.350000000000001,-7.37790251131761,5.44666271283649));
#8886=CARTESIAN_POINT('Ctrl Pts',(0.35000001246012,-7.38127595255953,5.44403250293947));
#8887=CARTESIAN_POINT('Ctrl Pts',(0.350049870857258,-7.38464357834364,5.44139245274819));
#8888=CARTESIAN_POINT('Ctrl Pts',(0.350149755652057,-7.38800581836562,5.4387437461568));
#8889=CARTESIAN_POINT('Ctrl Pts',(0.350599446780481,-7.40314295222626,5.42681900968072));
#8890=CARTESIAN_POINT('Ctrl Pts',(0.35206122486257,-7.41812093723032,5.41475775596923));
#8891=CARTESIAN_POINT('Ctrl Pts',(0.354525983442738,-7.43293446522208,5.40271275445028));
#8892=CARTESIAN_POINT('Ctrl Pts',(0.356539848790092,-7.44503806471239,5.39287121809738));
#8893=CARTESIAN_POINT('Ctrl Pts',(0.359223297374398,-7.45703318334528,5.38304005165848));
#8894=CARTESIAN_POINT('Ctrl Pts',(0.362571361928714,-7.46893595922272,5.37328510024293));
#8895=CARTESIAN_POINT('Ctrl Pts',(0.350000000000001,-4.7,4.76));
#8896=CARTESIAN_POINT('Ctrl Pts',(0.350000000000001,-4.8735651309453,4.76));
#8897=CARTESIAN_POINT('Ctrl Pts',(0.350000000000001,-5.20976096610301,4.76));
#8898=CARTESIAN_POINT('Ctrl Pts',(0.350000000000001,-5.72959436591284,4.80739725073414));
#8899=CARTESIAN_POINT('Ctrl Pts',(0.350000000000001,-6.48655016095029,5.20116626308697));
#8900=CARTESIAN_POINT('Ctrl Pts',(0.350000000000001,-6.83757582409436,5.74722548234919));
#8901=CARTESIAN_POINT('Ctrl Pts',(0.350000000000001,-7.17319973812266,5.59748102932788));
#8902=CARTESIAN_POINT('Ctrl Pts',(0.350000000000001,-7.3234184083971,5.48914296266305));
#8903=CARTESIAN_POINT('Ctrl Pts',(0.350000000000001,-7.37790251131773,5.4466627128364));
#8904=CARTESIAN_POINT('Ctrl Pts',(1.45,-7.37790251131773,5.4466627128364));
#8905=CARTESIAN_POINT('Ctrl Pts',(1.45,-7.3234184083971,5.48914296266305));
#8906=CARTESIAN_POINT('Ctrl Pts',(1.45,-7.17319973812266,5.59748102932788));
#8907=CARTESIAN_POINT('Ctrl Pts',(1.45,-6.83757582409436,5.74722548234919));
#8908=CARTESIAN_POINT('Ctrl Pts',(1.45,-6.48655016095029,5.20116626308697));
#8909=CARTESIAN_POINT('Ctrl Pts',(1.45,-5.72959436591284,4.80739725073414));
#8910=CARTESIAN_POINT('Ctrl Pts',(1.45,-5.20976096610301,4.76));
#8911=CARTESIAN_POINT('Ctrl Pts',(1.45,-4.8735651309453,4.76));
#8912=CARTESIAN_POINT('Ctrl Pts',(1.45,-4.7,4.76));
#8913=CARTESIAN_POINT('Origin',(0.900000000000001,-7.80389566321158,5.09876798993004));
#8914=CARTESIAN_POINT('Origin',(0.900000000000001,-7.37850508608098,5.44739796122984));
#8915=CARTESIAN_POINT('Origin',(0.900000000000001,-7.26131696449446,5.30440760819541));
#8916=CARTESIAN_POINT('',(1.45,-7.5746094228694,5.68668013393927));
#8917=CARTESIAN_POINT('',(0.350000000000001,-7.5746094228694,5.68668013393927));
#8918=CARTESIAN_POINT('Origin',(0.900000000000001,-7.5746094228694,5.68668013393927));
#8919=CARTESIAN_POINT('',(0.350000000000001,-7.26131696449446,5.30440760819541));
#8920=CARTESIAN_POINT('',(1.45,-7.26131696449446,5.30440760819541));
#8921=CARTESIAN_POINT('Origin',(0.350000000000001,-6.35,5.41224764632487));
#8922=CARTESIAN_POINT('',(0.350000000000001,-7.46893595922272,5.77328510024294));
#8923=CARTESIAN_POINT('',(0.350000000000001,-7.46893595922272,5.77328510024294));
#8924=CARTESIAN_POINT('Ctrl Pts',(0.350000000000001,-7.46893595922272,5.77328510024294));
#8925=CARTESIAN_POINT('Ctrl Pts',(0.350000000000001,-7.39046468082824,5.83759644375943));
#8926=CARTESIAN_POINT('Ctrl Pts',(0.350000000000001,-7.22006180374667,5.97725057184819));
#8927=CARTESIAN_POINT('Ctrl Pts',(0.350000000000001,-6.77012433750293,6.06449529264973));
#8928=CARTESIAN_POINT('Ctrl Pts',(0.350000000000001,-6.53206185537405,5.85439198633266));
#8929=CARTESIAN_POINT('Ctrl Pts',(0.350000000000001,-5.61516029393165,5.13725004805788));
#8930=CARTESIAN_POINT('Ctrl Pts',(0.350000000000001,-5.17040576401024,5.16));
#8931=CARTESIAN_POINT('Ctrl Pts',(0.350000000000001,-4.8608867675334,5.16));
#8932=CARTESIAN_POINT('Ctrl Pts',(0.350000000000001,-4.7,5.16));
#8933=CARTESIAN_POINT('',(0.350000000000001,-3.7,5.18612382316243));
#8934=CARTESIAN_POINT('Ctrl Pts',(0.350000000000001,-4.7,5.16));
#8935=CARTESIAN_POINT('Ctrl Pts',(1.45,-4.7,5.16));
#8936=CARTESIAN_POINT('Ctrl Pts',(0.350000000000001,-4.8608867675334,5.16));
#8937=CARTESIAN_POINT('Ctrl Pts',(1.45,-4.8608867675334,5.16));
#8938=CARTESIAN_POINT('Ctrl Pts',(0.350000000000001,-5.17040576401024,5.16));
#8939=CARTESIAN_POINT('Ctrl Pts',(1.45,-5.17040576401024,5.16));
#8940=CARTESIAN_POINT('Ctrl Pts',(0.350000000000001,-5.61516029393165,5.13725004805788));
#8941=CARTESIAN_POINT('Ctrl Pts',(1.45,-5.61516029393165,5.13725004805788));
#8942=CARTESIAN_POINT('Ctrl Pts',(0.350000000000001,-6.53206185537405,5.85439198633266));
#8943=CARTESIAN_POINT('Ctrl Pts',(1.45,-6.53206185537405,5.85439198633266));
#8944=CARTESIAN_POINT('Ctrl Pts',(0.350000000000001,-6.77012433750293,6.06449529264973));
#8945=CARTESIAN_POINT('Ctrl Pts',(1.45,-6.77012433750293,6.06449529264973));
#8946=CARTESIAN_POINT('Ctrl Pts',(0.350000000000001,-7.22006180374667,5.97725057184819));
#8947=CARTESIAN_POINT('Ctrl Pts',(1.45,-7.22006180374667,5.97725057184819));
#8948=CARTESIAN_POINT('Ctrl Pts',(0.350000000000001,-7.39046468082824,5.83759644375943));
#8949=CARTESIAN_POINT('Ctrl Pts',(1.45,-7.39046468082824,5.83759644375943));
#8950=CARTESIAN_POINT('Ctrl Pts',(0.350000000000001,-7.46893595922272,5.77328510024294));
#8951=CARTESIAN_POINT('Ctrl Pts',(1.45,-7.46893595922272,5.77328510024294));
#8952=CARTESIAN_POINT('',(1.45,-7.46893595922272,5.77328510024294));
#8953=CARTESIAN_POINT('',(0.900000000000001,-7.46893595922272,5.77328510024294));
#8954=CARTESIAN_POINT('Ctrl Pts',(1.45,-4.7,5.16));
#8955=CARTESIAN_POINT('Ctrl Pts',(1.45,-4.8608867675334,5.16));
#8956=CARTESIAN_POINT('Ctrl Pts',(1.45,-5.17040576401024,5.16));
#8957=CARTESIAN_POINT('Ctrl Pts',(1.45,-5.61516029393165,5.13725004805788));
#8958=CARTESIAN_POINT('Ctrl Pts',(1.45,-6.53206185537405,5.85439198633266));
#8959=CARTESIAN_POINT('Ctrl Pts',(1.45,-6.77012433750293,6.06449529264973));
#8960=CARTESIAN_POINT('Ctrl Pts',(1.45,-7.22006180374667,5.97725057184819));
#8961=CARTESIAN_POINT('Ctrl Pts',(1.45,-7.39046468082824,5.83759644375943));
#8962=CARTESIAN_POINT('Ctrl Pts',(1.45,-7.46893595922272,5.77328510024294));
#8963=CARTESIAN_POINT('Origin',(0.900000000000001,-7.46893595922272,5.77328510024294));
#8964=CARTESIAN_POINT('',(1.45,-7.46893595922272,5.77328510024294));
#8965=CARTESIAN_POINT('Origin',(1.45,-6.35,5.41224764632487));
#8966=CARTESIAN_POINT('',(1.45,-3.7,5.18612382316243));
#8967=CARTESIAN_POINT('Origin',(0.900000000000001,-3.7,4.96));
#8968=CARTESIAN_POINT('',(-0.6,-3.7,5.16));
#8969=CARTESIAN_POINT('Origin',(0.900000000000001,-3.7,4.96));
#8970=CARTESIAN_POINT('Origin',(-0.6,0.,4.75));
#8971=CARTESIAN_POINT('Origin',(5.15,0.,4.75));
#8972=CARTESIAN_POINT('',(-3.35,0.,4.75));
#8973=CARTESIAN_POINT('Origin',(5.15,0.,4.75));
#8974=CARTESIAN_POINT('',(5.15,0.,4.75));
#8975=CARTESIAN_POINT('Origin',(-3.65,-0.2,2.125));
#8976=CARTESIAN_POINT('',(-3.85,-0.2,-1.55));
#8977=CARTESIAN_POINT('Origin',(-3.65,-0.2,-1.55));
#8978=CARTESIAN_POINT('',(-3.85,-0.2,1.55));
#8979=CARTESIAN_POINT('',(-3.85,-0.2,2.125));
#8980=CARTESIAN_POINT('Origin',(-3.65,-0.2,1.55));
#8981=CARTESIAN_POINT('Origin',(-3.45,-0.4,-1.55));
#8982=CARTESIAN_POINT('',(-3.45,-0.4,-1.55));
#8983=CARTESIAN_POINT('',(-3.85,-3.9,-1.55));
#8984=CARTESIAN_POINT('',(-3.45,-3.9,-1.55));
#8985=CARTESIAN_POINT('',(-3.85,-0.2,-1.55));
#8986=CARTESIAN_POINT('Origin',(5.45,-0.2,-2.125));
#8987=CARTESIAN_POINT('',(5.65,-0.2,1.55));
#8988=CARTESIAN_POINT('Origin',(5.45,-0.2,1.55));
#8989=CARTESIAN_POINT('',(5.65,-0.2,-1.55));
#8990=CARTESIAN_POINT('',(5.65,-0.2,-2.125));
#8991=CARTESIAN_POINT('Origin',(5.45,-0.2,-1.55));
#8992=CARTESIAN_POINT('Origin',(5.25,-0.4,-1.55));
#8993=CARTESIAN_POINT('',(5.65,-3.9,-1.55));
#8994=CARTESIAN_POINT('',(5.65,-0.2,-1.55));
#8995=CARTESIAN_POINT('',(5.25,-3.9,-1.55));
#8996=CARTESIAN_POINT('',(5.25,-0.4,-1.55));
#8997=CARTESIAN_POINT('Origin',(5.65,0.,-4.25));
#8998=CARTESIAN_POINT('',(5.65,-3.9,1.55));
#8999=CARTESIAN_POINT('',(5.65,-0.2,1.55));
#9000=CARTESIAN_POINT('',(5.65,-3.9,-1.55));
#9001=CARTESIAN_POINT('Origin',(-3.45,-0.4,-1.95));
#9002=CARTESIAN_POINT('',(-3.85,-0.2,-1.95));
#9003=CARTESIAN_POINT('',(-3.45,-0.4,-1.95));
#9004=CARTESIAN_POINT('Origin',(-3.45,-0.4,-1.55));
#9005=CARTESIAN_POINT('Origin',(-3.85,0.,4.25));
#9006=CARTESIAN_POINT('',(-3.85,0.,-4.25));
#9007=CARTESIAN_POINT('Origin',(-3.85,0.,4.25));
#9008=CARTESIAN_POINT('',(-3.85,-3.9,1.55));
#9009=CARTESIAN_POINT('',(-3.85,-3.9,-1.55));
#9010=CARTESIAN_POINT('',(-3.85,-0.2,1.55));
#9011=CARTESIAN_POINT('Origin',(-3.45,-0.4,1.55));
#9012=CARTESIAN_POINT('',(-3.45,-0.4,1.55));
#9013=CARTESIAN_POINT('',(-3.45,-0.4,1.95));
#9014=CARTESIAN_POINT('Origin',(-3.45,-0.4,1.95));
#9015=CARTESIAN_POINT('',(-3.85,-0.2,1.95));
#9016=CARTESIAN_POINT('Origin',(-3.85,-0.4,1.55));
#9017=CARTESIAN_POINT('',(-3.85,-3.9,1.55));
#9018=CARTESIAN_POINT('Origin',(-3.65,-3.9,0.));
#9019=CARTESIAN_POINT('Origin',(5.25,-0.4,-1.95));
#9020=CARTESIAN_POINT('',(5.25,-0.4,-1.95));
#9021=CARTESIAN_POINT('',(5.65,-0.2,-1.95));
#9022=CARTESIAN_POINT('Origin',(5.25,-0.4,-1.55));
#9023=CARTESIAN_POINT('Origin',(5.65,0.,-4.25));
#9024=CARTESIAN_POINT('',(5.65,0.,-4.25));
#9025=CARTESIAN_POINT('Origin',(5.25,-0.4,1.95));
#9026=CARTESIAN_POINT('',(5.65,-0.2,1.95));
#9027=CARTESIAN_POINT('',(5.25,-0.4,1.95));
#9028=CARTESIAN_POINT('Origin',(5.25,-0.4,1.55));
#9029=CARTESIAN_POINT('',(5.25,-0.4,1.55));
#9030=CARTESIAN_POINT('Origin',(5.65,0.,-4.25));
#9031=CARTESIAN_POINT('',(5.65,0.,4.25));
#9032=CARTESIAN_POINT('Origin',(5.65,-0.4,1.55));
#9033=CARTESIAN_POINT('',(5.65,-3.9,1.55));
#9034=CARTESIAN_POINT('Origin',(5.45,-3.9,0.));
#9035=CARTESIAN_POINT('Origin',(4.6896406036061,-0.1,-3.7896406036061));
#9036=CARTESIAN_POINT('',(4.6896406036061,-0.1,-3.9646406036061));
#9037=CARTESIAN_POINT('Origin',(4.6896406036061,-0.1,-4.2646406036061));
#9038=CARTESIAN_POINT('',(4.8646406036061,-0.1,-3.7896406036061));
#9039=CARTESIAN_POINT('Origin',(4.6896406036061,-0.1,-3.7896406036061));
#9040=CARTESIAN_POINT('Origin',(4.6896406036061,-0.1,-3.7896406036061));
#9041=CARTESIAN_POINT('Origin',(4.6896406036061,-0.4,-3.7896406036061));
#9042=CARTESIAN_POINT('',(4.8646406036061,-0.4,-3.7896406036061));
#9043=CARTESIAN_POINT('Origin',(-2.8896406036061,-0.1,-3.7896406036061));
#9044=CARTESIAN_POINT('',(-2.8896406036061,-0.1,-3.9646406036061));
#9045=CARTESIAN_POINT('Origin',(-2.8896406036061,-0.1,-4.2646406036061));
#9046=CARTESIAN_POINT('',(-3.0646406036061,-0.1,-3.7896406036061));
#9047=CARTESIAN_POINT('Origin',(-2.8896406036061,-0.1,-3.7896406036061));
#9048=CARTESIAN_POINT('Origin',(-2.8896406036061,-0.1,-3.7896406036061));
#9049=CARTESIAN_POINT('Origin',(-2.8896406036061,-0.4,-3.7896406036061));
#9050=CARTESIAN_POINT('',(-3.0646406036061,-0.4,-3.7896406036061));
#9051=CARTESIAN_POINT('Origin',(4.6896406036061,-0.1,3.7896406036061));
#9052=CARTESIAN_POINT('',(4.6896406036061,-0.1,3.6146406036061));
#9053=CARTESIAN_POINT('Origin',(4.6896406036061,-0.1,3.3146406036061));
#9054=CARTESIAN_POINT('',(4.8646406036061,-0.1,3.7896406036061));
#9055=CARTESIAN_POINT('Origin',(4.6896406036061,-0.1,3.7896406036061));
#9056=CARTESIAN_POINT('Origin',(4.6896406036061,-0.1,3.7896406036061));
#9057=CARTESIAN_POINT('Origin',(4.6896406036061,-0.4,3.7896406036061));
#9058=CARTESIAN_POINT('',(4.8646406036061,-0.4,3.7896406036061));
#9059=CARTESIAN_POINT('Origin',(-2.8896406036061,-0.1,3.7896406036061));
#9060=CARTESIAN_POINT('',(-2.8896406036061,-0.1,3.6146406036061));
#9061=CARTESIAN_POINT('Origin',(-2.8896406036061,-0.1,3.3146406036061));
#9062=CARTESIAN_POINT('',(-3.0646406036061,-0.1,3.7896406036061));
#9063=CARTESIAN_POINT('Origin',(-2.8896406036061,-0.1,3.7896406036061));
#9064=CARTESIAN_POINT('Origin',(-2.8896406036061,-0.1,3.7896406036061));
#9065=CARTESIAN_POINT('Origin',(-2.8896406036061,-0.4,3.7896406036061));
#9066=CARTESIAN_POINT('',(-3.0646406036061,-0.4,3.7896406036061));
#9067=CARTESIAN_POINT('Origin',(5.15,0.,-4.25));
#9068=CARTESIAN_POINT('Origin',(-3.35,0.,-4.25));
#9069=CARTESIAN_POINT('Origin',(-3.85,0.,4.25));
#9070=CARTESIAN_POINT('',(-3.85,0.,4.25));
#9071=CARTESIAN_POINT('Origin',(-3.35,0.,4.25));
#9072=CARTESIAN_POINT('Origin',(5.15,0.,4.25));
#9073=CARTESIAN_POINT('Origin',(-6.58749999998414,-3.84756618154399,3.05));
#9074=CARTESIAN_POINT('',(-6.5,-4.03947824255259,3.10630062912109));
#9075=CARTESIAN_POINT('',(-6.5,-3.84756618154399,3.25));
#9076=CARTESIAN_POINT('Origin',(-6.5,-3.84756618154399,3.05));
#9077=CARTESIAN_POINT('',(-6.89999999997886,-3.84756618154399,3.25));
#9078=CARTESIAN_POINT('',(-6.58749999998414,-3.84756618154399,3.25));
#9079=CARTESIAN_POINT('',(-6.89999999997886,-4.03947824255259,3.10630062912109));
#9080=CARTESIAN_POINT('Origin',(-6.89999999997886,-3.84756618154399,3.05));
#9081=CARTESIAN_POINT('',(-6.58749999998414,-4.03947824255259,3.10630062912109));
#9082=CARTESIAN_POINT('Origin',(-6.27499999998943,-3.1,3.25));
#9083=CARTESIAN_POINT('',(-6.5,1.1,3.25));
#9084=CARTESIAN_POINT('',(-6.5,-7.8,3.25));
#9085=CARTESIAN_POINT('',(-6.4,1.2,3.25));
#9086=CARTESIAN_POINT('Origin',(-6.4,1.1,3.25));
#9087=CARTESIAN_POINT('',(-5.65,1.2,3.25));
#9088=CARTESIAN_POINT('',(-6.5,1.2,3.25));
#9089=CARTESIAN_POINT('',(-5.65,1.6,3.25));
#9090=CARTESIAN_POINT('',(-5.65,0.,3.25));
#9091=CARTESIAN_POINT('',(-6.39999999998732,1.59999999998731,3.25));
#9092=CARTESIAN_POINT('',(-5.65,1.6,3.25));
#9093=CARTESIAN_POINT('',(-6.89999999997886,1.09999999998731,3.25));
#9094=CARTESIAN_POINT('Origin',(-6.39999999997886,1.09999999998731,3.25));
#9095=CARTESIAN_POINT('',(-6.89999999997886,1.59999999997886,3.25));
#9096=CARTESIAN_POINT('Origin',(-6.5,-7.8,2.5));
#9097=CARTESIAN_POINT('',(-6.5,-4.05784337397937,3.04369937087891));
#9098=CARTESIAN_POINT('',(-6.5,-4.30062528767722,2.21612820230184));
#9099=CARTESIAN_POINT('',(-6.5,-4.24975543498797,2.9));
#9100=CARTESIAN_POINT('Origin',(-6.5,-4.24975543498797,3.1));
#9101=CARTESIAN_POINT('',(-6.5,-7.4,2.9));
#9102=CARTESIAN_POINT('',(-6.5,-7.8,2.9));
#9103=CARTESIAN_POINT('',(-6.5,-7.4,2.1));
#9104=CARTESIAN_POINT('Origin',(-6.5,-7.4,2.5));
#9105=CARTESIAN_POINT('',(-6.5,-4.24975543498797,2.1));
#9106=CARTESIAN_POINT('',(-6.5,-5.95,2.1));
#9107=CARTESIAN_POINT('',(-6.5,-4.05784337397937,1.95630062912109));
#9108=CARTESIAN_POINT('Origin',(-6.5,-4.24975543498797,1.9));
#9109=CARTESIAN_POINT('',(-6.5,-4.03947824255259,1.89369937087891));
#9110=CARTESIAN_POINT('',(-6.5,-4.2492860959432,2.60887179769816));
#9111=CARTESIAN_POINT('',(-6.5,-3.84756618154399,1.75));
#9112=CARTESIAN_POINT('Origin',(-6.5,-3.84756618154399,1.95));
#9113=CARTESIAN_POINT('',(-6.5,1.1,1.75));
#9114=CARTESIAN_POINT('',(-6.5,-7.8,1.75));
#9115=CARTESIAN_POINT('',(-6.5,1.1,2.5));
#9116=CARTESIAN_POINT('Origin',(-6.89999999997886,-4.24975543498797,3.1));
#9117=CARTESIAN_POINT('',(-6.89999999997886,-4.05784337397937,3.04369937087891));
#9118=CARTESIAN_POINT('',(-6.89999999997886,-4.24975543498797,2.9));
#9119=CARTESIAN_POINT('Origin',(-6.89999999997886,-4.24975543498797,3.1));
#9120=CARTESIAN_POINT('',(-6.89999999997886,-4.24975543498797,2.9));
#9121=CARTESIAN_POINT('',(-6.89999999997886,-4.05784337397937,3.04369937087891));
#9122=CARTESIAN_POINT('Origin',(-6.89999999997886,-7.8,2.9));
#9123=CARTESIAN_POINT('',(-6.89999999997886,-7.4,2.9));
#9124=CARTESIAN_POINT('',(-6.89999999997886,-3.10000000001057,2.9));
#9125=CARTESIAN_POINT('',(-6.89999999997886,-7.4,2.9));
#9126=CARTESIAN_POINT('Origin',(-6.89999999997886,-4.24975543498797,1.9));
#9127=CARTESIAN_POINT('',(-6.89999999997886,-4.24975543498797,2.1));
#9128=CARTESIAN_POINT('',(-6.89999999997886,-4.05784337397937,1.95630062912109));
#9129=CARTESIAN_POINT('Origin',(-6.89999999997886,-4.24975543498797,1.9));
#9130=CARTESIAN_POINT('',(-6.89999999997886,-4.05784337397937,1.95630062912109));
#9131=CARTESIAN_POINT('',(-6.89999999997886,-4.24975543498797,2.1));
#9132=CARTESIAN_POINT('Origin',(-6.89999999997886,-3.99732161653197,1.75));
#9133=CARTESIAN_POINT('',(-6.89999999997886,-4.03947824255259,1.89369937087891));
#9134=CARTESIAN_POINT('',(-6.89999999997886,-3.87683919731093,1.33931134964265));
#9135=CARTESIAN_POINT('',(-6.58749999998414,-4.03947824255259,1.89369937087891));
#9136=CARTESIAN_POINT('Origin',(-6.58749999998414,-3.84756618154399,1.95));
#9137=CARTESIAN_POINT('',(-6.89999999997886,-3.84756618154399,1.75));
#9138=CARTESIAN_POINT('Origin',(-6.89999999997886,-3.84756618154399,1.95));
#9139=CARTESIAN_POINT('',(-6.58749999998414,-3.84756618154399,1.75));
#9140=CARTESIAN_POINT('Origin',(-6.89999999997886,-7.4,2.5));
#9141=CARTESIAN_POINT('',(-6.89999999997886,-7.4,2.1));
#9142=CARTESIAN_POINT('Origin',(-6.89999999997886,-7.4,2.5));
#9143=CARTESIAN_POINT('',(-6.89999999997886,-7.4,2.1));
#9144=CARTESIAN_POINT('Origin',(-6.89999999997886,-4.1,2.1));
#9145=CARTESIAN_POINT('',(-6.89999999997886,-1.25000000001057,2.1));
#9146=CARTESIAN_POINT('Origin',(-6.89999999997886,-4.1,2.9));
#9147=CARTESIAN_POINT('',(-6.89999999997886,-3.92817838904495,3.48568865035735));
#9148=CARTESIAN_POINT('Origin',(-6.27499999998943,-3.1,1.75));
#9149=CARTESIAN_POINT('',(-6.89999999997886,1.09999999998731,1.75));
#9150=CARTESIAN_POINT('',(-6.89999999997886,1.59999999997886,1.75));
#9151=CARTESIAN_POINT('',(-6.39999999998732,1.59999999998731,1.75));
#9152=CARTESIAN_POINT('Origin',(-6.39999999997886,1.09999999998731,1.75));
#9153=CARTESIAN_POINT('',(-5.65,1.6,1.75));
#9154=CARTESIAN_POINT('',(-5.65,1.6,1.75));
#9155=CARTESIAN_POINT('',(-5.65,1.2,1.75));
#9156=CARTESIAN_POINT('',(-5.65,0.,1.75));
#9157=CARTESIAN_POINT('',(-6.4,1.2,1.75));
#9158=CARTESIAN_POINT('',(-6.5,1.2,1.75));
#9159=CARTESIAN_POINT('Origin',(-6.4,1.1,1.75));
#9160=CARTESIAN_POINT('Origin',(-6.4,1.1,2.5));
#9161=CARTESIAN_POINT('',(-6.4,1.2,2.5));
#9162=CARTESIAN_POINT('Origin',(-6.5,1.2,2.5));
#9163=CARTESIAN_POINT('',(-5.65,1.2,2.5));
#9164=CARTESIAN_POINT('Origin',(-6.39999999997886,1.09999999998731,2.5));
#9165=CARTESIAN_POINT('',(-6.39999999998732,1.59999999998731,2.5));
#9166=CARTESIAN_POINT('',(-6.89999999997886,1.09999999998731,2.5));
#9167=CARTESIAN_POINT('Origin',(-6.89999999997886,1.59999999997886,2.5));
#9168=CARTESIAN_POINT('Origin',(-5.65,1.6,2.5));
#9169=CARTESIAN_POINT('',(-5.65,1.6,2.5));
#9170=CARTESIAN_POINT('Origin',(-5.65,1.2,2.5));
#9171=CARTESIAN_POINT('Origin',(-6.58749999998414,-3.84756618154399,-1.95));
#9172=CARTESIAN_POINT('',(-6.5,-4.03947824255259,-1.89369937087891));
#9173=CARTESIAN_POINT('',(-6.5,-3.84756618154399,-1.75));
#9174=CARTESIAN_POINT('Origin',(-6.5,-3.84756618154399,-1.95));
#9175=CARTESIAN_POINT('',(-6.89999999997886,-3.84756618154399,-1.75));
#9176=CARTESIAN_POINT('',(-6.58749999998414,-3.84756618154399,-1.75));
#9177=CARTESIAN_POINT('',(-6.89999999997886,-4.03947824255259,-1.89369937087891));
#9178=CARTESIAN_POINT('Origin',(-6.89999999997886,-3.84756618154399,-1.95));
#9179=CARTESIAN_POINT('',(-6.58749999998414,-4.03947824255259,-1.89369937087891));
#9180=CARTESIAN_POINT('Origin',(-6.27499999998943,-3.1,-1.75));
#9181=CARTESIAN_POINT('',(-6.5,1.1,-1.75));
#9182=CARTESIAN_POINT('',(-6.5,-7.8,-1.75));
#9183=CARTESIAN_POINT('',(-6.4,1.2,-1.75));
#9184=CARTESIAN_POINT('Origin',(-6.4,1.1,-1.75));
#9185=CARTESIAN_POINT('',(-5.65,1.2,-1.75));
#9186=CARTESIAN_POINT('',(-6.5,1.2,-1.75));
#9187=CARTESIAN_POINT('',(-5.65,1.6,-1.75));
#9188=CARTESIAN_POINT('',(-5.65,0.,-1.75));
#9189=CARTESIAN_POINT('',(-6.39999999998732,1.59999999998731,-1.75));
#9190=CARTESIAN_POINT('',(-5.65,1.6,-1.75));
#9191=CARTESIAN_POINT('',(-6.89999999997886,1.09999999998731,-1.75));
#9192=CARTESIAN_POINT('Origin',(-6.39999999997886,1.09999999998731,-1.75));
#9193=CARTESIAN_POINT('',(-6.89999999997886,1.59999999997886,-1.75));
#9194=CARTESIAN_POINT('Origin',(-6.5,-7.8,-2.5));
#9195=CARTESIAN_POINT('',(-6.5,-4.05784337397937,-1.95630062912109));
#9196=CARTESIAN_POINT('',(-6.5,-4.30062528767722,-2.78387179769816));
#9197=CARTESIAN_POINT('',(-6.5,-4.24975543498797,-2.1));
#9198=CARTESIAN_POINT('Origin',(-6.5,-4.24975543498797,-1.9));
#9199=CARTESIAN_POINT('',(-6.5,-7.4,-2.1));
#9200=CARTESIAN_POINT('',(-6.5,-7.8,-2.1));
#9201=CARTESIAN_POINT('',(-6.5,-7.4,-2.9));
#9202=CARTESIAN_POINT('Origin',(-6.5,-7.4,-2.5));
#9203=CARTESIAN_POINT('',(-6.5,-4.24975543498797,-2.9));
#9204=CARTESIAN_POINT('',(-6.5,-5.95,-2.9));
#9205=CARTESIAN_POINT('',(-6.5,-4.05784337397937,-3.04369937087891));
#9206=CARTESIAN_POINT('Origin',(-6.5,-4.24975543498797,-3.1));
#9207=CARTESIAN_POINT('',(-6.5,-4.03947824255259,-3.10630062912109));
#9208=CARTESIAN_POINT('',(-6.5,-4.2492860959432,-2.39112820230184));
#9209=CARTESIAN_POINT('',(-6.5,-3.84756618154399,-3.25));
#9210=CARTESIAN_POINT('Origin',(-6.5,-3.84756618154399,-3.05));
#9211=CARTESIAN_POINT('',(-6.5,1.1,-3.25));
#9212=CARTESIAN_POINT('',(-6.5,-7.8,-3.25));
#9213=CARTESIAN_POINT('',(-6.5,1.1,-2.5));
#9214=CARTESIAN_POINT('Origin',(-6.89999999997886,-4.24975543498797,-1.9));
#9215=CARTESIAN_POINT('',(-6.89999999997886,-4.05784337397937,-1.95630062912109));
#9216=CARTESIAN_POINT('',(-6.89999999997886,-4.24975543498797,-2.1));
#9217=CARTESIAN_POINT('Origin',(-6.89999999997886,-4.24975543498797,-1.9));
#9218=CARTESIAN_POINT('',(-6.89999999997886,-4.24975543498797,-2.1));
#9219=CARTESIAN_POINT('',(-6.89999999997886,-4.05784337397937,-1.95630062912109));
#9220=CARTESIAN_POINT('Origin',(-6.89999999997886,-7.8,-2.1));
#9221=CARTESIAN_POINT('',(-6.89999999997886,-7.4,-2.1));
#9222=CARTESIAN_POINT('',(-6.89999999997886,-3.10000000001057,-2.1));
#9223=CARTESIAN_POINT('',(-6.89999999997886,-7.4,-2.1));
#9224=CARTESIAN_POINT('Origin',(-6.89999999997886,-4.24975543498797,-3.1));
#9225=CARTESIAN_POINT('',(-6.89999999997886,-4.24975543498797,-2.9));
#9226=CARTESIAN_POINT('',(-6.89999999997886,-4.05784337397937,-3.04369937087891));
#9227=CARTESIAN_POINT('Origin',(-6.89999999997886,-4.24975543498797,-3.1));
#9228=CARTESIAN_POINT('',(-6.89999999997886,-4.05784337397937,-3.04369937087891));
#9229=CARTESIAN_POINT('',(-6.89999999997886,-4.24975543498797,-2.9));
#9230=CARTESIAN_POINT('Origin',(-6.89999999997886,-3.99732161653197,-3.25));
#9231=CARTESIAN_POINT('',(-6.89999999997886,-4.03947824255259,-3.10630062912109));
#9232=CARTESIAN_POINT('',(-6.89999999997886,-3.87683919731093,-3.66068865035735));
#9233=CARTESIAN_POINT('',(-6.58749999998414,-4.03947824255259,-3.10630062912109));
#9234=CARTESIAN_POINT('Origin',(-6.58749999998414,-3.84756618154399,-3.05));
#9235=CARTESIAN_POINT('',(-6.89999999997886,-3.84756618154399,-3.25));
#9236=CARTESIAN_POINT('Origin',(-6.89999999997886,-3.84756618154399,-3.05));
#9237=CARTESIAN_POINT('',(-6.58749999998414,-3.84756618154399,-3.25));
#9238=CARTESIAN_POINT('Origin',(-6.89999999997886,-7.4,-2.5));
#9239=CARTESIAN_POINT('',(-6.89999999997886,-7.4,-2.9));
#9240=CARTESIAN_POINT('Origin',(-6.89999999997886,-7.4,-2.5));
#9241=CARTESIAN_POINT('',(-6.89999999997886,-7.4,-2.9));
#9242=CARTESIAN_POINT('Origin',(-6.89999999997886,-4.1,-2.9));
#9243=CARTESIAN_POINT('',(-6.89999999997886,-1.25000000001057,-2.9));
#9244=CARTESIAN_POINT('Origin',(-6.89999999997886,-4.1,-2.1));
#9245=CARTESIAN_POINT('',(-6.89999999997886,-3.92817838904495,-1.51431134964265));
#9246=CARTESIAN_POINT('Origin',(-6.27499999998943,-3.1,-3.25));
#9247=CARTESIAN_POINT('',(-6.89999999997886,1.09999999998731,-3.25));
#9248=CARTESIAN_POINT('',(-6.89999999997886,1.59999999997886,-3.25));
#9249=CARTESIAN_POINT('',(-6.39999999998732,1.59999999998731,-3.25));
#9250=CARTESIAN_POINT('Origin',(-6.39999999997886,1.09999999998731,-3.25));
#9251=CARTESIAN_POINT('',(-5.65,1.6,-3.25));
#9252=CARTESIAN_POINT('',(-5.65,1.6,-3.25));
#9253=CARTESIAN_POINT('',(-5.65,1.2,-3.25));
#9254=CARTESIAN_POINT('',(-5.65,0.,-3.25));
#9255=CARTESIAN_POINT('',(-6.4,1.2,-3.25));
#9256=CARTESIAN_POINT('',(-6.5,1.2,-3.25));
#9257=CARTESIAN_POINT('Origin',(-6.4,1.1,-3.25));
#9258=CARTESIAN_POINT('Origin',(-6.4,1.1,-2.5));
#9259=CARTESIAN_POINT('',(-6.4,1.2,-2.5));
#9260=CARTESIAN_POINT('Origin',(-6.5,1.2,-2.5));
#9261=CARTESIAN_POINT('',(-5.65,1.2,-2.5));
#9262=CARTESIAN_POINT('Origin',(-6.39999999997886,1.09999999998731,-2.5));
#9263=CARTESIAN_POINT('',(-6.39999999998732,1.59999999998731,-2.5));
#9264=CARTESIAN_POINT('',(-6.89999999997886,1.09999999998731,-2.5));
#9265=CARTESIAN_POINT('Origin',(-6.89999999997886,1.59999999997886,-2.5));
#9266=CARTESIAN_POINT('Origin',(-5.65,1.6,-2.5));
#9267=CARTESIAN_POINT('',(-5.65,1.6,-2.5));
#9268=CARTESIAN_POINT('Origin',(-5.65,1.2,-2.5));
#9269=CARTESIAN_POINT('Origin',(-6.58749999998414,-3.84756618154399,0.55));
#9270=CARTESIAN_POINT('',(-6.5,-4.03947824255259,0.606300629121091));
#9271=CARTESIAN_POINT('',(-6.5,-3.84756618154399,0.75));
#9272=CARTESIAN_POINT('Origin',(-6.5,-3.84756618154399,0.55));
#9273=CARTESIAN_POINT('',(-6.89999999997886,-3.84756618154399,0.75));
#9274=CARTESIAN_POINT('',(-6.58749999998414,-3.84756618154399,0.75));
#9275=CARTESIAN_POINT('',(-6.89999999997886,-4.03947824255259,0.606300629121091));
#9276=CARTESIAN_POINT('Origin',(-6.89999999997886,-3.84756618154399,0.55));
#9277=CARTESIAN_POINT('',(-6.58749999998414,-4.03947824255259,0.606300629121091));
#9278=CARTESIAN_POINT('Origin',(-6.27499999998943,-3.1,0.75));
#9279=CARTESIAN_POINT('',(-6.5,1.1,0.75));
#9280=CARTESIAN_POINT('',(-6.5,-7.8,0.75));
#9281=CARTESIAN_POINT('',(-6.4,1.2,0.75));
#9282=CARTESIAN_POINT('Origin',(-6.4,1.1,0.75));
#9283=CARTESIAN_POINT('',(-5.65,1.2,0.75));
#9284=CARTESIAN_POINT('',(-6.5,1.2,0.75));
#9285=CARTESIAN_POINT('',(-5.65,1.6,0.75));
#9286=CARTESIAN_POINT('',(-5.65,0.,0.75));
#9287=CARTESIAN_POINT('',(-6.39999999998732,1.59999999998731,0.75));
#9288=CARTESIAN_POINT('',(-5.65,1.6,0.75));
#9289=CARTESIAN_POINT('',(-6.89999999997886,1.09999999998731,0.75));
#9290=CARTESIAN_POINT('Origin',(-6.39999999997886,1.09999999998731,0.75));
#9291=CARTESIAN_POINT('',(-6.89999999997886,1.59999999997886,0.75));
#9292=CARTESIAN_POINT('Origin',(-6.5,-7.8,0.));
#9293=CARTESIAN_POINT('',(-6.5,-4.05784337397937,0.543699370878909));
#9294=CARTESIAN_POINT('',(-6.5,-4.30062528767722,-0.283871797698163));
#9295=CARTESIAN_POINT('',(-6.5,-4.24975543498797,0.4));
#9296=CARTESIAN_POINT('Origin',(-6.5,-4.24975543498797,0.6));
#9297=CARTESIAN_POINT('',(-6.5,-7.4,0.4));
#9298=CARTESIAN_POINT('',(-6.5,-7.8,0.4));
#9299=CARTESIAN_POINT('',(-6.5,-7.4,-0.4));
#9300=CARTESIAN_POINT('Origin',(-6.5,-7.4,0.));
#9301=CARTESIAN_POINT('',(-6.5,-4.24975543498797,-0.4));
#9302=CARTESIAN_POINT('',(-6.5,-5.95,-0.4));
#9303=CARTESIAN_POINT('',(-6.5,-4.05784337397937,-0.543699370878909));
#9304=CARTESIAN_POINT('Origin',(-6.5,-4.24975543498797,-0.6));
#9305=CARTESIAN_POINT('',(-6.5,-4.03947824255259,-0.606300629121091));
#9306=CARTESIAN_POINT('',(-6.5,-4.2492860959432,0.108871797698163));
#9307=CARTESIAN_POINT('',(-6.5,-3.84756618154399,-0.75));
#9308=CARTESIAN_POINT('Origin',(-6.5,-3.84756618154399,-0.55));
#9309=CARTESIAN_POINT('',(-6.5,1.1,-0.75));
#9310=CARTESIAN_POINT('',(-6.5,-7.8,-0.75));
#9311=CARTESIAN_POINT('',(-6.5,1.1,0.));
#9312=CARTESIAN_POINT('Origin',(-6.89999999997886,-4.24975543498797,0.6));
#9313=CARTESIAN_POINT('',(-6.89999999997886,-4.05784337397937,0.543699370878909));
#9314=CARTESIAN_POINT('',(-6.89999999997886,-4.24975543498797,0.4));
#9315=CARTESIAN_POINT('Origin',(-6.89999999997886,-4.24975543498797,0.6));
#9316=CARTESIAN_POINT('',(-6.89999999997886,-4.24975543498797,0.4));
#9317=CARTESIAN_POINT('',(-6.89999999997886,-4.05784337397937,0.543699370878909));
#9318=CARTESIAN_POINT('Origin',(-6.89999999997886,-7.8,0.4));
#9319=CARTESIAN_POINT('',(-6.89999999997886,-7.4,0.4));
#9320=CARTESIAN_POINT('',(-6.89999999997886,-3.10000000001057,0.4));
#9321=CARTESIAN_POINT('',(-6.89999999997886,-7.4,0.4));
#9322=CARTESIAN_POINT('Origin',(-6.89999999997886,-4.24975543498797,-0.6));
#9323=CARTESIAN_POINT('',(-6.89999999997886,-4.24975543498797,-0.4));
#9324=CARTESIAN_POINT('',(-6.89999999997886,-4.05784337397937,-0.543699370878909));
#9325=CARTESIAN_POINT('Origin',(-6.89999999997886,-4.24975543498797,-0.6));
#9326=CARTESIAN_POINT('',(-6.89999999997886,-4.05784337397937,-0.543699370878909));
#9327=CARTESIAN_POINT('',(-6.89999999997886,-4.24975543498797,-0.4));
#9328=CARTESIAN_POINT('Origin',(-6.89999999997886,-3.99732161653197,-0.75));
#9329=CARTESIAN_POINT('',(-6.89999999997886,-4.03947824255259,-0.606300629121091));
#9330=CARTESIAN_POINT('',(-6.89999999997886,-3.87683919731093,-1.16068865035735));
#9331=CARTESIAN_POINT('',(-6.58749999998414,-4.03947824255259,-0.606300629121091));
#9332=CARTESIAN_POINT('Origin',(-6.58749999998414,-3.84756618154399,-0.55));
#9333=CARTESIAN_POINT('',(-6.89999999997886,-3.84756618154399,-0.75));
#9334=CARTESIAN_POINT('Origin',(-6.89999999997886,-3.84756618154399,-0.55));
#9335=CARTESIAN_POINT('',(-6.58749999998414,-3.84756618154399,-0.75));
#9336=CARTESIAN_POINT('Origin',(-6.89999999997886,-7.4,0.));
#9337=CARTESIAN_POINT('',(-6.89999999997886,-7.4,-0.4));
#9338=CARTESIAN_POINT('Origin',(-6.89999999997886,-7.4,0.));
#9339=CARTESIAN_POINT('',(-6.89999999997886,-7.4,-0.4));
#9340=CARTESIAN_POINT('Origin',(-6.89999999997886,-4.1,-0.4));
#9341=CARTESIAN_POINT('',(-6.89999999997886,-1.25000000001057,-0.4));
#9342=CARTESIAN_POINT('Origin',(-6.89999999997886,-4.1,0.4));
#9343=CARTESIAN_POINT('',(-6.89999999997886,-3.92817838904495,0.985688650357352));
#9344=CARTESIAN_POINT('Origin',(-6.27499999998943,-3.1,-0.75));
#9345=CARTESIAN_POINT('',(-6.89999999997886,1.09999999998731,-0.75));
#9346=CARTESIAN_POINT('',(-6.89999999997886,1.59999999997886,-0.75));
#9347=CARTESIAN_POINT('',(-6.39999999998732,1.59999999998731,-0.75));
#9348=CARTESIAN_POINT('Origin',(-6.39999999997886,1.09999999998731,-0.75));
#9349=CARTESIAN_POINT('',(-5.65,1.6,-0.75));
#9350=CARTESIAN_POINT('',(-5.65,1.6,-0.75));
#9351=CARTESIAN_POINT('',(-5.65,1.2,-0.75));
#9352=CARTESIAN_POINT('',(-5.65,0.,-0.75));
#9353=CARTESIAN_POINT('',(-6.4,1.2,-0.75));
#9354=CARTESIAN_POINT('',(-6.5,1.2,-0.75));
#9355=CARTESIAN_POINT('Origin',(-6.4,1.1,-0.75));
#9356=CARTESIAN_POINT('Origin',(-6.4,1.1,0.));
#9357=CARTESIAN_POINT('',(-6.4,1.2,0.));
#9358=CARTESIAN_POINT('Origin',(-6.5,1.2,0.));
#9359=CARTESIAN_POINT('',(-5.65,1.2,0.));
#9360=CARTESIAN_POINT('Origin',(-6.39999999997886,1.09999999998731,0.));
#9361=CARTESIAN_POINT('',(-6.39999999998732,1.59999999998731,0.));
#9362=CARTESIAN_POINT('',(-6.89999999997886,1.09999999998731,0.));
#9363=CARTESIAN_POINT('Origin',(-6.89999999997886,1.59999999997886,0.));
#9364=CARTESIAN_POINT('Origin',(-5.65,1.6,0.));
#9365=CARTESIAN_POINT('',(-5.65,1.6,0.));
#9366=CARTESIAN_POINT('Origin',(-5.65,1.2,0.));
#9367=CARTESIAN_POINT('Origin',(-3.35,5.2,3.95));
#9368=CARTESIAN_POINT('',(-4.17679491924311,5.4,3.95));
#9369=CARTESIAN_POINT('Origin',(-3.35,5.4,3.95));
#9370=CARTESIAN_POINT('',(-4.35,5.3,3.95));
#9371=CARTESIAN_POINT('Origin',(-4.17679491924311,5.2,3.95));
#9372=CARTESIAN_POINT('Origin',(-3.35,5.3,3.95));
#9373=CARTESIAN_POINT('Origin',(-3.35,5.4,3.95));
#9374=CARTESIAN_POINT('',(-3.92320508075689,5.4,3.95));
#9375=CARTESIAN_POINT('Origin',(-3.35,5.4,3.95));
#9376=CARTESIAN_POINT('Origin',(-3.35,5.2,3.95));
#9377=CARTESIAN_POINT('',(-3.75,5.3,3.95));
#9378=CARTESIAN_POINT('Origin',(-3.35,5.3,3.95));
#9379=CARTESIAN_POINT('Origin',(-3.92320508075689,5.2,3.95));
#9380=CARTESIAN_POINT('Origin',(-3.35,5.3,3.95));
#9381=CARTESIAN_POINT('Origin',(-2.8896406036061,-0.57,3.7896406036061));
#9382=CARTESIAN_POINT('',(-2.8896406036061,-0.6,4.6096406036061));
#9383=CARTESIAN_POINT('Origin',(-2.8896406036061,-0.6,3.7896406036061));
#9384=CARTESIAN_POINT('',(-2.8896406036061,-0.57,4.6396406036061));
#9385=CARTESIAN_POINT('Origin',(-2.8896406036061,-0.57,4.6096406036061));
#9386=CARTESIAN_POINT('',(-3.7396406036061,-0.57,3.7896406036061));
#9387=CARTESIAN_POINT('Origin',(-2.8896406036061,-0.57,3.7896406036061));
#9388=CARTESIAN_POINT('Origin',(-2.8896406036061,-0.57,3.7896406036061));
#9389=CARTESIAN_POINT('Origin',(-2.8896406036061,-0.4,3.7896406036061));
#9390=CARTESIAN_POINT('',(-3.7396406036061,-0.43,3.7896406036061));
#9391=CARTESIAN_POINT('',(-3.7396406036061,-0.4,3.7896406036061));
#9392=CARTESIAN_POINT('',(-2.8896406036061,-0.43,4.6396406036061));
#9393=CARTESIAN_POINT('Origin',(-2.8896406036061,-0.43,3.7896406036061));
#9394=CARTESIAN_POINT('Origin',(-2.8896406036061,-0.43,3.7896406036061));
#9395=CARTESIAN_POINT('Origin',(-2.8896406036061,-0.6,3.7896406036061));
#9396=CARTESIAN_POINT('Origin',(-2.8896406036061,-0.43,3.7896406036061));
#9397=CARTESIAN_POINT('',(-2.8896406036061,-0.4,4.6096406036061));
#9398=CARTESIAN_POINT('Origin',(-2.8896406036061,-0.43,4.6096406036061));
#9399=CARTESIAN_POINT('Origin',(-2.8896406036061,-0.4,3.7896406036061));
#9400=CARTESIAN_POINT('Origin',(-2.8896406036061,-0.4,3.7896406036061));
#9401=CARTESIAN_POINT('Origin',(4.6896406036061,-0.57,-3.7896406036061));
#9402=CARTESIAN_POINT('',(4.6896406036061,-0.6,-2.9696406036061));
#9403=CARTESIAN_POINT('Origin',(4.6896406036061,-0.6,-3.7896406036061));
#9404=CARTESIAN_POINT('',(4.6896406036061,-0.57,-2.9396406036061));
#9405=CARTESIAN_POINT('Origin',(4.6896406036061,-0.57,-2.9696406036061));
#9406=CARTESIAN_POINT('',(3.8396406036061,-0.57,-3.7896406036061));
#9407=CARTESIAN_POINT('Origin',(4.6896406036061,-0.57,-3.7896406036061));
#9408=CARTESIAN_POINT('Origin',(4.6896406036061,-0.57,-3.7896406036061));
#9409=CARTESIAN_POINT('Origin',(4.6896406036061,-0.4,-3.7896406036061));
#9410=CARTESIAN_POINT('',(3.8396406036061,-0.43,-3.7896406036061));
#9411=CARTESIAN_POINT('',(3.8396406036061,-0.4,-3.7896406036061));
#9412=CARTESIAN_POINT('',(4.6896406036061,-0.43,-2.9396406036061));
#9413=CARTESIAN_POINT('Origin',(4.6896406036061,-0.43,-3.7896406036061));
#9414=CARTESIAN_POINT('Origin',(4.6896406036061,-0.43,-3.7896406036061));
#9415=CARTESIAN_POINT('Origin',(4.6896406036061,-0.6,-3.7896406036061));
#9416=CARTESIAN_POINT('Origin',(4.6896406036061,-0.43,-3.7896406036061));
#9417=CARTESIAN_POINT('',(4.6896406036061,-0.4,-2.9696406036061));
#9418=CARTESIAN_POINT('Origin',(4.6896406036061,-0.43,-2.9696406036061));
#9419=CARTESIAN_POINT('Origin',(4.6896406036061,-0.4,-3.7896406036061));
#9420=CARTESIAN_POINT('Origin',(4.6896406036061,-0.4,-3.7896406036061));
#9421=CARTESIAN_POINT('Origin',(4.6896406036061,5.2,-3.7896406036061));
#9422=CARTESIAN_POINT('',(3.86284568436299,5.4,-3.7896406036061));
#9423=CARTESIAN_POINT('Origin',(4.6896406036061,5.4,-3.7896406036061));
#9424=CARTESIAN_POINT('',(3.6896406036061,5.3,-3.7896406036061));
#9425=CARTESIAN_POINT('Origin',(3.86284568436299,5.2,-3.7896406036061));
#9426=CARTESIAN_POINT('Origin',(4.6896406036061,5.3,-3.7896406036061));
#9427=CARTESIAN_POINT('Origin',(4.6896406036061,5.4,-3.7896406036061));
#9428=CARTESIAN_POINT('',(4.11643552284921,5.4,-3.7896406036061));
#9429=CARTESIAN_POINT('Origin',(4.6896406036061,5.4,-3.7896406036061));
#9430=CARTESIAN_POINT('Origin',(4.6896406036061,5.2,-3.7896406036061));
#9431=CARTESIAN_POINT('',(4.2896406036061,5.3,-3.7896406036061));
#9432=CARTESIAN_POINT('Origin',(4.6896406036061,5.3,-3.7896406036061));
#9433=CARTESIAN_POINT('Origin',(4.11643552284921,5.2,-3.7896406036061));
#9434=CARTESIAN_POINT('Origin',(4.6896406036061,5.3,-3.7896406036061));
#9435=CARTESIAN_POINT('Origin',(0.820000000000001,11.35,0.));
#9436=CARTESIAN_POINT('',(-2.03,11.3,-3.49024337756996E-16));
#9437=CARTESIAN_POINT('Origin',(0.820000000000001,11.3,0.));
#9438=CARTESIAN_POINT('',(-1.93,11.4,3.36777869765522E-16));
#9439=CARTESIAN_POINT('',(-1.98,11.35,-3.42901103761259E-16));
#9440=CARTESIAN_POINT('Origin',(0.820000000000001,11.4,0.));
#9441=CARTESIAN_POINT('Origin',(0.820000000000001,11.3,0.));
#9442=CARTESIAN_POINT('',(3.97,11.3,-3.85763741731416E-16));
#9443=CARTESIAN_POINT('Origin',(0.820000000000001,11.3,0.));
#9444=CARTESIAN_POINT('Origin',(0.820000000000001,11.3,0.));
#9445=CARTESIAN_POINT('',(-1.93,13.5928932188135,3.36777869765522E-16));
#9446=CARTESIAN_POINT('',(-1.93,11.3,3.36777869765522E-16));
#9447=CARTESIAN_POINT('',(3.57,13.5928932188135,-3.36777869765522E-16));
#9448=CARTESIAN_POINT('Origin',(0.820000000000001,13.5928932188135,0.));
#9449=CARTESIAN_POINT('Origin',(0.820000000000001,13.5928932188135,0.));
#9450=CARTESIAN_POINT('Origin',(0.820000000000001,11.35,0.));
#9451=CARTESIAN_POINT('',(4.07,11.4,3.9801020972289E-16));
#9452=CARTESIAN_POINT('',(-2.43,11.4,3.9801020972289E-16));
#9453=CARTESIAN_POINT('Origin',(0.820000000000001,11.4,0.));
#9454=CARTESIAN_POINT('Origin',(0.820000000000001,11.4,0.));
#9455=CARTESIAN_POINT('',(4.02,11.35,-3.91886975727153E-16));
#9456=CARTESIAN_POINT('Origin',(0.820000000000001,11.3,0.));
#9457=CARTESIAN_POINT('',(-2.43,13.7585786437627,3.9801020972289E-16));
#9458=CARTESIAN_POINT('',(0.82,13.7585786437627,-3.25));
#9459=CARTESIAN_POINT('Origin',(0.820000000000001,13.7585786437627,0.));
#9460=CARTESIAN_POINT('',(-2.43,11.3,3.9801020972289E-16));
#9461=CARTESIAN_POINT('Origin',(0.820000000000001,13.7585786437627,0.));
#9462=CARTESIAN_POINT('Origin',(0.820000000000001,21.1,0.));
#9463=CARTESIAN_POINT('',(-0.180000000000005,21.1,1.8645697274498));
#9464=CARTESIAN_POINT('',(-0.180000000000005,21.1,-1.8645697274498));
#9465=CARTESIAN_POINT('',(-0.180000000000005,21.1,0.));
#9466=CARTESIAN_POINT('',(-0.274364192138049,21.1,1.89549438276717));
#9467=CARTESIAN_POINT('',(0.576628472863363,21.1,1.6166104730286));
#9468=CARTESIAN_POINT('',(-0.373646692846734,21.1,1.42253273448829));
#9469=CARTESIAN_POINT('',(-0.384489981094991,21.1,1.37087751381948));
#9470=CARTESIAN_POINT('',(-0.856663216271483,21.1,1.40688748638191));
#9471=CARTESIAN_POINT('',(0.0383922261532878,21.1,1.43587896759753));
#9472=CARTESIAN_POINT('',(-0.78819583882872,21.1,0.928492300457399));
#9473=CARTESIAN_POINT('',(-0.780718070803996,21.1,0.876243647769057));
#9474=CARTESIAN_POINT('',(-1.23673191160891,21.1,0.748589195691072));
#9475=CARTESIAN_POINT('',(-0.405570587728676,21.1,1.08195926735758));
#9476=CARTESIAN_POINT('',(-1.00877283220517,21.1,0.322461991904407));
#9477=CARTESIAN_POINT('',(-0.983875937091349,21.1,0.27592186581874));
#9478=CARTESIAN_POINT('',(-1.3687283842761,21.1,-2.16840434497101E-17));
#9479=CARTESIAN_POINT('',(-0.70171150123506,21.1,0.597539311456155));
#9480=CARTESIAN_POINT('',(-1.00877283220517,21.1,-0.322461991904406));
#9481=CARTESIAN_POINT('',(-0.969459742992017,21.1,-0.35768016532236));
#9482=CARTESIAN_POINT('',(-1.23673191160891,21.1,-0.74858919569107));
#9483=CARTESIAN_POINT('',(-0.814311549622588,21.1,0.0410472958521079));
#9484=CARTESIAN_POINT('',(-0.78819583882872,21.1,-0.928492300457398));
#9485=CARTESIAN_POINT('',(-0.739208294274744,21.1,-0.94814068972855));
#9486=CARTESIAN_POINT('',(-0.856663216271483,21.1,-1.40688748638191));
#9487=CARTESIAN_POINT('',(-0.729789505255998,21.1,-0.520395629425272));
#9488=CARTESIAN_POINT('',(-0.373646692846733,21.1,-1.42253273448829));
#9489=CARTESIAN_POINT('',(-0.320893313804303,21.1,-1.4242414538872));
#9490=CARTESIAN_POINT('',(-0.274364192138048,21.1,-1.89549438276717));
#9491=CARTESIAN_POINT('',(-0.458339974098423,21.1,-1.01907116157244));
#9492=CARTESIAN_POINT('',(0.235030238102973,21.1,-1.72855767914184));
#9493=CARTESIAN_POINT('Origin',(-0.121549415747863,21.6,1.84541453595033));
#9494=CARTESIAN_POINT('',(-0.180000000000004,15.972909292888,1.8645697274498));
#9495=CARTESIAN_POINT('',(-0.180000000000005,21.7749027941876,1.8645697274498));
#9496=CARTESIAN_POINT('',(-0.274364192138048,16.0458351654626,1.89549438276717));
#9497=CARTESIAN_POINT('Ctrl Pts',(-0.274364192138049,16.0458351654626,1.89549438276717));
#9498=CARTESIAN_POINT('Ctrl Pts',(-0.226382753327881,16.0082268157374,1.87977009770504));
#9499=CARTESIAN_POINT('Ctrl Pts',(-0.180000000000004,15.972909292888,1.8645697274498));
#9500=CARTESIAN_POINT('',(-0.274364192138049,21.6,1.89549438276717));
#9501=CARTESIAN_POINT('Origin',(-0.180000000000005,21.9498055883752,0.));
#9502=CARTESIAN_POINT('',(-0.180000000000003,14.2171572875254,1.8758340143971));
#9503=CARTESIAN_POINT('',(-0.180000000000003,14.6414213562373,1.67406690427832));
#9504=CARTESIAN_POINT('Ctrl Pts',(-0.180000000000003,14.2171572875267,1.87583401439559));
#9505=CARTESIAN_POINT('Ctrl Pts',(-0.180000000000003,14.2203137155707,1.87225708143884));
#9506=CARTESIAN_POINT('Ctrl Pts',(-0.180000000000003,14.2234803507653,1.86874621251983));
#9507=CARTESIAN_POINT('Ctrl Pts',(-0.180000000000003,14.2786853186883,1.8088215693378));
#9508=CARTESIAN_POINT('Ctrl Pts',(-0.180000000000003,14.3525800269272,1.75375245990148));
#9509=CARTESIAN_POINT('Ctrl Pts',(-0.180000000000003,14.487230065542,1.69274376165873));
#9510=CARTESIAN_POINT('Ctrl Pts',(-0.180000000000003,14.5703928403074,1.67406690427832));
#9511=CARTESIAN_POINT('Ctrl Pts',(-0.180000000000003,14.6414213562373,1.67406690427832));
#9512=CARTESIAN_POINT('',(-0.180000000000003,15.8071067811865,1.67406690427832));
#9513=CARTESIAN_POINT('',(-0.180000000000003,14.6,1.67406690427832));
#9514=CARTESIAN_POINT('Ctrl Pts',(-0.180000000000003,15.8071067811865,1.67406690427832));
#9515=CARTESIAN_POINT('Ctrl Pts',(-0.180000000000003,15.8855450404293,1.76543398472923));
#9516=CARTESIAN_POINT('Ctrl Pts',(-0.180000000000004,15.9729092928879,1.86456972744966));
#9517=CARTESIAN_POINT('',(-0.180000000000004,15.972909292888,-1.8645697274498));
#9518=CARTESIAN_POINT('',(-0.180000000000005,21.7749027941876,-1.8645697274498));
#9519=CARTESIAN_POINT('',(-0.180000000000003,15.8071067811865,-1.67406690427832));
#9520=CARTESIAN_POINT('Ctrl Pts',(-0.180000000000004,15.9729092928879,-1.86456972744966));
#9521=CARTESIAN_POINT('Ctrl Pts',(-0.180000000000004,15.8855450404293,-1.76543398472922));
#9522=CARTESIAN_POINT('Ctrl Pts',(-0.180000000000004,15.8071067811865,-1.67406690427832));
#9523=CARTESIAN_POINT('',(-0.180000000000003,14.6414213562373,-1.67406690427832));
#9524=CARTESIAN_POINT('',(-0.180000000000003,14.6,-1.67406690427832));
#9525=CARTESIAN_POINT('',(-0.180000000000003,14.2171572875254,-1.8758340143971));
#9526=CARTESIAN_POINT('Ctrl Pts',(-0.180000000000003,14.6414213562373,-1.67406690427832));
#9527=CARTESIAN_POINT('Ctrl Pts',(-0.180000000000003,14.5703928403074,-1.67406690427832));
#9528=CARTESIAN_POINT('Ctrl Pts',(-0.180000000000003,14.487230065542,-1.69274376165873));
#9529=CARTESIAN_POINT('Ctrl Pts',(-0.180000000000003,14.3525800269272,-1.75375245990148));
#9530=CARTESIAN_POINT('Ctrl Pts',(-0.180000000000003,14.2786853186883,-1.8088215693378));
#9531=CARTESIAN_POINT('Ctrl Pts',(-0.180000000000003,14.2234803507648,-1.86874621252032));
#9532=CARTESIAN_POINT('Ctrl Pts',(-0.180000000000003,14.2203137155698,-1.87225708143983));
#9533=CARTESIAN_POINT('Ctrl Pts',(-0.180000000000003,14.2171572875254,-1.87583401439711));
#9534=CARTESIAN_POINT('',(-0.180000000000003,14.1,-2.00762795133943));
#9535=CARTESIAN_POINT('Ctrl Pts',(-0.180000000000003,14.2171572875254,-1.8758340143971));
#9536=CARTESIAN_POINT('Ctrl Pts',(-0.180000000000003,14.160566640594,-1.93996376715428));
#9537=CARTESIAN_POINT('Ctrl Pts',(-0.180000000000003,14.1,-2.00762795133943));
#9538=CARTESIAN_POINT('',(-0.180000000000003,14.1,2.00762795133943));
#9539=CARTESIAN_POINT('',(-0.180000000000003,14.1,0.));
#9540=CARTESIAN_POINT('Ctrl Pts',(-0.180000000000003,14.1,2.00762795133943));
#9541=CARTESIAN_POINT('Ctrl Pts',(-0.180000000000003,14.160566640594,1.93996376715431));
#9542=CARTESIAN_POINT('Ctrl Pts',(-0.180000000000003,14.2171572875254,1.8758340143971));
#9543=CARTESIAN_POINT('Origin',(0.820000000000001,21.1,0.));
#9544=CARTESIAN_POINT('',(1.81999999999999,21.1,-1.8645697274498));
#9545=CARTESIAN_POINT('',(1.81999999999999,21.1,1.86456972744979));
#9546=CARTESIAN_POINT('',(1.81999999999999,21.1,0.));
#9547=CARTESIAN_POINT('',(1.91436419213805,21.1,-1.89549438276717));
#9548=CARTESIAN_POINT('',(1.06337152713664,21.1,-1.6166104730286));
#9549=CARTESIAN_POINT('',(2.01364669284673,21.1,-1.42253273448829));
#9550=CARTESIAN_POINT('',(2.02448998109499,21.1,-1.37087751381948));
#9551=CARTESIAN_POINT('',(2.49666321627148,21.1,-1.40688748638191));
#9552=CARTESIAN_POINT('',(1.60160777384671,21.1,-1.43587896759753));
#9553=CARTESIAN_POINT('',(2.42819583882872,21.1,-0.928492300457398));
#9554=CARTESIAN_POINT('',(2.420718070804,21.1,-0.876243647769057));
#9555=CARTESIAN_POINT('',(2.87673191160891,21.1,-0.74858919569107));
#9556=CARTESIAN_POINT('',(2.04557058772868,21.1,-1.08195926735758));
#9557=CARTESIAN_POINT('',(2.64877283220517,21.1,-0.322461991904406));
#9558=CARTESIAN_POINT('',(2.62387593709135,21.1,-0.275921865818738));
#9559=CARTESIAN_POINT('',(3.0087283842761,21.1,5.20417042793042E-16));
#9560=CARTESIAN_POINT('',(2.34171150123506,21.1,-0.597539311456156));
#9561=CARTESIAN_POINT('',(2.64877283220517,21.1,0.322461991904406));
#9562=CARTESIAN_POINT('',(2.60945974299202,21.1,0.357680165322361));
#9563=CARTESIAN_POINT('',(2.87673191160891,21.1,0.74858919569107));
#9564=CARTESIAN_POINT('',(2.45431154962259,21.1,-0.0410472958521083));
#9565=CARTESIAN_POINT('',(2.42819583882872,21.1,0.928492300457397));
#9566=CARTESIAN_POINT('',(2.37920829427475,21.1,0.94814068972855));
#9567=CARTESIAN_POINT('',(2.49666321627148,21.1,1.40688748638191));
#9568=CARTESIAN_POINT('',(2.369789505256,21.1,0.520395629425272));
#9569=CARTESIAN_POINT('',(2.01364669284674,21.1,1.42253273448829));
#9570=CARTESIAN_POINT('',(1.9608933138043,21.1,1.4242414538872));
#9571=CARTESIAN_POINT('',(1.91436419213805,21.1,1.89549438276717));
#9572=CARTESIAN_POINT('',(2.09833997409842,21.1,1.01907116157244));
#9573=CARTESIAN_POINT('',(1.40496976189703,21.1,1.72855767914184));
#9574=CARTESIAN_POINT('Origin',(2.44474588526864,21.6,2.06930894817682));
#9575=CARTESIAN_POINT('',(1.82,15.972909292888,1.86456972744979));
#9576=CARTESIAN_POINT('',(1.82,18.1,1.86456972744979));
#9577=CARTESIAN_POINT('',(1.91436419213805,16.0458351654626,1.89549438276717));
#9578=CARTESIAN_POINT('',(1.91436419213805,21.6,1.89549438276717));
#9579=CARTESIAN_POINT('Ctrl Pts',(1.82,15.972909292888,1.86456972744979));
#9580=CARTESIAN_POINT('Ctrl Pts',(1.86638275332788,16.0082268157374,1.87977009770504));
#9581=CARTESIAN_POINT('Ctrl Pts',(1.91436419213805,16.0458351654626,1.89549438276717));
#9582=CARTESIAN_POINT('Origin',(1.76154941574786,21.6,-1.84541453595033));
#9583=CARTESIAN_POINT('',(1.82,15.972909292888,-1.8645697274498));
#9584=CARTESIAN_POINT('',(1.82,18.1,-1.8645697274498));
#9585=CARTESIAN_POINT('',(1.91436419213805,16.0458351654626,-1.89549438276717));
#9586=CARTESIAN_POINT('Ctrl Pts',(1.91436419213805,16.0458351654626,-1.89549438276717));
#9587=CARTESIAN_POINT('Ctrl Pts',(1.86638275332788,16.0082268157374,-1.87977009770504));
#9588=CARTESIAN_POINT('Ctrl Pts',(1.82,15.972909292888,-1.8645697274498));
#9589=CARTESIAN_POINT('',(1.91436419213805,21.6,-1.89549438276717));
#9590=CARTESIAN_POINT('Origin',(1.82,14.6,0.));
#9591=CARTESIAN_POINT('',(1.82,14.2171572875254,-1.87583401439711));
#9592=CARTESIAN_POINT('',(1.82,14.6414213562373,-1.67406690427832));
#9593=CARTESIAN_POINT('Ctrl Pts',(1.82,14.6414213562373,-1.67406690427832));
#9594=CARTESIAN_POINT('Ctrl Pts',(1.82,14.5703928403074,-1.67406690427832));
#9595=CARTESIAN_POINT('Ctrl Pts',(1.82,14.487230065542,-1.69274376165873));
#9596=CARTESIAN_POINT('Ctrl Pts',(1.82,14.3525800269272,-1.75375245990148));
#9597=CARTESIAN_POINT('Ctrl Pts',(1.82,14.2786853186883,-1.8088215693378));
#9598=CARTESIAN_POINT('Ctrl Pts',(1.82,14.2234803507648,-1.86874621252032));
#9599=CARTESIAN_POINT('Ctrl Pts',(1.82,14.2203137155698,-1.87225708143983));
#9600=CARTESIAN_POINT('Ctrl Pts',(1.82,14.2171572875254,-1.87583401439711));
#9601=CARTESIAN_POINT('',(1.82,15.8071067811865,-1.67406690427832));
#9602=CARTESIAN_POINT('',(1.82,14.6,-1.67406690427832));
#9603=CARTESIAN_POINT('Ctrl Pts',(1.82,15.8071067811865,-1.67406690427832));
#9604=CARTESIAN_POINT('Ctrl Pts',(1.82,15.8855450404293,-1.76543398472923));
#9605=CARTESIAN_POINT('Ctrl Pts',(1.82,15.9729092928879,-1.86456972744966));
#9606=CARTESIAN_POINT('',(1.82,15.8071067811865,1.67406690427832));
#9607=CARTESIAN_POINT('Ctrl Pts',(1.82,15.9729092928879,1.86456972744965));
#9608=CARTESIAN_POINT('Ctrl Pts',(1.82,15.8855450404293,1.76543398472923));
#9609=CARTESIAN_POINT('Ctrl Pts',(1.82,15.8071067811865,1.67406690427832));
#9610=CARTESIAN_POINT('',(1.82,14.6414213562373,1.67406690427832));
#9611=CARTESIAN_POINT('',(1.82,14.6,1.67406690427832));
#9612=CARTESIAN_POINT('',(1.82,14.2171572875254,1.87583401439711));
#9613=CARTESIAN_POINT('Ctrl Pts',(1.82,14.2171572875267,1.87583401439559));
#9614=CARTESIAN_POINT('Ctrl Pts',(1.82,14.2203137155707,1.87225708143884));
#9615=CARTESIAN_POINT('Ctrl Pts',(1.82,14.2234803507653,1.86874621251984));
#9616=CARTESIAN_POINT('Ctrl Pts',(1.82,14.2786853186883,1.8088215693378));
#9617=CARTESIAN_POINT('Ctrl Pts',(1.82,14.3525800269272,1.75375245990148));
#9618=CARTESIAN_POINT('Ctrl Pts',(1.82,14.487230065542,1.69274376165873));
#9619=CARTESIAN_POINT('Ctrl Pts',(1.82,14.5703928403074,1.67406690427832));
#9620=CARTESIAN_POINT('Ctrl Pts',(1.82,14.6414213562373,1.67406690427832));
#9621=CARTESIAN_POINT('',(1.82,14.1,2.00762795133944));
#9622=CARTESIAN_POINT('Ctrl Pts',(1.82,14.1,2.00762795133944));
#9623=CARTESIAN_POINT('Ctrl Pts',(1.82,14.160566640594,1.93996376715429));
#9624=CARTESIAN_POINT('Ctrl Pts',(1.82,14.2171572875254,1.87583401439711));
#9625=CARTESIAN_POINT('',(1.82,14.1,-2.00762795133944));
#9626=CARTESIAN_POINT('',(1.82,14.1,0.));
#9627=CARTESIAN_POINT('Ctrl Pts',(1.82,14.2171572875254,-1.87583401439711));
#9628=CARTESIAN_POINT('Ctrl Pts',(1.82,14.1605666405941,-1.93996376715426));
#9629=CARTESIAN_POINT('Ctrl Pts',(1.82,14.1,-2.00762795133944));
#9630=CARTESIAN_POINT('Origin',(-1.78444706003391,21.6,0.372416737248469));
#9631=CARTESIAN_POINT('',(-1.3687283842761,16.0458351654626,2.53700083662817E-17));
#9632=CARTESIAN_POINT('',(-1.3687283842761,21.6,-2.16840434497101E-17));
#9633=CARTESIAN_POINT('',(-1.11690695920733,15.8071067811865,-0.225591292771283));
#9634=CARTESIAN_POINT('Ctrl Pts',(-1.11690695920733,15.8071067811865,-0.225591292771283));
#9635=CARTESIAN_POINT('Ctrl Pts',(-1.23555494315083,15.9126617243374,-0.119301877264992));
#9636=CARTESIAN_POINT('Ctrl Pts',(-1.3687283842761,16.0458351654626,6.63067319360409E-16));
#9637=CARTESIAN_POINT('',(-1.00877283220517,15.7140913821013,-0.322461991904406));
#9638=CARTESIAN_POINT('Ctrl Pts',(-1.00877283220653,15.7140913821025,-0.322461991903188));
#9639=CARTESIAN_POINT('Ctrl Pts',(-1.0615188844563,15.7578308905455,-0.275210054891248));
#9640=CARTESIAN_POINT('Ctrl Pts',(-1.11690695920733,15.8071067811865,-0.225591292771283));
#9641=CARTESIAN_POINT('',(-1.00877283220517,21.6,-0.322461991904406));
#9642=CARTESIAN_POINT('Origin',(-1.24895057651999,21.6,0.107301555019121));
#9643=CARTESIAN_POINT('',(-1.00877283220517,15.7140913821013,0.322461991904407));
#9644=CARTESIAN_POINT('',(-1.00877283220517,21.6,0.322461991904407));
#9645=CARTESIAN_POINT('',(-1.11690695920733,15.8071067811866,0.225591292771287));
#9646=CARTESIAN_POINT('Ctrl Pts',(-1.11690695920733,15.8071067811865,0.225591292771288));
#9647=CARTESIAN_POINT('Ctrl Pts',(-1.06151888445558,15.7578308905449,0.27521005489189));
#9648=CARTESIAN_POINT('Ctrl Pts',(-1.00877283220517,15.7140913821013,0.322461991904409));
#9649=CARTESIAN_POINT('Ctrl Pts',(-1.3687283842761,16.0458351654626,8.19792322118324E-16));
#9650=CARTESIAN_POINT('Ctrl Pts',(-1.23555494315083,15.9126617243374,0.119301877264995));
#9651=CARTESIAN_POINT('Ctrl Pts',(-1.11690695920733,15.8071067811865,0.225591292771288));
#9652=CARTESIAN_POINT('Origin',(-1.75475370939201,21.6,-0.540816096907363));
#9653=CARTESIAN_POINT('',(-1.23673191160891,16.0458351654626,-0.74858919569107));
#9654=CARTESIAN_POINT('',(-1.23673191160891,21.6,-0.74858919569107));
#9655=CARTESIAN_POINT('',(-0.922940410429345,15.8071067811865,-0.874447668927304));
#9656=CARTESIAN_POINT('Ctrl Pts',(-0.922940410429345,15.8071067811865,-0.874447668927304));
#9657=CARTESIAN_POINT('Ctrl Pts',(-1.07078616653764,15.9126617243374,-0.815148289982052));
#9658=CARTESIAN_POINT('Ctrl Pts',(-1.23673191160891,16.0458351654626,-0.748589195691069));
#9659=CARTESIAN_POINT('',(-0.78819583882872,15.7140913821013,-0.928492300457398));
#9660=CARTESIAN_POINT('Ctrl Pts',(-0.788195838830413,15.7140913821025,-0.928492300456719));
#9661=CARTESIAN_POINT('Ctrl Pts',(-0.853922029174348,15.7578308905455,-0.902130216279086));
#9662=CARTESIAN_POINT('Ctrl Pts',(-0.922940410429345,15.8071067811865,-0.874447668927304));
#9663=CARTESIAN_POINT('',(-0.78819583882872,21.6,-0.928492300457398));
#9664=CARTESIAN_POINT('Origin',(-0.833880202297335,21.6,-1.24769803568045));
#9665=CARTESIAN_POINT('',(-0.808764100785802,15.8071067811865,-1.07220683825064));
#9666=CARTESIAN_POINT('Ctrl Pts',(-0.808764100785802,15.8071067811865,-1.07220683825064));
#9667=CARTESIAN_POINT('Ctrl Pts',(-0.798228699406277,15.7578308905449,-0.998593893078893));
#9668=CARTESIAN_POINT('Ctrl Pts',(-0.788195838828721,15.7140913821013,-0.928492300457399));
#9669=CARTESIAN_POINT('',(-0.856663216271483,16.0458351654626,-1.40688748638191));
#9670=CARTESIAN_POINT('Ctrl Pts',(-0.856663216271484,16.0458351654626,-1.40688748638192));
#9671=CARTESIAN_POINT('Ctrl Pts',(-0.831332210244721,15.9126617243374,-1.22989470835476));
#9672=CARTESIAN_POINT('Ctrl Pts',(-0.808764100785802,15.8071067811865,-1.07220683825064));
#9673=CARTESIAN_POINT('',(-0.856663216271483,21.6,-1.40688748638191));
#9674=CARTESIAN_POINT('Origin',(-0.159701174765265,21.6,2.44172568542529));
#9675=CARTESIAN_POINT('',(-0.343821270016166,15.8071067811865,1.56461498505478));
#9676=CARTESIAN_POINT('Ctrl Pts',(-0.343821270016166,15.8071067811865,1.56461498505478));
#9677=CARTESIAN_POINT('Ctrl Pts',(-0.311095928006068,15.9126617243374,1.72051186101081));
#9678=CARTESIAN_POINT('Ctrl Pts',(-0.274364192138047,16.0458351654626,1.89549438276717));
#9679=CARTESIAN_POINT('',(-0.373646692846734,15.7140913821013,1.42253273448829));
#9680=CARTESIAN_POINT('Ctrl Pts',(-0.373646692846357,15.7140913821025,1.42253273449008));
#9681=CARTESIAN_POINT('Ctrl Pts',(-0.359098341140877,15.7578308905455,1.49183812419369));
#9682=CARTESIAN_POINT('Ctrl Pts',(-0.343821270016166,15.8071067811865,1.56461498505478));
#9683=CARTESIAN_POINT('',(-0.373646692846734,21.6,1.42253273448829));
#9684=CARTESIAN_POINT('Origin',(-0.93573733339333,21.6,1.95939407236802));
#9685=CARTESIAN_POINT('',(-0.856663216271483,16.0458351654626,1.40688748638191));
#9686=CARTESIAN_POINT('',(-0.856663216271483,21.6,1.40688748638191));
#9687=CARTESIAN_POINT('',(-0.808764100785802,15.8071067811865,1.07220683825064));
#9688=CARTESIAN_POINT('Ctrl Pts',(-0.808764100785802,15.8071067811865,1.07220683825064));
#9689=CARTESIAN_POINT('Ctrl Pts',(-0.831332210244721,15.9126617243374,1.22989470835477));
#9690=CARTESIAN_POINT('Ctrl Pts',(-0.856663216271484,16.0458351654626,1.40688748638192));
#9691=CARTESIAN_POINT('',(-0.78819583882872,15.7140913821013,0.928492300457399));
#9692=CARTESIAN_POINT('Ctrl Pts',(-0.788195838828979,15.7140913821025,0.928492300459208));
#9693=CARTESIAN_POINT('Ctrl Pts',(-0.798228699406413,15.7578308905455,0.998593893079844));
#9694=CARTESIAN_POINT('Ctrl Pts',(-0.808764100785802,15.8071067811865,1.07220683825064));
#9695=CARTESIAN_POINT('',(-0.78819583882872,21.6,0.928492300457399));
#9696=CARTESIAN_POINT('Origin',(-0.695935982164556,21.6,1.4120935556013));
#9697=CARTESIAN_POINT('',(-0.518749525092706,15.8071067811865,1.41783275073757));
#9698=CARTESIAN_POINT('Ctrl Pts',(-0.518749525092705,15.8071067811865,1.41783275073757));
#9699=CARTESIAN_POINT('Ctrl Pts',(-0.444425472714965,15.7578308905449,1.42024015955969));
#9700=CARTESIAN_POINT('Ctrl Pts',(-0.373646692846736,15.7140913821013,1.42253273448829));
#9701=CARTESIAN_POINT('Ctrl Pts',(-0.856663216271485,16.0458351654626,1.40688748638191));
#9702=CARTESIAN_POINT('Ctrl Pts',(-0.677960673208161,15.9126617243374,1.41267578861978));
#9703=CARTESIAN_POINT('Ctrl Pts',(-0.518749525092705,15.8071067811865,1.41783275073757));
#9704=CARTESIAN_POINT('Origin',(-1.50000565769082,21.6,1.24073061660647));
#9705=CARTESIAN_POINT('',(-1.23673191160891,16.0458351654626,0.748589195691072));
#9706=CARTESIAN_POINT('',(-1.23673191160891,21.6,0.748589195691072));
#9707=CARTESIAN_POINT('',(-1.07725394300266,15.8071067811865,0.450474722665846));
#9708=CARTESIAN_POINT('Ctrl Pts',(-1.07725394300266,15.8071067811865,0.450474722665846));
#9709=CARTESIAN_POINT('Ctrl Pts',(-1.15239345686003,15.9126617243374,0.590934102558414));
#9710=CARTESIAN_POINT('Ctrl Pts',(-1.23673191160892,16.0458351654626,0.748589195691072));
#9711=CARTESIAN_POINT('Ctrl Pts',(-1.00877283220603,15.7140913821025,0.322461991906013));
#9712=CARTESIAN_POINT('Ctrl Pts',(-1.04217679401149,15.7578308905455,0.384904500784303));
#9713=CARTESIAN_POINT('Ctrl Pts',(-1.07725394300266,15.8071067811865,0.450474722665846));
#9714=CARTESIAN_POINT('Origin',(-1.08747829629988,21.6,0.808453252165416));
#9715=CARTESIAN_POINT('',(-0.922940410429349,15.8071067811865,0.874447668927303));
#9716=CARTESIAN_POINT('Ctrl Pts',(-0.922940410429349,15.8071067811865,0.874447668927303));
#9717=CARTESIAN_POINT('Ctrl Pts',(-0.853922029173464,15.7578308905449,0.902130216279441));
#9718=CARTESIAN_POINT('Ctrl Pts',(-0.788195838828723,15.7140913821013,0.928492300457398));
#9719=CARTESIAN_POINT('Ctrl Pts',(-1.23673191160892,16.0458351654626,0.748589195691069));
#9720=CARTESIAN_POINT('Ctrl Pts',(-1.07078616653764,15.9126617243374,0.815148289982051));
#9721=CARTESIAN_POINT('Ctrl Pts',(-0.922940410429349,15.8071067811865,0.874447668927303));
#9722=CARTESIAN_POINT('Origin',(-1.16087688275329,21.6,-0.606792293264771));
#9723=CARTESIAN_POINT('',(-1.07725394300266,15.8071067811865,-0.450474722665851));
#9724=CARTESIAN_POINT('Ctrl Pts',(-1.07725394300266,15.8071067811865,-0.450474722665851));
#9725=CARTESIAN_POINT('Ctrl Pts',(-1.04217679401104,15.7578308905449,-0.384904500783465));
#9726=CARTESIAN_POINT('Ctrl Pts',(-1.00877283220517,15.7140913821013,-0.322461991904409));
#9727=CARTESIAN_POINT('Ctrl Pts',(-1.23673191160891,16.0458351654626,-0.748589195691074));
#9728=CARTESIAN_POINT('Ctrl Pts',(-1.15239345686003,15.9126617243374,-0.590934102558417));
#9729=CARTESIAN_POINT('Ctrl Pts',(-1.07725394300266,15.8071067811865,-0.450474722665851));
#9730=CARTESIAN_POINT('Origin',(-1.41450706207974,21.6,-1.38881852818064));
#9731=CARTESIAN_POINT('',(-0.518749525092713,15.8071067811865,-1.41783275073757));
#9732=CARTESIAN_POINT('Ctrl Pts',(-0.518749525092711,15.8071067811865,-1.41783275073757));
#9733=CARTESIAN_POINT('Ctrl Pts',(-0.677960673208165,15.9126617243374,-1.41267578861978));
#9734=CARTESIAN_POINT('Ctrl Pts',(-0.856663216271486,16.0458351654626,-1.40688748638191));
#9735=CARTESIAN_POINT('',(-0.373646692846733,15.7140913821013,-1.42253273448829));
#9736=CARTESIAN_POINT('Ctrl Pts',(-0.373646692848561,15.7140913821025,-1.42253273448823));
#9737=CARTESIAN_POINT('Ctrl Pts',(-0.444425472715925,15.7578308905455,-1.42024015955965));
#9738=CARTESIAN_POINT('Ctrl Pts',(-0.518749525092711,15.8071067811865,-1.41783275073757));
#9739=CARTESIAN_POINT('',(-0.373646692846733,21.6,-1.42253273448829));
#9740=CARTESIAN_POINT('Origin',(-0.307401160772129,21.6,-1.73811298093121));
#9741=CARTESIAN_POINT('',(-0.34382127001617,15.8071067811865,-1.56461498505478));
#9742=CARTESIAN_POINT('Ctrl Pts',(-0.34382127001617,15.8071067811865,-1.56461498505478));
#9743=CARTESIAN_POINT('Ctrl Pts',(-0.359098341141077,15.7578308905449,-1.49183812419275));
#9744=CARTESIAN_POINT('Ctrl Pts',(-0.373646692846735,15.7140913821013,-1.42253273448829));
#9745=CARTESIAN_POINT('',(-0.274364192138048,16.0458351654626,-1.89549438276717));
#9746=CARTESIAN_POINT('Ctrl Pts',(-0.274364192138049,16.0458351654626,-1.89549438276717));
#9747=CARTESIAN_POINT('Ctrl Pts',(-0.311095928006072,15.9126617243374,-1.7205118610108));
#9748=CARTESIAN_POINT('Ctrl Pts',(-0.34382127001617,15.8071067811865,-1.56461498505478));
#9749=CARTESIAN_POINT('',(-0.274364192138048,21.6,-1.89549438276717));
#9750=CARTESIAN_POINT('Origin',(0.319999999999997,14.1,0.));
#9751=CARTESIAN_POINT('Origin',(0.820000000000001,14.1,0.));
#9752=CARTESIAN_POINT('Origin',(0.820000000000001,14.1,0.));
#9753=CARTESIAN_POINT('Origin',(0.820000000000001,14.6414213562373,0.));
#9754=CARTESIAN_POINT('Origin',(0.820000000000001,14.6414213562373,0.));
#9755=CARTESIAN_POINT('',(2.94573593128807,14.2171572875254,-2.60327570408445E-16));
#9756=CARTESIAN_POINT('Origin',(0.820000000000001,14.2171572875254,-1.5181268661011E-16));
#9757=CARTESIAN_POINT('Origin',(0.820000000000001,14.2171572875254,-1.5181268661011E-16));
#9758=CARTESIAN_POINT('Origin',(0.820000000000001,16.3055926652438,0.));
#9759=CARTESIAN_POINT('',(2.15874952509271,15.8071067811865,-1.41783275073757));
#9760=CARTESIAN_POINT('',(2.01364669284673,15.7140913821013,-1.42253273448829));
#9761=CARTESIAN_POINT('Ctrl Pts',(2.15874952509271,15.8071067811865,-1.41783275073757));
#9762=CARTESIAN_POINT('Ctrl Pts',(2.08442547271497,15.7578308905449,-1.42024015955969));
#9763=CARTESIAN_POINT('Ctrl Pts',(2.01364669284673,15.7140913821013,-1.42253273448829));
#9764=CARTESIAN_POINT('',(1.98382127001617,15.8071067811865,-1.56461498505478));
#9765=CARTESIAN_POINT('Ctrl Pts',(2.01364669284636,15.7140913821025,-1.42253273449008));
#9766=CARTESIAN_POINT('Ctrl Pts',(1.99909834114088,15.7578308905455,-1.49183812419369));
#9767=CARTESIAN_POINT('Ctrl Pts',(1.98382127001617,15.8071067811865,-1.56461498505478));
#9768=CARTESIAN_POINT('Origin',(0.820000000000001,15.8071067811865,0.));
#9769=CARTESIAN_POINT('Origin',(0.820000000000001,16.3055926652438,0.));
#9770=CARTESIAN_POINT('',(2.56294041042934,15.8071067811865,-0.874447668927306));
#9771=CARTESIAN_POINT('',(2.42819583882872,15.7140913821013,-0.928492300457398));
#9772=CARTESIAN_POINT('Ctrl Pts',(2.56294041042934,15.8071067811865,-0.874447668927306));
#9773=CARTESIAN_POINT('Ctrl Pts',(2.49392202917346,15.7578308905449,-0.902130216279443));
#9774=CARTESIAN_POINT('Ctrl Pts',(2.42819583882872,15.7140913821013,-0.928492300457399));
#9775=CARTESIAN_POINT('',(2.4487641007858,15.8071067811865,-1.07220683825064));
#9776=CARTESIAN_POINT('Ctrl Pts',(2.42819583882898,15.7140913821025,-0.928492300459207));
#9777=CARTESIAN_POINT('Ctrl Pts',(2.43822869940641,15.7578308905455,-0.998593893079844));
#9778=CARTESIAN_POINT('Ctrl Pts',(2.4487641007858,15.8071067811865,-1.07220683825064));
#9779=CARTESIAN_POINT('Origin',(0.820000000000001,15.8071067811865,0.));
#9780=CARTESIAN_POINT('Origin',(0.820000000000001,16.3055926652438,0.));
#9781=CARTESIAN_POINT('',(2.75690695920733,15.8071067811865,-0.225591292771283));
#9782=CARTESIAN_POINT('',(2.64877283220517,15.7140913821013,-0.322461991904406));
#9783=CARTESIAN_POINT('Ctrl Pts',(2.75690695920733,15.8071067811865,-0.225591292771283));
#9784=CARTESIAN_POINT('Ctrl Pts',(2.70151888445559,15.7578308905449,-0.275210054891885));
#9785=CARTESIAN_POINT('Ctrl Pts',(2.64877283220518,15.7140913821013,-0.322461991904405));
#9786=CARTESIAN_POINT('',(2.71725394300266,15.8071067811865,-0.450474722665852));
#9787=CARTESIAN_POINT('Ctrl Pts',(2.64877283220603,15.7140913821025,-0.32246199190602));
#9788=CARTESIAN_POINT('Ctrl Pts',(2.68217679401149,15.7578308905455,-0.384904500784309));
#9789=CARTESIAN_POINT('Ctrl Pts',(2.71725394300266,15.8071067811865,-0.450474722665852));
#9790=CARTESIAN_POINT('Origin',(0.820000000000001,15.8071067811865,0.));
#9791=CARTESIAN_POINT('Origin',(0.820000000000001,16.3055926652438,0.));
#9792=CARTESIAN_POINT('',(2.71725394300266,15.8071067811866,0.450474722665847));
#9793=CARTESIAN_POINT('',(2.64877283220517,15.7140913821013,0.322461991904406));
#9794=CARTESIAN_POINT('Ctrl Pts',(2.71725394300266,15.8071067811865,0.450474722665847));
#9795=CARTESIAN_POINT('Ctrl Pts',(2.68217679401104,15.7578308905449,0.384904500783461));
#9796=CARTESIAN_POINT('Ctrl Pts',(2.64877283220517,15.7140913821013,0.322461991904407));
#9797=CARTESIAN_POINT('',(2.75690695920733,15.8071067811865,0.22559129277128));
#9798=CARTESIAN_POINT('Ctrl Pts',(2.64877283220653,15.7140913821025,0.322461991903186));
#9799=CARTESIAN_POINT('Ctrl Pts',(2.7015188844563,15.7578308905455,0.275210054891245));
#9800=CARTESIAN_POINT('Ctrl Pts',(2.75690695920733,15.8071067811865,0.225591292771281));
#9801=CARTESIAN_POINT('Origin',(0.820000000000001,15.8071067811865,0.));
#9802=CARTESIAN_POINT('Origin',(0.820000000000001,16.3055926652438,0.));
#9803=CARTESIAN_POINT('',(2.4487641007858,15.8071067811865,1.07220683825064));
#9804=CARTESIAN_POINT('',(2.42819583882872,15.7140913821013,0.928492300457397));
#9805=CARTESIAN_POINT('Ctrl Pts',(2.4487641007858,15.8071067811865,1.07220683825064));
#9806=CARTESIAN_POINT('Ctrl Pts',(2.43822869940628,15.7578308905449,0.998593893078893));
#9807=CARTESIAN_POINT('Ctrl Pts',(2.42819583882872,15.7140913821013,0.928492300457399));
#9808=CARTESIAN_POINT('',(2.56294041042935,15.8071067811865,0.874447668927301));
#9809=CARTESIAN_POINT('Ctrl Pts',(2.42819583883042,15.7140913821025,0.928492300456717));
#9810=CARTESIAN_POINT('Ctrl Pts',(2.49392202917435,15.7578308905455,0.902130216279083));
#9811=CARTESIAN_POINT('Ctrl Pts',(2.56294041042935,15.8071067811865,0.874447668927301));
#9812=CARTESIAN_POINT('Origin',(0.820000000000001,15.8071067811865,0.));
#9813=CARTESIAN_POINT('Origin',(0.820000000000001,16.3055926652438,0.));
#9814=CARTESIAN_POINT('',(1.98382127001617,15.8071067811865,1.56461498505478));
#9815=CARTESIAN_POINT('',(2.01364669284674,15.7140913821013,1.42253273448829));
#9816=CARTESIAN_POINT('Ctrl Pts',(1.98382127001617,15.8071067811865,1.56461498505478));
#9817=CARTESIAN_POINT('Ctrl Pts',(1.99909834114107,15.7578308905449,1.49183812419276));
#9818=CARTESIAN_POINT('Ctrl Pts',(2.01364669284673,15.7140913821013,1.42253273448829));
#9819=CARTESIAN_POINT('',(2.15874952509271,15.8071067811865,1.41783275073757));
#9820=CARTESIAN_POINT('Ctrl Pts',(2.01364669284856,15.7140913821025,1.42253273448823));
#9821=CARTESIAN_POINT('Ctrl Pts',(2.08442547271592,15.7578308905455,1.42024015955966));
#9822=CARTESIAN_POINT('Ctrl Pts',(2.15874952509271,15.8071067811865,1.41783275073757));
#9823=CARTESIAN_POINT('Origin',(0.820000000000001,15.8071067811865,0.));
#9824=CARTESIAN_POINT('Origin',(0.820000000000001,16.3055926652438,0.));
#9825=CARTESIAN_POINT('Origin',(0.820000000000001,15.8071067811865,0.));
#9826=CARTESIAN_POINT('Ctrl Pts',(1.98382127001617,15.8071067811865,-1.56461498505478));
#9827=CARTESIAN_POINT('Ctrl Pts',(1.95109592800607,15.9126617243374,-1.7205118610108));
#9828=CARTESIAN_POINT('Ctrl Pts',(1.91436419213805,16.0458351654626,-1.89549438276717));
#9829=CARTESIAN_POINT('Origin',(0.820000000000001,16.3055926652438,0.));
#9830=CARTESIAN_POINT('',(2.49666321627148,16.0458351654626,-1.40688748638191));
#9831=CARTESIAN_POINT('Ctrl Pts',(2.4487641007858,15.8071067811865,-1.07220683825064));
#9832=CARTESIAN_POINT('Ctrl Pts',(2.47133221024472,15.9126617243374,-1.22989470835477));
#9833=CARTESIAN_POINT('Ctrl Pts',(2.49666321627148,16.0458351654626,-1.40688748638192));
#9834=CARTESIAN_POINT('Ctrl Pts',(2.49666321627149,16.0458351654626,-1.40688748638191));
#9835=CARTESIAN_POINT('Ctrl Pts',(2.31796067320816,15.9126617243374,-1.41267578861978));
#9836=CARTESIAN_POINT('Ctrl Pts',(2.15874952509271,15.8071067811865,-1.41783275073757));
#9837=CARTESIAN_POINT('Origin',(0.820000000000001,15.8071067811865,0.));
#9838=CARTESIAN_POINT('Origin',(0.820000000000001,16.3055926652438,0.));
#9839=CARTESIAN_POINT('',(2.87673191160891,16.0458351654626,-0.74858919569107));
#9840=CARTESIAN_POINT('Ctrl Pts',(2.71725394300266,15.8071067811865,-0.450474722665852));
#9841=CARTESIAN_POINT('Ctrl Pts',(2.79239345686003,15.9126617243374,-0.590934102558418));
#9842=CARTESIAN_POINT('Ctrl Pts',(2.87673191160891,16.0458351654626,-0.748589195691076));
#9843=CARTESIAN_POINT('Ctrl Pts',(2.87673191160891,16.0458351654626,-0.748589195691071));
#9844=CARTESIAN_POINT('Ctrl Pts',(2.71078616653764,15.9126617243374,-0.815148289982054));
#9845=CARTESIAN_POINT('Ctrl Pts',(2.56294041042934,15.8071067811865,-0.874447668927306));
#9846=CARTESIAN_POINT('Origin',(0.820000000000001,15.8071067811865,0.));
#9847=CARTESIAN_POINT('Origin',(0.820000000000001,16.3055926652438,0.));
#9848=CARTESIAN_POINT('',(3.0087283842761,16.0458351654626,5.06422923819336E-16));
#9849=CARTESIAN_POINT('Ctrl Pts',(2.75690695920733,15.8071067811865,0.225591292771281));
#9850=CARTESIAN_POINT('Ctrl Pts',(2.87555494315083,15.9126617243374,0.11930187726499));
#9851=CARTESIAN_POINT('Ctrl Pts',(3.0087283842761,16.0458351654626,-1.97714618863831E-15));
#9852=CARTESIAN_POINT('Ctrl Pts',(3.0087283842761,16.0458351654626,1.61547310535081E-15));
#9853=CARTESIAN_POINT('Ctrl Pts',(2.87555494315083,15.9126617243374,-0.119301877264992));
#9854=CARTESIAN_POINT('Ctrl Pts',(2.75690695920733,15.8071067811865,-0.225591292771283));
#9855=CARTESIAN_POINT('Origin',(0.820000000000001,15.8071067811865,0.));
#9856=CARTESIAN_POINT('Origin',(0.820000000000001,16.3055926652438,0.));
#9857=CARTESIAN_POINT('',(2.87673191160891,16.0458351654626,0.74858919569107));
#9858=CARTESIAN_POINT('Ctrl Pts',(2.56294041042935,15.8071067811865,0.874447668927301));
#9859=CARTESIAN_POINT('Ctrl Pts',(2.71078616653764,15.9126617243374,0.81514828998205));
#9860=CARTESIAN_POINT('Ctrl Pts',(2.87673191160891,16.0458351654626,0.748589195691068));
#9861=CARTESIAN_POINT('Ctrl Pts',(2.87673191160891,16.0458351654626,0.748589195691071));
#9862=CARTESIAN_POINT('Ctrl Pts',(2.79239345686003,15.9126617243374,0.590934102558414));
#9863=CARTESIAN_POINT('Ctrl Pts',(2.71725394300266,15.8071067811865,0.450474722665847));
#9864=CARTESIAN_POINT('Origin',(0.820000000000001,15.8071067811865,0.));
#9865=CARTESIAN_POINT('Origin',(0.820000000000001,16.3055926652438,0.));
#9866=CARTESIAN_POINT('',(2.49666321627148,16.0458351654626,1.40688748638191));
#9867=CARTESIAN_POINT('Ctrl Pts',(2.15874952509271,15.8071067811865,1.41783275073757));
#9868=CARTESIAN_POINT('Ctrl Pts',(2.31796067320816,15.9126617243374,1.41267578861978));
#9869=CARTESIAN_POINT('Ctrl Pts',(2.49666321627148,16.0458351654626,1.40688748638191));
#9870=CARTESIAN_POINT('Ctrl Pts',(2.49666321627148,16.0458351654626,1.40688748638192));
#9871=CARTESIAN_POINT('Ctrl Pts',(2.47133221024472,15.9126617243374,1.22989470835476));
#9872=CARTESIAN_POINT('Ctrl Pts',(2.4487641007858,15.8071067811865,1.07220683825064));
#9873=CARTESIAN_POINT('Origin',(0.820000000000001,15.8071067811865,0.));
#9874=CARTESIAN_POINT('Origin',(0.820000000000001,16.3055926652438,0.));
#9875=CARTESIAN_POINT('Origin',(0.820000000000001,15.8071067811865,0.));
#9876=CARTESIAN_POINT('Origin',(0.820000000000001,16.3055926652438,0.));
#9877=CARTESIAN_POINT('Origin',(0.820000000000001,15.8071067811865,0.));
#9878=CARTESIAN_POINT('Origin',(0.820000000000001,16.3055926652438,0.));
#9879=CARTESIAN_POINT('Origin',(0.820000000000001,15.8071067811865,0.));
#9880=CARTESIAN_POINT('Origin',(0.820000000000001,16.3055926652438,0.));
#9881=CARTESIAN_POINT('Origin',(0.820000000000001,15.8071067811865,0.));
#9882=CARTESIAN_POINT('Origin',(0.820000000000001,16.3055926652438,0.));
#9883=CARTESIAN_POINT('Origin',(0.820000000000001,15.8071067811865,0.));
#9884=CARTESIAN_POINT('Origin',(0.820000000000001,16.3055926652438,0.));
#9885=CARTESIAN_POINT('Origin',(0.820000000000001,15.8071067811865,0.));
#9886=CARTESIAN_POINT('Origin',(0.820000000000001,16.3055926652438,0.));
#9887=CARTESIAN_POINT('Origin',(0.820000000000001,15.8071067811865,0.));
#9888=CARTESIAN_POINT('Origin',(0.820000000000001,16.3055926652438,0.));
#9889=CARTESIAN_POINT('Origin',(0.820000000000001,15.8071067811865,0.));
#9890=CARTESIAN_POINT('Origin',(0.820000000000001,16.3055926652438,0.));
#9891=CARTESIAN_POINT('Origin',(0.820000000000001,15.8071067811865,0.));
#9892=CARTESIAN_POINT('Origin',(0.820000000000001,16.3055926652438,0.));
#9893=CARTESIAN_POINT('Origin',(0.820000000000001,15.8071067811865,0.));
#9894=CARTESIAN_POINT('Origin',(0.820000000000001,16.3055926652438,0.));
#9895=CARTESIAN_POINT('Origin',(0.820000000000001,15.8071067811865,0.));
#9896=CARTESIAN_POINT('Origin',(0.820000000000001,16.3055926652438,0.));
#9897=CARTESIAN_POINT('Origin',(0.820000000000001,15.8071067811865,0.));
#9898=CARTESIAN_POINT('Origin',(0.820000000000001,13.8464466094067,0.));
#9899=CARTESIAN_POINT('',(3.31644660940673,13.8464466094067,-3.05726534945221E-16));
#9900=CARTESIAN_POINT('Origin',(0.820000000000001,14.2171572875254,-1.5181268661011E-16));
#9901=CARTESIAN_POINT('Origin',(0.820000000000001,14.6,0.));
#9902=CARTESIAN_POINT('Origin',(0.820000000000001,14.6414213562373,0.));
#9903=CARTESIAN_POINT('Origin',(0.820000000000001,15.8071067811865,0.));
#9904=CARTESIAN_POINT('Origin',(0.820000000000001,14.6414213562373,0.));
#9905=CARTESIAN_POINT('Origin',(0.820000000000001,14.6,0.));
#9906=CARTESIAN_POINT('Origin',(0.820000000000001,15.8071067811865,0.));
#9907=CARTESIAN_POINT('Origin',(0.820000000000001,16.3055926652438,0.));
#9908=CARTESIAN_POINT('Ctrl Pts',(-0.180000000000004,15.972909292888,-1.8645697274498));
#9909=CARTESIAN_POINT('Ctrl Pts',(-0.226382753327884,16.0082268157374,-1.87977009770504));
#9910=CARTESIAN_POINT('Ctrl Pts',(-0.274364192138053,16.0458351654626,-1.89549438276717));
#9911=CARTESIAN_POINT('Origin',(0.820000000000001,16.3055926652438,0.));
#9912=CARTESIAN_POINT('Ctrl Pts',(1.91436419213805,16.0458351654626,1.89549438276717));
#9913=CARTESIAN_POINT('Ctrl Pts',(1.95109592800607,15.9126617243374,1.7205118610108));
#9914=CARTESIAN_POINT('Ctrl Pts',(1.98382127001617,15.8071067811865,1.56461498505478));
#9915=CARTESIAN_POINT('Origin',(3.39475370939202,21.6,0.540816096907363));
#9916=CARTESIAN_POINT('',(2.87673191160891,21.6,0.74858919569107));
#9917=CARTESIAN_POINT('',(2.42819583882872,21.6,0.928492300457397));
#9918=CARTESIAN_POINT('Origin',(2.47388020229734,21.6,1.24769803568045));
#9919=CARTESIAN_POINT('',(2.49666321627148,21.6,1.40688748638191));
#9920=CARTESIAN_POINT('Origin',(2.8008768827533,21.6,0.606792293264771));
#9921=CARTESIAN_POINT('',(2.64877283220517,21.6,0.322461991904406));
#9922=CARTESIAN_POINT('Origin',(3.42444706003391,21.6,-0.372416737248469));
#9923=CARTESIAN_POINT('',(3.0087283842761,21.6,5.20417042793042E-16));
#9924=CARTESIAN_POINT('Origin',(2.88895057651999,21.6,-0.107301555019121));
#9925=CARTESIAN_POINT('',(2.64877283220517,21.6,-0.322461991904406));
#9926=CARTESIAN_POINT('Origin',(3.14000565769082,21.6,-1.24073061660646));
#9927=CARTESIAN_POINT('',(2.87673191160891,21.6,-0.74858919569107));
#9928=CARTESIAN_POINT('Origin',(2.72747829629988,21.6,-0.808453252165414));
#9929=CARTESIAN_POINT('',(2.42819583882872,21.6,-0.928492300457398));
#9930=CARTESIAN_POINT('Origin',(2.57573733339333,21.6,-1.95939407236802));
#9931=CARTESIAN_POINT('',(2.49666321627148,21.6,-1.40688748638191));
#9932=CARTESIAN_POINT('Origin',(2.33593598216456,21.6,-1.4120935556013));
#9933=CARTESIAN_POINT('',(2.01364669284673,21.6,-1.42253273448829));
#9934=CARTESIAN_POINT('Origin',(1.79970117476527,21.6,-2.44172568542529));
#9935=CARTESIAN_POINT('Origin',(-0.804745885268642,21.6,-2.06930894817682));
#9936=CARTESIAN_POINT('Origin',(1.94740116077213,21.6,1.73811298093121));
#9937=CARTESIAN_POINT('',(2.01364669284674,21.6,1.42253273448829));
#9938=CARTESIAN_POINT('Origin',(3.05450706207974,21.6,1.38881852818064));
#9939=CARTESIAN_POINT('Origin',(1.32,14.6,0.));
#9940=CARTESIAN_POINT('',(1.32,14.5999999999712,-2.40761139173304));
#9941=CARTESIAN_POINT('',(1.32,14.5999999999712,2.40761139173304));
#9942=CARTESIAN_POINT('',(1.32,14.6,0.));
#9943=CARTESIAN_POINT('',(1.32,14.6414213562373,2.39843699104229));
#9944=CARTESIAN_POINT('Ctrl Pts',(1.32,14.6414213562373,2.39843699104229));
#9945=CARTESIAN_POINT('Ctrl Pts',(1.32,14.62916173819,2.39843699104229));
#9946=CARTESIAN_POINT('Ctrl Pts',(1.32,14.6147417447201,2.40135130850083));
#9947=CARTESIAN_POINT('Ctrl Pts',(1.32,14.6023000926831,2.40656936136451));
#9948=CARTESIAN_POINT('Ctrl Pts',(1.32,14.6011527499133,2.40707559353931));
#9949=CARTESIAN_POINT('Ctrl Pts',(1.32,14.5999999999425,2.40761139173304));
#9950=CARTESIAN_POINT('',(1.32,15.6,2.39843699104229));
#9951=CARTESIAN_POINT('',(1.32,14.6,2.39843699104229));
#9952=CARTESIAN_POINT('',(1.32,16.078433429716,2.88543278422464));
#9953=CARTESIAN_POINT('Ctrl Pts',(1.32,16.078433429716,2.88543278422464));
#9954=CARTESIAN_POINT('Ctrl Pts',(1.32,15.8171689470732,2.62027476385709));
#9955=CARTESIAN_POINT('Ctrl Pts',(1.32,15.6,2.39843699104229));
#9956=CARTESIAN_POINT('',(1.31999999999999,21.121566570284,2.88543278422463));
#9957=CARTESIAN_POINT('',(1.32,18.1,2.88543278422464));
#9958=CARTESIAN_POINT('',(1.31999999999999,21.6,2.39843699104229));
#9959=CARTESIAN_POINT('Ctrl Pts',(1.31999999999999,21.6,2.39843699104229));
#9960=CARTESIAN_POINT('Ctrl Pts',(1.31999999999999,21.3828310529271,2.62027476385678));
#9961=CARTESIAN_POINT('Ctrl Pts',(1.31999999999999,21.121566570284,2.88543278422463));
#9962=CARTESIAN_POINT('',(1.31999999999999,21.6,-2.39843699104229));
#9963=CARTESIAN_POINT('',(1.31999999999999,21.6,0.));
#9964=CARTESIAN_POINT('',(1.31999999999999,21.121566570284,-2.88543278422464));
#9965=CARTESIAN_POINT('Ctrl Pts',(1.31999999999999,21.121566570284,-2.88543278422464));
#9966=CARTESIAN_POINT('Ctrl Pts',(1.32,21.3828310529271,-2.62027476385678));
#9967=CARTESIAN_POINT('Ctrl Pts',(1.31999999999999,21.6,-2.39843699104229));
#9968=CARTESIAN_POINT('',(1.32,16.078433429716,-2.88543278422464));
#9969=CARTESIAN_POINT('',(1.32,18.1,-2.88543278422464));
#9970=CARTESIAN_POINT('',(1.32,15.6,-2.39843699104229));
#9971=CARTESIAN_POINT('Ctrl Pts',(1.32,15.6,-2.39843699104229));
#9972=CARTESIAN_POINT('Ctrl Pts',(1.32,15.8171689470732,-2.62027476385709));
#9973=CARTESIAN_POINT('Ctrl Pts',(1.32,16.078433429716,-2.88543278422464));
#9974=CARTESIAN_POINT('',(1.32,14.6414213562373,-2.39843699104229));
#9975=CARTESIAN_POINT('',(1.32,14.6,-2.39843699104229));
#9976=CARTESIAN_POINT('Ctrl Pts',(1.32,14.5999999999425,-2.40761139173304));
#9977=CARTESIAN_POINT('Ctrl Pts',(1.32,14.6011527499133,-2.40707559353931));
#9978=CARTESIAN_POINT('Ctrl Pts',(1.32,14.6023000926831,-2.40656936136451));
#9979=CARTESIAN_POINT('Ctrl Pts',(1.32,14.6147417447201,-2.40135130850083));
#9980=CARTESIAN_POINT('Ctrl Pts',(1.32,14.62916173819,-2.39843699104229));
#9981=CARTESIAN_POINT('Ctrl Pts',(1.32,14.6414213562373,-2.39843699104229));
#9982=CARTESIAN_POINT('Origin',(0.820000000000001,14.6,0.));
#9983=CARTESIAN_POINT('',(0.319999999999997,14.6414213562373,2.39843699104229));
#9984=CARTESIAN_POINT('',(0.319999999999997,14.6414213562373,-2.39843699104229));
#9985=CARTESIAN_POINT('Origin',(0.820000000000001,14.6414213562373,0.));
#9986=CARTESIAN_POINT('',(0.319999999999997,15.6,2.39843699104229));
#9987=CARTESIAN_POINT('',(0.319999999999997,14.6,2.39843699104229));
#9988=CARTESIAN_POINT('',(0.319999999999997,15.6,-2.39843699104229));
#9989=CARTESIAN_POINT('Origin',(0.820000000000001,15.6,0.));
#9990=CARTESIAN_POINT('',(0.319999999999997,14.6,-2.39843699104229));
#9991=CARTESIAN_POINT('Origin',(0.820000000000001,14.6414213562373,0.));
#9992=CARTESIAN_POINT('Origin',(0.820000000000001,14.6414213562373,0.));
#9993=CARTESIAN_POINT('',(0.82,14.6,2.45898202788755));
#9994=CARTESIAN_POINT('Origin',(0.820000000000001,14.6,0.));
#9995=CARTESIAN_POINT('',(0.82,14.5707106781187,2.47928932188134));
#9996=CARTESIAN_POINT('Origin',(0.82,14.6414213562373,2.55));
#9997=CARTESIAN_POINT('',(3.29928932188135,14.5707106781187,-3.0362537322022E-16));
#9998=CARTESIAN_POINT('Origin',(0.820000000000001,14.5707106781187,-1.5181268661011E-16));
#9999=CARTESIAN_POINT('Origin',(0.820000000000001,14.5707106781187,-1.5181268661011E-16));
#10000=CARTESIAN_POINT('',(0.319999999999997,14.5999999999712,2.40761139173304));
#10001=CARTESIAN_POINT('Origin',(0.820000000000001,14.6,0.));
#10002=CARTESIAN_POINT('Ctrl Pts',(0.319999999999997,14.5999999999662,2.40761139172201));
#10003=CARTESIAN_POINT('Ctrl Pts',(0.319999999999997,14.6011527499291,2.40707559353236));
#10004=CARTESIAN_POINT('Ctrl Pts',(0.319999999999997,14.6023000926909,2.40656936136124));
#10005=CARTESIAN_POINT('Ctrl Pts',(0.319999999999997,14.6147417447201,2.40135130850083));
#10006=CARTESIAN_POINT('Ctrl Pts',(0.319999999999997,14.62916173819,2.39843699104229));
#10007=CARTESIAN_POINT('Ctrl Pts',(0.319999999999997,14.6414213562373,2.39843699104229));
#10008=CARTESIAN_POINT('',(0.319999999999997,14.5999999999712,-2.40761139173304));
#10009=CARTESIAN_POINT('Ctrl Pts',(0.319999999999997,14.6414213562373,-2.39843699104229));
#10010=CARTESIAN_POINT('Ctrl Pts',(0.319999999999997,14.62916173819,-2.39843699104229));
#10011=CARTESIAN_POINT('Ctrl Pts',(0.319999999999997,14.6147417447201,-2.40135130850083));
#10012=CARTESIAN_POINT('Ctrl Pts',(0.319999999999997,14.6023000926908,-2.40656936136126));
#10013=CARTESIAN_POINT('Ctrl Pts',(0.319999999999997,14.601152749929,-2.40707559353241));
#10014=CARTESIAN_POINT('Ctrl Pts',(0.319999999999997,14.5999999999661,-2.40761139172208));
#10015=CARTESIAN_POINT('Origin',(0.820000000000001,14.6,0.));
#10016=CARTESIAN_POINT('Origin',(0.820000000000001,14.2,0.));
#10017=CARTESIAN_POINT('',(4.04071067811866,13.8292893218813,-6.16297582203915E-32));
#10018=CARTESIAN_POINT('',(3.67,14.2,-3.49024337756996E-16));
#10019=CARTESIAN_POINT('',(0.82,13.8292893218813,-3.22071067811865));
#10020=CARTESIAN_POINT('Origin',(0.820000000000001,13.8292893218813,-1.97211651146886E-16));
#10021=CARTESIAN_POINT('Origin',(0.820000000000001,13.8292893218813,-1.97211651146886E-16));
#10022=CARTESIAN_POINT('Origin',(0.820000000000001,13.7585786437627,0.));
#10023=CARTESIAN_POINT('Origin',(0.82,13.7585786437627,-3.15));
#10024=CARTESIAN_POINT('Origin',(0.319999999999995,21.9498055883752,0.));
#10025=CARTESIAN_POINT('',(0.319999999999997,14.6,0.));
#10026=CARTESIAN_POINT('',(0.319999999999996,16.078433429716,-2.88543278422464));
#10027=CARTESIAN_POINT('Ctrl Pts',(0.319999999999996,16.078433429716,-2.88543278422464));
#10028=CARTESIAN_POINT('Ctrl Pts',(0.319999999999996,15.8171689470664,-2.62027476385012));
#10029=CARTESIAN_POINT('Ctrl Pts',(0.319999999999997,15.6,-2.39843699104229));
#10030=CARTESIAN_POINT('',(0.319999999999995,21.121566570284,-2.88543278422464));
#10031=CARTESIAN_POINT('',(0.319999999999995,21.7749027941876,-2.88543278422464));
#10032=CARTESIAN_POINT('',(0.319999999999995,21.6,-2.39843699104229));
#10033=CARTESIAN_POINT('Ctrl Pts',(0.319999999999995,21.6,-2.39843699104229));
#10034=CARTESIAN_POINT('Ctrl Pts',(0.319999999999995,21.3828310529269,-2.62027476385699));
#10035=CARTESIAN_POINT('Ctrl Pts',(0.319999999999995,21.121566570284,-2.88543278422464));
#10036=CARTESIAN_POINT('',(0.319999999999995,21.6,2.39843699104229));
#10037=CARTESIAN_POINT('',(0.319999999999995,21.6,0.));
#10038=CARTESIAN_POINT('',(0.319999999999995,21.121566570284,2.88543278422464));
#10039=CARTESIAN_POINT('Ctrl Pts',(0.319999999999995,21.121566570284,2.88543278422464));
#10040=CARTESIAN_POINT('Ctrl Pts',(0.319999999999995,21.3828310529269,2.62027476385699));
#10041=CARTESIAN_POINT('Ctrl Pts',(0.319999999999995,21.6,2.39843699104229));
#10042=CARTESIAN_POINT('',(0.319999999999996,16.078433429716,2.88543278422464));
#10043=CARTESIAN_POINT('',(0.319999999999995,21.7749027941876,2.88543278422465));
#10044=CARTESIAN_POINT('Ctrl Pts',(0.319999999999997,15.6,2.39843699104229));
#10045=CARTESIAN_POINT('Ctrl Pts',(0.319999999999996,15.8171689470664,2.62027476385012));
#10046=CARTESIAN_POINT('Ctrl Pts',(0.319999999999996,16.078433429716,2.88543278422464));
#10047=CARTESIAN_POINT('Origin',(0.319999999999997,14.6,0.));
#10048=CARTESIAN_POINT('Origin',(1.33019089374155,21.6,2.89343634021095));
#10049=CARTESIAN_POINT('',(1.33019089374155,16.0880722596475,2.89343634021095));
#10050=CARTESIAN_POINT('Ctrl Pts',(1.32,16.078433429716,2.88543278422464));
#10051=CARTESIAN_POINT('Ctrl Pts',(1.32508707491165,16.0832385336734,2.88942798718667));
#10052=CARTESIAN_POINT('Ctrl Pts',(1.33019089374155,16.0880722596475,2.89343634021095));
#10053=CARTESIAN_POINT('',(1.33019089374155,21.1119277403525,2.89343634021095));
#10054=CARTESIAN_POINT('',(1.33019089374155,21.6,2.89343634021095));
#10055=CARTESIAN_POINT('Ctrl Pts',(1.33019089374155,21.1119277403525,2.89343634021095));
#10056=CARTESIAN_POINT('Ctrl Pts',(1.32508707491165,21.1167614663266,2.88942798718667));
#10057=CARTESIAN_POINT('Ctrl Pts',(1.31999999999999,21.121566570284,2.88543278422463));
#10058=CARTESIAN_POINT('Origin',(0.820000000000001,14.6,0.));
#10059=CARTESIAN_POINT('Origin',(0.820000000000001,15.6,0.));
#10060=CARTESIAN_POINT('Origin',(0.875227388254593,21.6,2.44937745878143));
#10061=CARTESIAN_POINT('',(0.309809106258454,21.1119277403525,2.89343634021095));
#10062=CARTESIAN_POINT('Ctrl Pts',(0.319999999999995,21.121566570284,2.88543278422464));
#10063=CARTESIAN_POINT('Ctrl Pts',(0.314912925088346,21.1167614663266,2.88942798718667));
#10064=CARTESIAN_POINT('Ctrl Pts',(0.309809106258454,21.1119277403525,2.89343634021095));
#10065=CARTESIAN_POINT('',(0.309809106258454,16.0880722596475,2.89343634021095));
#10066=CARTESIAN_POINT('',(0.309809106258454,21.6,2.89343634021095));
#10067=CARTESIAN_POINT('Ctrl Pts',(0.309809106258454,16.0880722596475,2.89343634021095));
#10068=CARTESIAN_POINT('Ctrl Pts',(0.314912925088346,16.0832385336734,2.88942798718667));
#10069=CARTESIAN_POINT('Ctrl Pts',(0.319999999999996,16.078433429716,2.88543278422464));
#10070=CARTESIAN_POINT('Origin',(0.820000000000001,15.9520392746505,0.));
#10071=CARTESIAN_POINT('',(-0.0325710658443402,15.6427510337674,2.34241975188769));
#10072=CARTESIAN_POINT('Ctrl Pts',(-0.0325710658443402,15.6427510337674,
2.34241975188769));
#10073=CARTESIAN_POINT('Ctrl Pts',(0.124581631240387,15.8266658212479,2.59533668472756));
#10074=CARTESIAN_POINT('Ctrl Pts',(0.309809106258454,16.0880722596475,2.89343634021095));
#10075=CARTESIAN_POINT('',(-0.649036129823746,16.0880722596475,2.54444521500908));
#10076=CARTESIAN_POINT('Ctrl Pts',(-0.649036129823746,16.0880722596475,
2.54444521500908));
#10077=CARTESIAN_POINT('Ctrl Pts',(-0.315528886876651,15.8266658212479,
2.43514955634548));
#10078=CARTESIAN_POINT('Ctrl Pts',(-0.0325710658443402,15.6427510337674,
2.34241975188769));
#10079=CARTESIAN_POINT('',(-0.782309478539008,15.6427510337674,1.90955807749662));
#10080=CARTESIAN_POINT('Ctrl Pts',(-0.782309478539008,15.6427510337674,
1.90955807749662));
#10081=CARTESIAN_POINT('Ctrl Pts',(-0.721136934371268,15.8266658212479,
2.20097164093898));
#10082=CARTESIAN_POINT('Ctrl Pts',(-0.649036129823746,16.0880722596475,
2.54444521500908));
#10083=CARTESIAN_POINT('',(-1.43069392798498,16.0880722596475,1.88855644486514));
#10084=CARTESIAN_POINT('Ctrl Pts',(-1.43069392798498,16.0880722596475,1.88855644486514));
#10085=CARTESIAN_POINT('Ctrl Pts',(-1.07991831596794,15.8266658212479,1.89991831596794));
#10086=CARTESIAN_POINT('Ctrl Pts',(-0.782309478539008,15.6427510337674,
1.90955807749662));
#10087=CARTESIAN_POINT('',(-1.3387857205525,15.6427510337674,1.24637551688371));
#10088=CARTESIAN_POINT('Ctrl Pts',(-1.3387857205525,15.6427510337674,1.24637551688371));
#10089=CARTESIAN_POINT('Ctrl Pts',(-1.38097164093898,15.8266658212479,1.54113693437127));
#10090=CARTESIAN_POINT('Ctrl Pts',(-1.43069392798498,16.0880722596475,1.88855644486514));
#10091=CARTESIAN_POINT('',(-1.94088482172653,16.0880722596475,1.00487989534581));
#10092=CARTESIAN_POINT('Ctrl Pts',(-1.94088482172653,16.0880722596475,1.00487989534581));
#10093=CARTESIAN_POINT('Ctrl Pts',(-1.61514955634548,15.8266658212479,1.13552888687665));
#10094=CARTESIAN_POINT('Ctrl Pts',(-1.3387857205525,15.6427510337674,1.24637551688371));
#10095=CARTESIAN_POINT('',(-1.63488054438335,15.6427510337674,0.43286167439107));
#10096=CARTESIAN_POINT('Ctrl Pts',(-1.63488054438335,15.6427510337674,0.43286167439107));
#10097=CARTESIAN_POINT('Ctrl Pts',(-1.77533668472755,15.8266658212479,0.695418368759619));
#10098=CARTESIAN_POINT('Ctrl Pts',(-1.94088482172653,16.0880722596475,1.00487989534581));
#10099=CARTESIAN_POINT('',(-2.11807225964749,16.0880722596475,0.));
#10100=CARTESIAN_POINT('Ctrl Pts',(-2.11807225964749,16.0880722596475,0.));
#10101=CARTESIAN_POINT('Ctrl Pts',(-1.85666582124791,15.8266658212479,0.2341779154065));
#10102=CARTESIAN_POINT('Ctrl Pts',(-1.63488054438335,15.6427510337674,0.43286167439107));
#10103=CARTESIAN_POINT('',(-1.63488054438335,15.6427510337674,-0.432861674391069));
#10104=CARTESIAN_POINT('Ctrl Pts',(-1.63488054438335,15.6427510337674,-0.432861674391069));
#10105=CARTESIAN_POINT('Ctrl Pts',(-1.85666582124792,15.8266658212479,-0.234177915406494));
#10106=CARTESIAN_POINT('Ctrl Pts',(-2.11807225964749,16.0880722596475,0.));
#10107=CARTESIAN_POINT('',(-1.94088482172653,16.0880722596475,-1.00487989534581));
#10108=CARTESIAN_POINT('Ctrl Pts',(-1.94088482172653,16.0880722596475,-1.00487989534581));
#10109=CARTESIAN_POINT('Ctrl Pts',(-1.77533668472755,15.8266658212479,-0.695418368759618));
#10110=CARTESIAN_POINT('Ctrl Pts',(-1.63488054438335,15.6427510337674,-0.432861674391069));
#10111=CARTESIAN_POINT('',(-1.3387857205525,15.6427510337674,-1.24637551688371));
#10112=CARTESIAN_POINT('Ctrl Pts',(-1.3387857205525,15.6427510337674,-1.24637551688371));
#10113=CARTESIAN_POINT('Ctrl Pts',(-1.61514955634548,15.8266658212479,-1.13552888687664));
#10114=CARTESIAN_POINT('Ctrl Pts',(-1.94088482172653,16.0880722596475,-1.00487989534581));
#10115=CARTESIAN_POINT('',(-1.43069392798498,16.0880722596475,-1.88855644486514));
#10116=CARTESIAN_POINT('Ctrl Pts',(-1.43069392798498,16.0880722596475,-1.88855644486514));
#10117=CARTESIAN_POINT('Ctrl Pts',(-1.38097164093898,15.8266658212479,-1.54113693437127));
#10118=CARTESIAN_POINT('Ctrl Pts',(-1.3387857205525,15.6427510337674,-1.24637551688371));
#10119=CARTESIAN_POINT('',(-0.782309478539008,15.6427510337674,-1.90955807749662));
#10120=CARTESIAN_POINT('Ctrl Pts',(-0.782309478539008,15.6427510337674,
-1.90955807749662));
#10121=CARTESIAN_POINT('Ctrl Pts',(-1.07991831596794,15.8266658212479,-1.89991831596794));
#10122=CARTESIAN_POINT('Ctrl Pts',(-1.43069392798498,16.0880722596475,-1.88855644486514));
#10123=CARTESIAN_POINT('',(-0.649036129823746,16.0880722596475,-2.54444521500908));
#10124=CARTESIAN_POINT('Ctrl Pts',(-0.649036129823746,16.0880722596475,
-2.54444521500908));
#10125=CARTESIAN_POINT('Ctrl Pts',(-0.721136934371267,15.8266658212479,
-2.20097164093898));
#10126=CARTESIAN_POINT('Ctrl Pts',(-0.782309478539008,15.6427510337674,
-1.90955807749662));
#10127=CARTESIAN_POINT('',(-0.0325710658443407,15.6427510337674,-2.34241975188769));
#10128=CARTESIAN_POINT('Ctrl Pts',(-0.0325710658443407,15.6427510337674,
-2.34241975188769));
#10129=CARTESIAN_POINT('Ctrl Pts',(-0.315528886876646,15.8266658212479,
-2.43514955634548));
#10130=CARTESIAN_POINT('Ctrl Pts',(-0.649036129823746,16.0880722596475,
-2.54444521500908));
#10131=CARTESIAN_POINT('',(0.309809106258453,16.0880722596475,-2.89343634021095));
#10132=CARTESIAN_POINT('Ctrl Pts',(0.309809106258453,16.0880722596475,-2.89343634021095));
#10133=CARTESIAN_POINT('Ctrl Pts',(0.124581631240387,15.8266658212479,-2.59533668472756));
#10134=CARTESIAN_POINT('Ctrl Pts',(-0.0325710658443407,15.6427510337674,
-2.34241975188769));
#10135=CARTESIAN_POINT('Ctrl Pts',(0.319999999999996,16.078433429716,-2.88543278422464));
#10136=CARTESIAN_POINT('Ctrl Pts',(0.314912925088345,16.0832385336734,-2.88942798718667));
#10137=CARTESIAN_POINT('Ctrl Pts',(0.309809106258453,16.0880722596475,-2.89343634021095));
#10138=CARTESIAN_POINT('Origin',(0.820000000000001,15.9520392746505,0.));
#10139=CARTESIAN_POINT('',(1.33019089374155,16.0880722596475,-2.89343634021095));
#10140=CARTESIAN_POINT('Ctrl Pts',(1.33019089374155,16.0880722596475,-2.89343634021095));
#10141=CARTESIAN_POINT('Ctrl Pts',(1.32508707491165,16.0832385336734,-2.88942798718667));
#10142=CARTESIAN_POINT('Ctrl Pts',(1.32,16.078433429716,-2.88543278422464));
#10143=CARTESIAN_POINT('',(1.67257106584434,15.6427510337674,-2.34241975188769));
#10144=CARTESIAN_POINT('Ctrl Pts',(1.67257106584434,15.6427510337674,-2.34241975188769));
#10145=CARTESIAN_POINT('Ctrl Pts',(1.51541836875961,15.8266658212479,-2.59533668472756));
#10146=CARTESIAN_POINT('Ctrl Pts',(1.33019089374155,16.0880722596475,-2.89343634021095));
#10147=CARTESIAN_POINT('',(2.28903612982375,16.0880722596475,-2.54444521500908));
#10148=CARTESIAN_POINT('Ctrl Pts',(2.28903612982375,16.0880722596475,-2.54444521500908));
#10149=CARTESIAN_POINT('Ctrl Pts',(1.95552888687665,15.8266658212479,-2.43514955634548));
#10150=CARTESIAN_POINT('Ctrl Pts',(1.67257106584434,15.6427510337674,-2.34241975188769));
#10151=CARTESIAN_POINT('',(2.42230947853901,15.6427510337674,-1.90955807749662));
#10152=CARTESIAN_POINT('Ctrl Pts',(2.42230947853901,15.6427510337674,-1.90955807749662));
#10153=CARTESIAN_POINT('Ctrl Pts',(2.36113693437127,15.8266658212479,-2.20097164093899));
#10154=CARTESIAN_POINT('Ctrl Pts',(2.28903612982375,16.0880722596475,-2.54444521500908));
#10155=CARTESIAN_POINT('',(3.07069392798498,16.0880722596475,-1.88855644486514));
#10156=CARTESIAN_POINT('Ctrl Pts',(3.07069392798498,16.0880722596475,-1.88855644486514));
#10157=CARTESIAN_POINT('Ctrl Pts',(2.71991831596794,15.8266658212479,-1.89991831596794));
#10158=CARTESIAN_POINT('Ctrl Pts',(2.42230947853901,15.6427510337674,-1.90955807749662));
#10159=CARTESIAN_POINT('',(2.97878572055251,15.6427510337674,-1.24637551688371));
#10160=CARTESIAN_POINT('Ctrl Pts',(2.97878572055251,15.6427510337674,-1.24637551688371));
#10161=CARTESIAN_POINT('Ctrl Pts',(3.02097164093898,15.8266658212479,-1.54113693437127));
#10162=CARTESIAN_POINT('Ctrl Pts',(3.07069392798498,16.0880722596475,-1.88855644486514));
#10163=CARTESIAN_POINT('',(3.58088482172653,16.0880722596475,-1.00487989534581));
#10164=CARTESIAN_POINT('Ctrl Pts',(3.58088482172653,16.0880722596475,-1.00487989534581));
#10165=CARTESIAN_POINT('Ctrl Pts',(3.25514955634548,15.8266658212479,-1.13552888687664));
#10166=CARTESIAN_POINT('Ctrl Pts',(2.97878572055251,15.6427510337674,-1.24637551688371));
#10167=CARTESIAN_POINT('',(3.27488054438335,15.6427510337674,-0.432861674391069));
#10168=CARTESIAN_POINT('Ctrl Pts',(3.27488054438335,15.6427510337674,-0.432861674391069));
#10169=CARTESIAN_POINT('Ctrl Pts',(3.41533668472756,15.8266658212479,-0.695418368759623));
#10170=CARTESIAN_POINT('Ctrl Pts',(3.58088482172653,16.0880722596475,-1.00487989534581));
#10171=CARTESIAN_POINT('',(3.75807225964749,16.0880722596475,0.));
#10172=CARTESIAN_POINT('Ctrl Pts',(3.75807225964749,16.0880722596475,0.));
#10173=CARTESIAN_POINT('Ctrl Pts',(3.49666582124791,15.8266658212479,-0.234177915406501));
#10174=CARTESIAN_POINT('Ctrl Pts',(3.27488054438335,15.6427510337674,-0.432861674391069));
#10175=CARTESIAN_POINT('',(3.27488054438335,15.6427510337674,0.432861674391069));
#10176=CARTESIAN_POINT('Ctrl Pts',(3.27488054438335,15.6427510337674,0.432861674391069));
#10177=CARTESIAN_POINT('Ctrl Pts',(3.49666582124791,15.8266658212479,0.234177915406501));
#10178=CARTESIAN_POINT('Ctrl Pts',(3.75807225964749,16.0880722596475,0.));
#10179=CARTESIAN_POINT('',(3.58088482172653,16.0880722596475,1.00487989534581));
#10180=CARTESIAN_POINT('Ctrl Pts',(3.58088482172653,16.0880722596475,1.00487989534581));
#10181=CARTESIAN_POINT('Ctrl Pts',(3.41533668472755,15.8266658212479,0.695418368759615));
#10182=CARTESIAN_POINT('Ctrl Pts',(3.27488054438335,15.6427510337674,0.432861674391069));
#10183=CARTESIAN_POINT('',(2.97878572055251,15.6427510337674,1.24637551688371));
#10184=CARTESIAN_POINT('Ctrl Pts',(2.97878572055251,15.6427510337674,1.24637551688371));
#10185=CARTESIAN_POINT('Ctrl Pts',(3.25514955634548,15.8266658212479,1.13552888687664));
#10186=CARTESIAN_POINT('Ctrl Pts',(3.58088482172653,16.0880722596475,1.00487989534581));
#10187=CARTESIAN_POINT('',(3.07069392798498,16.0880722596475,1.88855644486514));
#10188=CARTESIAN_POINT('Ctrl Pts',(3.07069392798498,16.0880722596475,1.88855644486514));
#10189=CARTESIAN_POINT('Ctrl Pts',(3.02097164093898,15.8266658212479,1.54113693437127));
#10190=CARTESIAN_POINT('Ctrl Pts',(2.97878572055251,15.6427510337674,1.24637551688371));
#10191=CARTESIAN_POINT('',(2.42230947853901,15.6427510337674,1.90955807749662));
#10192=CARTESIAN_POINT('Ctrl Pts',(2.42230947853901,15.6427510337674,1.90955807749662));
#10193=CARTESIAN_POINT('Ctrl Pts',(2.71991831596794,15.8266658212479,1.89991831596794));
#10194=CARTESIAN_POINT('Ctrl Pts',(3.07069392798498,16.0880722596475,1.88855644486514));
#10195=CARTESIAN_POINT('',(2.28903612982375,16.0880722596475,2.54444521500908));
#10196=CARTESIAN_POINT('Ctrl Pts',(2.28903612982375,16.0880722596475,2.54444521500908));
#10197=CARTESIAN_POINT('Ctrl Pts',(2.36113693437127,15.8266658212479,2.20097164093898));
#10198=CARTESIAN_POINT('Ctrl Pts',(2.42230947853901,15.6427510337674,1.90955807749662));
#10199=CARTESIAN_POINT('',(1.67257106584434,15.6427510337674,2.34241975188769));
#10200=CARTESIAN_POINT('Ctrl Pts',(1.67257106584434,15.6427510337674,2.34241975188769));
#10201=CARTESIAN_POINT('Ctrl Pts',(1.95552888687665,15.8266658212479,2.43514955634548));
#10202=CARTESIAN_POINT('Ctrl Pts',(2.28903612982375,16.0880722596475,2.54444521500908));
#10203=CARTESIAN_POINT('Ctrl Pts',(1.33019089374155,16.0880722596475,2.89343634021095));
#10204=CARTESIAN_POINT('Ctrl Pts',(1.51541836875962,15.8266658212479,2.59533668472755));
#10205=CARTESIAN_POINT('Ctrl Pts',(1.67257106584434,15.6427510337674,2.34241975188769));
#10206=CARTESIAN_POINT('Origin',(0.820000000000001,21.6,0.));
#10207=CARTESIAN_POINT('Origin',(0.820000000000001,21.6,0.));
#10208=CARTESIAN_POINT('Origin',(0.820000000000001,21.2456751003058,0.));
#10209=CARTESIAN_POINT('',(0.309809106258453,21.1119277403525,-2.89343634021095));
#10210=CARTESIAN_POINT('Ctrl Pts',(0.309809106258453,21.1119277403525,-2.89343634021095));
#10211=CARTESIAN_POINT('Ctrl Pts',(0.314912925088344,21.1167614663266,-2.88942798718667));
#10212=CARTESIAN_POINT('Ctrl Pts',(0.319999999999995,21.121566570284,-2.88543278422464));
#10213=CARTESIAN_POINT('',(-0.0325710658443408,21.5572489662326,-2.34241975188769));
#10214=CARTESIAN_POINT('Ctrl Pts',(-0.0325710658443408,21.5572489662326,
-2.34241975188769));
#10215=CARTESIAN_POINT('Ctrl Pts',(0.12458163124038,21.3733341787521,-2.59533668472755));
#10216=CARTESIAN_POINT('Ctrl Pts',(0.309809106258453,21.1119277403525,-2.89343634021095));
#10217=CARTESIAN_POINT('',(-0.649036129823746,21.1119277403525,-2.54444521500908));
#10218=CARTESIAN_POINT('Ctrl Pts',(-0.649036129823746,21.1119277403525,
-2.54444521500908));
#10219=CARTESIAN_POINT('Ctrl Pts',(-0.315528886876643,21.3733341787521,
-2.43514955634548));
#10220=CARTESIAN_POINT('Ctrl Pts',(-0.0325710658443408,21.5572489662326,
-2.34241975188769));
#10221=CARTESIAN_POINT('',(-0.782309478539008,21.5572489662326,-1.90955807749662));
#10222=CARTESIAN_POINT('Ctrl Pts',(-0.782309478539008,21.5572489662326,
-1.90955807749662));
#10223=CARTESIAN_POINT('Ctrl Pts',(-0.721136934371267,21.3733341787521,
-2.20097164093899));
#10224=CARTESIAN_POINT('Ctrl Pts',(-0.649036129823746,21.1119277403525,
-2.54444521500908));
#10225=CARTESIAN_POINT('',(-1.43069392798498,21.1119277403525,-1.88855644486514));
#10226=CARTESIAN_POINT('Ctrl Pts',(-1.43069392798498,21.1119277403525,-1.88855644486514));
#10227=CARTESIAN_POINT('Ctrl Pts',(-1.07991831596794,21.3733341787521,-1.89991831596794));
#10228=CARTESIAN_POINT('Ctrl Pts',(-0.782309478539008,21.5572489662326,
-1.90955807749662));
#10229=CARTESIAN_POINT('',(-1.3387857205525,21.5572489662326,-1.24637551688371));
#10230=CARTESIAN_POINT('Ctrl Pts',(-1.3387857205525,21.5572489662326,-1.24637551688371));
#10231=CARTESIAN_POINT('Ctrl Pts',(-1.38097164093898,21.3733341787521,-1.54113693437127));
#10232=CARTESIAN_POINT('Ctrl Pts',(-1.43069392798498,21.1119277403525,-1.88855644486514));
#10233=CARTESIAN_POINT('',(-1.94088482172653,21.1119277403525,-1.00487989534581));
#10234=CARTESIAN_POINT('Ctrl Pts',(-1.94088482172653,21.1119277403525,-1.00487989534581));
#10235=CARTESIAN_POINT('Ctrl Pts',(-1.61514955634548,21.3733341787521,-1.13552888687664));
#10236=CARTESIAN_POINT('Ctrl Pts',(-1.3387857205525,21.5572489662326,-1.24637551688371));
#10237=CARTESIAN_POINT('',(-1.63488054438335,21.5572489662326,-0.432861674391069));
#10238=CARTESIAN_POINT('Ctrl Pts',(-1.63488054438335,21.5572489662326,-0.432861674391069));
#10239=CARTESIAN_POINT('Ctrl Pts',(-1.77533668472756,21.3733341787521,-0.69541836875962));
#10240=CARTESIAN_POINT('Ctrl Pts',(-1.94088482172653,21.1119277403525,-1.00487989534581));
#10241=CARTESIAN_POINT('',(-2.11807225964749,21.1119277403525,0.));
#10242=CARTESIAN_POINT('Ctrl Pts',(-2.11807225964749,21.1119277403525,0.));
#10243=CARTESIAN_POINT('Ctrl Pts',(-1.85666582124791,21.3733341787521,-0.234177915406496));
#10244=CARTESIAN_POINT('Ctrl Pts',(-1.63488054438335,21.5572489662326,-0.432861674391069));
#10245=CARTESIAN_POINT('',(-1.63488054438335,21.5572489662326,0.43286167439107));
#10246=CARTESIAN_POINT('Ctrl Pts',(-1.63488054438335,21.5572489662326,0.43286167439107));
#10247=CARTESIAN_POINT('Ctrl Pts',(-1.85666582124792,21.3733341787521,0.234177915406494));
#10248=CARTESIAN_POINT('Ctrl Pts',(-2.11807225964749,21.1119277403525,0.));
#10249=CARTESIAN_POINT('',(-1.94088482172653,21.1119277403525,1.00487989534581));
#10250=CARTESIAN_POINT('Ctrl Pts',(-1.94088482172653,21.1119277403525,1.00487989534581));
#10251=CARTESIAN_POINT('Ctrl Pts',(-1.77533668472756,21.3733341787521,0.695418368759621));
#10252=CARTESIAN_POINT('Ctrl Pts',(-1.63488054438335,21.5572489662326,0.43286167439107));
#10253=CARTESIAN_POINT('',(-1.3387857205525,21.5572489662326,1.24637551688371));
#10254=CARTESIAN_POINT('Ctrl Pts',(-1.3387857205525,21.5572489662326,1.24637551688371));
#10255=CARTESIAN_POINT('Ctrl Pts',(-1.61514955634547,21.3733341787521,1.13552888687665));
#10256=CARTESIAN_POINT('Ctrl Pts',(-1.94088482172653,21.1119277403525,1.00487989534581));
#10257=CARTESIAN_POINT('',(-1.43069392798498,21.1119277403525,1.88855644486514));
#10258=CARTESIAN_POINT('Ctrl Pts',(-1.43069392798498,21.1119277403525,1.88855644486514));
#10259=CARTESIAN_POINT('Ctrl Pts',(-1.38097164093898,21.3733341787521,1.54113693437127));
#10260=CARTESIAN_POINT('Ctrl Pts',(-1.3387857205525,21.5572489662326,1.24637551688371));
#10261=CARTESIAN_POINT('',(-0.782309478539008,21.5572489662326,1.90955807749662));
#10262=CARTESIAN_POINT('Ctrl Pts',(-0.782309478539008,21.5572489662326,
1.90955807749662));
#10263=CARTESIAN_POINT('Ctrl Pts',(-1.07991831596794,21.3733341787521,1.89991831596794));
#10264=CARTESIAN_POINT('Ctrl Pts',(-1.43069392798498,21.1119277403525,1.88855644486514));
#10265=CARTESIAN_POINT('',(-0.649036129823746,21.1119277403525,2.54444521500908));
#10266=CARTESIAN_POINT('Ctrl Pts',(-0.649036129823746,21.1119277403525,
2.54444521500908));
#10267=CARTESIAN_POINT('Ctrl Pts',(-0.721136934371268,21.3733341787521,
2.20097164093898));
#10268=CARTESIAN_POINT('Ctrl Pts',(-0.782309478539008,21.5572489662326,
1.90955807749662));
#10269=CARTESIAN_POINT('',(-0.0325710658443402,21.5572489662326,2.34241975188769));
#10270=CARTESIAN_POINT('Ctrl Pts',(-0.0325710658443402,21.5572489662326,
2.34241975188769));
#10271=CARTESIAN_POINT('Ctrl Pts',(-0.315528886876653,21.3733341787521,
2.43514955634548));
#10272=CARTESIAN_POINT('Ctrl Pts',(-0.649036129823746,21.1119277403525,
2.54444521500908));
#10273=CARTESIAN_POINT('Ctrl Pts',(0.309809106258454,21.1119277403525,2.89343634021095));
#10274=CARTESIAN_POINT('Ctrl Pts',(0.124581631240385,21.3733341787521,2.59533668472755));
#10275=CARTESIAN_POINT('Ctrl Pts',(-0.0325710658443402,21.5572489662326,
2.34241975188769));
#10276=CARTESIAN_POINT('Origin',(0.820000000000001,21.2456751003058,0.));
#10277=CARTESIAN_POINT('',(1.67257106584434,21.5572489662326,2.34241975188769));
#10278=CARTESIAN_POINT('Ctrl Pts',(1.67257106584434,21.5572489662326,2.34241975188769));
#10279=CARTESIAN_POINT('Ctrl Pts',(1.51541836875961,21.3733341787521,2.59533668472756));
#10280=CARTESIAN_POINT('Ctrl Pts',(1.33019089374155,21.1119277403525,2.89343634021095));
#10281=CARTESIAN_POINT('',(2.28903612982375,21.1119277403525,2.54444521500908));
#10282=CARTESIAN_POINT('Ctrl Pts',(2.28903612982375,21.1119277403525,2.54444521500908));
#10283=CARTESIAN_POINT('Ctrl Pts',(1.95552888687665,21.3733341787521,2.43514955634548));
#10284=CARTESIAN_POINT('Ctrl Pts',(1.67257106584434,21.5572489662326,2.34241975188769));
#10285=CARTESIAN_POINT('',(2.42230947853901,21.5572489662326,1.90955807749662));
#10286=CARTESIAN_POINT('Ctrl Pts',(2.42230947853901,21.5572489662326,1.90955807749662));
#10287=CARTESIAN_POINT('Ctrl Pts',(2.36113693437127,21.3733341787521,2.20097164093898));
#10288=CARTESIAN_POINT('Ctrl Pts',(2.28903612982375,21.1119277403525,2.54444521500908));
#10289=CARTESIAN_POINT('',(3.07069392798498,21.1119277403525,1.88855644486514));
#10290=CARTESIAN_POINT('Ctrl Pts',(3.07069392798498,21.1119277403525,1.88855644486514));
#10291=CARTESIAN_POINT('Ctrl Pts',(2.71991831596794,21.3733341787521,1.89991831596794));
#10292=CARTESIAN_POINT('Ctrl Pts',(2.42230947853901,21.5572489662326,1.90955807749662));
#10293=CARTESIAN_POINT('',(2.97878572055251,21.5572489662326,1.24637551688371));
#10294=CARTESIAN_POINT('Ctrl Pts',(2.97878572055251,21.5572489662326,1.24637551688371));
#10295=CARTESIAN_POINT('Ctrl Pts',(3.02097164093898,21.3733341787521,1.54113693437126));
#10296=CARTESIAN_POINT('Ctrl Pts',(3.07069392798498,21.1119277403525,1.88855644486514));
#10297=CARTESIAN_POINT('',(3.58088482172653,21.1119277403525,1.00487989534581));
#10298=CARTESIAN_POINT('Ctrl Pts',(3.58088482172653,21.1119277403525,1.00487989534581));
#10299=CARTESIAN_POINT('Ctrl Pts',(3.25514955634549,21.3733341787521,1.13552888687664));
#10300=CARTESIAN_POINT('Ctrl Pts',(2.97878572055251,21.5572489662326,1.24637551688371));
#10301=CARTESIAN_POINT('',(3.27488054438335,21.5572489662326,0.432861674391069));
#10302=CARTESIAN_POINT('Ctrl Pts',(3.27488054438335,21.5572489662326,0.432861674391069));
#10303=CARTESIAN_POINT('Ctrl Pts',(3.41533668472756,21.3733341787521,0.695418368759616));
#10304=CARTESIAN_POINT('Ctrl Pts',(3.58088482172653,21.1119277403525,1.00487989534581));
#10305=CARTESIAN_POINT('',(3.75807225964749,21.1119277403525,0.));
#10306=CARTESIAN_POINT('Ctrl Pts',(3.75807225964749,21.1119277403525,0.));
#10307=CARTESIAN_POINT('Ctrl Pts',(3.49666582124791,21.3733341787521,0.234177915406501));
#10308=CARTESIAN_POINT('Ctrl Pts',(3.27488054438335,21.5572489662326,0.432861674391069));
#10309=CARTESIAN_POINT('',(3.27488054438335,21.5572489662326,-0.432861674391069));
#10310=CARTESIAN_POINT('Ctrl Pts',(3.27488054438335,21.5572489662326,-0.432861674391069));
#10311=CARTESIAN_POINT('Ctrl Pts',(3.49666582124792,21.3733341787521,-0.234177915406494));
#10312=CARTESIAN_POINT('Ctrl Pts',(3.75807225964749,21.1119277403525,0.));
#10313=CARTESIAN_POINT('',(3.58088482172653,21.1119277403525,-1.00487989534581));
#10314=CARTESIAN_POINT('Ctrl Pts',(3.58088482172653,21.1119277403525,-1.00487989534581));
#10315=CARTESIAN_POINT('Ctrl Pts',(3.41533668472756,21.3733341787521,-0.695418368759617));
#10316=CARTESIAN_POINT('Ctrl Pts',(3.27488054438335,21.5572489662326,-0.432861674391069));
#10317=CARTESIAN_POINT('',(2.97878572055251,21.5572489662326,-1.24637551688371));
#10318=CARTESIAN_POINT('Ctrl Pts',(2.97878572055251,21.5572489662326,-1.24637551688371));
#10319=CARTESIAN_POINT('Ctrl Pts',(3.25514955634547,21.3733341787521,-1.13552888687665));
#10320=CARTESIAN_POINT('Ctrl Pts',(3.58088482172653,21.1119277403525,-1.00487989534581));
#10321=CARTESIAN_POINT('',(3.07069392798498,21.1119277403525,-1.88855644486514));
#10322=CARTESIAN_POINT('Ctrl Pts',(3.07069392798498,21.1119277403525,-1.88855644486514));
#10323=CARTESIAN_POINT('Ctrl Pts',(3.02097164093898,21.3733341787521,-1.54113693437127));
#10324=CARTESIAN_POINT('Ctrl Pts',(2.97878572055251,21.5572489662326,-1.24637551688371));
#10325=CARTESIAN_POINT('',(2.42230947853901,21.5572489662326,-1.90955807749662));
#10326=CARTESIAN_POINT('Ctrl Pts',(2.42230947853901,21.5572489662326,-1.90955807749662));
#10327=CARTESIAN_POINT('Ctrl Pts',(2.71991831596793,21.3733341787521,-1.89991831596794));
#10328=CARTESIAN_POINT('Ctrl Pts',(3.07069392798498,21.1119277403525,-1.88855644486514));
#10329=CARTESIAN_POINT('',(2.28903612982375,21.1119277403525,-2.54444521500908));
#10330=CARTESIAN_POINT('Ctrl Pts',(2.28903612982375,21.1119277403525,-2.54444521500908));
#10331=CARTESIAN_POINT('Ctrl Pts',(2.36113693437127,21.3733341787521,-2.20097164093898));
#10332=CARTESIAN_POINT('Ctrl Pts',(2.42230947853901,21.5572489662326,-1.90955807749662));
#10333=CARTESIAN_POINT('',(1.67257106584434,21.5572489662326,-2.34241975188769));
#10334=CARTESIAN_POINT('Ctrl Pts',(1.67257106584434,21.5572489662326,-2.34241975188769));
#10335=CARTESIAN_POINT('Ctrl Pts',(1.95552888687665,21.3733341787521,-2.43514955634548));
#10336=CARTESIAN_POINT('Ctrl Pts',(2.28903612982375,21.1119277403525,-2.54444521500908));
#10337=CARTESIAN_POINT('',(1.33019089374155,21.1119277403525,-2.89343634021095));
#10338=CARTESIAN_POINT('Ctrl Pts',(1.33019089374155,21.1119277403525,-2.89343634021095));
#10339=CARTESIAN_POINT('Ctrl Pts',(1.51541836875961,21.3733341787521,-2.59533668472756));
#10340=CARTESIAN_POINT('Ctrl Pts',(1.67257106584434,21.5572489662326,-2.34241975188769));
#10341=CARTESIAN_POINT('Ctrl Pts',(1.31999999999999,21.121566570284,-2.88543278422464));
#10342=CARTESIAN_POINT('Ctrl Pts',(1.32508707491165,21.1167614663266,-2.88942798718667));
#10343=CARTESIAN_POINT('Ctrl Pts',(1.33019089374155,21.1119277403525,-2.89343634021095));
#10344=CARTESIAN_POINT('Origin',(0.820000000000001,21.6,0.));
#10345=CARTESIAN_POINT('Origin',(3.58088482172653,21.6,1.00487989534581));
#10346=CARTESIAN_POINT('',(3.58088482172653,21.6,1.00487989534581));
#10347=CARTESIAN_POINT('',(2.97878572055251,21.6,1.24637551688371));
#10348=CARTESIAN_POINT('Origin',(2.96883679688899,21.6,1.17686040817757));
#10349=CARTESIAN_POINT('',(3.07069392798498,21.6,1.88855644486514));
#10350=CARTESIAN_POINT('Origin',(3.24175604678901,21.6,0.370941572004114));
#10351=CARTESIAN_POINT('',(3.27488054438335,21.6,0.432861674391069));
#10352=CARTESIAN_POINT('Origin',(3.75807225964749,21.6,0.));
#10353=CARTESIAN_POINT('',(3.75807225964749,21.6,0.));
#10354=CARTESIAN_POINT('Origin',(3.22257577613358,21.6,-0.47971829226759));
#10355=CARTESIAN_POINT('',(3.27488054438335,21.6,-0.432861674391069));
#10356=CARTESIAN_POINT('Origin',(3.58088482172653,21.6,-1.00487989534581));
#10357=CARTESIAN_POINT('',(3.58088482172653,21.6,-1.00487989534581));
#10358=CARTESIAN_POINT('Origin',(2.91360940863439,21.6,-1.27251705060386));
#10359=CARTESIAN_POINT('',(2.97878572055251,21.6,-1.24637551688371));
#10360=CARTESIAN_POINT('Origin',(3.07069392798498,21.6,-1.88855644486514));
#10361=CARTESIAN_POINT('',(3.07069392798498,21.6,-1.88855644486514));
#10362=CARTESIAN_POINT('Origin',(2.3521228480698,21.6,-1.9118314722858));
#10363=CARTESIAN_POINT('',(2.42230947853901,21.6,-1.90955807749662));
#10364=CARTESIAN_POINT('Origin',(2.28903612982375,21.6,-2.54444521500908));
#10365=CARTESIAN_POINT('',(2.28903612982375,21.6,-2.54444521500908));
#10366=CARTESIAN_POINT('Origin',(1.60583966030297,21.6,-2.32055080278259));
#10367=CARTESIAN_POINT('',(1.67257106584434,21.6,-2.34241975188769));
#10368=CARTESIAN_POINT('Origin',(1.33019089374155,21.6,-2.89343634021095));
#10369=CARTESIAN_POINT('',(1.33019089374155,21.6,-2.89343634021095));
#10370=CARTESIAN_POINT('Origin',(0.764772611745408,21.6,-2.44937745878143));
#10371=CARTESIAN_POINT('Origin',(0.309809106258453,21.6,-2.89343634021095));
#10372=CARTESIAN_POINT('',(0.309809106258453,21.6,-2.89343634021095));
#10373=CARTESIAN_POINT('Origin',(-0.0696331987192053,21.6,-2.28277304428991));
#10374=CARTESIAN_POINT('',(-0.0325710658443408,21.6,-2.34241975188769));
#10375=CARTESIAN_POINT('Origin',(-0.649036129823746,21.6,-2.54444521500908));
#10376=CARTESIAN_POINT('',(-0.649036129823746,21.6,-2.54444521500908));
#10377=CARTESIAN_POINT('Origin',(-0.79673611583061,21.6,-1.840832510515));
#10378=CARTESIAN_POINT('',(-0.782309478539008,21.6,-1.90955807749662));
#10379=CARTESIAN_POINT('Origin',(-1.43069392798498,21.6,-1.88855644486514));
#10380=CARTESIAN_POINT('',(-1.43069392798498,21.6,-1.88855644486514));
#10381=CARTESIAN_POINT('Origin',(-1.60175604678901,21.6,-0.370941572004114));
#10382=CARTESIAN_POINT('',(-1.63488054438335,21.6,-0.432861674391069));
#10383=CARTESIAN_POINT('',(-1.94088482172653,21.6,-1.00487989534581));
#10384=CARTESIAN_POINT('Origin',(-1.27360940863439,21.6,1.27251705060386));
#10385=CARTESIAN_POINT('',(-1.3387857205525,21.6,1.24637551688371));
#10386=CARTESIAN_POINT('',(-1.94088482172653,21.6,1.00487989534581));
#10387=CARTESIAN_POINT('Origin',(-1.94088482172653,21.6,1.00487989534581));
#10388=CARTESIAN_POINT('',(-1.63488054438335,21.6,0.43286167439107));
#10389=CARTESIAN_POINT('Origin',(-0.7121228480698,21.6,1.9118314722858));
#10390=CARTESIAN_POINT('',(-0.782309478539008,21.6,1.90955807749662));
#10391=CARTESIAN_POINT('',(-1.43069392798498,21.6,1.88855644486514));
#10392=CARTESIAN_POINT('Origin',(-1.43069392798498,21.6,1.88855644486514));
#10393=CARTESIAN_POINT('Origin',(0.0341603396970319,21.6,2.32055080278259));
#10394=CARTESIAN_POINT('',(-0.0325710658443402,21.6,2.34241975188769));
#10395=CARTESIAN_POINT('',(-0.649036129823746,21.6,2.54444521500908));
#10396=CARTESIAN_POINT('Origin',(-0.649036129823746,21.6,2.54444521500908));
#10397=CARTESIAN_POINT('Origin',(0.309809106258454,21.6,2.89343634021095));
#10398=CARTESIAN_POINT('Origin',(1.70963319871921,21.6,2.28277304428991));
#10399=CARTESIAN_POINT('',(1.67257106584434,21.6,2.34241975188769));
#10400=CARTESIAN_POINT('Origin',(2.43673611583061,21.6,1.840832510515));
#10401=CARTESIAN_POINT('',(2.42230947853901,21.6,1.90955807749662));
#10402=CARTESIAN_POINT('',(2.28903612982375,21.6,2.54444521500908));
#10403=CARTESIAN_POINT('Origin',(2.28903612982375,21.6,2.54444521500908));
#10404=CARTESIAN_POINT('Origin',(3.07069392798498,21.6,1.88855644486514));
#10405=CARTESIAN_POINT('Origin',(-1.32883679688899,21.6,-1.17686040817757));
#10406=CARTESIAN_POINT('',(-1.3387857205525,21.6,-1.24637551688371));
#10407=CARTESIAN_POINT('Origin',(-1.94088482172653,21.6,-1.00487989534581));
#10408=CARTESIAN_POINT('Origin',(-1.58257577613358,21.6,0.47971829226759));
#10409=CARTESIAN_POINT('',(-2.11807225964749,21.6,0.));
#10410=CARTESIAN_POINT('Origin',(0.820000000000001,21.6,0.));
#10411=CARTESIAN_POINT('Origin',(-2.11807225964749,21.6,6.93889390390723E-17));
#10412=CARTESIAN_POINT('Origin',(0.820000000000001,6.3,0.));
#10413=CARTESIAN_POINT('',(-2.2794711412372,7.30387901937809,-1.19088209935697E-5));
#10414=CARTESIAN_POINT('',(-2.28147372372899,6.90386743084097,-7.38200256976446E-6));
#10415=CARTESIAN_POINT('',(-2.28,6.3,3.7964050773568E-16));
#10416=CARTESIAN_POINT('',(-2.28147372372899,6.50386743084097,-7.38200256976446E-6));
#10417=CARTESIAN_POINT('Ctrl Pts',(-2.2794711412372,7.30387901937809,-1.19088209934448E-5));
#10418=CARTESIAN_POINT('Ctrl Pts',(-2.28090009276076,7.29386129965512,-0.24402497335082));
#10419=CARTESIAN_POINT('Ctrl Pts',(-2.15507373219511,7.24717683816846,-1.37987255073669));
#10420=CARTESIAN_POINT('Ctrl Pts',(-0.77509658943357,7.16382300568986,-3.13046597259343));
#10421=CARTESIAN_POINT('Ctrl Pts',(2.16461349730658,7.05382991125917,-3.24590887052211));
#10422=CARTESIAN_POINT('Ctrl Pts',(4.16123842466532,6.94381675272807,-1.08576235774174));
#10423=CARTESIAN_POINT('Ctrl Pts',(3.8160114052201,6.83384194438201,1.83586825408744));
#10424=CARTESIAN_POINT('Ctrl Pts',(1.36892199945643,6.72379265899112,3.46985911012541));
#10425=CARTESIAN_POINT('Ctrl Pts',(-1.46035915470946,6.61389861712994,2.67230016155009));
#10426=CARTESIAN_POINT('Ctrl Pts',(-2.28448166562795,6.54033953359639,0.889446145805812));
#10427=CARTESIAN_POINT('Ctrl Pts',(-2.28147715982058,6.50390525736718,0.000915118724571284));
#10428=CARTESIAN_POINT('Ctrl Pts',(-2.28147549456561,6.50388634409242,0.000453870850372574));
#10429=CARTESIAN_POINT('Ctrl Pts',(-2.28147372372899,6.50386743084097,-7.38200256972309E-6));
#10430=CARTESIAN_POINT('',(-2.28,6.3,3.7964050773568E-16));
#10431=CARTESIAN_POINT('',(-2.28,6.3,3.7964050773568E-16));
#10432=CARTESIAN_POINT('Origin',(0.820000000000001,6.3,0.));
#10433=CARTESIAN_POINT('',(3.92,6.40382538382407,0.));
#10434=CARTESIAN_POINT('Ctrl Pts',(-2.28147372372899,6.50386743084097,-7.38200256972309E-6));
#10435=CARTESIAN_POINT('Ctrl Pts',(-2.2789958282196,6.47740250437679,-0.645429078349009));
#10436=CARTESIAN_POINT('Ctrl Pts',(-1.75575908358068,6.41132597165133,-2.28405639124806));
#10437=CARTESIAN_POINT('Ctrl Pts',(-0.158152424764069,6.40284280307116,
-3.10314710045318));
#10438=CARTESIAN_POINT('Ctrl Pts',(1.79823941377909,6.40425952780989,-3.1051023469595));
#10439=CARTESIAN_POINT('Ctrl Pts',(3.3957224546187,6.40352799422399,-2.27935314753778));
#10440=CARTESIAN_POINT('Ctrl Pts',(3.92,6.40382538382407,-0.649262481741891));
#10441=CARTESIAN_POINT('Ctrl Pts',(3.92,6.40382538382407,0.));
#10442=CARTESIAN_POINT('',(3.92,6.80382538382407,0.));
#10443=CARTESIAN_POINT('',(3.92,6.3,0.));
#10444=CARTESIAN_POINT('Ctrl Pts',(3.92,6.80382538382407,0.));
#10445=CARTESIAN_POINT('Ctrl Pts',(3.92,6.80382538382407,-0.649262481741891));
#10446=CARTESIAN_POINT('Ctrl Pts',(3.3957224546187,6.80352799422399,-2.27935314753778));
#10447=CARTESIAN_POINT('Ctrl Pts',(1.79823941377909,6.80425952780988,-3.1051023469595));
#10448=CARTESIAN_POINT('Ctrl Pts',(-0.158152424764069,6.80284280307117,
-3.10314710045318));
#10449=CARTESIAN_POINT('Ctrl Pts',(-1.75575908358068,6.81132597165132,-2.28405639124806));
#10450=CARTESIAN_POINT('Ctrl Pts',(-2.2789958282196,6.87740250437679,-0.645429078349009));
#10451=CARTESIAN_POINT('Ctrl Pts',(-2.28147372372899,6.90386743084097,-7.38200256972309E-6));
#10452=CARTESIAN_POINT('Origin',(0.820000000000001,6.3,0.));
#10453=CARTESIAN_POINT('',(-2.27732353510607,8.10381764184769,-4.61748828647912E-5));
#10454=CARTESIAN_POINT('',(-2.27947103019621,7.70387979743444,7.04318869917259E-6));
#10455=CARTESIAN_POINT('',(-2.28,6.3,3.7964050773568E-16));
#10456=CARTESIAN_POINT('Ctrl Pts',(-2.27732353510607,8.10381764184768,-4.61748828649577E-5));
#10457=CARTESIAN_POINT('Ctrl Pts',(-2.27672651342034,8.08382021996517,-0.487875191891742));
#10458=CARTESIAN_POINT('Ctrl Pts',(-1.96059889422289,8.02715612969698,-1.87091568062698));
#10459=CARTESIAN_POINT('Ctrl Pts',(-2.45206296434223E-5,7.93382541003542,
-3.41637129332694));
#10460=CARTESIAN_POINT('Ctrl Pts',(2.88503211887535,7.8238253338143,-2.8423569639482));
#10461=CARTESIAN_POINT('Ctrl Pts',(4.32259866284439,7.71382547906176,-0.27567220923289));
#10462=CARTESIAN_POINT('Ctrl Pts',(3.30431115892289,7.60382520254596,2.48434471108706));
#10463=CARTESIAN_POINT('Ctrl Pts',(0.544362466817331,7.49382572882675,3.50255179171659));
#10464=CARTESIAN_POINT('Ctrl Pts',(-1.78865105370202,7.39384256879097,2.19602083396089));
#10465=CARTESIAN_POINT('Ctrl Pts',(-2.27566988762659,7.33052785430304,0.649104262923799));
#10466=CARTESIAN_POINT('Ctrl Pts',(-2.2794711412372,7.30387901937809,-1.19088209934448E-5));
#10467=CARTESIAN_POINT('Ctrl Pts',(-2.28147372372899,6.90386743084097,-7.38200256972309E-6));
#10468=CARTESIAN_POINT('Ctrl Pts',(-2.28147549456561,6.90388634409242,0.000453870850372574));
#10469=CARTESIAN_POINT('Ctrl Pts',(-2.28147715982058,6.90390525736718,0.000915118724571284));
#10470=CARTESIAN_POINT('Ctrl Pts',(-2.28448166562795,6.94033953359638,0.889446145805812));
#10471=CARTESIAN_POINT('Ctrl Pts',(-1.46035915470946,7.01389861712995,2.67230016155009));
#10472=CARTESIAN_POINT('Ctrl Pts',(1.36892199945643,7.12379265899111,3.46985911012541));
#10473=CARTESIAN_POINT('Ctrl Pts',(3.8160114052201,7.23384194438203,1.83586825408744));
#10474=CARTESIAN_POINT('Ctrl Pts',(4.16123842466532,7.34381675272805,-1.08576235774174));
#10475=CARTESIAN_POINT('Ctrl Pts',(2.16461349730658,7.45382991125919,-3.24590887052211));
#10476=CARTESIAN_POINT('Ctrl Pts',(-0.77509658943357,7.56382300568985,-3.13046597259343));
#10477=CARTESIAN_POINT('Ctrl Pts',(-2.15507802609356,7.64717709752992,-1.37986710363894));
#10478=CARTESIAN_POINT('Ctrl Pts',(-2.28090149078471,7.69386181836144,-0.24401235305881));
#10479=CARTESIAN_POINT('Ctrl Pts',(-2.27947103019621,7.70387979743445,7.04318869929055E-6));
#10480=CARTESIAN_POINT('Origin',(0.820000000000001,6.3,0.));
#10481=CARTESIAN_POINT('',(-2.28097511374268,8.90377398827548,-3.84009095725016E-6));
#10482=CARTESIAN_POINT('',(-2.27732364914119,8.50382150779329,4.81332930065553E-5));
#10483=CARTESIAN_POINT('',(-2.28,6.3,3.7964050773568E-16));
#10484=CARTESIAN_POINT('Ctrl Pts',(-2.28097511374268,8.90377398827547,-3.84009095724669E-6));
#10485=CARTESIAN_POINT('Ctrl Pts',(-2.27652550511422,8.87379112014875,-0.729403237565182));
#10486=CARTESIAN_POINT('Ctrl Pts',(-1.68917852952107,8.80714158542448,-2.35662514907519));
#10487=CARTESIAN_POINT('Ctrl Pts',(0.819798183022828,8.70382538355913,-3.51331443226521));
#10488=CARTESIAN_POINT('Ctrl Pts',(3.49199962459187,8.59382538432658,-2.28189144419216));
#10489=CARTESIAN_POINT('Ctrl Pts',(4.28920219550608,8.48382538288179,0.549837261178153));
#10490=CARTESIAN_POINT('Ctrl Pts',(2.65618336475467,8.37382538571129,2.99552636620358));
#10491=CARTESIAN_POINT('Ctrl Pts',(-0.266105877859479,8.26382538020817,
3.34168329421673));
#10492=CARTESIAN_POINT('Ctrl Pts',(-2.03270396958567,8.17382280886395,1.7071186443139));
#10493=CARTESIAN_POINT('Ctrl Pts',(-2.27782119438399,8.12048688983694,0.406593386388993));
#10494=CARTESIAN_POINT('Ctrl Pts',(-2.27732353510607,8.10381764184768,-4.61748828649577E-5));
#10495=CARTESIAN_POINT('Ctrl Pts',(-2.27947103019621,7.70387979743445,7.04318869929055E-6));
#10496=CARTESIAN_POINT('Ctrl Pts',(-2.27566589776272,7.73052837300175,0.649116935852462));
#10497=CARTESIAN_POINT('Ctrl Pts',(-1.78864500188933,7.79384282814624,2.19602422308854));
#10498=CARTESIAN_POINT('Ctrl Pts',(0.544362466817331,7.89382572882676,3.50255179171659));
#10499=CARTESIAN_POINT('Ctrl Pts',(3.30431115892289,8.00382520254596,2.48434471108706));
#10500=CARTESIAN_POINT('Ctrl Pts',(4.32259866284439,8.11382547906176,-0.27567220923289));
#10501=CARTESIAN_POINT('Ctrl Pts',(2.88503211887535,8.22382533381431,-2.8423569639482));
#10502=CARTESIAN_POINT('Ctrl Pts',(-2.45206296434223E-5,8.33382541003541,
-3.41637129332694));
#10503=CARTESIAN_POINT('Ctrl Pts',(-1.96062596451838,8.42715741834494,-1.87089434201282));
#10504=CARTESIAN_POINT('Ctrl Pts',(-2.27674089164723,8.48382279726217,-0.487812285752686));
#10505=CARTESIAN_POINT('Ctrl Pts',(-2.27732364914119,8.50382150779329,4.81332930065137E-5));
#10506=CARTESIAN_POINT('Origin',(0.820000000000001,6.3,0.));
#10507=CARTESIAN_POINT('',(-2.28185285428413,9.70384915490616,6.67788251283892E-6));
#10508=CARTESIAN_POINT('',(-2.28097511376833,9.30377398844831,-3.83588637785717E-6));
#10509=CARTESIAN_POINT('',(-2.28,6.3,3.7964050773568E-16));
#10510=CARTESIAN_POINT('Ctrl Pts',(-2.28185285428413,9.70384915490616,6.67788251293433E-6));
#10511=CARTESIAN_POINT('Ctrl Pts',(-2.28218752814665,9.70050789787885,-0.0811835248495053));
#10512=CARTESIAN_POINT('Ctrl Pts',(-2.2466106779774,9.66049997418475,-1.0530805961656));
#10513=CARTESIAN_POINT('Ctrl Pts',(-1.2454518964225,9.58382538382257,-2.84256246850977));
#10514=CARTESIAN_POINT('Ctrl Pts',(1.64035113534152,9.47382538382699,-3.41621860002985));
#10515=CARTESIAN_POINT('Ctrl Pts',(3.95035811044885,9.36382538381849,-1.59508933295718));
#10516=CARTESIAN_POINT('Ctrl Pts',(4.06599657795749,9.2538253838347,1.34453615854195));
#10517=CARTESIAN_POINT('Ctrl Pts',(1.90565672794258,9.14382538380385,3.341419077984));
#10518=CARTESIAN_POINT('Ctrl Pts',(-1.01569712212587,9.03382538386255,2.99564902332441));
#10519=CARTESIAN_POINT('Ctrl Pts',(-2.20467343729883,8.95380825193362,1.21634539864241));
#10520=CARTESIAN_POINT('Ctrl Pts',(-2.28196702310203,8.91045778678412,0.162594300435085));
#10521=CARTESIAN_POINT('Ctrl Pts',(-2.28097511374268,8.90377398827547,-3.84009095724669E-6));
#10522=CARTESIAN_POINT('Ctrl Pts',(-2.27732364914119,8.50382150779329,4.81332930065137E-5));
#10523=CARTESIAN_POINT('Ctrl Pts',(-2.2778093493667,8.52048946713407,0.406656230148701));
#10524=CARTESIAN_POINT('Ctrl Pts',(-2.03267867560134,8.57382409751226,1.7071420478559));
#10525=CARTESIAN_POINT('Ctrl Pts',(-0.266105877859479,8.66382538020817,
3.34168329421673));
#10526=CARTESIAN_POINT('Ctrl Pts',(2.65618336475467,8.7738253857113,2.99552636620358));
#10527=CARTESIAN_POINT('Ctrl Pts',(4.28920219550608,8.88382538288177,0.549837261178153));
#10528=CARTESIAN_POINT('Ctrl Pts',(3.49199962459187,8.99382538432661,-2.28189144419216));
#10529=CARTESIAN_POINT('Ctrl Pts',(0.819798183022828,9.10382538355911,-3.51331443226521));
#10530=CARTESIAN_POINT('Ctrl Pts',(-1.68917853092013,9.2071415854821,-2.35662514843019));
#10531=CARTESIAN_POINT('Ctrl Pts',(-2.27652550612962,9.27379112026397,-0.729403234752059));
#10532=CARTESIAN_POINT('Ctrl Pts',(-2.28097511376833,9.30377398844831,-3.83588637789534E-6));
#10533=CARTESIAN_POINT('Origin',(0.820000000000001,6.3,0.));
#10534=CARTESIAN_POINT('',(-2.27826486697883,10.5038677410108,-3.37905488826534E-5));
#10535=CARTESIAN_POINT('',(-2.2818528542867,10.1038491548806,6.67726062562705E-6));
#10536=CARTESIAN_POINT('',(-2.28,6.3,3.7964050773568E-16));
#10537=CARTESIAN_POINT('Ctrl Pts',(-2.27826486697883,10.5038677410108,-3.37905488826118E-5));
#10538=CARTESIAN_POINT('Ctrl Pts',(-2.27960660413118,10.4905202886152,-0.325398593692374));
#10539=CARTESIAN_POINT('Ctrl Pts',(-2.09809143354839,10.440506169553,-1.54330216718386));
#10540=CARTESIAN_POINT('Ctrl Pts',(-0.524503876103723,10.3538253838241,
-3.24621673604615));
#10541=CARTESIAN_POINT('Ctrl Pts',(2.41502186017593,10.243825383824,-3.13030614868593));
#10542=CARTESIAN_POINT('Ctrl Pts',(4.23634976302456,10.1338253838241,-0.820254694372332));
#10543=CARTESIAN_POINT('Ctrl Pts',(3.66230944366081,10.023825383824,2.0651465518907));
#10544=CARTESIAN_POINT('Ctrl Pts',(1.09580837549947,9.91382538382429,3.50255202228551));
#10545=CARTESIAN_POINT('Ctrl Pts',(-1.58080263061416,9.80716664085099,2.51521531101753));
#10546=CARTESIAN_POINT('Ctrl Pts',(-2.27851484602173,9.73717456454561,0.809790762926754));
#10547=CARTESIAN_POINT('Ctrl Pts',(-2.28185285428413,9.70384915490616,6.67788251293433E-6));
#10548=CARTESIAN_POINT('Ctrl Pts',(-2.28097511376833,9.30377398844831,-3.83588637789534E-6));
#10549=CARTESIAN_POINT('Ctrl Pts',(-2.28196702289659,9.31045778689934,0.162594303235893));
#10550=CARTESIAN_POINT('Ctrl Pts',(-2.20467343644278,9.35380825199123,1.21634539992349));
#10551=CARTESIAN_POINT('Ctrl Pts',(-1.01569712212587,9.43382538386255,2.99564902332441));
#10552=CARTESIAN_POINT('Ctrl Pts',(1.90565672794258,9.54382538380385,3.341419077984));
#10553=CARTESIAN_POINT('Ctrl Pts',(4.06599657795749,9.6538253838347,1.34453615854195));
#10554=CARTESIAN_POINT('Ctrl Pts',(3.95035811044885,9.76382538381849,-1.59508933295718));
#10555=CARTESIAN_POINT('Ctrl Pts',(1.64035113534152,9.873825383827,-3.41621860002985));
#10556=CARTESIAN_POINT('Ctrl Pts',(-1.2454518964225,9.98382538382256,-2.84256246850977));
#10557=CARTESIAN_POINT('Ctrl Pts',(-2.246610677866,10.0604999741762,-1.0530805963647));
#10558=CARTESIAN_POINT('Ctrl Pts',(-2.28218752813148,10.1005078978618,-0.0811835252639828));
#10559=CARTESIAN_POINT('Ctrl Pts',(-2.2818528542867,10.1038491548806,6.67726062560103E-6));
#10560=CARTESIAN_POINT('Origin',(0.820000000000001,6.3,0.));
#10561=CARTESIAN_POINT('',(-2.28,11.3,3.7964050773568E-16));
#10562=CARTESIAN_POINT('',(-2.27826461333953,10.9038702583147,2.75726310669522E-5));
#10563=CARTESIAN_POINT('',(-2.28,6.3,3.7964050773568E-16));
#10564=CARTESIAN_POINT('',(3.91999999773974,11.3,-0.000118379231648558));
#10565=CARTESIAN_POINT('Origin',(0.820000000000001,11.3,0.));
#10566=CARTESIAN_POINT('',(3.91999576861738,11.1345278350717,-0.00512141432253923));
#10567=CARTESIAN_POINT('Ctrl Pts',(3.91999999773979,11.3000000000001,-0.000118379232807297));
#10568=CARTESIAN_POINT('Ctrl Pts',(3.91999996642338,11.2734846591245,-0.000938479728028088));
#10569=CARTESIAN_POINT('Ctrl Pts',(3.91999961008916,11.2469666352019,-0.00174960872175588));
#10570=CARTESIAN_POINT('Ctrl Pts',(3.91999894961889,11.220450762611,-0.00255191127101013));
#10571=CARTESIAN_POINT('Ctrl Pts',(3.91999823629903,11.191813139505,-0.00341841256919688));
#10572=CARTESIAN_POINT('Ctrl Pts',(3.91999716817861,11.1631701915042,-0.00427485552317918));
#10573=CARTESIAN_POINT('Ctrl Pts',(3.91999576957384,11.1345278348941,-0.00512141277276827));
#10574=CARTESIAN_POINT('',(3.91999230550034,11.1340338039349,0.00690694912885217));
#10575=CARTESIAN_POINT('Ctrl Pts',(3.91999576861738,11.1345278350717,-0.00512141432253923));
#10576=CARTESIAN_POINT('Ctrl Pts',(3.91999845681765,11.1344610034762,-0.00349424475854145));
#10577=CARTESIAN_POINT('Ctrl Pts',(3.9199998647946,11.1343941729294,-0.00186707317180735));
#10578=CARTESIAN_POINT('Ctrl Pts',(3.92000017507639,11.1342294955103,0.00214238443227711));
#10579=CARTESIAN_POINT('Ctrl Pts',(3.9199976133299,11.134131649729,0.00452466944370166));
#10580=CARTESIAN_POINT('Ctrl Pts',(3.91999230548299,11.1340338039151,0.0069069491280001));
#10581=CARTESIAN_POINT('',(3.92,10.9038253838241,1.55690984971097E-14));
#10582=CARTESIAN_POINT('Ctrl Pts',(3.91999230548299,11.1340338039151,0.00690694912896577));
#10583=CARTESIAN_POINT('Ctrl Pts',(3.91999460614091,11.0985175662656,0.00587436271087994));
#10584=CARTESIAN_POINT('Ctrl Pts',(3.91999642441307,11.0629961532455,0.00482682219309509));
#10585=CARTESIAN_POINT('Ctrl Pts',(3.91999921249043,10.9862647097132,0.00253058772447419));
#10586=CARTESIAN_POINT('Ctrl Pts',(3.92,10.9450402170286,0.00127609995922951));
#10587=CARTESIAN_POINT('Ctrl Pts',(3.92,10.9038253838241,1.55473018691333E-14));
#10588=CARTESIAN_POINT('Ctrl Pts',(3.92,10.9038253838241,1.55690984971097E-14));
#10589=CARTESIAN_POINT('Ctrl Pts',(3.92,10.8671587171574,0.892735912395117));
#10590=CARTESIAN_POINT('Ctrl Pts',(3.10376353368594,10.7938253838241,2.66993136149257));
#10591=CARTESIAN_POINT('Ctrl Pts',(0.269544704501538,10.6838253838241,3.47092987684546));
#10592=CARTESIAN_POINT('Ctrl Pts',(-1.879004464439,10.5871728362197,2.03331370738921));
#10593=CARTESIAN_POINT('Ctrl Pts',(-2.27592073004363,10.5271869552819,0.568408136487818));
#10594=CARTESIAN_POINT('Ctrl Pts',(-2.27826486697883,10.5038677410108,-3.37905488826118E-5));
#10595=CARTESIAN_POINT('Ctrl Pts',(-2.2818528542867,10.1038491548806,6.67726062560103E-6));
#10596=CARTESIAN_POINT('Ctrl Pts',(-2.27851484619181,10.1371745645286,0.809790762511025));
#10597=CARTESIAN_POINT('Ctrl Pts',(-1.58080263082825,10.2071666408424,2.51521531093856));
#10598=CARTESIAN_POINT('Ctrl Pts',(1.09580837549947,10.3138253838243,3.50255202228551));
#10599=CARTESIAN_POINT('Ctrl Pts',(3.66230944366081,10.423825383824,2.0651465518907));
#10600=CARTESIAN_POINT('Ctrl Pts',(4.23634976302456,10.5338253838241,-0.820254694372332));
#10601=CARTESIAN_POINT('Ctrl Pts',(2.41502186017593,10.6438253838241,-3.13030614868593));
#10602=CARTESIAN_POINT('Ctrl Pts',(-0.524503876103723,10.7538253838241,
-3.24621673604615));
#10603=CARTESIAN_POINT('Ctrl Pts',(-2.09810666644372,10.8405070086543,-1.5432856823564));
#10604=CARTESIAN_POINT('Ctrl Pts',(-2.27961269459131,10.8905219668178,-0.325357727388026));
#10605=CARTESIAN_POINT('Ctrl Pts',(-2.27826461333953,10.9038702583147,2.75726310670354E-5));
#10606=CARTESIAN_POINT('Ctrl Pts',(3.92,11.3038253838241,1.56066793647176E-14));
#10607=CARTESIAN_POINT('Ctrl Pts',(3.89569096259199,11.2612845683601,-0.00174724672624452));
#10608=CARTESIAN_POINT('Ctrl Pts',(3.87138192518399,11.2187437528961,-0.00349449345250464));
#10609=CARTESIAN_POINT('Ctrl Pts',(3.84707288777598,11.176202937432,-0.00524174017876476));
#10610=CARTESIAN_POINT('Ctrl Pts',(3.96944344267732,11.2755719880085,1.58544000297363E-14));
#10611=CARTESIAN_POINT('Ctrl Pts',(3.94513391286728,11.2330303108409,-0.00171941500105509));
#10612=CARTESIAN_POINT('Ctrl Pts',(3.92082438298047,11.190488633539,-0.00343882823690701));
#10613=CARTESIAN_POINT('Ctrl Pts',(3.89651485317043,11.1479469563714,-0.00515824323797795));
#10614=CARTESIAN_POINT('Ctrl Pts',(4.01888688535464,11.2473185921929,1.610214922466E-14));
#10615=CARTESIAN_POINT('Ctrl Pts',(3.99457689829383,11.2047761148364,-0.00169290910668569));
#10616=CARTESIAN_POINT('Ctrl Pts',(3.97026691115955,11.1622336373514,-0.00338581651185551));
#10617=CARTESIAN_POINT('Ctrl Pts',(3.94595692409874,11.119691159995,-0.00507872561855731));
#10618=CARTESIAN_POINT('Ctrl Pts',(4.06833032803196,11.2190651963772,1.63499232203039E-14));
#10619=CARTESIAN_POINT('Ctrl Pts',(4.04401991287077,11.1765219698452,-0.00166755572588499));
#10620=CARTESIAN_POINT('Ctrl Pts',(4.01970949770958,11.1339787433131,-0.00333511145178634));
#10621=CARTESIAN_POINT('Ctrl Pts',(3.99539908254838,11.091435516781,-0.00500266717768768));
#10622=CARTESIAN_POINT('',(3.91781406638624,11.3,-0.000157117095423294));
#10623=CARTESIAN_POINT('Ctrl Pts',(3.91781406638624,11.3,-0.000157117095423295));
#10624=CARTESIAN_POINT('Ctrl Pts',(3.91854270952696,11.3,-0.000144197621663794));
#10625=CARTESIAN_POINT('Ctrl Pts',(3.91927135341413,11.3,-0.00013128500222151));
#10626=CARTESIAN_POINT('Ctrl Pts',(3.91999999773974,11.3,-0.000118379231648558));
#10627=CARTESIAN_POINT('',(3.92,11.3038253838241,1.55690984971097E-14));
#10628=CARTESIAN_POINT('',(3.92,11.3038253838241,1.55690984971097E-14));
#10629=CARTESIAN_POINT('',(4.0683303248414,11.2190651982004,1.63140563801949E-14));
#10630=CARTESIAN_POINT('Ctrl Pts',(3.92,11.3038253838241,1.55690984971097E-14));
#10631=CARTESIAN_POINT('Ctrl Pts',(3.9694434416138,11.2755719886162,1.58174177914714E-14));
#10632=CARTESIAN_POINT('Ctrl Pts',(4.0188868832276,11.2473185934083,1.60657370858332E-14));
#10633=CARTESIAN_POINT('Ctrl Pts',(4.0683303248414,11.2190651982004,1.63140563801949E-14));
#10634=CARTESIAN_POINT('Ctrl Pts',(3.9199957677029,11.1345278350717,-0.00512141432102019));
#10635=CARTESIAN_POINT('Ctrl Pts',(3.95919274568126,11.1568616719777,-0.00373588238017519));
#10636=CARTESIAN_POINT('Ctrl Pts',(3.99838051433988,11.1791944013068,-0.00237705091990404));
#10637=CARTESIAN_POINT('Ctrl Pts',(4.03753608927727,11.2015123385773,-0.0010436400741348));
#10638=CARTESIAN_POINT('Ctrl Pts',(4.04779923935199,11.2073621400406,-0.000694136953728406));
#10639=CARTESIAN_POINT('Ctrl Pts',(4.05806411521632,11.2132131715702,-0.000346284508606336));
#10640=CARTESIAN_POINT('Ctrl Pts',(4.06833032483949,11.2190651982004,4.97514585428144E-14));
#10641=CARTESIAN_POINT('Ctrl Pts',(3.91860096420567,11.3,0.093123920792051));
#10642=CARTESIAN_POINT('Ctrl Pts',(3.91787422177091,11.2987248720586,0.0930496835993495));
#10643=CARTESIAN_POINT('Ctrl Pts',(3.91714747933614,11.2974497441173,0.0929754464066479));
#10644=CARTESIAN_POINT('Ctrl Pts',(3.91642073690137,11.2961746161759,0.0929012092139464));
#10645=CARTESIAN_POINT('Ctrl Pts',(3.91953358457473,11.3012751279414,0.0620919544592731));
#10646=CARTESIAN_POINT('Ctrl Pts',(3.91880609866522,11.3,0.0620249954693926));
#10647=CARTESIAN_POINT('Ctrl Pts',(3.91807861276102,11.2987248720586,0.0619580364799858));
#10648=CARTESIAN_POINT('Ctrl Pts',(3.91735112685152,11.2974497441173,0.0618910774901053));
#10649=CARTESIAN_POINT('Ctrl Pts',(3.92,11.3025502558827,0.0310459774404416));
#10650=CARTESIAN_POINT('Ctrl Pts',(3.91927187996072,11.3012751279414,0.0309863078229244));
#10651=CARTESIAN_POINT('Ctrl Pts',(3.91854375992675,11.3,0.0309266382058558));
#10652=CARTESIAN_POINT('Ctrl Pts',(3.91781563988747,11.2987248720586,0.0308669685883385));
#10653=CARTESIAN_POINT('Ctrl Pts',(3.92,11.3038253838241,1.55690984971097E-14));
#10654=CARTESIAN_POINT('Ctrl Pts',(3.91927135546208,11.3025502558827,-5.23723651307189E-5));
#10655=CARTESIAN_POINT('Ctrl Pts',(3.91854271092416,11.3012751279414,-0.000104744730277007));
#10656=CARTESIAN_POINT('Ctrl Pts',(3.91781406638624,11.3,-0.000157117095423295));
#10657=CARTESIAN_POINT('',(3.91860096420567,11.3,0.0931239207920417));
#10658=CARTESIAN_POINT('Ctrl Pts',(3.91860096420567,11.3,0.093123920792051));
#10659=CARTESIAN_POINT('Ctrl Pts',(3.91880677373149,11.3,0.0620280531373096));
#10660=CARTESIAN_POINT('Ctrl Pts',(3.91854455480341,11.3,0.0309308476418429));
#10661=CARTESIAN_POINT('Ctrl Pts',(3.91781406638624,11.3,-0.000157117095423295));
#10662=CARTESIAN_POINT('Ctrl Pts',(3.91860096420567,11.3,0.093123920792051));
#10663=CARTESIAN_POINT('Ctrl Pts',(3.91953358457473,11.3012751279414,0.0620919544592731));
#10664=CARTESIAN_POINT('Ctrl Pts',(3.92,11.3025502558827,0.0310459774404416));
#10665=CARTESIAN_POINT('Ctrl Pts',(3.92,11.3038253838241,1.55690984971097E-14));
#10666=CARTESIAN_POINT('Ctrl Pts',(4.27,11.1038253838241,1.73073121685044E-14));
#10667=CARTESIAN_POINT('Ctrl Pts',(4.23694103806892,11.1616785672035,0.00213510031501572));
#10668=CARTESIAN_POINT('Ctrl Pts',(4.20388207613784,11.2195317505828,0.00427020063001413));
#10669=CARTESIAN_POINT('Ctrl Pts',(4.17082311420677,11.2773849339622,0.00640530094501254));
#10670=CARTESIAN_POINT('Ctrl Pts',(4.15333333333334,11.0371587171574,1.67207166450875E-14));
#10671=CARTESIAN_POINT('Ctrl Pts',(4.12027551890248,11.0950098924114,0.00220724778025668));
#10672=CARTESIAN_POINT('Ctrl Pts',(4.0872177019615,11.1528610720581,0.00441443537409086));
#10673=CARTESIAN_POINT('Ctrl Pts',(4.05415988753065,11.2107122473121,0.00662168315433082));
#10674=CARTESIAN_POINT('Ctrl Pts',(4.03666666666667,10.9704920504907,1.61340549449017E-14));
#10675=CARTESIAN_POINT('Ctrl Pts',(4.00361016944393,11.0283409206305,0.00228659032406816));
#10676=CARTESIAN_POINT('Ctrl Pts',(3.97055366944403,11.0861897956304,0.00457311517942949));
#10677=CARTESIAN_POINT('Ctrl Pts',(3.93749717222128,11.1440386657702,0.00685970550348152));
#10678=CARTESIAN_POINT('Ctrl Pts',(3.92,10.9038253838241,1.55473018691333E-14));
#10679=CARTESIAN_POINT('Ctrl Pts',(3.88694508182147,10.9616714906365,0.00237586937751763));
#10680=CARTESIAN_POINT('Ctrl Pts',(3.85389016364293,11.0195175974489,0.00475173875501972));
#10681=CARTESIAN_POINT('Ctrl Pts',(3.82083524546439,11.0773637042614,0.0071276081325218));
#10682=CARTESIAN_POINT('',(4.06832361736186,11.2188064515262,0.00660122514395477));
#10683=CARTESIAN_POINT('Ctrl Pts',(3.91999230395313,11.1340338066775,0.00690691207028653));
#10684=CARTESIAN_POINT('Ctrl Pts',(3.96943595407591,11.1622915667403,0.00680026542873832));
#10685=CARTESIAN_POINT('Ctrl Pts',(4.01887973173412,11.190549103616,0.00669856660337687));
#10686=CARTESIAN_POINT('Ctrl Pts',(4.06832361582641,11.218806454232,0.00660118829607488));
#10687=CARTESIAN_POINT('',(4.27,11.1038253838241,1.73268999403318E-14));
#10688=CARTESIAN_POINT('Ctrl Pts',(4.27,11.1038253838241,1.73332724443982E-14));
#10689=CARTESIAN_POINT('Ctrl Pts',(4.20279321972605,11.1421504767884,0.00213468157009768));
#10690=CARTESIAN_POINT('Ctrl Pts',(4.13553512788381,11.1804968018014,0.00433414878638027));
#10691=CARTESIAN_POINT('Ctrl Pts',(4.06832361581831,11.2188064542274,0.00660118829609093));
#10692=CARTESIAN_POINT('Ctrl Pts',(4.27,11.1038253838241,1.73268999403318E-14));
#10693=CARTESIAN_POINT('Ctrl Pts',(4.15333333333333,11.0371587171574,1.67409661259244E-14));
#10694=CARTESIAN_POINT('Ctrl Pts',(4.03666666666667,10.9704920504907,1.61550323115171E-14));
#10695=CARTESIAN_POINT('Ctrl Pts',(3.92,10.9038253838241,1.55690984971097E-14));
#10696=CARTESIAN_POINT('Ctrl Pts',(4.068323616582,11.2188064363335,0.00660161286295461));
#10697=CARTESIAN_POINT('Ctrl Pts',(4.06833215519434,11.2189711187999,0.00240018865235079));
#10698=CARTESIAN_POINT('Ctrl Pts',(4.06833254253099,11.2191358012663,-0.0018012521241871));
#10699=CARTESIAN_POINT('Ctrl Pts',(4.06832477858904,11.2193004837328,-0.00600267783774601));
#10700=CARTESIAN_POINT('Ctrl Pts',(4.01887973275583,11.1905490837877,0.00669900663878966));
#10701=CARTESIAN_POINT('Ctrl Pts',(4.01888839734112,11.1907137662541,0.00256153379348817));
#10702=CARTESIAN_POINT('Ctrl Pts',(4.01888903471647,11.1908784487205,-0.00157595586181295));
#10703=CARTESIAN_POINT('Ctrl Pts',(4.01888164489249,11.1910431311869,-0.00571343118030695));
#10704=CARTESIAN_POINT('Ctrl Pts',(3.9694359545026,11.1622915464883,0.00680070018267433));
#10705=CARTESIAN_POINT('Ctrl Pts',(3.96944475061974,11.1624562289547,0.00272717856622859));
#10706=CARTESIAN_POINT('Ctrl Pts',(3.96944564359985,11.1626209114211,-0.0013463601153902));
#10707=CARTESIAN_POINT('Ctrl Pts',(3.96943863345218,11.1627855938875,-0.00541988519683467));
#10708=CARTESIAN_POINT('Ctrl Pts',(3.91999230282959,11.1340337876725,0.00690731914714067));
#10709=CARTESIAN_POINT('Ctrl Pts',(3.92000123684643,11.1341984701389,0.00289774859594711));
#10710=CARTESIAN_POINT('Ctrl Pts',(3.9200023918071,11.1343631526053,-0.00111183928831423));
#10711=CARTESIAN_POINT('Ctrl Pts',(3.9199957677029,11.1345278350717,-0.00512141432102019));
#10712=CARTESIAN_POINT('Ctrl Pts',(4.0683303248414,11.2190651982004,1.63140563801949E-14));
#10713=CARTESIAN_POINT('Ctrl Pts',(4.0683303248414,11.2189789493016,0.00220041008564638));
#10714=CARTESIAN_POINT('Ctrl Pts',(4.06832808901373,11.218892700425,0.00440081960265449));
#10715=CARTESIAN_POINT('Ctrl Pts',(4.06832361736186,11.2188064515262,0.00660122514395479));
#10716=CARTESIAN_POINT('Ctrl Pts',(3.92,6.80382538382407,0.));
#10717=CARTESIAN_POINT('Ctrl Pts',(3.92,6.80382538382407,-0.649262481741891));
#10718=CARTESIAN_POINT('Ctrl Pts',(3.3957224546187,6.80352799422399,-2.27935314753778));
#10719=CARTESIAN_POINT('Ctrl Pts',(1.79823941377909,6.80425952780988,-3.1051023469595));
#10720=CARTESIAN_POINT('Ctrl Pts',(-0.158152424764069,6.80284280307117,
-3.10314710045318));
#10721=CARTESIAN_POINT('Ctrl Pts',(-1.75621558189284,6.81132839562228,-2.28382234519912));
#10722=CARTESIAN_POINT('Ctrl Pts',(-2.27929475864711,6.87744027034593,-0.644492572422015));
#10723=CARTESIAN_POINT('Ctrl Pts',(-2.28448166562795,6.94033953359638,0.889446145805812));
#10724=CARTESIAN_POINT('Ctrl Pts',(-1.46035915470946,7.01389861712995,2.67230016155009));
#10725=CARTESIAN_POINT('Ctrl Pts',(1.36892199945643,7.12379265899111,3.46985911012541));
#10726=CARTESIAN_POINT('Ctrl Pts',(3.8160114052201,7.23384194438203,1.83586825408744));
#10727=CARTESIAN_POINT('Ctrl Pts',(4.16123842466532,7.34381675272805,-1.08576235774174));
#10728=CARTESIAN_POINT('Ctrl Pts',(2.16461349730658,7.45382991125919,-3.24590887052211));
#10729=CARTESIAN_POINT('Ctrl Pts',(-0.77509658943357,7.56382300568985,-3.13046597259343));
#10730=CARTESIAN_POINT('Ctrl Pts',(-2.59627849896903,7.67382663335625,-0.820174756858282));
#10731=CARTESIAN_POINT('Ctrl Pts',(-2.02240801592763,7.78382472724906,2.06511258801523));
#10732=CARTESIAN_POINT('Ctrl Pts',(0.544362466817331,7.89382572882676,3.50255179171659));
#10733=CARTESIAN_POINT('Ctrl Pts',(3.30431115892289,8.00382520254596,2.48434471108706));
#10734=CARTESIAN_POINT('Ctrl Pts',(4.32259866284439,8.11382547906176,-0.27567220923289));
#10735=CARTESIAN_POINT('Ctrl Pts',(2.88503211887535,8.22382533381431,-2.8423569639482));
#10736=CARTESIAN_POINT('Ctrl Pts',(-2.45206296434223E-5,8.33382541003541,
-3.41637129332694));
#10737=CARTESIAN_POINT('Ctrl Pts',(-2.31076533308411,8.44382537019121,-1.59489111578204));
#10738=CARTESIAN_POINT('Ctrl Pts',(-2.42521943194082,8.55382539062277,1.34393932112156));
#10739=CARTESIAN_POINT('Ctrl Pts',(-0.266105877859479,8.66382538020817,
3.34168329421673));
#10740=CARTESIAN_POINT('Ctrl Pts',(2.65618336475467,8.7738253857113,2.99552636620358));
#10741=CARTESIAN_POINT('Ctrl Pts',(4.28920219550608,8.88382538288177,0.549837261178153));
#10742=CARTESIAN_POINT('Ctrl Pts',(3.49199962459187,8.99382538432661,-2.28189144419216));
#10743=CARTESIAN_POINT('Ctrl Pts',(0.819798183022828,9.10382538355911,-3.51331443226521));
#10744=CARTESIAN_POINT('Ctrl Pts',(-1.85149087340029,9.2138253839634,-2.28179585801166));
#10745=CARTESIAN_POINT('Ctrl Pts',(-2.65018953205116,9.32382538375085,0.549630349628456));
#10746=CARTESIAN_POINT('Ctrl Pts',(-1.01569712212587,9.43382538386255,2.99564902332441));
#10747=CARTESIAN_POINT('Ctrl Pts',(1.90565672794258,9.54382538380385,3.341419077984));
#10748=CARTESIAN_POINT('Ctrl Pts',(4.06599657795749,9.6538253838347,1.34453615854195));
#10749=CARTESIAN_POINT('Ctrl Pts',(3.95035811044885,9.76382538381849,-1.59508933295718));
#10750=CARTESIAN_POINT('Ctrl Pts',(1.64035113534152,9.873825383827,-3.41621860002985));
#10751=CARTESIAN_POINT('Ctrl Pts',(-1.2454518964225,9.98382538382256,-2.84256246850977));
#10752=CARTESIAN_POINT('Ctrl Pts',(-2.6817486598361,10.0938253838248,-0.275310331497658));
#10753=CARTESIAN_POINT('Ctrl Pts',(-1.66465178431934,10.2038253838237,2.48428539722999));
#10754=CARTESIAN_POINT('Ctrl Pts',(1.09580837549947,10.3138253838243,3.50255202228551));
#10755=CARTESIAN_POINT('Ctrl Pts',(3.66230944366081,10.423825383824,2.0651465518907));
#10756=CARTESIAN_POINT('Ctrl Pts',(4.23634976302456,10.5338253838241,-0.820254694372332));
#10757=CARTESIAN_POINT('Ctrl Pts',(2.41502186017593,10.6438253838241,-3.13030614868593));
#10758=CARTESIAN_POINT('Ctrl Pts',(-0.524503876103723,10.7538253838241,
-3.24621673604615));
#10759=CARTESIAN_POINT('Ctrl Pts',(-2.52142429927864,10.8638253838241,-1.08517722769785));
#10760=CARTESIAN_POINT('Ctrl Pts',(-2.17571322652322,10.9738253838241,1.83478284751507));
#10761=CARTESIAN_POINT('Ctrl Pts',(0.269544704501538,11.0838253838241,3.47092987684546));
#10762=CARTESIAN_POINT('Ctrl Pts',(3.10376353368594,11.1938253838241,2.66993136149257));
#10763=CARTESIAN_POINT('Ctrl Pts',(3.92,11.2671587171574,0.892735912395117));
#10764=CARTESIAN_POINT('Ctrl Pts',(3.92,11.3038253838241,1.55690984971097E-14));
#10765=CARTESIAN_POINT('Ctrl Pts',(4.03666666666667,6.73715871715741,0.));
#10766=CARTESIAN_POINT('Ctrl Pts',(4.03668611060664,6.73715871715741,-0.673404387905937));
#10767=CARTESIAN_POINT('Ctrl Pts',(3.4926455549197,6.73686132755733,-2.36539563315922));
#10768=CARTESIAN_POINT('Ctrl Pts',(1.83505766269934,6.73759286114321,-3.22187488520901));
#10769=CARTESIAN_POINT('Ctrl Pts',(-0.19496084818299,6.7361761364045,-3.21996364695779));
#10770=CARTESIAN_POINT('Ctrl Pts',(-1.85319224456045,6.74466172895561,-2.36976960898779));
#10771=CARTESIAN_POINT('Ctrl Pts',(-2.39590987529048,6.81077360367926,-0.668730888594463));
#10772=CARTESIAN_POINT('Ctrl Pts',(-2.40134978616301,6.87367286692972,0.922895506284377));
#10773=CARTESIAN_POINT('Ctrl Pts',(-1.54616134844507,6.94723195046328,2.77288498592597));
#10774=CARTESIAN_POINT('Ctrl Pts',(1.38957262370383,7.05712599232444,3.60043739538835));
#10775=CARTESIAN_POINT('Ctrl Pts',(3.92876860938725,7.16717527771536,1.90496429717598));
#10776=CARTESIAN_POINT('Ctrl Pts',(4.2869816943859,7.27715008606139,-1.12662667667032));
#10777=CARTESIAN_POINT('Ctrl Pts',(2.21521850280285,7.38716324459252,-3.36806549414047));
#10778=CARTESIAN_POINT('Ctrl Pts',(-0.835127807549623,7.49715633902318,
-3.24827988343626));
#10779=CARTESIAN_POINT('Ctrl Pts',(-2.724847766279,7.60715996668959,-0.851041202486236));
#10780=CARTESIAN_POINT('Ctrl Pts',(-2.12938050771903,7.7171580605824,2.14283172320201));
#10781=CARTESIAN_POINT('Ctrl Pts',(0.5339889704592,7.82715906216009,3.63436829849852));
#10782=CARTESIAN_POINT('Ctrl Pts',(3.39780700096173,7.93715853587929,2.57784163654139));
#10783=CARTESIAN_POINT('Ctrl Pts',(4.45441630214591,8.04715881239509,-0.286047182297488));
#10784=CARTESIAN_POINT('Ctrl Pts',(2.96274959543426,8.15715866714764,-2.94932696983323));
#10785=CARTESIAN_POINT('Ctrl Pts',(-0.0308879550082131,8.26715874336874,
-3.54494521522144));
#10786=CARTESIAN_POINT('Ctrl Pts',(-2.42858609283627,8.37715870352454,-1.65491237198966));
#10787=CARTESIAN_POINT('Ctrl Pts',(-2.54735314155896,8.48715872395611,1.39451565077516));
#10788=CARTESIAN_POINT('Ctrl Pts',(-0.306980997091486,8.5971587135415,3.46744820755868));
#10789=CARTESIAN_POINT('Ctrl Pts',(2.72528593719101,8.70715871904463,3.10825788219605));
#10790=CARTESIAN_POINT('Ctrl Pts',(4.41976317583645,8.8171587162151,0.570532086460093));
#10791=CARTESIAN_POINT('Ctrl Pts',(3.59256107361906,8.92715871765994,-2.36776936999565));
#10792=CARTESIAN_POINT('Ctrl Pts',(0.819789019063442,9.03715871689245,-3.64553586638208));
#10793=CARTESIAN_POINT('Ctrl Pts',(-1.95202989930956,9.14715871729673,-2.36766994814081));
#10794=CARTESIAN_POINT('Ctrl Pts',(-2.78078867741704,9.25715871708418,0.570315384898777));
#10795=CARTESIAN_POINT('Ctrl Pts',(-1.08478205923008,9.36715871719589,3.10838851829592));
#10796=CARTESIAN_POINT('Ctrl Pts',(1.94651436135202,9.47715871713718,3.46717136951517));
#10797=CARTESIAN_POINT('Ctrl Pts',(4.18815827224055,9.58715871716804,1.3951370795278));
#10798=CARTESIAN_POINT('Ctrl Pts',(4.06816649858188,9.69715871715182,-1.65511974349228));
#10799=CARTESIAN_POINT('Ctrl Pts',(1.67122583367353,9.80715871716033,-3.54478570329352));
#10800=CARTESIAN_POINT('Ctrl Pts',(-1.32318571136145,9.91715871715589,-2.94954115143414));
#10801=CARTESIAN_POINT('Ctrl Pts',(-2.81353578624541,10.0271587171581,-0.285669936799382));
#10802=CARTESIAN_POINT('Ctrl Pts',(-1.75815683648188,10.137158717157,2.57777795290551));
#10803=CARTESIAN_POINT('Ctrl Pts',(1.106185491825,10.2471587171576,3.63436966438086));
#10804=CARTESIAN_POINT('Ctrl Pts',(3.76928083495633,10.3571587171573,2.14286652317885));
#10805=CARTESIAN_POINT('Ctrl Pts',(4.36491825420981,10.4671587171575,-0.851124186191945));
#10806=CARTESIAN_POINT('Ctrl Pts',(2.47505602040748,10.5771587171574,-3.24811358443043));
#10807=CARTESIAN_POINT('Ctrl Pts',(-0.575115176124381,10.6871587171574,
-3.36838588021626));
#10808=CARTESIAN_POINT('Ctrl Pts',(-2.64715537600107,10.7971587171574,-1.12601790957574));
#10809=CARTESIAN_POINT('Ctrl Pts',(-2.28849319736463,10.9071587171574,1.90383485084028));
#10810=CARTESIAN_POINT('Ctrl Pts',(0.248904451902607,11.0171587171574,3.60154847984602));
#10811=CARTESIAN_POINT('Ctrl Pts',(3.1895467694034,11.1271587171574,2.77043702167359));
#10812=CARTESIAN_POINT('Ctrl Pts',(4.03691571000149,11.2004920504907,0.926294319029));
#10813=CARTESIAN_POINT('Ctrl Pts',(4.03666666666667,11.2371587171574,1.61550323115171E-14));
#10814=CARTESIAN_POINT('Ctrl Pts',(4.15333333333333,6.67049205049074,0.));
#10815=CARTESIAN_POINT('Ctrl Pts',(4.15331388939336,6.67049205049074,-0.698424404161606));
#10816=CARTESIAN_POINT('Ctrl Pts',(3.58960672822627,6.67019466089067,-2.45065698502545));
#10817=CARTESIAN_POINT('Ctrl Pts',(1.87186755028551,6.67092619447654,-3.3389058801409));
#10818=CARTESIAN_POINT('Ctrl Pts',(-0.231780565431413,6.66950946973784,
-3.33668587174167));
#10819=CARTESIAN_POINT('Ctrl Pts',(-1.95010196879377,6.67799506228893,-2.45572599135228));
#10820=CARTESIAN_POINT('Ctrl Pts',(-2.51260001798002,6.7441069370126,-0.693019546684313));
#10821=CARTESIAN_POINT('Ctrl Pts',(-2.51811953959927,6.80700620026305,0.956418124369839));
#10822=CARTESIAN_POINT('Ctrl Pts',(-1.63201686553782,6.8805652837966,2.87342664573632));
#10823=CARTESIAN_POINT('Ctrl Pts',(1.41024643966378,6.99045932565779,3.73103911148954));
#10824=CARTESIAN_POINT('Ctrl Pts',(4.04151355325521,7.10050861104867,1.97404765904102));
#10825=CARTESIAN_POINT('Ctrl Pts',(4.41273175127791,7.21048341939475,-1.16748411146143));
#10826=CARTESIAN_POINT('Ctrl Pts',(2.26581969311912,7.32049657792583,-3.49022582905947));
#10827=CARTESIAN_POINT('Ctrl Pts',(-0.895156921737437,7.43048967235653,
-3.36609176833373));
#10828=CARTESIAN_POINT('Ctrl Pts',(-2.85341809444589,7.54049330002291,-0.881908687004651));
#10829=CARTESIAN_POINT('Ctrl Pts',(-2.23635255819257,7.65049139391573,2.22055132566888));
#10830=CARTESIAN_POINT('Ctrl Pts',(0.523615596525804,7.76049239549342,3.76618468077362));
#10831=CARTESIAN_POINT('Ctrl Pts',(3.49130206063342,7.87049186921263,2.67133831752965));
#10832=CARTESIAN_POINT('Ctrl Pts',(4.58623571128335,7.98049214572843,-0.296421517855876));
#10833=CARTESIAN_POINT('Ctrl Pts',(3.04046342993139,8.09049200048097,-3.05629822818635));
#10834=CARTESIAN_POINT('Ctrl Pts',(-0.0617444998705492,8.20049207670208,
-3.67351671100161));
#10835=CARTESIAN_POINT('Ctrl Pts',(-2.54641807868015,8.31049203685788,-1.71493821135626));
#10836=CARTESIAN_POINT('Ctrl Pts',(-2.66948146463858,8.42049205728943,1.44509807611072));
#10837=CARTESIAN_POINT('Ctrl Pts',(-0.347855615805157,8.53049204687484,
3.59320520441538));
#10838=CARTESIAN_POINT('Ctrl Pts',(2.79439181737127,8.64049205237796,3.22099943994377));
#10839=CARTESIAN_POINT('Ctrl Pts',(4.55032533402317,8.75049204954845,0.591220836351814));
#10840=CARTESIAN_POINT('Ctrl Pts',(3.69311555253474,8.86049205099326,-2.45364642337811));
#10841=CARTESIAN_POINT('Ctrl Pts',(0.819784561194466,8.97049205022579,-3.77775753082344));
#10842=CARTESIAN_POINT('Ctrl Pts',(-2.05257178481042,9.08049205063007,-2.45354388088384));
#10843=CARTESIAN_POINT('Ctrl Pts',(-2.91138597901364,9.19049205041752,0.59100035383232));
#10844=CARTESIAN_POINT('Ctrl Pts',(-1.15386831171328,9.30049205052922,3.22112796647017));
#10845=CARTESIAN_POINT('Ctrl Pts',(1.98737324123633,9.41049205047052,3.59292377912845));
#10846=CARTESIAN_POINT('Ctrl Pts',(4.31031836828254,9.52049205050136,1.4457377070689));
#10847=CARTESIAN_POINT('Ctrl Pts',(4.18597725091488,9.63049205048517,-1.71514965356241));
#10848=CARTESIAN_POINT('Ctrl Pts',(1.70209672648356,9.74049205049366,-3.67335359676954));
#10849=CARTESIAN_POINT('Ctrl Pts',(-1.40091426333771,9.85049205048924,-3.0565182578365));
#10850=CARTESIAN_POINT('Ctrl Pts',(-2.94532025308571,9.96049205049144,-0.296034150719865));
#10851=CARTESIAN_POINT('Ctrl Pts',(-1.85167193361222,10.0704920504903,2.67127667672559));
#10852=CARTESIAN_POINT('Ctrl Pts',(1.11657091447227,10.180492050491,3.7661838020611));
#10853=CARTESIAN_POINT('Ctrl Pts',(3.87624395729473,10.2904920504906,2.22058828807408));
#10854=CARTESIAN_POINT('Ctrl Pts',(4.49349818056789,10.4004920504908,-0.881994603530237));
#10855=CARTESIAN_POINT('Ctrl Pts',(2.53507081319006,10.5104920504907,-3.36592037488985));
#10856=CARTESIAN_POINT('Ctrl Pts',(-0.625691400804453,10.6204920504907,
-3.49055593304255));
#10857=CARTESIAN_POINT('Ctrl Pts',(-2.77295080473283,10.7304920504908,-1.16685655539875));
#10858=CARTESIAN_POINT('Ctrl Pts',(-2.40115894254734,10.8404920504907,1.97288374632867));
#10859=CARTESIAN_POINT('Ctrl Pts',(0.228036778576449,10.9504920504907,3.73219045348873));
#10860=CARTESIAN_POINT('Ctrl Pts',(3.27582456790077,11.0604920504907,2.87086956470587));
#10861=CARTESIAN_POINT('Ctrl Pts',(4.1530842899985,11.1338253838241,0.959970270063908));
#10862=CARTESIAN_POINT('Ctrl Pts',(4.15333333333333,11.1704920504907,1.67409661259244E-14));
#10863=CARTESIAN_POINT('Ctrl Pts',(4.27,6.60382538382407,0.));
#10864=CARTESIAN_POINT('Ctrl Pts',(4.27,6.60382538382407,-0.722566310325652));
#10865=CARTESIAN_POINT('Ctrl Pts',(3.68652982852726,6.603527994224,-2.53669947064689));
#10866=CARTESIAN_POINT('Ctrl Pts',(1.90868579920576,6.60425952780987,-3.45567841839041));
#10867=CARTESIAN_POINT('Ctrl Pts',(-0.268588988850334,6.60284280307117,
-3.45350241824628));
#10868=CARTESIAN_POINT('Ctrl Pts',(-2.04707863146138,6.61132839562227,-2.54167325514095));
#10869=CARTESIAN_POINT('Ctrl Pts',(-2.62921513462339,6.67744027034593,-0.717257862856761));
#10870=CARTESIAN_POINT('Ctrl Pts',(-2.63498766013434,6.74033953359639,0.989867484848405));
#10871=CARTESIAN_POINT('Ctrl Pts',(-1.71781905927343,6.81389861712994,2.9740114701122));
#10872=CARTESIAN_POINT('Ctrl Pts',(1.43089706391119,6.92379265899112,3.86161739675248));
#10873=CARTESIAN_POINT('Ctrl Pts',(4.15427075742237,7.03384194438201,2.04314370212957));
#10874=CARTESIAN_POINT('Ctrl Pts',(4.5384750209985,7.14381675272808,-1.20834843039001));
#10875=CARTESIAN_POINT('Ctrl Pts',(2.31642469861539,7.25382991125917,-3.61238245267783));
#10876=CARTESIAN_POINT('Ctrl Pts',(-0.95518813985349,7.36382300568987,-3.48390567917656));
#10877=CARTESIAN_POINT('Ctrl Pts',(-2.98198736175586,7.47382663335625,-0.912775132632606));
#10878=CARTESIAN_POINT('Ctrl Pts',(-2.34332504998397,7.58382472724906,2.29827046085566));
#10879=CARTESIAN_POINT('Ctrl Pts',(0.513242100167673,7.69382572882676,3.89800118755555));
#10880=CARTESIAN_POINT('Ctrl Pts',(3.58479790267226,7.80382520254596,2.76483524298398));
#10881=CARTESIAN_POINT('Ctrl Pts',(4.71805335058488,7.91382547906176,-0.306796490920474));
#10882=CARTESIAN_POINT('Ctrl Pts',(3.11818090649031,8.02382533381431,-3.16326823407139));
#10883=CARTESIAN_POINT('Ctrl Pts',(-0.0926079342491189,8.13382541003541,
-3.80209063289611));
#10884=CARTESIAN_POINT('Ctrl Pts',(-2.66423883843231,8.24382537019121,-1.77495946756388));
#10885=CARTESIAN_POINT('Ctrl Pts',(-2.79161517425672,8.35382539062277,1.49567440576432));
#10886=CARTESIAN_POINT('Ctrl Pts',(-0.388730735037164,8.46382538020817,
3.71897011775733));
#10887=CARTESIAN_POINT('Ctrl Pts',(2.86349438980761,8.57382538571129,3.33373095593624));
#10888=CARTESIAN_POINT('Ctrl Pts',(4.68088631435354,8.68382538288178,0.611915661633753));
#10889=CARTESIAN_POINT('Ctrl Pts',(3.79367700156193,8.79382538432659,-2.5395243491816));
#10890=CARTESIAN_POINT('Ctrl Pts',(0.81977539723508,8.90382538355913,-3.90997896494031));
#10891=CARTESIAN_POINT('Ctrl Pts',(-2.15311081071968,9.0138253839634,-2.53941797101299));
#10892=CARTESIAN_POINT('Ctrl Pts',(-3.04198512437952,9.12382538375085,0.611685389102641));
#10893=CARTESIAN_POINT('Ctrl Pts',(-1.2229532488175,9.23382538386255,3.33386746144168));
#10894=CARTESIAN_POINT('Ctrl Pts',(2.02823087464577,9.34382538380385,3.71867607065961));
#10895=CARTESIAN_POINT('Ctrl Pts',(4.4324800625656,9.45382538383469,1.49633862805475));
#10896=CARTESIAN_POINT('Ctrl Pts',(4.30378563904791,9.5638253838185,-1.77518006409751));
#10897=CARTESIAN_POINT('Ctrl Pts',(1.73297142481557,9.67382538382699,-3.80192070003322));
#10898=CARTESIAN_POINT('Ctrl Pts',(-1.47864807827666,9.78382538382258,-3.16349694076087));
#10899=CARTESIAN_POINT('Ctrl Pts',(-3.07710737949502,9.89382538382478,-0.306393756021589));
#10900=CARTESIAN_POINT('Ctrl Pts',(-1.94517698577475,10.0038253838237,2.76476923240112));
#10901=CARTESIAN_POINT('Ctrl Pts',(1.1269480307978,10.1138253838243,3.89800144415645));
#10902=CARTESIAN_POINT('Ctrl Pts',(3.98321534859025,10.223825383824,2.29830825936223));
#10903=CARTESIAN_POINT('Ctrl Pts',(4.62206667175314,10.3338253838241,-0.912864095349851));
#10904=CARTESIAN_POINT('Ctrl Pts',(2.5951049734216,10.4438253838241,-3.48372781063435));
#10905=CARTESIAN_POINT('Ctrl Pts',(-0.67630270082511,10.5538253838241,-3.61272507721265));
#10906=CARTESIAN_POINT('Ctrl Pts',(-2.89868188145526,10.6638253838241,-1.20769723727664));
#10907=CARTESIAN_POINT('Ctrl Pts',(-2.51393891338875,10.7738253838241,2.04193574965387));
#10908=CARTESIAN_POINT('Ctrl Pts',(0.207396525977518,10.8838253838241,3.8628090564893));
#10909=CARTESIAN_POINT('Ctrl Pts',(3.36160780361823,10.9938253838241,2.97137522488689));
#10910=CARTESIAN_POINT('Ctrl Pts',(4.27,11.0671587171574,0.993528676697791));
#10911=CARTESIAN_POINT('Ctrl Pts',(4.27,11.1038253838241,1.73268999403318E-14));
#10912=CARTESIAN_POINT('Ctrl Pts',(-2.27826461333953,10.9038702583147,2.75726310670354E-5));
#10913=CARTESIAN_POINT('Ctrl Pts',(-2.27590962548241,10.9271886334845,0.568449119491203));
#10914=CARTESIAN_POINT('Ctrl Pts',(-1.87898581153843,10.9871736753209,2.03332618823529));
#10915=CARTESIAN_POINT('Ctrl Pts',(0.269544704501538,11.0838253838241,3.47092987684546));
#10916=CARTESIAN_POINT('Ctrl Pts',(3.07090545566462,11.1925501158225,2.67921761400117));
#10917=CARTESIAN_POINT('Ctrl Pts',(3.89128670371073,11.2646081811542,0.954170876383915));
#10918=CARTESIAN_POINT('Ctrl Pts',(3.91852484013769,11.2999995798193,0.0931202435686597));
#10919=CARTESIAN_POINT('',(4.27,6.60382538382407,0.));
#10920=CARTESIAN_POINT('',(4.27,6.60382538382407,0.));
#10921=CARTESIAN_POINT('Ctrl Pts',(4.27,6.60382538382407,0.));
#10922=CARTESIAN_POINT('Ctrl Pts',(4.27,6.60382538382407,-0.722566310325652));
#10923=CARTESIAN_POINT('Ctrl Pts',(3.68652982852726,6.603527994224,-2.53669947064689));
#10924=CARTESIAN_POINT('Ctrl Pts',(1.90868579920576,6.60425952780987,-3.45567841839041));
#10925=CARTESIAN_POINT('Ctrl Pts',(-0.268588988850334,6.60284280307117,
-3.45350241824628));
#10926=CARTESIAN_POINT('Ctrl Pts',(-2.04707863146138,6.61132839562227,-2.54167325514095));
#10927=CARTESIAN_POINT('Ctrl Pts',(-2.62921513462339,6.67744027034593,-0.717257862856761));
#10928=CARTESIAN_POINT('Ctrl Pts',(-2.63498766013434,6.74033953359639,0.989867484848405));
#10929=CARTESIAN_POINT('Ctrl Pts',(-1.71781905927343,6.81389861712994,2.9740114701122));
#10930=CARTESIAN_POINT('Ctrl Pts',(1.43089706391119,6.92379265899112,3.86161739675248));
#10931=CARTESIAN_POINT('Ctrl Pts',(4.15427075742237,7.03384194438201,2.04314370212957));
#10932=CARTESIAN_POINT('Ctrl Pts',(4.5384750209985,7.14381675272808,-1.20834843039001));
#10933=CARTESIAN_POINT('Ctrl Pts',(2.31642469861539,7.25382991125917,-3.61238245267783));
#10934=CARTESIAN_POINT('Ctrl Pts',(-0.95518813985349,7.36382300568987,-3.48390567917656));
#10935=CARTESIAN_POINT('Ctrl Pts',(-2.98198736175586,7.47382663335625,-0.912775132632606));
#10936=CARTESIAN_POINT('Ctrl Pts',(-2.34332504998397,7.58382472724906,2.29827046085566));
#10937=CARTESIAN_POINT('Ctrl Pts',(0.513242100167673,7.69382572882676,3.89800118755555));
#10938=CARTESIAN_POINT('Ctrl Pts',(3.58479790267226,7.80382520254596,2.76483524298398));
#10939=CARTESIAN_POINT('Ctrl Pts',(4.71805335058488,7.91382547906176,-0.306796490920474));
#10940=CARTESIAN_POINT('Ctrl Pts',(3.11818090649031,8.02382533381431,-3.16326823407139));
#10941=CARTESIAN_POINT('Ctrl Pts',(-0.0926079342491189,8.13382541003541,
-3.80209063289611));
#10942=CARTESIAN_POINT('Ctrl Pts',(-2.66423883843231,8.24382537019121,-1.77495946756388));
#10943=CARTESIAN_POINT('Ctrl Pts',(-2.79161517425672,8.35382539062277,1.49567440576432));
#10944=CARTESIAN_POINT('Ctrl Pts',(-0.388730735037164,8.46382538020817,
3.71897011775733));
#10945=CARTESIAN_POINT('Ctrl Pts',(2.86349438980761,8.57382538571129,3.33373095593624));
#10946=CARTESIAN_POINT('Ctrl Pts',(4.68088631435354,8.68382538288178,0.611915661633753));
#10947=CARTESIAN_POINT('Ctrl Pts',(3.79367700156193,8.79382538432659,-2.5395243491816));
#10948=CARTESIAN_POINT('Ctrl Pts',(0.81977539723508,8.90382538355913,-3.90997896494031));
#10949=CARTESIAN_POINT('Ctrl Pts',(-2.15311081071968,9.0138253839634,-2.53941797101299));
#10950=CARTESIAN_POINT('Ctrl Pts',(-3.04198512437952,9.12382538375085,0.611685389102641));
#10951=CARTESIAN_POINT('Ctrl Pts',(-1.2229532488175,9.23382538386255,3.33386746144168));
#10952=CARTESIAN_POINT('Ctrl Pts',(2.02823087464577,9.34382538380385,3.71867607065961));
#10953=CARTESIAN_POINT('Ctrl Pts',(4.4324800625656,9.45382538383469,1.49633862805475));
#10954=CARTESIAN_POINT('Ctrl Pts',(4.30378563904791,9.5638253838185,-1.77518006409751));
#10955=CARTESIAN_POINT('Ctrl Pts',(1.73297142481557,9.67382538382699,-3.80192070003322));
#10956=CARTESIAN_POINT('Ctrl Pts',(-1.47864807827666,9.78382538382258,-3.16349694076087));
#10957=CARTESIAN_POINT('Ctrl Pts',(-3.07710737949502,9.89382538382478,-0.306393756021589));
#10958=CARTESIAN_POINT('Ctrl Pts',(-1.94517698577475,10.0038253838237,2.76476923240112));
#10959=CARTESIAN_POINT('Ctrl Pts',(1.1269480307978,10.1138253838243,3.89800144415645));
#10960=CARTESIAN_POINT('Ctrl Pts',(3.98321534859025,10.223825383824,2.29830825936223));
#10961=CARTESIAN_POINT('Ctrl Pts',(4.62206667175314,10.3338253838241,-0.912864095349851));
#10962=CARTESIAN_POINT('Ctrl Pts',(2.5951049734216,10.4438253838241,-3.48372781063435));
#10963=CARTESIAN_POINT('Ctrl Pts',(-0.67630270082511,10.5538253838241,-3.61272507721265));
#10964=CARTESIAN_POINT('Ctrl Pts',(-2.89868188145526,10.6638253838241,-1.20769723727664));
#10965=CARTESIAN_POINT('Ctrl Pts',(-2.51393891338875,10.7738253838241,2.04193574965387));
#10966=CARTESIAN_POINT('Ctrl Pts',(0.207396525977518,10.8838253838241,3.8628090564893));
#10967=CARTESIAN_POINT('Ctrl Pts',(3.36160780361823,10.9938253838241,2.97137522488689));
#10968=CARTESIAN_POINT('Ctrl Pts',(4.27,11.0671587171574,0.993528676697791));
#10969=CARTESIAN_POINT('Ctrl Pts',(4.27,11.1038253838241,1.73268999403318E-14));
#10970=CARTESIAN_POINT('Ctrl Pts',(4.27,6.60382538382407,0.));
#10971=CARTESIAN_POINT('Ctrl Pts',(4.27,6.60382538382407,-0.722566310325652));
#10972=CARTESIAN_POINT('Ctrl Pts',(3.68652982852726,6.603527994224,-2.53669947064689));
#10973=CARTESIAN_POINT('Ctrl Pts',(1.90868579920576,6.60425952780987,-3.45567841839041));
#10974=CARTESIAN_POINT('Ctrl Pts',(-0.268588988850334,6.60284280307117,
-3.45350241824628));
#10975=CARTESIAN_POINT('Ctrl Pts',(-2.04707863146138,6.61132839562227,-2.54167325514095));
#10976=CARTESIAN_POINT('Ctrl Pts',(-2.62921513462339,6.67744027034593,-0.717257862856761));
#10977=CARTESIAN_POINT('Ctrl Pts',(-2.63498766013434,6.74033953359639,0.989867484848405));
#10978=CARTESIAN_POINT('Ctrl Pts',(-1.71781905927343,6.81389861712994,2.9740114701122));
#10979=CARTESIAN_POINT('Ctrl Pts',(1.43089706391119,6.92379265899112,3.86161739675248));
#10980=CARTESIAN_POINT('Ctrl Pts',(4.15427075742237,7.03384194438201,2.04314370212957));
#10981=CARTESIAN_POINT('Ctrl Pts',(4.5384750209985,7.14381675272808,-1.20834843039001));
#10982=CARTESIAN_POINT('Ctrl Pts',(2.31642469861539,7.25382991125917,-3.61238245267783));
#10983=CARTESIAN_POINT('Ctrl Pts',(-0.95518813985349,7.36382300568987,-3.48390567917656));
#10984=CARTESIAN_POINT('Ctrl Pts',(-2.98198736175586,7.47382663335625,-0.912775132632606));
#10985=CARTESIAN_POINT('Ctrl Pts',(-2.34332504998397,7.58382472724906,2.29827046085566));
#10986=CARTESIAN_POINT('Ctrl Pts',(0.513242100167673,7.69382572882676,3.89800118755555));
#10987=CARTESIAN_POINT('Ctrl Pts',(3.58479790267226,7.80382520254596,2.76483524298398));
#10988=CARTESIAN_POINT('Ctrl Pts',(4.71805335058488,7.91382547906176,-0.306796490920474));
#10989=CARTESIAN_POINT('Ctrl Pts',(3.11818090649031,8.02382533381431,-3.16326823407139));
#10990=CARTESIAN_POINT('Ctrl Pts',(-0.0926079342491189,8.13382541003541,
-3.80209063289611));
#10991=CARTESIAN_POINT('Ctrl Pts',(-2.66423883843231,8.24382537019121,-1.77495946756388));
#10992=CARTESIAN_POINT('Ctrl Pts',(-2.79161517425672,8.35382539062277,1.49567440576432));
#10993=CARTESIAN_POINT('Ctrl Pts',(-0.388730735037164,8.46382538020817,
3.71897011775733));
#10994=CARTESIAN_POINT('Ctrl Pts',(2.86349438980761,8.57382538571129,3.33373095593624));
#10995=CARTESIAN_POINT('Ctrl Pts',(4.68088631435354,8.68382538288178,0.611915661633753));
#10996=CARTESIAN_POINT('Ctrl Pts',(3.79367700156193,8.79382538432659,-2.5395243491816));
#10997=CARTESIAN_POINT('Ctrl Pts',(0.81977539723508,8.90382538355913,-3.90997896494031));
#10998=CARTESIAN_POINT('Ctrl Pts',(-2.15311081071968,9.0138253839634,-2.53941797101299));
#10999=CARTESIAN_POINT('Ctrl Pts',(-3.04198512437952,9.12382538375085,0.611685389102641));
#11000=CARTESIAN_POINT('Ctrl Pts',(-1.2229532488175,9.23382538386255,3.33386746144168));
#11001=CARTESIAN_POINT('Ctrl Pts',(2.02823087464577,9.34382538380385,3.71867607065961));
#11002=CARTESIAN_POINT('Ctrl Pts',(4.4324800625656,9.45382538383469,1.49633862805475));
#11003=CARTESIAN_POINT('Ctrl Pts',(4.30378563904791,9.5638253838185,-1.77518006409751));
#11004=CARTESIAN_POINT('Ctrl Pts',(1.73297142481557,9.67382538382699,-3.80192070003322));
#11005=CARTESIAN_POINT('Ctrl Pts',(-1.47864807827666,9.78382538382258,-3.16349694076087));
#11006=CARTESIAN_POINT('Ctrl Pts',(-3.07710737949502,9.89382538382478,-0.306393756021589));
#11007=CARTESIAN_POINT('Ctrl Pts',(-1.94517698577475,10.0038253838237,2.76476923240112));
#11008=CARTESIAN_POINT('Ctrl Pts',(1.1269480307978,10.1138253838243,3.89800144415645));
#11009=CARTESIAN_POINT('Ctrl Pts',(3.98321534859025,10.223825383824,2.29830825936223));
#11010=CARTESIAN_POINT('Ctrl Pts',(4.62206667175314,10.3338253838241,-0.912864095349851));
#11011=CARTESIAN_POINT('Ctrl Pts',(2.5951049734216,10.4438253838241,-3.48372781063435));
#11012=CARTESIAN_POINT('Ctrl Pts',(-0.67630270082511,10.5538253838241,-3.61272507721265));
#11013=CARTESIAN_POINT('Ctrl Pts',(-2.89868188145526,10.6638253838241,-1.20769723727664));
#11014=CARTESIAN_POINT('Ctrl Pts',(-2.51393891338875,10.7738253838241,2.04193574965387));
#11015=CARTESIAN_POINT('Ctrl Pts',(0.207396525977518,10.8838253838241,3.8628090564893));
#11016=CARTESIAN_POINT('Ctrl Pts',(3.36160780361823,10.9938253838241,2.97137522488689));
#11017=CARTESIAN_POINT('Ctrl Pts',(4.27,11.0671587171574,0.993528676697791));
#11018=CARTESIAN_POINT('Ctrl Pts',(4.27,11.1038253838241,1.73268999403318E-14));
#11019=CARTESIAN_POINT('Ctrl Pts',(4.15333333333333,6.53715871715741,0.));
#11020=CARTESIAN_POINT('Ctrl Pts',(4.15331388939336,6.53715871715741,-0.698424404161606));
#11021=CARTESIAN_POINT('Ctrl Pts',(3.58960672822627,6.53686132755733,-2.45065698502545));
#11022=CARTESIAN_POINT('Ctrl Pts',(1.87186755028551,6.53759286114321,-3.3389058801409));
#11023=CARTESIAN_POINT('Ctrl Pts',(-0.231780565431413,6.53617613640451,
-3.33668587174167));
#11024=CARTESIAN_POINT('Ctrl Pts',(-1.95010196879377,6.5446617289556,-2.45572599135228));
#11025=CARTESIAN_POINT('Ctrl Pts',(-2.51260001798002,6.61077360367926,-0.693019546684313));
#11026=CARTESIAN_POINT('Ctrl Pts',(-2.51811953959927,6.67367286692972,0.956418124369839));
#11027=CARTESIAN_POINT('Ctrl Pts',(-1.63201686553782,6.74723195046327,2.87342664573632));
#11028=CARTESIAN_POINT('Ctrl Pts',(1.41024643966378,6.85712599232445,3.73103911148954));
#11029=CARTESIAN_POINT('Ctrl Pts',(4.04151355325521,6.96717527771534,1.97404765904102));
#11030=CARTESIAN_POINT('Ctrl Pts',(4.41273175127791,7.07715008606141,-1.16748411146143));
#11031=CARTESIAN_POINT('Ctrl Pts',(2.26581969311912,7.1871632445925,-3.49022582905947));
#11032=CARTESIAN_POINT('Ctrl Pts',(-0.895156921737437,7.2971563390232,-3.36609176833373));
#11033=CARTESIAN_POINT('Ctrl Pts',(-2.85341809444589,7.40715996668958,-0.881908687004651));
#11034=CARTESIAN_POINT('Ctrl Pts',(-2.23635255819257,7.51715806058239,2.22055132566888));
#11035=CARTESIAN_POINT('Ctrl Pts',(0.523615596525804,7.62715906216009,3.76618468077362));
#11036=CARTESIAN_POINT('Ctrl Pts',(3.49130206063342,7.73715853587929,2.67133831752965));
#11037=CARTESIAN_POINT('Ctrl Pts',(4.58623571128335,7.8471588123951,-0.296421517855876));
#11038=CARTESIAN_POINT('Ctrl Pts',(3.04046342993139,7.95715866714764,-3.05629822818635));
#11039=CARTESIAN_POINT('Ctrl Pts',(-0.0617444998705492,8.06715874336874,
-3.67351671100161));
#11040=CARTESIAN_POINT('Ctrl Pts',(-2.54641807868015,8.17715870352455,-1.71493821135626));
#11041=CARTESIAN_POINT('Ctrl Pts',(-2.66948146463858,8.2871587239561,1.44509807611072));
#11042=CARTESIAN_POINT('Ctrl Pts',(-0.347855615805157,8.3971587135415,3.59320520441538));
#11043=CARTESIAN_POINT('Ctrl Pts',(2.79439181737127,8.50715871904463,3.22099943994377));
#11044=CARTESIAN_POINT('Ctrl Pts',(4.55032533402317,8.61715871621512,0.591220836351814));
#11045=CARTESIAN_POINT('Ctrl Pts',(3.69311555253474,8.72715871765992,-2.45364642337811));
#11046=CARTESIAN_POINT('Ctrl Pts',(0.819784561194466,8.83715871689246,-3.77775753082344));
#11047=CARTESIAN_POINT('Ctrl Pts',(-2.05257178481042,8.94715871729673,-2.45354388088384));
#11048=CARTESIAN_POINT('Ctrl Pts',(-2.91138597901364,9.05715871708418,0.59100035383232));
#11049=CARTESIAN_POINT('Ctrl Pts',(-1.15386831171328,9.16715871719589,3.22112796647017));
#11050=CARTESIAN_POINT('Ctrl Pts',(1.98737324123633,9.27715871713719,3.59292377912845));
#11051=CARTESIAN_POINT('Ctrl Pts',(4.31031836828254,9.38715871716803,1.4457377070689));
#11052=CARTESIAN_POINT('Ctrl Pts',(4.18597725091488,9.49715871715183,-1.71514965356241));
#11053=CARTESIAN_POINT('Ctrl Pts',(1.70209672648356,9.60715871716032,-3.67335359676954));
#11054=CARTESIAN_POINT('Ctrl Pts',(-1.40091426333771,9.71715871715591,-3.0565182578365));
#11055=CARTESIAN_POINT('Ctrl Pts',(-2.94532025308571,9.82715871715811,-0.296034150719865));
#11056=CARTESIAN_POINT('Ctrl Pts',(-1.85167193361222,9.93715871715701,2.67127667672559));
#11057=CARTESIAN_POINT('Ctrl Pts',(1.11657091447227,10.0471587171576,3.7661838020611));
#11058=CARTESIAN_POINT('Ctrl Pts',(3.87624395729473,10.1571587171573,2.22058828807408));
#11059=CARTESIAN_POINT('Ctrl Pts',(4.49349818056789,10.2671587171575,-0.881994603530237));
#11060=CARTESIAN_POINT('Ctrl Pts',(2.53507081319006,10.3771587171574,-3.36592037488985));
#11061=CARTESIAN_POINT('Ctrl Pts',(-0.625691400804453,10.4871587171574,
-3.49055593304255));
#11062=CARTESIAN_POINT('Ctrl Pts',(-2.77295080473283,10.5971587171574,-1.16685655539875));
#11063=CARTESIAN_POINT('Ctrl Pts',(-2.40115894254734,10.7071587171574,1.97288374632867));
#11064=CARTESIAN_POINT('Ctrl Pts',(0.228036778576449,10.8171587171574,3.73219045348873));
#11065=CARTESIAN_POINT('Ctrl Pts',(3.27582456790077,10.9271587171574,2.87086956470587));
#11066=CARTESIAN_POINT('Ctrl Pts',(4.1530842899985,11.0004920504907,0.959970270063908));
#11067=CARTESIAN_POINT('Ctrl Pts',(4.15333333333333,11.0371587171574,1.67409661259244E-14));
#11068=CARTESIAN_POINT('Ctrl Pts',(4.03666666666667,6.47049205049074,0.));
#11069=CARTESIAN_POINT('Ctrl Pts',(4.03668611060664,6.47049205049074,-0.673404387905937));
#11070=CARTESIAN_POINT('Ctrl Pts',(3.4926455549197,6.47019466089065,-2.36539563315922));
#11071=CARTESIAN_POINT('Ctrl Pts',(1.83505766269934,6.47092619447656,-3.22187488520901));
#11072=CARTESIAN_POINT('Ctrl Pts',(-0.19496084818299,6.46950946973783,-3.21996364695779));
#11073=CARTESIAN_POINT('Ctrl Pts',(-1.85319224456045,6.47799506228895,-2.36976960898779));
#11074=CARTESIAN_POINT('Ctrl Pts',(-2.39590987529048,6.54410693701259,-0.668730888594463));
#11075=CARTESIAN_POINT('Ctrl Pts',(-2.40134978616301,6.60700620026305,0.922895506284377));
#11076=CARTESIAN_POINT('Ctrl Pts',(-1.54616134844507,6.68056528379661,2.77288498592597));
#11077=CARTESIAN_POINT('Ctrl Pts',(1.38957262370383,6.79045932565779,3.60043739538835));
#11078=CARTESIAN_POINT('Ctrl Pts',(3.92876860938725,6.90050861104867,1.90496429717598));
#11079=CARTESIAN_POINT('Ctrl Pts',(4.2869816943859,7.01048341939474,-1.12662667667032));
#11080=CARTESIAN_POINT('Ctrl Pts',(2.21521850280285,7.12049657792584,-3.36806549414047));
#11081=CARTESIAN_POINT('Ctrl Pts',(-0.835127807549623,7.23048967235653,
-3.24827988343626));
#11082=CARTESIAN_POINT('Ctrl Pts',(-2.724847766279,7.34049330002292,-0.851041202486236));
#11083=CARTESIAN_POINT('Ctrl Pts',(-2.12938050771903,7.45049139391573,2.14283172320201));
#11084=CARTESIAN_POINT('Ctrl Pts',(0.5339889704592,7.56049239549342,3.63436829849852));
#11085=CARTESIAN_POINT('Ctrl Pts',(3.39780700096173,7.67049186921263,2.57784163654139));
#11086=CARTESIAN_POINT('Ctrl Pts',(4.45441630214591,7.78049214572842,-0.286047182297488));
#11087=CARTESIAN_POINT('Ctrl Pts',(2.96274959543426,7.89049200048097,-2.94932696983323));
#11088=CARTESIAN_POINT('Ctrl Pts',(-0.0308879550082131,8.00049207670208,
-3.54494521522144));
#11089=CARTESIAN_POINT('Ctrl Pts',(-2.42858609283627,8.11049203685787,-1.65491237198966));
#11090=CARTESIAN_POINT('Ctrl Pts',(-2.54735314155896,8.22049205728944,1.39451565077516));
#11091=CARTESIAN_POINT('Ctrl Pts',(-0.306980997091486,8.33049204687484,
3.46744820755868));
#11092=CARTESIAN_POINT('Ctrl Pts',(2.72528593719101,8.44049205237796,3.10825788219605));
#11093=CARTESIAN_POINT('Ctrl Pts',(4.41976317583645,8.55049204954845,0.570532086460093));
#11094=CARTESIAN_POINT('Ctrl Pts',(3.59256107361906,8.66049205099325,-2.36776936999565));
#11095=CARTESIAN_POINT('Ctrl Pts',(0.819789019063442,8.77049205022579,-3.64553586638208));
#11096=CARTESIAN_POINT('Ctrl Pts',(-1.95202989930956,8.88049205063006,-2.36766994814081));
#11097=CARTESIAN_POINT('Ctrl Pts',(-2.78078867741704,8.99049205041752,0.570315384898777));
#11098=CARTESIAN_POINT('Ctrl Pts',(-1.08478205923008,9.10049205052922,3.10838851829592));
#11099=CARTESIAN_POINT('Ctrl Pts',(1.94651436135202,9.21049205047052,3.46717136951517));
#11100=CARTESIAN_POINT('Ctrl Pts',(4.18815827224055,9.32049205050136,1.3951370795278));
#11101=CARTESIAN_POINT('Ctrl Pts',(4.06816649858188,9.43049205048516,-1.65511974349228));
#11102=CARTESIAN_POINT('Ctrl Pts',(1.67122583367353,9.54049205049366,-3.54478570329352));
#11103=CARTESIAN_POINT('Ctrl Pts',(-1.32318571136145,9.65049205048924,-2.94954115143414));
#11104=CARTESIAN_POINT('Ctrl Pts',(-2.81353578624541,9.76049205049145,-0.285669936799382));
#11105=CARTESIAN_POINT('Ctrl Pts',(-1.75815683648188,9.87049205049033,2.57777795290551));
#11106=CARTESIAN_POINT('Ctrl Pts',(1.106185491825,9.98049205049096,3.63436966438086));
#11107=CARTESIAN_POINT('Ctrl Pts',(3.76928083495633,10.0904920504906,2.14286652317885));
#11108=CARTESIAN_POINT('Ctrl Pts',(4.36491825420981,10.2004920504908,-0.851124186191945));
#11109=CARTESIAN_POINT('Ctrl Pts',(2.47505602040748,10.3104920504907,-3.24811358443043));
#11110=CARTESIAN_POINT('Ctrl Pts',(-0.575115176124381,10.4204920504908,
-3.36838588021626));
#11111=CARTESIAN_POINT('Ctrl Pts',(-2.64715537600107,10.5304920504907,-1.12601790957574));
#11112=CARTESIAN_POINT('Ctrl Pts',(-2.28849319736463,10.6404920504907,1.90383485084028));
#11113=CARTESIAN_POINT('Ctrl Pts',(0.248904451902607,10.7504920504907,3.60154847984602));
#11114=CARTESIAN_POINT('Ctrl Pts',(3.1895467694034,10.8604920504907,2.77043702167359));
#11115=CARTESIAN_POINT('Ctrl Pts',(4.03691571000149,10.9338253838241,0.926294319029));
#11116=CARTESIAN_POINT('Ctrl Pts',(4.03666666666667,10.9704920504907,1.61550323115171E-14));
#11117=CARTESIAN_POINT('Ctrl Pts',(3.92,6.40382538382407,0.));
#11118=CARTESIAN_POINT('Ctrl Pts',(3.92,6.40382538382407,-0.649262481741891));
#11119=CARTESIAN_POINT('Ctrl Pts',(3.3957224546187,6.40352799422399,-2.27935314753778));
#11120=CARTESIAN_POINT('Ctrl Pts',(1.79823941377909,6.40425952780989,-3.1051023469595));
#11121=CARTESIAN_POINT('Ctrl Pts',(-0.158152424764069,6.40284280307116,
-3.10314710045318));
#11122=CARTESIAN_POINT('Ctrl Pts',(-1.75621558189284,6.41132839562229,-2.28382234519912));
#11123=CARTESIAN_POINT('Ctrl Pts',(-2.27929475864711,6.47744027034592,-0.644492572422015));
#11124=CARTESIAN_POINT('Ctrl Pts',(-2.28448166562795,6.54033953359639,0.889446145805812));
#11125=CARTESIAN_POINT('Ctrl Pts',(-1.46035915470946,6.61389861712994,2.67230016155009));
#11126=CARTESIAN_POINT('Ctrl Pts',(1.36892199945643,6.72379265899112,3.46985911012541));
#11127=CARTESIAN_POINT('Ctrl Pts',(3.8160114052201,6.83384194438201,1.83586825408744));
#11128=CARTESIAN_POINT('Ctrl Pts',(4.16123842466532,6.94381675272807,-1.08576235774174));
#11129=CARTESIAN_POINT('Ctrl Pts',(2.16461349730658,7.05382991125917,-3.24590887052211));
#11130=CARTESIAN_POINT('Ctrl Pts',(-0.77509658943357,7.16382300568986,-3.13046597259343));
#11131=CARTESIAN_POINT('Ctrl Pts',(-2.59627849896903,7.27382663335625,-0.820174756858282));
#11132=CARTESIAN_POINT('Ctrl Pts',(-2.02240801592763,7.38382472724906,2.06511258801523));
#11133=CARTESIAN_POINT('Ctrl Pts',(0.544362466817331,7.49382572882675,3.50255179171659));
#11134=CARTESIAN_POINT('Ctrl Pts',(3.30431115892289,7.60382520254596,2.48434471108706));
#11135=CARTESIAN_POINT('Ctrl Pts',(4.32259866284439,7.71382547906176,-0.27567220923289));
#11136=CARTESIAN_POINT('Ctrl Pts',(2.88503211887535,7.8238253338143,-2.8423569639482));
#11137=CARTESIAN_POINT('Ctrl Pts',(-2.45206296434223E-5,7.93382541003542,
-3.41637129332694));
#11138=CARTESIAN_POINT('Ctrl Pts',(-2.31076533308411,8.04382537019121,-1.59489111578204));
#11139=CARTESIAN_POINT('Ctrl Pts',(-2.42521943194082,8.15382539062277,1.34393932112156));
#11140=CARTESIAN_POINT('Ctrl Pts',(-0.266105877859479,8.26382538020817,
3.34168329421673));
#11141=CARTESIAN_POINT('Ctrl Pts',(2.65618336475467,8.37382538571129,2.99552636620358));
#11142=CARTESIAN_POINT('Ctrl Pts',(4.28920219550608,8.48382538288179,0.549837261178153));
#11143=CARTESIAN_POINT('Ctrl Pts',(3.49199962459187,8.59382538432658,-2.28189144419216));
#11144=CARTESIAN_POINT('Ctrl Pts',(0.819798183022828,8.70382538355913,-3.51331443226521));
#11145=CARTESIAN_POINT('Ctrl Pts',(-1.85149087340029,8.81382538396339,-2.28179585801166));
#11146=CARTESIAN_POINT('Ctrl Pts',(-2.65018953205116,8.92382538375085,0.549630349628456));
#11147=CARTESIAN_POINT('Ctrl Pts',(-1.01569712212587,9.03382538386255,2.99564902332441));
#11148=CARTESIAN_POINT('Ctrl Pts',(1.90565672794258,9.14382538380385,3.341419077984));
#11149=CARTESIAN_POINT('Ctrl Pts',(4.06599657795749,9.2538253838347,1.34453615854195));
#11150=CARTESIAN_POINT('Ctrl Pts',(3.95035811044885,9.36382538381849,-1.59508933295718));
#11151=CARTESIAN_POINT('Ctrl Pts',(1.64035113534152,9.47382538382699,-3.41621860002985));
#11152=CARTESIAN_POINT('Ctrl Pts',(-1.2454518964225,9.58382538382257,-2.84256246850977));
#11153=CARTESIAN_POINT('Ctrl Pts',(-2.6817486598361,9.69382538382478,-0.275310331497658));
#11154=CARTESIAN_POINT('Ctrl Pts',(-1.66465178431934,9.80382538382367,2.48428539722999));
#11155=CARTESIAN_POINT('Ctrl Pts',(1.09580837549947,9.91382538382429,3.50255202228551));
#11156=CARTESIAN_POINT('Ctrl Pts',(3.66230944366081,10.023825383824,2.0651465518907));
#11157=CARTESIAN_POINT('Ctrl Pts',(4.23634976302456,10.1338253838241,-0.820254694372332));
#11158=CARTESIAN_POINT('Ctrl Pts',(2.41502186017593,10.243825383824,-3.13030614868593));
#11159=CARTESIAN_POINT('Ctrl Pts',(-0.524503876103723,10.3538253838241,
-3.24621673604615));
#11160=CARTESIAN_POINT('Ctrl Pts',(-2.52142429927864,10.4638253838241,-1.08517722769785));
#11161=CARTESIAN_POINT('Ctrl Pts',(-2.17571322652322,10.5738253838241,1.83478284751507));
#11162=CARTESIAN_POINT('Ctrl Pts',(0.269544704501538,10.6838253838241,3.47092987684546));
#11163=CARTESIAN_POINT('Ctrl Pts',(3.10376353368594,10.7938253838241,2.66993136149257));
#11164=CARTESIAN_POINT('Ctrl Pts',(3.92,10.8671587171574,0.892735912395117));
#11165=CARTESIAN_POINT('Ctrl Pts',(3.92,10.9038253838241,1.55690984971097E-14));
#11166=CARTESIAN_POINT('',(3.92,6.40382538382407,0.));
#11167=CARTESIAN_POINT('Origin',(4.04538610616432,6.61700106961163,0.));
#11168=CARTESIAN_POINT('Origin',(0.820000000000001,6.3,0.));
#11169=CARTESIAN_POINT('Origin',(0.820000000000001,11.3,0.));
#11170=CARTESIAN_POINT('Origin',(0.820000000000001,11.3,0.));
#11171=CARTESIAN_POINT('Origin',(0.820000000000001,6.3,0.));
#11172=UNCERTAINTY_MEASURE_WITH_UNIT(LENGTH_MEASURE(0.01),#11176,
'DISTANCE_ACCURACY_VALUE',
'Maximum model space distance between geometric entities at asserted c
onnectivities');
#11173=UNCERTAINTY_MEASURE_WITH_UNIT(LENGTH_MEASURE(0.01),#11176,
'DISTANCE_ACCURACY_VALUE',
'Maximum model space distance between geometric entities at asserted c
onnectivities');
#11174=(
GEOMETRIC_REPRESENTATION_CONTEXT(3)
GLOBAL_UNCERTAINTY_ASSIGNED_CONTEXT((#11172))
GLOBAL_UNIT_ASSIGNED_CONTEXT((#11176,#11178,#11179))
REPRESENTATION_CONTEXT('','3D')
);
#11175=(
GEOMETRIC_REPRESENTATION_CONTEXT(3)
GLOBAL_UNCERTAINTY_ASSIGNED_CONTEXT((#11173))
GLOBAL_UNIT_ASSIGNED_CONTEXT((#11176,#11178,#11179))
REPRESENTATION_CONTEXT('','3D')
);
#11176=(
LENGTH_UNIT()
NAMED_UNIT(*)
SI_UNIT(.MILLI.,.METRE.)
);
#11177=(
LENGTH_UNIT()
NAMED_UNIT(*)
SI_UNIT(.CENTI.,.METRE.)
);
#11178=(
NAMED_UNIT(*)
PLANE_ANGLE_UNIT()
SI_UNIT($,.RADIAN.)
);
#11179=(
NAMED_UNIT(*)
SI_UNIT($,.STERADIAN.)
SOLID_ANGLE_UNIT()
);
#11180=SHAPE_DEFINITION_REPRESENTATION(#11181,#11182);
#11181=PRODUCT_DEFINITION_SHAPE('',$,#11184);
#11182=SHAPE_REPRESENTATION('',(#6087),#11174);
#11183=PRODUCT_DEFINITION_CONTEXT('part definition',#11188,'design');
#11184=PRODUCT_DEFINITION('PotenziometroVerde',
'RD901F_T18ShaftAlpha9mmVerticalPotentiometer',#11185,#11183);
#11185=PRODUCT_DEFINITION_FORMATION('',$,#11190);
#11186=PRODUCT_RELATED_PRODUCT_CATEGORY(
'RD901F_T18ShaftAlpha9mmVerticalPotentiometer',
'RD901F_T18ShaftAlpha9mmVerticalPotentiometer',(#11190));
#11187=APPLICATION_PROTOCOL_DEFINITION('international standard',
'automotive_design',2009,#11188);
#11188=APPLICATION_CONTEXT(
'Core Data for Automotive Mechanical Design Process');
#11189=PRODUCT_CONTEXT('part definition',#11188,'mechanical');
#11190=PRODUCT('PotenziometroVerde',
'RD901F_T18ShaftAlpha9mmVerticalPotentiometer',$,(#11189));
#11191=PRESENTATION_STYLE_ASSIGNMENT((#11195));
#11192=PRESENTATION_STYLE_ASSIGNMENT((#11196));
#11193=PRESENTATION_STYLE_ASSIGNMENT((#11197));
#11194=PRESENTATION_STYLE_ASSIGNMENT((#11198));
#11195=SURFACE_STYLE_USAGE(.BOTH.,#11207);
#11196=SURFACE_STYLE_USAGE(.BOTH.,#11208);
#11197=SURFACE_STYLE_USAGE(.BOTH.,#11209);
#11198=SURFACE_STYLE_USAGE(.BOTH.,#11210);
#11199=SURFACE_STYLE_RENDERING_WITH_PROPERTIES($,#11223,(#11203));
#11200=SURFACE_STYLE_RENDERING_WITH_PROPERTIES($,#11224,(#11204));
#11201=SURFACE_STYLE_RENDERING_WITH_PROPERTIES($,#11225,(#11205));
#11202=SURFACE_STYLE_RENDERING_WITH_PROPERTIES($,#11226,(#11206));
#11203=SURFACE_STYLE_TRANSPARENT(0.);
#11204=SURFACE_STYLE_TRANSPARENT(0.);
#11205=SURFACE_STYLE_TRANSPARENT(0.);
#11206=SURFACE_STYLE_TRANSPARENT(0.);
#11207=SURFACE_SIDE_STYLE('',(#11211,#11199));
#11208=SURFACE_SIDE_STYLE('',(#11212,#11200));
#11209=SURFACE_SIDE_STYLE('',(#11213,#11201));
#11210=SURFACE_SIDE_STYLE('',(#11214,#11202));
#11211=SURFACE_STYLE_FILL_AREA(#11215);
#11212=SURFACE_STYLE_FILL_AREA(#11216);
#11213=SURFACE_STYLE_FILL_AREA(#11217);
#11214=SURFACE_STYLE_FILL_AREA(#11218);
#11215=FILL_AREA_STYLE('',(#11219));
#11216=FILL_AREA_STYLE('',(#11220));
#11217=FILL_AREA_STYLE('',(#11221));
#11218=FILL_AREA_STYLE('',(#11222));
#11219=FILL_AREA_STYLE_COLOUR('',#11223);
#11220=FILL_AREA_STYLE_COLOUR('',#11224);
#11221=FILL_AREA_STYLE_COLOUR('',#11225);
#11222=FILL_AREA_STYLE_COLOUR('',#11226);
#11223=COLOUR_RGB('',0.749019607843137,0.749019607843137,0.749019607843137);
#11224=COLOUR_RGB('',0.301960784313725,0.780392156862745,0.67843137254902);
#11225=COLOUR_RGB('',0.956862745098039,0.956862745098039,0.956862745098039);
#11226=COLOUR_RGB('',0.996078431372549,0.996078431372549,1.);
ENDSEC;
END-ISO-10303-21;
