ISO-10303-21;
HEADER;
/* Generated by software containing ST-Developer
 * from STEP Tools, Inc. (www.steptools.com) 
 */

FILE_DESCRIPTION(
/* description */ (''),
/* implementation_level */ '2;1');

FILE_NAME(
/* name */ 'Switch.step',
/* time_stamp */ '2026-05-29T10:34:26+02:00',
/* author */ ('tomma'),
/* organization */ (''),
/* preprocessor_version */ 'ST-DEVELOPER v20',
/* originating_system */ 'Autodesk Inventor 2025',
/* authorisation */ '');

FILE_SCHEMA (('AUTOMOTIVE_DESIGN { 1 0 10303 214 3 1 1 }'));
ENDSEC;

DATA;
#10=MECHANICAL_DESIGN_GEOMETRIC_PRESENTATION_REPRESENTATION('',(#157,#158,
#159,#160,#161,#162),#4893);
#11=SHAPE_REPRESENTATION_RELATIONSHIP('SRR','None',#4900,#12);
#12=ADVANCED_BREP_SHAPE_REPRESENTATION('',(#163,#164,#165,#166,#167,#168),
#4892);
#13=FACE_BOUND('',#458,.T.);
#14=FACE_BOUND('',#468,.T.);
#15=FACE_BOUND('',#485,.T.);
#16=ELLIPSE('',#3130,0.657647321898297,0.1);
#17=ELLIPSE('',#3131,0.657647321898297,0.1);
#18=ELLIPSE('',#3134,0.657647321898297,0.1);
#19=ELLIPSE('',#3135,0.657647321898297,0.1);
#20=B_SPLINE_CURVE_WITH_KNOTS('',3,(#4654,#4655,#4656,#4657,#4658,#4659),
 .UNSPECIFIED.,.F.,.F.,(4,2,4),(0.,0.0512202389739757,0.0721350317647996),
 .UNSPECIFIED.);
#21=B_SPLINE_CURVE_WITH_KNOTS('',3,(#4661,#4662,#4663,#4664,#4665,#4666),
 .UNSPECIFIED.,.F.,.F.,(4,2,4),(0.201920582608403,0.222835375399227,0.274055614373202),
 .UNSPECIFIED.);
#22=B_SPLINE_CURVE_WITH_KNOTS('',3,(#4679,#4680,#4681,#4682,#4683,#4684),
 .UNSPECIFIED.,.F.,.F.,(4,2,4),(0.,0.0512202389739757,0.0721350317647996),
 .UNSPECIFIED.);
#23=B_SPLINE_CURVE_WITH_KNOTS('',3,(#4688,#4689,#4690,#4691,#4692,#4693),
 .UNSPECIFIED.,.F.,.F.,(4,2,4),(0.201920582608403,0.222835375399227,0.274055614373202),
 .UNSPECIFIED.);
#24=CYLINDRICAL_SURFACE('',#2967,0.3);
#25=CYLINDRICAL_SURFACE('',#2979,0.3);
#26=CYLINDRICAL_SURFACE('',#2991,0.3);
#27=CYLINDRICAL_SURFACE('',#3001,0.05);
#28=CYLINDRICAL_SURFACE('',#3006,0.05);
#29=CYLINDRICAL_SURFACE('',#3011,0.05);
#30=CYLINDRICAL_SURFACE('',#3016,0.05);
#31=CYLINDRICAL_SURFACE('',#3021,0.05);
#32=CYLINDRICAL_SURFACE('',#3027,0.05);
#33=CYLINDRICAL_SURFACE('',#3035,0.05);
#34=CYLINDRICAL_SURFACE('',#3038,0.05);
#35=CYLINDRICAL_SURFACE('',#3046,0.05);
#36=CYLINDRICAL_SURFACE('',#3057,0.05);
#37=CYLINDRICAL_SURFACE('',#3062,0.05);
#38=CYLINDRICAL_SURFACE('',#3066,0.05);
#39=CYLINDRICAL_SURFACE('',#3070,0.05);
#40=CYLINDRICAL_SURFACE('',#3075,0.05);
#41=CYLINDRICAL_SURFACE('',#3078,0.05);
#42=CYLINDRICAL_SURFACE('',#3082,0.05);
#43=CYLINDRICAL_SURFACE('',#3086,0.65);
#44=CYLINDRICAL_SURFACE('',#3091,0.65);
#45=CYLINDRICAL_SURFACE('',#3093,0.3);
#46=CYLINDRICAL_SURFACE('',#3098,0.65);
#47=CYLINDRICAL_SURFACE('',#3103,0.65);
#48=CYLINDRICAL_SURFACE('',#3105,0.3);
#49=CYLINDRICAL_SURFACE('',#3111,0.65);
#50=CYLINDRICAL_SURFACE('',#3116,0.65);
#51=CYLINDRICAL_SURFACE('',#3118,0.3);
#52=CYLINDRICAL_SURFACE('',#3120,0.65);
#53=CYLINDRICAL_SURFACE('',#3125,0.65);
#54=CYLINDRICAL_SURFACE('',#3127,0.3);
#55=CYLINDRICAL_SURFACE('',#3129,0.1);
#56=CYLINDRICAL_SURFACE('',#3133,0.1);
#57=CYLINDRICAL_SURFACE('',#3137,5.);
#58=CYLINDRICAL_SURFACE('',#3141,5.);
#59=CYLINDRICAL_SURFACE('',#3144,5.);
#60=CYLINDRICAL_SURFACE('',#3148,5.);
#61=CYLINDRICAL_SURFACE('',#3153,0.2);
#62=CYLINDRICAL_SURFACE('',#3157,0.2);
#63=CYLINDRICAL_SURFACE('',#3161,0.2);
#64=CYLINDRICAL_SURFACE('',#3165,0.2);
#65=CYLINDRICAL_SURFACE('',#3169,0.2);
#66=CYLINDRICAL_SURFACE('',#3174,0.2);
#67=CYLINDRICAL_SURFACE('',#3178,0.05);
#68=CYLINDRICAL_SURFACE('',#3179,0.05);
#69=CYLINDRICAL_SURFACE('',#3181,0.2);
#70=CYLINDRICAL_SURFACE('',#3182,0.2);
#71=CIRCLE('',#2966,0.3);
#72=CIRCLE('',#2968,0.3);
#73=CIRCLE('',#2978,0.3);
#74=CIRCLE('',#2980,0.3);
#75=CIRCLE('',#2990,0.3);
#76=CIRCLE('',#2992,0.3);
#77=CIRCLE('',#3002,0.05);
#78=CIRCLE('',#3003,0.05);
#79=CIRCLE('',#3005,0.3);
#80=CIRCLE('',#3007,0.05);
#81=CIRCLE('',#3008,0.05);
#82=CIRCLE('',#3010,0.3);
#83=CIRCLE('',#3012,0.05);
#84=CIRCLE('',#3013,0.05);
#85=CIRCLE('',#3015,0.3);
#86=CIRCLE('',#3017,0.05);
#87=CIRCLE('',#3018,0.05);
#88=CIRCLE('',#3020,0.3);
#89=CIRCLE('',#3022,0.05);
#90=CIRCLE('',#3023,0.05);
#91=CIRCLE('',#3026,0.05);
#92=CIRCLE('',#3028,0.05);
#93=CIRCLE('',#3029,0.05);
#94=CIRCLE('',#3031,0.05);
#95=CIRCLE('',#3032,0.2);
#96=CIRCLE('',#3034,0.05);
#97=CIRCLE('',#3036,0.05);
#98=CIRCLE('',#3039,0.05);
#99=CIRCLE('',#3040,0.05);
#100=CIRCLE('',#3042,0.2);
#101=CIRCLE('',#3043,0.05);
#102=CIRCLE('',#3045,0.05);
#103=CIRCLE('',#3047,0.05);
#104=CIRCLE('',#3048,0.05);
#105=CIRCLE('',#3050,0.2);
#106=CIRCLE('',#3052,0.05);
#107=CIRCLE('',#3053,0.05);
#108=CIRCLE('',#3054,0.05);
#109=CIRCLE('',#3055,0.05);
#110=CIRCLE('',#3056,0.05);
#111=CIRCLE('',#3058,0.05);
#112=CIRCLE('',#3060,0.05);
#113=CIRCLE('',#3061,0.2);
#114=CIRCLE('',#3063,0.05);
#115=CIRCLE('',#3065,0.3);
#116=CIRCLE('',#3067,0.05);
#117=CIRCLE('',#3069,0.3);
#118=CIRCLE('',#3071,0.05);
#119=CIRCLE('',#3073,0.2);
#120=CIRCLE('',#3074,0.05);
#121=CIRCLE('',#3076,0.05);
#122=CIRCLE('',#3079,0.05);
#123=CIRCLE('',#3081,0.3);
#124=CIRCLE('',#3083,0.05);
#125=CIRCLE('',#3085,0.3);
#126=CIRCLE('',#3087,0.65);
#127=CIRCLE('',#3088,0.65);
#128=CIRCLE('',#3090,0.65);
#129=CIRCLE('',#3092,0.65);
#130=CIRCLE('',#3096,5.);
#131=CIRCLE('',#3097,5.);
#132=CIRCLE('',#3099,0.65);
#133=CIRCLE('',#3100,0.65);
#134=CIRCLE('',#3102,0.65);
#135=CIRCLE('',#3104,0.65);
#136=CIRCLE('',#3109,5.);
#137=CIRCLE('',#3110,5.);
#138=CIRCLE('',#3112,0.65);
#139=CIRCLE('',#3113,0.65);
#140=CIRCLE('',#3115,0.65);
#141=CIRCLE('',#3117,0.65);
#142=CIRCLE('',#3121,0.65);
#143=CIRCLE('',#3122,0.65);
#144=CIRCLE('',#3124,0.65);
#145=CIRCLE('',#3126,0.65);
#146=CIRCLE('',#3154,0.2);
#147=CIRCLE('',#3155,0.2);
#148=CIRCLE('',#3158,0.2);
#149=CIRCLE('',#3159,0.2);
#150=CIRCLE('',#3162,0.2);
#151=CIRCLE('',#3163,0.2);
#152=CIRCLE('',#3166,0.2);
#153=CIRCLE('',#3167,0.2);
#154=CIRCLE('',#3170,0.2);
#155=CIRCLE('',#3171,0.2);
#156=CIRCLE('',#3175,0.2);
#157=STYLED_ITEM('',(#4910),#163);
#158=STYLED_ITEM('',(#4909),#164);
#159=STYLED_ITEM('',(#4909),#165);
#160=STYLED_ITEM('',(#4909),#166);
#161=STYLED_ITEM('',(#4911),#167);
#162=STYLED_ITEM('',(#4912),#168);
#163=MANIFOLD_SOLID_BREP('Solid1',#2927);
#164=MANIFOLD_SOLID_BREP('Solid7',#2928);
#165=MANIFOLD_SOLID_BREP('Solid7',#2929);
#166=MANIFOLD_SOLID_BREP('Solid7',#2930);
#167=MANIFOLD_SOLID_BREP('Solid9',#2931);
#168=MANIFOLD_SOLID_BREP('Solid10',#2932);
#169=FACE_OUTER_BOUND('',#326,.T.);
#170=FACE_OUTER_BOUND('',#327,.T.);
#171=FACE_OUTER_BOUND('',#328,.T.);
#172=FACE_OUTER_BOUND('',#329,.T.);
#173=FACE_OUTER_BOUND('',#330,.T.);
#174=FACE_OUTER_BOUND('',#331,.T.);
#175=FACE_OUTER_BOUND('',#332,.T.);
#176=FACE_OUTER_BOUND('',#333,.T.);
#177=FACE_OUTER_BOUND('',#334,.T.);
#178=FACE_OUTER_BOUND('',#335,.T.);
#179=FACE_OUTER_BOUND('',#336,.T.);
#180=FACE_OUTER_BOUND('',#337,.T.);
#181=FACE_OUTER_BOUND('',#338,.T.);
#182=FACE_OUTER_BOUND('',#339,.T.);
#183=FACE_OUTER_BOUND('',#340,.T.);
#184=FACE_OUTER_BOUND('',#341,.T.);
#185=FACE_OUTER_BOUND('',#342,.T.);
#186=FACE_OUTER_BOUND('',#343,.T.);
#187=FACE_OUTER_BOUND('',#344,.T.);
#188=FACE_OUTER_BOUND('',#345,.T.);
#189=FACE_OUTER_BOUND('',#346,.T.);
#190=FACE_OUTER_BOUND('',#347,.T.);
#191=FACE_OUTER_BOUND('',#348,.T.);
#192=FACE_OUTER_BOUND('',#349,.T.);
#193=FACE_OUTER_BOUND('',#350,.T.);
#194=FACE_OUTER_BOUND('',#351,.T.);
#195=FACE_OUTER_BOUND('',#352,.T.);
#196=FACE_OUTER_BOUND('',#353,.T.);
#197=FACE_OUTER_BOUND('',#354,.T.);
#198=FACE_OUTER_BOUND('',#355,.T.);
#199=FACE_OUTER_BOUND('',#356,.T.);
#200=FACE_OUTER_BOUND('',#357,.T.);
#201=FACE_OUTER_BOUND('',#358,.T.);
#202=FACE_OUTER_BOUND('',#359,.T.);
#203=FACE_OUTER_BOUND('',#360,.T.);
#204=FACE_OUTER_BOUND('',#361,.T.);
#205=FACE_OUTER_BOUND('',#362,.T.);
#206=FACE_OUTER_BOUND('',#363,.T.);
#207=FACE_OUTER_BOUND('',#364,.T.);
#208=FACE_OUTER_BOUND('',#365,.T.);
#209=FACE_OUTER_BOUND('',#366,.T.);
#210=FACE_OUTER_BOUND('',#367,.T.);
#211=FACE_OUTER_BOUND('',#368,.T.);
#212=FACE_OUTER_BOUND('',#369,.T.);
#213=FACE_OUTER_BOUND('',#370,.T.);
#214=FACE_OUTER_BOUND('',#371,.T.);
#215=FACE_OUTER_BOUND('',#372,.T.);
#216=FACE_OUTER_BOUND('',#373,.T.);
#217=FACE_OUTER_BOUND('',#374,.T.);
#218=FACE_OUTER_BOUND('',#375,.T.);
#219=FACE_OUTER_BOUND('',#376,.T.);
#220=FACE_OUTER_BOUND('',#377,.T.);
#221=FACE_OUTER_BOUND('',#378,.T.);
#222=FACE_OUTER_BOUND('',#379,.T.);
#223=FACE_OUTER_BOUND('',#380,.T.);
#224=FACE_OUTER_BOUND('',#381,.T.);
#225=FACE_OUTER_BOUND('',#382,.T.);
#226=FACE_OUTER_BOUND('',#383,.T.);
#227=FACE_OUTER_BOUND('',#384,.T.);
#228=FACE_OUTER_BOUND('',#385,.T.);
#229=FACE_OUTER_BOUND('',#386,.T.);
#230=FACE_OUTER_BOUND('',#387,.T.);
#231=FACE_OUTER_BOUND('',#388,.T.);
#232=FACE_OUTER_BOUND('',#389,.T.);
#233=FACE_OUTER_BOUND('',#390,.T.);
#234=FACE_OUTER_BOUND('',#391,.T.);
#235=FACE_OUTER_BOUND('',#392,.T.);
#236=FACE_OUTER_BOUND('',#393,.T.);
#237=FACE_OUTER_BOUND('',#394,.T.);
#238=FACE_OUTER_BOUND('',#395,.T.);
#239=FACE_OUTER_BOUND('',#396,.T.);
#240=FACE_OUTER_BOUND('',#397,.T.);
#241=FACE_OUTER_BOUND('',#398,.T.);
#242=FACE_OUTER_BOUND('',#399,.T.);
#243=FACE_OUTER_BOUND('',#400,.T.);
#244=FACE_OUTER_BOUND('',#401,.T.);
#245=FACE_OUTER_BOUND('',#402,.T.);
#246=FACE_OUTER_BOUND('',#403,.T.);
#247=FACE_OUTER_BOUND('',#404,.T.);
#248=FACE_OUTER_BOUND('',#405,.T.);
#249=FACE_OUTER_BOUND('',#406,.T.);
#250=FACE_OUTER_BOUND('',#407,.T.);
#251=FACE_OUTER_BOUND('',#408,.T.);
#252=FACE_OUTER_BOUND('',#409,.T.);
#253=FACE_OUTER_BOUND('',#410,.T.);
#254=FACE_OUTER_BOUND('',#411,.T.);
#255=FACE_OUTER_BOUND('',#412,.T.);
#256=FACE_OUTER_BOUND('',#413,.T.);
#257=FACE_OUTER_BOUND('',#414,.T.);
#258=FACE_OUTER_BOUND('',#415,.T.);
#259=FACE_OUTER_BOUND('',#416,.T.);
#260=FACE_OUTER_BOUND('',#417,.T.);
#261=FACE_OUTER_BOUND('',#418,.T.);
#262=FACE_OUTER_BOUND('',#419,.T.);
#263=FACE_OUTER_BOUND('',#420,.T.);
#264=FACE_OUTER_BOUND('',#421,.T.);
#265=FACE_OUTER_BOUND('',#422,.T.);
#266=FACE_OUTER_BOUND('',#423,.T.);
#267=FACE_OUTER_BOUND('',#424,.T.);
#268=FACE_OUTER_BOUND('',#425,.T.);
#269=FACE_OUTER_BOUND('',#426,.T.);
#270=FACE_OUTER_BOUND('',#427,.T.);
#271=FACE_OUTER_BOUND('',#428,.T.);
#272=FACE_OUTER_BOUND('',#429,.T.);
#273=FACE_OUTER_BOUND('',#430,.T.);
#274=FACE_OUTER_BOUND('',#431,.T.);
#275=FACE_OUTER_BOUND('',#432,.T.);
#276=FACE_OUTER_BOUND('',#433,.T.);
#277=FACE_OUTER_BOUND('',#434,.T.);
#278=FACE_OUTER_BOUND('',#435,.T.);
#279=FACE_OUTER_BOUND('',#436,.T.);
#280=FACE_OUTER_BOUND('',#437,.T.);
#281=FACE_OUTER_BOUND('',#438,.T.);
#282=FACE_OUTER_BOUND('',#439,.T.);
#283=FACE_OUTER_BOUND('',#440,.T.);
#284=FACE_OUTER_BOUND('',#441,.T.);
#285=FACE_OUTER_BOUND('',#442,.T.);
#286=FACE_OUTER_BOUND('',#443,.T.);
#287=FACE_OUTER_BOUND('',#444,.T.);
#288=FACE_OUTER_BOUND('',#445,.T.);
#289=FACE_OUTER_BOUND('',#446,.T.);
#290=FACE_OUTER_BOUND('',#447,.T.);
#291=FACE_OUTER_BOUND('',#448,.T.);
#292=FACE_OUTER_BOUND('',#449,.T.);
#293=FACE_OUTER_BOUND('',#450,.T.);
#294=FACE_OUTER_BOUND('',#451,.T.);
#295=FACE_OUTER_BOUND('',#452,.T.);
#296=FACE_OUTER_BOUND('',#453,.T.);
#297=FACE_OUTER_BOUND('',#454,.T.);
#298=FACE_OUTER_BOUND('',#455,.T.);
#299=FACE_OUTER_BOUND('',#456,.T.);
#300=FACE_OUTER_BOUND('',#457,.T.);
#301=FACE_OUTER_BOUND('',#459,.T.);
#302=FACE_OUTER_BOUND('',#460,.T.);
#303=FACE_OUTER_BOUND('',#461,.T.);
#304=FACE_OUTER_BOUND('',#462,.T.);
#305=FACE_OUTER_BOUND('',#463,.T.);
#306=FACE_OUTER_BOUND('',#464,.T.);
#307=FACE_OUTER_BOUND('',#465,.T.);
#308=FACE_OUTER_BOUND('',#466,.T.);
#309=FACE_OUTER_BOUND('',#467,.T.);
#310=FACE_OUTER_BOUND('',#469,.T.);
#311=FACE_OUTER_BOUND('',#470,.T.);
#312=FACE_OUTER_BOUND('',#471,.T.);
#313=FACE_OUTER_BOUND('',#472,.T.);
#314=FACE_OUTER_BOUND('',#473,.T.);
#315=FACE_OUTER_BOUND('',#474,.T.);
#316=FACE_OUTER_BOUND('',#475,.T.);
#317=FACE_OUTER_BOUND('',#476,.T.);
#318=FACE_OUTER_BOUND('',#477,.T.);
#319=FACE_OUTER_BOUND('',#478,.T.);
#320=FACE_OUTER_BOUND('',#479,.T.);
#321=FACE_OUTER_BOUND('',#480,.T.);
#322=FACE_OUTER_BOUND('',#481,.T.);
#323=FACE_OUTER_BOUND('',#482,.T.);
#324=FACE_OUTER_BOUND('',#483,.T.);
#325=FACE_OUTER_BOUND('',#484,.T.);
#326=EDGE_LOOP('',(#1824,#1825,#1826,#1827));
#327=EDGE_LOOP('',(#1828,#1829,#1830,#1831));
#328=EDGE_LOOP('',(#1832,#1833,#1834,#1835));
#329=EDGE_LOOP('',(#1836,#1837,#1838,#1839,#1840,#1841,#1842,#1843));
#330=EDGE_LOOP('',(#1844,#1845,#1846,#1847));
#331=EDGE_LOOP('',(#1848,#1849,#1850,#1851));
#332=EDGE_LOOP('',(#1852,#1853,#1854,#1855));
#333=EDGE_LOOP('',(#1856,#1857,#1858,#1859));
#334=EDGE_LOOP('',(#1860,#1861,#1862,#1863));
#335=EDGE_LOOP('',(#1864,#1865,#1866,#1867,#1868,#1869,#1870,#1871));
#336=EDGE_LOOP('',(#1872,#1873,#1874,#1875,#1876,#1877,#1878,#1879));
#337=EDGE_LOOP('',(#1880,#1881,#1882,#1883));
#338=EDGE_LOOP('',(#1884,#1885,#1886,#1887));
#339=EDGE_LOOP('',(#1888,#1889,#1890,#1891,#1892,#1893,#1894,#1895));
#340=EDGE_LOOP('',(#1896,#1897,#1898,#1899));
#341=EDGE_LOOP('',(#1900,#1901,#1902,#1903));
#342=EDGE_LOOP('',(#1904,#1905,#1906,#1907));
#343=EDGE_LOOP('',(#1908,#1909,#1910,#1911));
#344=EDGE_LOOP('',(#1912,#1913,#1914,#1915));
#345=EDGE_LOOP('',(#1916,#1917,#1918,#1919));
#346=EDGE_LOOP('',(#1920,#1921,#1922,#1923,#1924,#1925,#1926,#1927));
#347=EDGE_LOOP('',(#1928,#1929,#1930,#1931));
#348=EDGE_LOOP('',(#1932,#1933,#1934,#1935));
#349=EDGE_LOOP('',(#1936,#1937,#1938,#1939,#1940,#1941,#1942,#1943));
#350=EDGE_LOOP('',(#1944,#1945,#1946,#1947));
#351=EDGE_LOOP('',(#1948,#1949,#1950,#1951));
#352=EDGE_LOOP('',(#1952,#1953,#1954,#1955));
#353=EDGE_LOOP('',(#1956,#1957,#1958,#1959));
#354=EDGE_LOOP('',(#1960,#1961,#1962,#1963));
#355=EDGE_LOOP('',(#1964,#1965,#1966,#1967));
#356=EDGE_LOOP('',(#1968,#1969,#1970,#1971,#1972,#1973,#1974,#1975));
#357=EDGE_LOOP('',(#1976,#1977,#1978,#1979));
#358=EDGE_LOOP('',(#1980,#1981,#1982,#1983));
#359=EDGE_LOOP('',(#1984,#1985,#1986,#1987,#1988,#1989,#1990,#1991));
#360=EDGE_LOOP('',(#1992,#1993,#1994,#1995));
#361=EDGE_LOOP('',(#1996,#1997,#1998,#1999));
#362=EDGE_LOOP('',(#2000,#2001,#2002,#2003));
#363=EDGE_LOOP('',(#2004,#2005,#2006,#2007));
#364=EDGE_LOOP('',(#2008,#2009,#2010,#2011));
#365=EDGE_LOOP('',(#2012,#2013,#2014,#2015));
#366=EDGE_LOOP('',(#2016,#2017,#2018,#2019));
#367=EDGE_LOOP('',(#2020,#2021,#2022,#2023,#2024,#2025,#2026));
#368=EDGE_LOOP('',(#2027,#2028,#2029,#2030));
#369=EDGE_LOOP('',(#2031,#2032,#2033,#2034,#2035,#2036,#2037));
#370=EDGE_LOOP('',(#2038,#2039,#2040,#2041));
#371=EDGE_LOOP('',(#2042,#2043,#2044,#2045,#2046,#2047,#2048));
#372=EDGE_LOOP('',(#2049,#2050,#2051,#2052));
#373=EDGE_LOOP('',(#2053,#2054,#2055,#2056,#2057,#2058,#2059));
#374=EDGE_LOOP('',(#2060,#2061,#2062,#2063));
#375=EDGE_LOOP('',(#2064,#2065,#2066,#2067));
#376=EDGE_LOOP('',(#2068,#2069,#2070,#2071,#2072,#2073,#2074,#2075,#2076,
#2077,#2078,#2079,#2080,#2081,#2082,#2083,#2084,#2085,#2086,#2087,#2088,
#2089,#2090,#2091,#2092));
#377=EDGE_LOOP('',(#2093,#2094,#2095,#2096));
#378=EDGE_LOOP('',(#2097,#2098,#2099,#2100,#2101,#2102,#2103));
#379=EDGE_LOOP('',(#2104,#2105,#2106,#2107,#2108,#2109));
#380=EDGE_LOOP('',(#2110,#2111,#2112,#2113));
#381=EDGE_LOOP('',(#2114,#2115,#2116,#2117));
#382=EDGE_LOOP('',(#2118,#2119,#2120,#2121));
#383=EDGE_LOOP('',(#2122,#2123,#2124,#2125,#2126,#2127,#2128));
#384=EDGE_LOOP('',(#2129,#2130,#2131,#2132,#2133,#2134));
#385=EDGE_LOOP('',(#2135,#2136,#2137,#2138));
#386=EDGE_LOOP('',(#2139,#2140,#2141,#2142,#2143));
#387=EDGE_LOOP('',(#2144,#2145,#2146,#2147,#2148,#2149,#2150,#2151,#2152,
#2153,#2154,#2155,#2156,#2157,#2158,#2159,#2160,#2161,#2162,#2163,#2164,
#2165));
#388=EDGE_LOOP('',(#2166,#2167,#2168,#2169));
#389=EDGE_LOOP('',(#2170,#2171,#2172,#2173,#2174,#2175,#2176));
#390=EDGE_LOOP('',(#2177,#2178,#2179,#2180));
#391=EDGE_LOOP('',(#2181,#2182,#2183,#2184,#2185,#2186,#2187));
#392=EDGE_LOOP('',(#2188,#2189,#2190,#2191));
#393=EDGE_LOOP('',(#2192,#2193,#2194,#2195,#2196,#2197,#2198));
#394=EDGE_LOOP('',(#2199,#2200,#2201,#2202));
#395=EDGE_LOOP('',(#2203,#2204,#2205,#2206,#2207,#2208,#2209));
#396=EDGE_LOOP('',(#2210,#2211,#2212,#2213));
#397=EDGE_LOOP('',(#2214,#2215,#2216,#2217));
#398=EDGE_LOOP('',(#2218,#2219,#2220,#2221));
#399=EDGE_LOOP('',(#2222,#2223,#2224,#2225,#2226,#2227,#2228));
#400=EDGE_LOOP('',(#2229,#2230,#2231,#2232));
#401=EDGE_LOOP('',(#2233,#2234,#2235,#2236,#2237,#2238,#2239));
#402=EDGE_LOOP('',(#2240,#2241,#2242,#2243));
#403=EDGE_LOOP('',(#2244,#2245,#2246,#2247,#2248));
#404=EDGE_LOOP('',(#2249,#2250,#2251,#2252));
#405=EDGE_LOOP('',(#2253,#2254,#2255,#2256));
#406=EDGE_LOOP('',(#2257,#2258,#2259,#2260,#2261));
#407=EDGE_LOOP('',(#2262,#2263,#2264,#2265,#2266,#2267,#2268,#2269,#2270,
#2271,#2272,#2273));
#408=EDGE_LOOP('',(#2274,#2275,#2276,#2277));
#409=EDGE_LOOP('',(#2278,#2279,#2280,#2281,#2282));
#410=EDGE_LOOP('',(#2283,#2284,#2285,#2286));
#411=EDGE_LOOP('',(#2287,#2288,#2289,#2290));
#412=EDGE_LOOP('',(#2291,#2292,#2293,#2294,#2295));
#413=EDGE_LOOP('',(#2296,#2297,#2298,#2299));
#414=EDGE_LOOP('',(#2300,#2301,#2302,#2303,#2304,#2305,#2306,#2307,#2308,
#2309,#2310,#2311));
#415=EDGE_LOOP('',(#2312,#2313,#2314,#2315));
#416=EDGE_LOOP('',(#2316,#2317,#2318,#2319,#2320));
#417=EDGE_LOOP('',(#2321,#2322,#2323,#2324));
#418=EDGE_LOOP('',(#2325,#2326,#2327,#2328));
#419=EDGE_LOOP('',(#2329,#2330,#2331,#2332,#2333));
#420=EDGE_LOOP('',(#2334,#2335,#2336,#2337));
#421=EDGE_LOOP('',(#2338,#2339,#2340,#2341,#2342));
#422=EDGE_LOOP('',(#2343,#2344,#2345,#2346));
#423=EDGE_LOOP('',(#2347,#2348,#2349,#2350));
#424=EDGE_LOOP('',(#2351,#2352,#2353,#2354,#2355));
#425=EDGE_LOOP('',(#2356,#2357,#2358,#2359,#2360,#2361));
#426=EDGE_LOOP('',(#2362,#2363,#2364));
#427=EDGE_LOOP('',(#2365,#2366,#2367,#2368,#2369,#2370));
#428=EDGE_LOOP('',(#2371,#2372,#2373));
#429=EDGE_LOOP('',(#2374,#2375,#2376,#2377));
#430=EDGE_LOOP('',(#2378,#2379,#2380,#2381,#2382,#2383,#2384,#2385,#2386,
#2387,#2388,#2389,#2390,#2391,#2392,#2393,#2394,#2395,#2396,#2397,#2398,
#2399));
#431=EDGE_LOOP('',(#2400,#2401,#2402,#2403,#2404));
#432=EDGE_LOOP('',(#2405,#2406,#2407,#2408));
#433=EDGE_LOOP('',(#2409,#2410,#2411,#2412));
#434=EDGE_LOOP('',(#2413,#2414,#2415,#2416,#2417));
#435=EDGE_LOOP('',(#2418,#2419,#2420,#2421));
#436=EDGE_LOOP('',(#2422,#2423,#2424,#2425));
#437=EDGE_LOOP('',(#2426,#2427,#2428,#2429,#2430));
#438=EDGE_LOOP('',(#2431,#2432,#2433,#2434));
#439=EDGE_LOOP('',(#2435,#2436,#2437,#2438));
#440=EDGE_LOOP('',(#2439,#2440,#2441,#2442));
#441=EDGE_LOOP('',(#2443,#2444,#2445,#2446));
#442=EDGE_LOOP('',(#2447,#2448,#2449,#2450,#2451));
#443=EDGE_LOOP('',(#2452,#2453,#2454,#2455));
#444=EDGE_LOOP('',(#2456,#2457,#2458,#2459,#2460,#2461,#2462,#2463,#2464,
#2465,#2466,#2467,#2468,#2469,#2470,#2471,#2472,#2473,#2474,#2475,#2476,
#2477,#2478,#2479,#2480));
#445=EDGE_LOOP('',(#2481,#2482,#2483,#2484));
#446=EDGE_LOOP('',(#2485,#2486,#2487,#2488));
#447=EDGE_LOOP('',(#2489,#2490,#2491,#2492));
#448=EDGE_LOOP('',(#2493,#2494,#2495,#2496));
#449=EDGE_LOOP('',(#2497,#2498,#2499,#2500));
#450=EDGE_LOOP('',(#2501,#2502,#2503,#2504));
#451=EDGE_LOOP('',(#2505,#2506,#2507,#2508));
#452=EDGE_LOOP('',(#2509,#2510,#2511,#2512));
#453=EDGE_LOOP('',(#2513,#2514,#2515,#2516));
#454=EDGE_LOOP('',(#2517,#2518,#2519,#2520,#2521));
#455=EDGE_LOOP('',(#2522,#2523,#2524,#2525,#2526));
#456=EDGE_LOOP('',(#2527,#2528,#2529,#2530));
#457=EDGE_LOOP('',(#2531,#2532,#2533,#2534));
#458=EDGE_LOOP('',(#2535,#2536,#2537,#2538,#2539,#2540,#2541,#2542));
#459=EDGE_LOOP('',(#2543,#2544,#2545,#2546,#2547));
#460=EDGE_LOOP('',(#2548,#2549,#2550,#2551));
#461=EDGE_LOOP('',(#2552,#2553,#2554,#2555));
#462=EDGE_LOOP('',(#2556,#2557,#2558,#2559,#2560,#2561));
#463=EDGE_LOOP('',(#2562,#2563,#2564,#2565));
#464=EDGE_LOOP('',(#2566,#2567,#2568,#2569));
#465=EDGE_LOOP('',(#2570,#2571,#2572,#2573,#2574,#2575));
#466=EDGE_LOOP('',(#2576,#2577,#2578,#2579));
#467=EDGE_LOOP('',(#2580,#2581,#2582,#2583));
#468=EDGE_LOOP('',(#2584,#2585,#2586,#2587,#2588,#2589,#2590,#2591));
#469=EDGE_LOOP('',(#2592,#2593,#2594,#2595));
#470=EDGE_LOOP('',(#2596,#2597,#2598,#2599));
#471=EDGE_LOOP('',(#2600,#2601,#2602,#2603));
#472=EDGE_LOOP('',(#2604,#2605,#2606,#2607));
#473=EDGE_LOOP('',(#2608,#2609,#2610,#2611));
#474=EDGE_LOOP('',(#2612,#2613,#2614,#2615));
#475=EDGE_LOOP('',(#2616,#2617,#2618,#2619));
#476=EDGE_LOOP('',(#2620,#2621,#2622,#2623));
#477=EDGE_LOOP('',(#2624,#2625,#2626,#2627));
#478=EDGE_LOOP('',(#2628,#2629,#2630,#2631));
#479=EDGE_LOOP('',(#2632,#2633,#2634,#2635));
#480=EDGE_LOOP('',(#2636,#2637,#2638,#2639));
#481=EDGE_LOOP('',(#2640,#2641,#2642,#2643));
#482=EDGE_LOOP('',(#2644,#2645,#2646,#2647));
#483=EDGE_LOOP('',(#2648,#2649,#2650,#2651));
#484=EDGE_LOOP('',(#2652,#2653,#2654,#2655));
#485=EDGE_LOOP('',(#2656,#2657,#2658,#2659));
#486=LINE('',#4026,#810);
#487=LINE('',#4028,#811);
#488=LINE('',#4030,#812);
#489=LINE('',#4031,#813);
#490=LINE('',#4034,#814);
#491=LINE('',#4036,#815);
#492=LINE('',#4037,#816);
#493=LINE('',#4040,#817);
#494=LINE('',#4042,#818);
#495=LINE('',#4043,#819);
#496=LINE('',#4046,#820);
#497=LINE('',#4048,#821);
#498=LINE('',#4050,#822);
#499=LINE('',#4052,#823);
#500=LINE('',#4053,#824);
#501=LINE('',#4056,#825);
#502=LINE('',#4057,#826);
#503=LINE('',#4060,#827);
#504=LINE('',#4061,#828);
#505=LINE('',#4064,#829);
#506=LINE('',#4065,#830);
#507=LINE('',#4068,#831);
#508=LINE('',#4069,#832);
#509=LINE('',#4071,#833);
#510=LINE('',#4078,#834);
#511=LINE('',#4080,#835);
#512=LINE('',#4082,#836);
#513=LINE('',#4084,#837);
#514=LINE('',#4086,#838);
#515=LINE('',#4088,#839);
#516=LINE('',#4089,#840);
#517=LINE('',#4092,#841);
#518=LINE('',#4095,#842);
#519=LINE('',#4098,#843);
#520=LINE('',#4099,#844);
#521=LINE('',#4102,#845);
#522=LINE('',#4104,#846);
#523=LINE('',#4106,#847);
#524=LINE('',#4108,#848);
#525=LINE('',#4110,#849);
#526=LINE('',#4111,#850);
#527=LINE('',#4113,#851);
#528=LINE('',#4114,#852);
#529=LINE('',#4116,#853);
#530=LINE('',#4118,#854);
#531=LINE('',#4120,#855);
#532=LINE('',#4128,#856);
#533=LINE('',#4130,#857);
#534=LINE('',#4132,#858);
#535=LINE('',#4134,#859);
#536=LINE('',#4136,#860);
#537=LINE('',#4138,#861);
#538=LINE('',#4139,#862);
#539=LINE('',#4142,#863);
#540=LINE('',#4145,#864);
#541=LINE('',#4148,#865);
#542=LINE('',#4149,#866);
#543=LINE('',#4152,#867);
#544=LINE('',#4154,#868);
#545=LINE('',#4156,#869);
#546=LINE('',#4158,#870);
#547=LINE('',#4160,#871);
#548=LINE('',#4161,#872);
#549=LINE('',#4163,#873);
#550=LINE('',#4164,#874);
#551=LINE('',#4166,#875);
#552=LINE('',#4168,#876);
#553=LINE('',#4170,#877);
#554=LINE('',#4178,#878);
#555=LINE('',#4180,#879);
#556=LINE('',#4182,#880);
#557=LINE('',#4184,#881);
#558=LINE('',#4186,#882);
#559=LINE('',#4188,#883);
#560=LINE('',#4189,#884);
#561=LINE('',#4192,#885);
#562=LINE('',#4195,#886);
#563=LINE('',#4198,#887);
#564=LINE('',#4199,#888);
#565=LINE('',#4202,#889);
#566=LINE('',#4204,#890);
#567=LINE('',#4206,#891);
#568=LINE('',#4208,#892);
#569=LINE('',#4210,#893);
#570=LINE('',#4211,#894);
#571=LINE('',#4213,#895);
#572=LINE('',#4214,#896);
#573=LINE('',#4216,#897);
#574=LINE('',#4218,#898);
#575=LINE('',#4220,#899);
#576=LINE('',#4228,#900);
#577=LINE('',#4231,#901);
#578=LINE('',#4234,#902);
#579=LINE('',#4238,#903);
#580=LINE('',#4240,#904);
#581=LINE('',#4242,#905);
#582=LINE('',#4243,#906);
#583=LINE('',#4249,#907);
#584=LINE('',#4252,#908);
#585=LINE('',#4255,#909);
#586=LINE('',#4257,#910);
#587=LINE('',#4259,#911);
#588=LINE('',#4261,#912);
#589=LINE('',#4264,#913);
#590=LINE('',#4270,#914);
#591=LINE('',#4273,#915);
#592=LINE('',#4276,#916);
#593=LINE('',#4280,#917);
#594=LINE('',#4282,#918);
#595=LINE('',#4284,#919);
#596=LINE('',#4285,#920);
#597=LINE('',#4291,#921);
#598=LINE('',#4294,#922);
#599=LINE('',#4297,#923);
#600=LINE('',#4299,#924);
#601=LINE('',#4301,#925);
#602=LINE('',#4303,#926);
#603=LINE('',#4306,#927);
#604=LINE('',#4312,#928);
#605=LINE('',#4315,#929);
#606=LINE('',#4317,#930);
#607=LINE('',#4318,#931);
#608=LINE('',#4321,#932);
#609=LINE('',#4323,#933);
#610=LINE('',#4325,#934);
#611=LINE('',#4327,#935);
#612=LINE('',#4329,#936);
#613=LINE('',#4332,#937);
#614=LINE('',#4333,#938);
#615=LINE('',#4335,#939);
#616=LINE('',#4337,#940);
#617=LINE('',#4339,#941);
#618=LINE('',#4341,#942);
#619=LINE('',#4343,#943);
#620=LINE('',#4344,#944);
#621=LINE('',#4345,#945);
#622=LINE('',#4351,#946);
#623=LINE('',#4354,#947);
#624=LINE('',#4357,#948);
#625=LINE('',#4360,#949);
#626=LINE('',#4363,#950);
#627=LINE('',#4366,#951);
#628=LINE('',#4370,#952);
#629=LINE('',#4371,#953);
#630=LINE('',#4376,#954);
#631=LINE('',#4377,#955);
#632=LINE('',#4379,#956);
#633=LINE('',#4385,#957);
#634=LINE('',#4388,#958);
#635=LINE('',#4391,#959);
#636=LINE('',#4394,#960);
#637=LINE('',#4397,#961);
#638=LINE('',#4400,#962);
#639=LINE('',#4404,#963);
#640=LINE('',#4405,#964);
#641=LINE('',#4411,#965);
#642=LINE('',#4414,#966);
#643=LINE('',#4417,#967);
#644=LINE('',#4421,#968);
#645=LINE('',#4422,#969);
#646=LINE('',#4425,#970);
#647=LINE('',#4429,#971);
#648=LINE('',#4431,#972);
#649=LINE('',#4433,#973);
#650=LINE('',#4437,#974);
#651=LINE('',#4439,#975);
#652=LINE('',#4441,#976);
#653=LINE('',#4443,#977);
#654=LINE('',#4445,#978);
#655=LINE('',#4449,#979);
#656=LINE('',#4451,#980);
#657=LINE('',#4453,#981);
#658=LINE('',#4457,#982);
#659=LINE('',#4461,#983);
#660=LINE('',#4462,#984);
#661=LINE('',#4467,#985);
#662=LINE('',#4468,#986);
#663=LINE('',#4471,#987);
#664=LINE('',#4474,#988);
#665=LINE('',#4480,#989);
#666=LINE('',#4481,#990);
#667=LINE('',#4484,#991);
#668=LINE('',#4486,#992);
#669=LINE('',#4488,#993);
#670=LINE('',#4490,#994);
#671=LINE('',#4494,#995);
#672=LINE('',#4497,#996);
#673=LINE('',#4502,#997);
#674=LINE('',#4504,#998);
#675=LINE('',#4506,#999);
#676=LINE('',#4507,#1000);
#677=LINE('',#4510,#1001);
#678=LINE('',#4513,#1002);
#679=LINE('',#4516,#1003);
#680=LINE('',#4520,#1004);
#681=LINE('',#4522,#1005);
#682=LINE('',#4528,#1006);
#683=LINE('',#4529,#1007);
#684=LINE('',#4532,#1008);
#685=LINE('',#4533,#1009);
#686=LINE('',#4538,#1010);
#687=LINE('',#4539,#1011);
#688=LINE('',#4542,#1012);
#689=LINE('',#4544,#1013);
#690=LINE('',#4546,#1014);
#691=LINE('',#4548,#1015);
#692=LINE('',#4552,#1016);
#693=LINE('',#4558,#1017);
#694=LINE('',#4560,#1018);
#695=LINE('',#4562,#1019);
#696=LINE('',#4563,#1020);
#697=LINE('',#4569,#1021);
#698=LINE('',#4572,#1022);
#699=LINE('',#4576,#1023);
#700=LINE('',#4580,#1024);
#701=LINE('',#4584,#1025);
#702=LINE('',#4586,#1026);
#703=LINE('',#4589,#1027);
#704=LINE('',#4591,#1028);
#705=LINE('',#4592,#1029);
#706=LINE('',#4597,#1030);
#707=LINE('',#4600,#1031);
#708=LINE('',#4606,#1032);
#709=LINE('',#4608,#1033);
#710=LINE('',#4611,#1034);
#711=LINE('',#4613,#1035);
#712=LINE('',#4615,#1036);
#713=LINE('',#4616,#1037);
#714=LINE('',#4620,#1038);
#715=LINE('',#4622,#1039);
#716=LINE('',#4628,#1040);
#717=LINE('',#4631,#1041);
#718=LINE('',#4636,#1042);
#719=LINE('',#4643,#1043);
#720=LINE('',#4646,#1044);
#721=LINE('',#4651,#1045);
#722=LINE('',#4670,#1046);
#723=LINE('',#4674,#1047);
#724=LINE('',#4675,#1048);
#725=LINE('',#4686,#1049);
#726=LINE('',#4697,#1050);
#727=LINE('',#4700,#1051);
#728=LINE('',#4701,#1052);
#729=LINE('',#4703,#1053);
#730=LINE('',#4704,#1054);
#731=LINE('',#4706,#1055);
#732=LINE('',#4708,#1056);
#733=LINE('',#4710,#1057);
#734=LINE('',#4711,#1058);
#735=LINE('',#4713,#1059);
#736=LINE('',#4716,#1060);
#737=LINE('',#4717,#1061);
#738=LINE('',#4719,#1062);
#739=LINE('',#4721,#1063);
#740=LINE('',#4725,#1064);
#741=LINE('',#4726,#1065);
#742=LINE('',#4727,#1066);
#743=LINE('',#4729,#1067);
#744=LINE('',#4732,#1068);
#745=LINE('',#4735,#1069);
#746=LINE('',#4738,#1070);
#747=LINE('',#4739,#1071);
#748=LINE('',#4740,#1072);
#749=LINE('',#4743,#1073);
#750=LINE('',#4745,#1074);
#751=LINE('',#4746,#1075);
#752=LINE('',#4752,#1076);
#753=LINE('',#4755,#1077);
#754=LINE('',#4758,#1078);
#755=LINE('',#4760,#1079);
#756=LINE('',#4761,#1080);
#757=LINE('',#4766,#1081);
#758=LINE('',#4770,#1082);
#759=LINE('',#4772,#1083);
#760=LINE('',#4773,#1084);
#761=LINE('',#4778,#1085);
#762=LINE('',#4782,#1086);
#763=LINE('',#4784,#1087);
#764=LINE('',#4785,#1088);
#765=LINE('',#4790,#1089);
#766=LINE('',#4793,#1090);
#767=LINE('',#4794,#1091);
#768=LINE('',#4797,#1092);
#769=LINE('',#4803,#1093);
#770=LINE('',#4805,#1094);
#771=LINE('',#4806,#1095);
#772=LINE('',#4809,#1096);
#773=LINE('',#4811,#1097);
#774=LINE('',#4812,#1098);
#775=LINE('',#4814,#1099);
#776=LINE('',#4817,#1100);
#777=LINE('',#4819,#1101);
#778=LINE('',#4826,#1102);
#779=LINE('',#4828,#1103);
#780=LINE('',#4830,#1104);
#781=LINE('',#4831,#1105);
#782=LINE('',#4834,#1106);
#783=LINE('',#4836,#1107);
#784=LINE('',#4837,#1108);
#785=LINE('',#4840,#1109);
#786=LINE('',#4842,#1110);
#787=LINE('',#4843,#1111);
#788=LINE('',#4845,#1112);
#789=LINE('',#4846,#1113);
#790=LINE('',#4849,#1114);
#791=LINE('',#4851,#1115);
#792=LINE('',#4852,#1116);
#793=LINE('',#4855,#1117);
#794=LINE('',#4856,#1118);
#795=LINE('',#4860,#1119);
#796=LINE('',#4861,#1120);
#797=LINE('',#4863,#1121);
#798=LINE('',#4867,#1122);
#799=LINE('',#4869,#1123);
#800=LINE('',#4871,#1124);
#801=LINE('',#4872,#1125);
#802=LINE('',#4875,#1126);
#803=LINE('',#4877,#1127);
#804=LINE('',#4878,#1128);
#805=LINE('',#4881,#1129);
#806=LINE('',#4883,#1130);
#807=LINE('',#4884,#1131);
#808=LINE('',#4886,#1132);
#809=LINE('',#4887,#1133);
#810=VECTOR('',#3206,10.);
#811=VECTOR('',#3207,10.);
#812=VECTOR('',#3208,10.);
#813=VECTOR('',#3209,10.);
#814=VECTOR('',#3212,10.);
#815=VECTOR('',#3213,10.);
#816=VECTOR('',#3214,10.);
#817=VECTOR('',#3217,10.);
#818=VECTOR('',#3218,10.);
#819=VECTOR('',#3219,10.);
#820=VECTOR('',#3222,10.);
#821=VECTOR('',#3223,10.);
#822=VECTOR('',#3224,10.);
#823=VECTOR('',#3225,10.);
#824=VECTOR('',#3226,10.);
#825=VECTOR('',#3229,10.);
#826=VECTOR('',#3230,10.);
#827=VECTOR('',#3233,10.);
#828=VECTOR('',#3234,10.);
#829=VECTOR('',#3237,10.);
#830=VECTOR('',#3238,10.);
#831=VECTOR('',#3241,10.);
#832=VECTOR('',#3242,10.);
#833=VECTOR('',#3245,10.);
#834=VECTOR('',#3252,10.);
#835=VECTOR('',#3253,10.);
#836=VECTOR('',#3254,10.);
#837=VECTOR('',#3255,10.);
#838=VECTOR('',#3256,10.);
#839=VECTOR('',#3257,10.);
#840=VECTOR('',#3258,10.);
#841=VECTOR('',#3261,10.);
#842=VECTOR('',#3264,10.);
#843=VECTOR('',#3267,10.);
#844=VECTOR('',#3268,10.);
#845=VECTOR('',#3271,10.);
#846=VECTOR('',#3272,10.);
#847=VECTOR('',#3273,10.);
#848=VECTOR('',#3274,10.);
#849=VECTOR('',#3275,10.);
#850=VECTOR('',#3276,10.);
#851=VECTOR('',#3279,10.);
#852=VECTOR('',#3280,10.);
#853=VECTOR('',#3283,10.);
#854=VECTOR('',#3286,10.);
#855=VECTOR('',#3289,10.);
#856=VECTOR('',#3298,10.);
#857=VECTOR('',#3299,10.);
#858=VECTOR('',#3300,10.);
#859=VECTOR('',#3301,10.);
#860=VECTOR('',#3302,10.);
#861=VECTOR('',#3303,10.);
#862=VECTOR('',#3304,10.);
#863=VECTOR('',#3307,10.);
#864=VECTOR('',#3310,10.);
#865=VECTOR('',#3313,10.);
#866=VECTOR('',#3314,10.);
#867=VECTOR('',#3317,10.);
#868=VECTOR('',#3318,10.);
#869=VECTOR('',#3319,10.);
#870=VECTOR('',#3320,10.);
#871=VECTOR('',#3321,10.);
#872=VECTOR('',#3322,10.);
#873=VECTOR('',#3325,10.);
#874=VECTOR('',#3326,10.);
#875=VECTOR('',#3329,10.);
#876=VECTOR('',#3332,10.);
#877=VECTOR('',#3335,10.);
#878=VECTOR('',#3344,10.);
#879=VECTOR('',#3345,10.);
#880=VECTOR('',#3346,10.);
#881=VECTOR('',#3347,10.);
#882=VECTOR('',#3348,10.);
#883=VECTOR('',#3349,10.);
#884=VECTOR('',#3350,10.);
#885=VECTOR('',#3353,10.);
#886=VECTOR('',#3356,10.);
#887=VECTOR('',#3359,10.);
#888=VECTOR('',#3360,10.);
#889=VECTOR('',#3363,10.);
#890=VECTOR('',#3364,10.);
#891=VECTOR('',#3365,10.);
#892=VECTOR('',#3366,10.);
#893=VECTOR('',#3367,10.);
#894=VECTOR('',#3368,10.);
#895=VECTOR('',#3371,10.);
#896=VECTOR('',#3372,10.);
#897=VECTOR('',#3375,10.);
#898=VECTOR('',#3378,10.);
#899=VECTOR('',#3381,10.);
#900=VECTOR('',#3390,10.);
#901=VECTOR('',#3393,10.);
#902=VECTOR('',#3396,10.);
#903=VECTOR('',#3399,10.);
#904=VECTOR('',#3400,10.);
#905=VECTOR('',#3401,10.);
#906=VECTOR('',#3402,10.);
#907=VECTOR('',#3407,10.);
#908=VECTOR('',#3410,10.);
#909=VECTOR('',#3413,10.);
#910=VECTOR('',#3414,10.);
#911=VECTOR('',#3415,0.65);
#912=VECTOR('',#3416,10.);
#913=VECTOR('',#3419,10.);
#914=VECTOR('',#3424,10.);
#915=VECTOR('',#3427,10.);
#916=VECTOR('',#3430,10.);
#917=VECTOR('',#3433,10.);
#918=VECTOR('',#3434,0.65);
#919=VECTOR('',#3435,10.);
#920=VECTOR('',#3436,10.);
#921=VECTOR('',#3441,10.);
#922=VECTOR('',#3444,10.);
#923=VECTOR('',#3447,10.);
#924=VECTOR('',#3448,10.);
#925=VECTOR('',#3449,10.);
#926=VECTOR('',#3450,10.);
#927=VECTOR('',#3453,10.);
#928=VECTOR('',#3458,10.);
#929=VECTOR('',#3461,10.);
#930=VECTOR('',#3464,10.);
#931=VECTOR('',#3465,10.);
#932=VECTOR('',#3468,10.);
#933=VECTOR('',#3469,10.);
#934=VECTOR('',#3470,10.);
#935=VECTOR('',#3471,10.);
#936=VECTOR('',#3472,10.);
#937=VECTOR('',#3475,10.);
#938=VECTOR('',#3476,10.);
#939=VECTOR('',#3477,10.);
#940=VECTOR('',#3478,10.);
#941=VECTOR('',#3479,10.);
#942=VECTOR('',#3480,10.);
#943=VECTOR('',#3481,10.);
#944=VECTOR('',#3482,10.);
#945=VECTOR('',#3483,10.);
#946=VECTOR('',#3488,10.);
#947=VECTOR('',#3491,10.);
#948=VECTOR('',#3494,10.);
#949=VECTOR('',#3497,10.);
#950=VECTOR('',#3500,10.);
#951=VECTOR('',#3503,10.);
#952=VECTOR('',#3506,10.);
#953=VECTOR('',#3507,10.);
#954=VECTOR('',#3512,10.);
#955=VECTOR('',#3513,10.);
#956=VECTOR('',#3516,10.);
#957=VECTOR('',#3521,10.);
#958=VECTOR('',#3524,10.);
#959=VECTOR('',#3527,10.);
#960=VECTOR('',#3530,10.);
#961=VECTOR('',#3533,10.);
#962=VECTOR('',#3536,10.);
#963=VECTOR('',#3539,10.);
#964=VECTOR('',#3540,10.);
#965=VECTOR('',#3545,10.);
#966=VECTOR('',#3548,10.);
#967=VECTOR('',#3551,10.);
#968=VECTOR('',#3554,10.);
#969=VECTOR('',#3555,10.);
#970=VECTOR('',#3558,10.);
#971=VECTOR('',#3561,10.);
#972=VECTOR('',#3562,10.);
#973=VECTOR('',#3563,10.);
#974=VECTOR('',#3566,10.);
#975=VECTOR('',#3567,10.);
#976=VECTOR('',#3568,10.);
#977=VECTOR('',#3569,10.);
#978=VECTOR('',#3570,10.);
#979=VECTOR('',#3573,10.);
#980=VECTOR('',#3574,10.);
#981=VECTOR('',#3575,10.);
#982=VECTOR('',#3578,10.);
#983=VECTOR('',#3581,10.);
#984=VECTOR('',#3582,10.);
#985=VECTOR('',#3587,10.);
#986=VECTOR('',#3588,10.);
#987=VECTOR('',#3591,10.);
#988=VECTOR('',#3594,10.);
#989=VECTOR('',#3601,10.);
#990=VECTOR('',#3602,10.);
#991=VECTOR('',#3605,10.);
#992=VECTOR('',#3606,10.);
#993=VECTOR('',#3607,10.);
#994=VECTOR('',#3608,10.);
#995=VECTOR('',#3613,10.);
#996=VECTOR('',#3616,10.);
#997=VECTOR('',#3621,10.);
#998=VECTOR('',#3622,0.65);
#999=VECTOR('',#3623,10.);
#1000=VECTOR('',#3624,10.);
#1001=VECTOR('',#3627,10.);
#1002=VECTOR('',#3630,10.);
#1003=VECTOR('',#3633,10.);
#1004=VECTOR('',#3636,10.);
#1005=VECTOR('',#3637,10.);
#1006=VECTOR('',#3644,10.);
#1007=VECTOR('',#3645,10.);
#1008=VECTOR('',#3648,10.);
#1009=VECTOR('',#3649,10.);
#1010=VECTOR('',#3654,10.);
#1011=VECTOR('',#3655,10.);
#1012=VECTOR('',#3658,10.);
#1013=VECTOR('',#3659,10.);
#1014=VECTOR('',#3660,0.65);
#1015=VECTOR('',#3661,10.);
#1016=VECTOR('',#3666,10.);
#1017=VECTOR('',#3673,10.);
#1018=VECTOR('',#3674,10.);
#1019=VECTOR('',#3675,10.);
#1020=VECTOR('',#3676,10.);
#1021=VECTOR('',#3683,10.);
#1022=VECTOR('',#3688,10.);
#1023=VECTOR('',#3695,10.);
#1024=VECTOR('',#3700,10.);
#1025=VECTOR('',#3703,10.);
#1026=VECTOR('',#3704,10.);
#1027=VECTOR('',#3707,10.);
#1028=VECTOR('',#3708,10.);
#1029=VECTOR('',#3709,10.);
#1030=VECTOR('',#3714,10.);
#1031=VECTOR('',#3719,10.);
#1032=VECTOR('',#3730,10.);
#1033=VECTOR('',#3733,10.);
#1034=VECTOR('',#3736,10.);
#1035=VECTOR('',#3737,10.);
#1036=VECTOR('',#3738,10.);
#1037=VECTOR('',#3739,10.);
#1038=VECTOR('',#3742,10.);
#1039=VECTOR('',#3743,10.);
#1040=VECTOR('',#3750,10.);
#1041=VECTOR('',#3755,10.);
#1042=VECTOR('',#3764,10.);
#1043=VECTOR('',#3773,10.);
#1044=VECTOR('',#3778,10.);
#1045=VECTOR('',#3787,10.);
#1046=VECTOR('',#3792,10.);
#1047=VECTOR('',#3797,10.);
#1048=VECTOR('',#3798,10.);
#1049=VECTOR('',#3801,10.);
#1050=VECTOR('',#3804,10.);
#1051=VECTOR('',#3809,10.);
#1052=VECTOR('',#3810,10.);
#1053=VECTOR('',#3813,10.);
#1054=VECTOR('',#3814,10.);
#1055=VECTOR('',#3817,10.);
#1056=VECTOR('',#3818,10.);
#1057=VECTOR('',#3819,10.);
#1058=VECTOR('',#3820,10.);
#1059=VECTOR('',#3823,10.);
#1060=VECTOR('',#3826,10.);
#1061=VECTOR('',#3827,10.);
#1062=VECTOR('',#3830,10.);
#1063=VECTOR('',#3833,10.);
#1064=VECTOR('',#3836,10.);
#1065=VECTOR('',#3837,10.);
#1066=VECTOR('',#3838,10.);
#1067=VECTOR('',#3841,10.);
#1068=VECTOR('',#3846,10.);
#1069=VECTOR('',#3851,10.);
#1070=VECTOR('',#3854,10.);
#1071=VECTOR('',#3855,10.);
#1072=VECTOR('',#3856,10.);
#1073=VECTOR('',#3861,10.);
#1074=VECTOR('',#3864,10.);
#1075=VECTOR('',#3865,10.);
#1076=VECTOR('',#3870,10.);
#1077=VECTOR('',#3873,10.);
#1078=VECTOR('',#3876,10.);
#1079=VECTOR('',#3877,10.);
#1080=VECTOR('',#3878,10.);
#1081=VECTOR('',#3883,10.);
#1082=VECTOR('',#3888,10.);
#1083=VECTOR('',#3889,10.);
#1084=VECTOR('',#3890,10.);
#1085=VECTOR('',#3895,10.);
#1086=VECTOR('',#3900,10.);
#1087=VECTOR('',#3901,10.);
#1088=VECTOR('',#3902,10.);
#1089=VECTOR('',#3907,10.);
#1090=VECTOR('',#3912,10.);
#1091=VECTOR('',#3913,10.);
#1092=VECTOR('',#3918,10.);
#1093=VECTOR('',#3929,10.);
#1094=VECTOR('',#3932,10.);
#1095=VECTOR('',#3933,10.);
#1096=VECTOR('',#3938,10.);
#1097=VECTOR('',#3941,10.);
#1098=VECTOR('',#3942,10.);
#1099=VECTOR('',#3945,10.);
#1100=VECTOR('',#3950,10.);
#1101=VECTOR('',#3953,10.);
#1102=VECTOR('',#3962,10.);
#1103=VECTOR('',#3963,10.);
#1104=VECTOR('',#3964,10.);
#1105=VECTOR('',#3965,10.);
#1106=VECTOR('',#3968,10.);
#1107=VECTOR('',#3969,10.);
#1108=VECTOR('',#3970,10.);
#1109=VECTOR('',#3973,10.);
#1110=VECTOR('',#3974,10.);
#1111=VECTOR('',#3975,10.);
#1112=VECTOR('',#3978,10.);
#1113=VECTOR('',#3979,10.);
#1114=VECTOR('',#3982,10.);
#1115=VECTOR('',#3983,10.);
#1116=VECTOR('',#3984,10.);
#1117=VECTOR('',#3987,10.);
#1118=VECTOR('',#3988,10.);
#1119=VECTOR('',#3993,10.);
#1120=VECTOR('',#3994,10.);
#1121=VECTOR('',#3997,10.);
#1122=VECTOR('',#4000,10.);
#1123=VECTOR('',#4001,10.);
#1124=VECTOR('',#4002,10.);
#1125=VECTOR('',#4003,10.);
#1126=VECTOR('',#4006,10.);
#1127=VECTOR('',#4007,10.);
#1128=VECTOR('',#4008,10.);
#1129=VECTOR('',#4011,10.);
#1130=VECTOR('',#4012,10.);
#1131=VECTOR('',#4013,10.);
#1132=VECTOR('',#4016,10.);
#1133=VECTOR('',#4017,10.);
#1134=VERTEX_POINT('',#4024);
#1135=VERTEX_POINT('',#4025);
#1136=VERTEX_POINT('',#4027);
#1137=VERTEX_POINT('',#4029);
#1138=VERTEX_POINT('',#4033);
#1139=VERTEX_POINT('',#4035);
#1140=VERTEX_POINT('',#4039);
#1141=VERTEX_POINT('',#4041);
#1142=VERTEX_POINT('',#4045);
#1143=VERTEX_POINT('',#4047);
#1144=VERTEX_POINT('',#4049);
#1145=VERTEX_POINT('',#4051);
#1146=VERTEX_POINT('',#4055);
#1147=VERTEX_POINT('',#4059);
#1148=VERTEX_POINT('',#4063);
#1149=VERTEX_POINT('',#4067);
#1150=VERTEX_POINT('',#4074);
#1151=VERTEX_POINT('',#4075);
#1152=VERTEX_POINT('',#4077);
#1153=VERTEX_POINT('',#4079);
#1154=VERTEX_POINT('',#4081);
#1155=VERTEX_POINT('',#4083);
#1156=VERTEX_POINT('',#4085);
#1157=VERTEX_POINT('',#4087);
#1158=VERTEX_POINT('',#4091);
#1159=VERTEX_POINT('',#4093);
#1160=VERTEX_POINT('',#4097);
#1161=VERTEX_POINT('',#4101);
#1162=VERTEX_POINT('',#4103);
#1163=VERTEX_POINT('',#4105);
#1164=VERTEX_POINT('',#4107);
#1165=VERTEX_POINT('',#4109);
#1166=VERTEX_POINT('',#4124);
#1167=VERTEX_POINT('',#4125);
#1168=VERTEX_POINT('',#4127);
#1169=VERTEX_POINT('',#4129);
#1170=VERTEX_POINT('',#4131);
#1171=VERTEX_POINT('',#4133);
#1172=VERTEX_POINT('',#4135);
#1173=VERTEX_POINT('',#4137);
#1174=VERTEX_POINT('',#4141);
#1175=VERTEX_POINT('',#4143);
#1176=VERTEX_POINT('',#4147);
#1177=VERTEX_POINT('',#4151);
#1178=VERTEX_POINT('',#4153);
#1179=VERTEX_POINT('',#4155);
#1180=VERTEX_POINT('',#4157);
#1181=VERTEX_POINT('',#4159);
#1182=VERTEX_POINT('',#4174);
#1183=VERTEX_POINT('',#4175);
#1184=VERTEX_POINT('',#4177);
#1185=VERTEX_POINT('',#4179);
#1186=VERTEX_POINT('',#4181);
#1187=VERTEX_POINT('',#4183);
#1188=VERTEX_POINT('',#4185);
#1189=VERTEX_POINT('',#4187);
#1190=VERTEX_POINT('',#4191);
#1191=VERTEX_POINT('',#4193);
#1192=VERTEX_POINT('',#4197);
#1193=VERTEX_POINT('',#4201);
#1194=VERTEX_POINT('',#4203);
#1195=VERTEX_POINT('',#4205);
#1196=VERTEX_POINT('',#4207);
#1197=VERTEX_POINT('',#4209);
#1198=VERTEX_POINT('',#4224);
#1199=VERTEX_POINT('',#4225);
#1200=VERTEX_POINT('',#4227);
#1201=VERTEX_POINT('',#4229);
#1202=VERTEX_POINT('',#4233);
#1203=VERTEX_POINT('',#4235);
#1204=VERTEX_POINT('',#4237);
#1205=VERTEX_POINT('',#4239);
#1206=VERTEX_POINT('',#4241);
#1207=VERTEX_POINT('',#4245);
#1208=VERTEX_POINT('',#4246);
#1209=VERTEX_POINT('',#4248);
#1210=VERTEX_POINT('',#4250);
#1211=VERTEX_POINT('',#4254);
#1212=VERTEX_POINT('',#4256);
#1213=VERTEX_POINT('',#4258);
#1214=VERTEX_POINT('',#4260);
#1215=VERTEX_POINT('',#4262);
#1216=VERTEX_POINT('',#4266);
#1217=VERTEX_POINT('',#4267);
#1218=VERTEX_POINT('',#4269);
#1219=VERTEX_POINT('',#4271);
#1220=VERTEX_POINT('',#4275);
#1221=VERTEX_POINT('',#4277);
#1222=VERTEX_POINT('',#4279);
#1223=VERTEX_POINT('',#4281);
#1224=VERTEX_POINT('',#4283);
#1225=VERTEX_POINT('',#4287);
#1226=VERTEX_POINT('',#4288);
#1227=VERTEX_POINT('',#4290);
#1228=VERTEX_POINT('',#4292);
#1229=VERTEX_POINT('',#4296);
#1230=VERTEX_POINT('',#4298);
#1231=VERTEX_POINT('',#4300);
#1232=VERTEX_POINT('',#4302);
#1233=VERTEX_POINT('',#4304);
#1234=VERTEX_POINT('',#4308);
#1235=VERTEX_POINT('',#4309);
#1236=VERTEX_POINT('',#4311);
#1237=VERTEX_POINT('',#4313);
#1238=VERTEX_POINT('',#4320);
#1239=VERTEX_POINT('',#4322);
#1240=VERTEX_POINT('',#4324);
#1241=VERTEX_POINT('',#4326);
#1242=VERTEX_POINT('',#4328);
#1243=VERTEX_POINT('',#4330);
#1244=VERTEX_POINT('',#4334);
#1245=VERTEX_POINT('',#4336);
#1246=VERTEX_POINT('',#4338);
#1247=VERTEX_POINT('',#4340);
#1248=VERTEX_POINT('',#4342);
#1249=VERTEX_POINT('',#4347);
#1250=VERTEX_POINT('',#4348);
#1251=VERTEX_POINT('',#4350);
#1252=VERTEX_POINT('',#4352);
#1253=VERTEX_POINT('',#4356);
#1254=VERTEX_POINT('',#4359);
#1255=VERTEX_POINT('',#4361);
#1256=VERTEX_POINT('',#4365);
#1257=VERTEX_POINT('',#4367);
#1258=VERTEX_POINT('',#4369);
#1259=VERTEX_POINT('',#4373);
#1260=VERTEX_POINT('',#4374);
#1261=VERTEX_POINT('',#4381);
#1262=VERTEX_POINT('',#4382);
#1263=VERTEX_POINT('',#4384);
#1264=VERTEX_POINT('',#4386);
#1265=VERTEX_POINT('',#4390);
#1266=VERTEX_POINT('',#4392);
#1267=VERTEX_POINT('',#4395);
#1268=VERTEX_POINT('',#4399);
#1269=VERTEX_POINT('',#4401);
#1270=VERTEX_POINT('',#4403);
#1271=VERTEX_POINT('',#4407);
#1272=VERTEX_POINT('',#4408);
#1273=VERTEX_POINT('',#4410);
#1274=VERTEX_POINT('',#4412);
#1275=VERTEX_POINT('',#4416);
#1276=VERTEX_POINT('',#4418);
#1277=VERTEX_POINT('',#4420);
#1278=VERTEX_POINT('',#4424);
#1279=VERTEX_POINT('',#4426);
#1280=VERTEX_POINT('',#4428);
#1281=VERTEX_POINT('',#4430);
#1282=VERTEX_POINT('',#4432);
#1283=VERTEX_POINT('',#4434);
#1284=VERTEX_POINT('',#4436);
#1285=VERTEX_POINT('',#4438);
#1286=VERTEX_POINT('',#4440);
#1287=VERTEX_POINT('',#4442);
#1288=VERTEX_POINT('',#4444);
#1289=VERTEX_POINT('',#4446);
#1290=VERTEX_POINT('',#4448);
#1291=VERTEX_POINT('',#4450);
#1292=VERTEX_POINT('',#4452);
#1293=VERTEX_POINT('',#4454);
#1294=VERTEX_POINT('',#4456);
#1295=VERTEX_POINT('',#4458);
#1296=VERTEX_POINT('',#4460);
#1297=VERTEX_POINT('',#4464);
#1298=VERTEX_POINT('',#4465);
#1299=VERTEX_POINT('',#4470);
#1300=VERTEX_POINT('',#4472);
#1301=VERTEX_POINT('',#4477);
#1302=VERTEX_POINT('',#4478);
#1303=VERTEX_POINT('',#4483);
#1304=VERTEX_POINT('',#4485);
#1305=VERTEX_POINT('',#4487);
#1306=VERTEX_POINT('',#4489);
#1307=VERTEX_POINT('',#4493);
#1308=VERTEX_POINT('',#4495);
#1309=VERTEX_POINT('',#4499);
#1310=VERTEX_POINT('',#4501);
#1311=VERTEX_POINT('',#4503);
#1312=VERTEX_POINT('',#4505);
#1313=VERTEX_POINT('',#4509);
#1314=VERTEX_POINT('',#4511);
#1315=VERTEX_POINT('',#4515);
#1316=VERTEX_POINT('',#4517);
#1317=VERTEX_POINT('',#4519);
#1318=VERTEX_POINT('',#4521);
#1319=VERTEX_POINT('',#4525);
#1320=VERTEX_POINT('',#4526);
#1321=VERTEX_POINT('',#4531);
#1322=VERTEX_POINT('',#4535);
#1323=VERTEX_POINT('',#4536);
#1324=VERTEX_POINT('',#4541);
#1325=VERTEX_POINT('',#4543);
#1326=VERTEX_POINT('',#4545);
#1327=VERTEX_POINT('',#4547);
#1328=VERTEX_POINT('',#4551);
#1329=VERTEX_POINT('',#4555);
#1330=VERTEX_POINT('',#4557);
#1331=VERTEX_POINT('',#4559);
#1332=VERTEX_POINT('',#4561);
#1333=VERTEX_POINT('',#4565);
#1334=VERTEX_POINT('',#4567);
#1335=VERTEX_POINT('',#4579);
#1336=VERTEX_POINT('',#4581);
#1337=VERTEX_POINT('',#4583);
#1338=VERTEX_POINT('',#4585);
#1339=VERTEX_POINT('',#4587);
#1340=VERTEX_POINT('',#4590);
#1341=VERTEX_POINT('',#4594);
#1342=VERTEX_POINT('',#4596);
#1343=VERTEX_POINT('',#4610);
#1344=VERTEX_POINT('',#4612);
#1345=VERTEX_POINT('',#4614);
#1346=VERTEX_POINT('',#4617);
#1347=VERTEX_POINT('',#4619);
#1348=VERTEX_POINT('',#4621);
#1349=VERTEX_POINT('',#4625);
#1350=VERTEX_POINT('',#4627);
#1351=VERTEX_POINT('',#4639);
#1352=VERTEX_POINT('',#4641);
#1353=VERTEX_POINT('',#4653);
#1354=VERTEX_POINT('',#4660);
#1355=VERTEX_POINT('',#4667);
#1356=VERTEX_POINT('',#4669);
#1357=VERTEX_POINT('',#4673);
#1358=VERTEX_POINT('',#4677);
#1359=VERTEX_POINT('',#4678);
#1360=VERTEX_POINT('',#4685);
#1361=VERTEX_POINT('',#4687);
#1362=VERTEX_POINT('',#4694);
#1363=VERTEX_POINT('',#4696);
#1364=VERTEX_POINT('',#4707);
#1365=VERTEX_POINT('',#4709);
#1366=VERTEX_POINT('',#4715);
#1367=VERTEX_POINT('',#4723);
#1368=VERTEX_POINT('',#4724);
#1369=VERTEX_POINT('',#4737);
#1370=VERTEX_POINT('',#4748);
#1371=VERTEX_POINT('',#4749);
#1372=VERTEX_POINT('',#4751);
#1373=VERTEX_POINT('',#4753);
#1374=VERTEX_POINT('',#4757);
#1375=VERTEX_POINT('',#4759);
#1376=VERTEX_POINT('',#4763);
#1377=VERTEX_POINT('',#4765);
#1378=VERTEX_POINT('',#4769);
#1379=VERTEX_POINT('',#4771);
#1380=VERTEX_POINT('',#4775);
#1381=VERTEX_POINT('',#4777);
#1382=VERTEX_POINT('',#4781);
#1383=VERTEX_POINT('',#4783);
#1384=VERTEX_POINT('',#4787);
#1385=VERTEX_POINT('',#4789);
#1386=VERTEX_POINT('',#4824);
#1387=VERTEX_POINT('',#4825);
#1388=VERTEX_POINT('',#4827);
#1389=VERTEX_POINT('',#4829);
#1390=VERTEX_POINT('',#4833);
#1391=VERTEX_POINT('',#4835);
#1392=VERTEX_POINT('',#4839);
#1393=VERTEX_POINT('',#4841);
#1394=VERTEX_POINT('',#4848);
#1395=VERTEX_POINT('',#4850);
#1396=VERTEX_POINT('',#4854);
#1397=VERTEX_POINT('',#4859);
#1398=VERTEX_POINT('',#4865);
#1399=VERTEX_POINT('',#4866);
#1400=VERTEX_POINT('',#4868);
#1401=VERTEX_POINT('',#4870);
#1402=VERTEX_POINT('',#4874);
#1403=VERTEX_POINT('',#4876);
#1404=VERTEX_POINT('',#4880);
#1405=VERTEX_POINT('',#4882);
#1406=EDGE_CURVE('',#1134,#1135,#486,.T.);
#1407=EDGE_CURVE('',#1136,#1134,#487,.T.);
#1408=EDGE_CURVE('',#1137,#1136,#488,.T.);
#1409=EDGE_CURVE('',#1135,#1137,#489,.T.);
#1410=EDGE_CURVE('',#1138,#1134,#490,.T.);
#1411=EDGE_CURVE('',#1138,#1139,#491,.T.);
#1412=EDGE_CURVE('',#1136,#1139,#492,.T.);
#1413=EDGE_CURVE('',#1140,#1138,#493,.T.);
#1414=EDGE_CURVE('',#1141,#1140,#494,.T.);
#1415=EDGE_CURVE('',#1139,#1141,#495,.T.);
#1416=EDGE_CURVE('',#1142,#1141,#496,.T.);
#1417=EDGE_CURVE('',#1143,#1142,#497,.T.);
#1418=EDGE_CURVE('',#1144,#1143,#498,.T.);
#1419=EDGE_CURVE('',#1145,#1144,#499,.T.);
#1420=EDGE_CURVE('',#1137,#1145,#500,.T.);
#1421=EDGE_CURVE('',#1146,#1140,#501,.T.);
#1422=EDGE_CURVE('',#1142,#1146,#502,.T.);
#1423=EDGE_CURVE('',#1145,#1147,#503,.T.);
#1424=EDGE_CURVE('',#1135,#1147,#504,.T.);
#1425=EDGE_CURVE('',#1148,#1146,#505,.T.);
#1426=EDGE_CURVE('',#1143,#1148,#506,.T.);
#1427=EDGE_CURVE('',#1149,#1148,#507,.T.);
#1428=EDGE_CURVE('',#1144,#1149,#508,.T.);
#1429=EDGE_CURVE('',#1147,#1149,#509,.T.);
#1430=EDGE_CURVE('',#1150,#1151,#71,.T.);
#1431=EDGE_CURVE('',#1150,#1152,#510,.T.);
#1432=EDGE_CURVE('',#1152,#1153,#511,.T.);
#1433=EDGE_CURVE('',#1153,#1154,#512,.T.);
#1434=EDGE_CURVE('',#1154,#1155,#513,.T.);
#1435=EDGE_CURVE('',#1155,#1156,#514,.T.);
#1436=EDGE_CURVE('',#1156,#1157,#515,.T.);
#1437=EDGE_CURVE('',#1157,#1151,#516,.T.);
#1438=EDGE_CURVE('',#1151,#1158,#517,.T.);
#1439=EDGE_CURVE('',#1158,#1159,#72,.T.);
#1440=EDGE_CURVE('',#1159,#1150,#518,.T.);
#1441=EDGE_CURVE('',#1160,#1159,#519,.T.);
#1442=EDGE_CURVE('',#1160,#1152,#520,.T.);
#1443=EDGE_CURVE('',#1158,#1161,#521,.T.);
#1444=EDGE_CURVE('',#1161,#1162,#522,.T.);
#1445=EDGE_CURVE('',#1162,#1163,#523,.T.);
#1446=EDGE_CURVE('',#1163,#1164,#524,.T.);
#1447=EDGE_CURVE('',#1164,#1165,#525,.T.);
#1448=EDGE_CURVE('',#1165,#1160,#526,.T.);
#1449=EDGE_CURVE('',#1157,#1161,#527,.T.);
#1450=EDGE_CURVE('',#1162,#1156,#528,.T.);
#1451=EDGE_CURVE('',#1163,#1155,#529,.T.);
#1452=EDGE_CURVE('',#1164,#1154,#530,.T.);
#1453=EDGE_CURVE('',#1165,#1153,#531,.T.);
#1454=EDGE_CURVE('',#1166,#1167,#73,.T.);
#1455=EDGE_CURVE('',#1166,#1168,#532,.T.);
#1456=EDGE_CURVE('',#1168,#1169,#533,.T.);
#1457=EDGE_CURVE('',#1169,#1170,#534,.T.);
#1458=EDGE_CURVE('',#1170,#1171,#535,.T.);
#1459=EDGE_CURVE('',#1171,#1172,#536,.T.);
#1460=EDGE_CURVE('',#1172,#1173,#537,.T.);
#1461=EDGE_CURVE('',#1173,#1167,#538,.T.);
#1462=EDGE_CURVE('',#1167,#1174,#539,.T.);
#1463=EDGE_CURVE('',#1174,#1175,#74,.T.);
#1464=EDGE_CURVE('',#1175,#1166,#540,.T.);
#1465=EDGE_CURVE('',#1176,#1175,#541,.T.);
#1466=EDGE_CURVE('',#1176,#1168,#542,.T.);
#1467=EDGE_CURVE('',#1174,#1177,#543,.T.);
#1468=EDGE_CURVE('',#1177,#1178,#544,.T.);
#1469=EDGE_CURVE('',#1178,#1179,#545,.T.);
#1470=EDGE_CURVE('',#1179,#1180,#546,.T.);
#1471=EDGE_CURVE('',#1180,#1181,#547,.T.);
#1472=EDGE_CURVE('',#1181,#1176,#548,.T.);
#1473=EDGE_CURVE('',#1173,#1177,#549,.T.);
#1474=EDGE_CURVE('',#1178,#1172,#550,.T.);
#1475=EDGE_CURVE('',#1179,#1171,#551,.T.);
#1476=EDGE_CURVE('',#1180,#1170,#552,.T.);
#1477=EDGE_CURVE('',#1181,#1169,#553,.T.);
#1478=EDGE_CURVE('',#1182,#1183,#75,.T.);
#1479=EDGE_CURVE('',#1182,#1184,#554,.T.);
#1480=EDGE_CURVE('',#1184,#1185,#555,.T.);
#1481=EDGE_CURVE('',#1185,#1186,#556,.T.);
#1482=EDGE_CURVE('',#1186,#1187,#557,.T.);
#1483=EDGE_CURVE('',#1187,#1188,#558,.T.);
#1484=EDGE_CURVE('',#1188,#1189,#559,.T.);
#1485=EDGE_CURVE('',#1189,#1183,#560,.T.);
#1486=EDGE_CURVE('',#1183,#1190,#561,.T.);
#1487=EDGE_CURVE('',#1190,#1191,#76,.T.);
#1488=EDGE_CURVE('',#1191,#1182,#562,.T.);
#1489=EDGE_CURVE('',#1192,#1191,#563,.T.);
#1490=EDGE_CURVE('',#1192,#1184,#564,.T.);
#1491=EDGE_CURVE('',#1190,#1193,#565,.T.);
#1492=EDGE_CURVE('',#1193,#1194,#566,.T.);
#1493=EDGE_CURVE('',#1194,#1195,#567,.T.);
#1494=EDGE_CURVE('',#1195,#1196,#568,.T.);
#1495=EDGE_CURVE('',#1196,#1197,#569,.T.);
#1496=EDGE_CURVE('',#1197,#1192,#570,.T.);
#1497=EDGE_CURVE('',#1189,#1193,#571,.T.);
#1498=EDGE_CURVE('',#1194,#1188,#572,.T.);
#1499=EDGE_CURVE('',#1195,#1187,#573,.T.);
#1500=EDGE_CURVE('',#1196,#1186,#574,.T.);
#1501=EDGE_CURVE('',#1197,#1185,#575,.T.);
#1502=EDGE_CURVE('',#1198,#1199,#77,.T.);
#1503=EDGE_CURVE('',#1199,#1200,#576,.T.);
#1504=EDGE_CURVE('',#1200,#1201,#78,.T.);
#1505=EDGE_CURVE('',#1201,#1198,#577,.T.);
#1506=EDGE_CURVE('',#1199,#1202,#578,.T.);
#1507=EDGE_CURVE('',#1203,#1202,#79,.T.);
#1508=EDGE_CURVE('',#1203,#1204,#579,.T.);
#1509=EDGE_CURVE('',#1205,#1204,#580,.T.);
#1510=EDGE_CURVE('',#1205,#1206,#581,.T.);
#1511=EDGE_CURVE('',#1206,#1200,#582,.T.);
#1512=EDGE_CURVE('',#1207,#1208,#80,.T.);
#1513=EDGE_CURVE('',#1208,#1209,#583,.T.);
#1514=EDGE_CURVE('',#1209,#1210,#81,.T.);
#1515=EDGE_CURVE('',#1210,#1207,#584,.T.);
#1516=EDGE_CURVE('',#1208,#1211,#585,.T.);
#1517=EDGE_CURVE('',#1211,#1212,#586,.T.);
#1518=EDGE_CURVE('',#1213,#1212,#587,.T.);
#1519=EDGE_CURVE('',#1213,#1214,#588,.T.);
#1520=EDGE_CURVE('',#1215,#1214,#82,.T.);
#1521=EDGE_CURVE('',#1215,#1209,#589,.T.);
#1522=EDGE_CURVE('',#1216,#1217,#83,.T.);
#1523=EDGE_CURVE('',#1217,#1218,#590,.T.);
#1524=EDGE_CURVE('',#1218,#1219,#84,.T.);
#1525=EDGE_CURVE('',#1219,#1216,#591,.T.);
#1526=EDGE_CURVE('',#1220,#1217,#592,.T.);
#1527=EDGE_CURVE('',#1220,#1221,#85,.T.);
#1528=EDGE_CURVE('',#1222,#1221,#593,.T.);
#1529=EDGE_CURVE('',#1222,#1223,#594,.T.);
#1530=EDGE_CURVE('',#1224,#1223,#595,.T.);
#1531=EDGE_CURVE('',#1218,#1224,#596,.T.);
#1532=EDGE_CURVE('',#1225,#1226,#86,.T.);
#1533=EDGE_CURVE('',#1226,#1227,#597,.T.);
#1534=EDGE_CURVE('',#1227,#1228,#87,.T.);
#1535=EDGE_CURVE('',#1228,#1225,#598,.T.);
#1536=EDGE_CURVE('',#1229,#1226,#599,.T.);
#1537=EDGE_CURVE('',#1230,#1229,#600,.T.);
#1538=EDGE_CURVE('',#1230,#1231,#601,.T.);
#1539=EDGE_CURVE('',#1232,#1231,#602,.T.);
#1540=EDGE_CURVE('',#1232,#1233,#88,.T.);
#1541=EDGE_CURVE('',#1227,#1233,#603,.T.);
#1542=EDGE_CURVE('',#1234,#1235,#89,.T.);
#1543=EDGE_CURVE('',#1235,#1236,#604,.T.);
#1544=EDGE_CURVE('',#1236,#1237,#90,.T.);
#1545=EDGE_CURVE('',#1237,#1234,#605,.T.);
#1546=EDGE_CURVE('',#1228,#1236,#606,.T.);
#1547=EDGE_CURVE('',#1235,#1225,#607,.T.);
#1548=EDGE_CURVE('',#1234,#1238,#608,.T.);
#1549=EDGE_CURVE('',#1239,#1238,#609,.T.);
#1550=EDGE_CURVE('',#1240,#1239,#610,.T.);
#1551=EDGE_CURVE('',#1241,#1240,#611,.T.);
#1552=EDGE_CURVE('',#1241,#1242,#612,.T.);
#1553=EDGE_CURVE('',#1243,#1242,#91,.T.);
#1554=EDGE_CURVE('',#1201,#1243,#613,.T.);
#1555=EDGE_CURVE('',#1206,#1211,#614,.T.);
#1556=EDGE_CURVE('',#1244,#1207,#615,.T.);
#1557=EDGE_CURVE('',#1244,#1245,#616,.T.);
#1558=EDGE_CURVE('',#1245,#1246,#617,.T.);
#1559=EDGE_CURVE('',#1246,#1247,#618,.T.);
#1560=EDGE_CURVE('',#1247,#1248,#619,.T.);
#1561=EDGE_CURVE('',#1219,#1248,#620,.T.);
#1562=EDGE_CURVE('',#1229,#1224,#621,.T.);
#1563=EDGE_CURVE('',#1249,#1250,#92,.T.);
#1564=EDGE_CURVE('',#1250,#1251,#622,.T.);
#1565=EDGE_CURVE('',#1251,#1252,#93,.T.);
#1566=EDGE_CURVE('',#1252,#1249,#623,.T.);
#1567=EDGE_CURVE('',#1253,#1252,#624,.T.);
#1568=EDGE_CURVE('',#1239,#1253,#94,.T.);
#1569=EDGE_CURVE('',#1238,#1254,#625,.T.);
#1570=EDGE_CURVE('',#1255,#1254,#95,.T.);
#1571=EDGE_CURVE('',#1255,#1249,#626,.T.);
#1572=EDGE_CURVE('',#1256,#1251,#627,.T.);
#1573=EDGE_CURVE('',#1257,#1256,#96,.T.);
#1574=EDGE_CURVE('',#1258,#1257,#628,.T.);
#1575=EDGE_CURVE('',#1253,#1258,#629,.T.);
#1576=EDGE_CURVE('',#1259,#1260,#97,.T.);
#1577=EDGE_CURVE('',#1260,#1243,#630,.T.);
#1578=EDGE_CURVE('',#1242,#1259,#631,.T.);
#1579=EDGE_CURVE('',#1260,#1198,#632,.T.);
#1580=EDGE_CURVE('',#1261,#1262,#98,.T.);
#1581=EDGE_CURVE('',#1262,#1263,#633,.T.);
#1582=EDGE_CURVE('',#1263,#1264,#99,.T.);
#1583=EDGE_CURVE('',#1264,#1261,#634,.T.);
#1584=EDGE_CURVE('',#1265,#1262,#635,.T.);
#1585=EDGE_CURVE('',#1266,#1265,#100,.T.);
#1586=EDGE_CURVE('',#1266,#1241,#636,.T.);
#1587=EDGE_CURVE('',#1267,#1240,#101,.T.);
#1588=EDGE_CURVE('',#1267,#1263,#637,.T.);
#1589=EDGE_CURVE('',#1261,#1268,#638,.T.);
#1590=EDGE_CURVE('',#1269,#1268,#102,.T.);
#1591=EDGE_CURVE('',#1270,#1269,#639,.T.);
#1592=EDGE_CURVE('',#1265,#1270,#640,.T.);
#1593=EDGE_CURVE('',#1271,#1272,#103,.T.);
#1594=EDGE_CURVE('',#1272,#1273,#641,.T.);
#1595=EDGE_CURVE('',#1273,#1274,#104,.T.);
#1596=EDGE_CURVE('',#1274,#1271,#642,.T.);
#1597=EDGE_CURVE('',#1272,#1275,#643,.T.);
#1598=EDGE_CURVE('',#1276,#1275,#105,.T.);
#1599=EDGE_CURVE('',#1277,#1276,#644,.T.);
#1600=EDGE_CURVE('',#1277,#1273,#645,.T.);
#1601=EDGE_CURVE('',#1271,#1278,#646,.T.);
#1602=EDGE_CURVE('',#1279,#1278,#106,.T.);
#1603=EDGE_CURVE('',#1279,#1280,#647,.T.);
#1604=EDGE_CURVE('',#1280,#1281,#648,.T.);
#1605=EDGE_CURVE('',#1281,#1282,#649,.T.);
#1606=EDGE_CURVE('',#1283,#1282,#107,.T.);
#1607=EDGE_CURVE('',#1283,#1284,#650,.T.);
#1608=EDGE_CURVE('',#1284,#1285,#651,.T.);
#1609=EDGE_CURVE('',#1286,#1285,#652,.T.);
#1610=EDGE_CURVE('',#1286,#1287,#653,.T.);
#1611=EDGE_CURVE('',#1287,#1288,#654,.T.);
#1612=EDGE_CURVE('',#1289,#1288,#108,.T.);
#1613=EDGE_CURVE('',#1290,#1289,#655,.T.);
#1614=EDGE_CURVE('',#1291,#1290,#656,.T.);
#1615=EDGE_CURVE('',#1292,#1291,#657,.T.);
#1616=EDGE_CURVE('',#1293,#1292,#109,.T.);
#1617=EDGE_CURVE('',#1293,#1294,#658,.T.);
#1618=EDGE_CURVE('',#1295,#1294,#110,.T.);
#1619=EDGE_CURVE('',#1296,#1295,#659,.T.);
#1620=EDGE_CURVE('',#1275,#1296,#660,.T.);
#1621=EDGE_CURVE('',#1297,#1298,#111,.T.);
#1622=EDGE_CURVE('',#1298,#1269,#661,.T.);
#1623=EDGE_CURVE('',#1268,#1297,#662,.T.);
#1624=EDGE_CURVE('',#1299,#1298,#663,.T.);
#1625=EDGE_CURVE('',#1300,#1299,#112,.T.);
#1626=EDGE_CURVE('',#1300,#1277,#664,.T.);
#1627=EDGE_CURVE('',#1270,#1276,#113,.T.);
#1628=EDGE_CURVE('',#1301,#1302,#114,.T.);
#1629=EDGE_CURVE('',#1302,#1279,#665,.T.);
#1630=EDGE_CURVE('',#1278,#1301,#666,.T.);
#1631=EDGE_CURVE('',#1303,#1302,#667,.T.);
#1632=EDGE_CURVE('',#1304,#1303,#668,.T.);
#1633=EDGE_CURVE('',#1304,#1305,#669,.T.);
#1634=EDGE_CURVE('',#1306,#1305,#670,.T.);
#1635=EDGE_CURVE('',#1306,#1280,#115,.T.);
#1636=EDGE_CURVE('',#1282,#1307,#671,.T.);
#1637=EDGE_CURVE('',#1307,#1308,#116,.T.);
#1638=EDGE_CURVE('',#1308,#1283,#672,.T.);
#1639=EDGE_CURVE('',#1281,#1309,#117,.T.);
#1640=EDGE_CURVE('',#1310,#1309,#673,.T.);
#1641=EDGE_CURVE('',#1310,#1311,#674,.T.);
#1642=EDGE_CURVE('',#1312,#1311,#675,.T.);
#1643=EDGE_CURVE('',#1307,#1312,#676,.T.);
#1644=EDGE_CURVE('',#1256,#1313,#677,.T.);
#1645=EDGE_CURVE('',#1313,#1314,#118,.T.);
#1646=EDGE_CURVE('',#1314,#1257,#678,.T.);
#1647=EDGE_CURVE('',#1315,#1314,#679,.T.);
#1648=EDGE_CURVE('',#1316,#1315,#119,.T.);
#1649=EDGE_CURVE('',#1316,#1317,#680,.T.);
#1650=EDGE_CURVE('',#1317,#1318,#681,.T.);
#1651=EDGE_CURVE('',#1258,#1318,#120,.T.);
#1652=EDGE_CURVE('',#1319,#1320,#121,.T.);
#1653=EDGE_CURVE('',#1320,#1295,#682,.T.);
#1654=EDGE_CURVE('',#1294,#1319,#683,.T.);
#1655=EDGE_CURVE('',#1321,#1293,#684,.T.);
#1656=EDGE_CURVE('',#1319,#1321,#685,.T.);
#1657=EDGE_CURVE('',#1322,#1323,#122,.T.);
#1658=EDGE_CURVE('',#1323,#1289,#686,.T.);
#1659=EDGE_CURVE('',#1288,#1322,#687,.T.);
#1660=EDGE_CURVE('',#1323,#1324,#688,.T.);
#1661=EDGE_CURVE('',#1324,#1325,#689,.T.);
#1662=EDGE_CURVE('',#1326,#1325,#690,.T.);
#1663=EDGE_CURVE('',#1326,#1327,#691,.T.);
#1664=EDGE_CURVE('',#1290,#1327,#123,.T.);
#1665=EDGE_CURVE('',#1292,#1328,#692,.T.);
#1666=EDGE_CURVE('',#1328,#1321,#124,.T.);
#1667=EDGE_CURVE('',#1329,#1291,#125,.T.);
#1668=EDGE_CURVE('',#1329,#1330,#693,.T.);
#1669=EDGE_CURVE('',#1331,#1330,#694,.T.);
#1670=EDGE_CURVE('',#1331,#1332,#695,.T.);
#1671=EDGE_CURVE('',#1332,#1328,#696,.T.);
#1672=EDGE_CURVE('',#1333,#1213,#126,.T.);
#1673=EDGE_CURVE('',#1212,#1334,#127,.T.);
#1674=EDGE_CURVE('',#1333,#1334,#697,.T.);
#1675=EDGE_CURVE('',#1204,#1333,#128,.T.);
#1676=EDGE_CURVE('',#1214,#1203,#698,.T.);
#1677=EDGE_CURVE('',#1334,#1205,#129,.T.);
#1678=EDGE_CURVE('',#1202,#1215,#699,.T.);
#1679=EDGE_CURVE('',#1210,#1335,#700,.T.);
#1680=EDGE_CURVE('',#1336,#1335,#130,.T.);
#1681=EDGE_CURVE('',#1337,#1336,#701,.T.);
#1682=EDGE_CURVE('',#1338,#1337,#702,.T.);
#1683=EDGE_CURVE('',#1339,#1338,#131,.T.);
#1684=EDGE_CURVE('',#1339,#1216,#703,.T.);
#1685=EDGE_CURVE('',#1340,#1248,#704,.T.);
#1686=EDGE_CURVE('',#1244,#1340,#705,.T.);
#1687=EDGE_CURVE('',#1341,#1310,#132,.T.);
#1688=EDGE_CURVE('',#1341,#1342,#706,.T.);
#1689=EDGE_CURVE('',#1311,#1342,#133,.T.);
#1690=EDGE_CURVE('',#1309,#1306,#707,.T.);
#1691=EDGE_CURVE('',#1305,#1341,#134,.T.);
#1692=EDGE_CURVE('',#1342,#1304,#135,.T.);
#1693=EDGE_CURVE('',#1303,#1312,#708,.T.);
#1694=EDGE_CURVE('',#1301,#1274,#709,.T.);
#1695=EDGE_CURVE('',#1343,#1308,#710,.T.);
#1696=EDGE_CURVE('',#1343,#1344,#711,.T.);
#1697=EDGE_CURVE('',#1344,#1345,#712,.T.);
#1698=EDGE_CURVE('',#1322,#1345,#713,.T.);
#1699=EDGE_CURVE('',#1346,#1287,#136,.T.);
#1700=EDGE_CURVE('',#1346,#1347,#714,.T.);
#1701=EDGE_CURVE('',#1347,#1348,#715,.T.);
#1702=EDGE_CURVE('',#1284,#1348,#137,.T.);
#1703=EDGE_CURVE('',#1349,#1222,#138,.T.);
#1704=EDGE_CURVE('',#1349,#1350,#716,.T.);
#1705=EDGE_CURVE('',#1223,#1350,#139,.T.);
#1706=EDGE_CURVE('',#1221,#1232,#717,.T.);
#1707=EDGE_CURVE('',#1231,#1349,#140,.T.);
#1708=EDGE_CURVE('',#1350,#1230,#141,.T.);
#1709=EDGE_CURVE('',#1233,#1220,#718,.T.);
#1710=EDGE_CURVE('',#1351,#1326,#142,.T.);
#1711=EDGE_CURVE('',#1325,#1352,#143,.T.);
#1712=EDGE_CURVE('',#1351,#1352,#719,.T.);
#1713=EDGE_CURVE('',#1330,#1351,#144,.T.);
#1714=EDGE_CURVE('',#1327,#1329,#720,.T.);
#1715=EDGE_CURVE('',#1352,#1331,#145,.T.);
#1716=EDGE_CURVE('',#1332,#1324,#721,.T.);
#1717=EDGE_CURVE('',#1286,#1353,#20,.T.);
#1718=EDGE_CURVE('',#1285,#1354,#21,.F.);
#1719=EDGE_CURVE('',#1354,#1355,#16,.F.);
#1720=EDGE_CURVE('',#1355,#1356,#722,.T.);
#1721=EDGE_CURVE('',#1353,#1356,#17,.T.);
#1722=EDGE_CURVE('',#1355,#1357,#723,.T.);
#1723=EDGE_CURVE('',#1357,#1356,#724,.T.);
#1724=EDGE_CURVE('',#1358,#1359,#22,.T.);
#1725=EDGE_CURVE('',#1358,#1360,#725,.T.);
#1726=EDGE_CURVE('',#1360,#1361,#23,.F.);
#1727=EDGE_CURVE('',#1361,#1362,#18,.F.);
#1728=EDGE_CURVE('',#1362,#1363,#726,.T.);
#1729=EDGE_CURVE('',#1359,#1363,#19,.T.);
#1730=EDGE_CURVE('',#1362,#1246,#727,.T.);
#1731=EDGE_CURVE('',#1246,#1363,#728,.T.);
#1732=EDGE_CURVE('',#1338,#1361,#729,.T.);
#1733=EDGE_CURVE('',#1339,#1360,#730,.T.);
#1734=EDGE_CURVE('',#1358,#1335,#731,.T.);
#1735=EDGE_CURVE('',#1259,#1364,#732,.T.);
#1736=EDGE_CURVE('',#1364,#1365,#733,.T.);
#1737=EDGE_CURVE('',#1365,#1237,#734,.T.);
#1738=EDGE_CURVE('',#1337,#1246,#735,.T.);
#1739=EDGE_CURVE('',#1366,#1247,#736,.T.);
#1740=EDGE_CURVE('',#1340,#1366,#737,.T.);
#1741=EDGE_CURVE('',#1353,#1346,#738,.T.);
#1742=EDGE_CURVE('',#1347,#1357,#739,.T.);
#1743=EDGE_CURVE('',#1367,#1368,#740,.T.);
#1744=EDGE_CURVE('',#1345,#1368,#741,.T.);
#1745=EDGE_CURVE('',#1344,#1367,#742,.T.);
#1746=EDGE_CURVE('',#1359,#1336,#743,.T.);
#1747=EDGE_CURVE('',#1245,#1366,#744,.T.);
#1748=EDGE_CURVE('',#1348,#1354,#745,.T.);
#1749=EDGE_CURVE('',#1357,#1369,#746,.T.);
#1750=EDGE_CURVE('',#1368,#1357,#747,.T.);
#1751=EDGE_CURVE('',#1369,#1367,#748,.T.);
#1752=EDGE_CURVE('',#1369,#1343,#749,.T.);
#1753=EDGE_CURVE('',#1300,#1318,#750,.T.);
#1754=EDGE_CURVE('',#1320,#1317,#751,.T.);
#1755=EDGE_CURVE('',#1370,#1371,#146,.T.);
#1756=EDGE_CURVE('',#1371,#1372,#752,.T.);
#1757=EDGE_CURVE('',#1372,#1373,#147,.T.);
#1758=EDGE_CURVE('',#1373,#1370,#753,.T.);
#1759=EDGE_CURVE('',#1374,#1371,#754,.T.);
#1760=EDGE_CURVE('',#1375,#1374,#755,.T.);
#1761=EDGE_CURVE('',#1372,#1375,#756,.T.);
#1762=EDGE_CURVE('',#1374,#1376,#148,.T.);
#1763=EDGE_CURVE('',#1376,#1377,#757,.T.);
#1764=EDGE_CURVE('',#1377,#1375,#149,.T.);
#1765=EDGE_CURVE('',#1378,#1376,#758,.T.);
#1766=EDGE_CURVE('',#1379,#1378,#759,.T.);
#1767=EDGE_CURVE('',#1377,#1379,#760,.T.);
#1768=EDGE_CURVE('',#1378,#1380,#150,.T.);
#1769=EDGE_CURVE('',#1380,#1381,#761,.T.);
#1770=EDGE_CURVE('',#1381,#1379,#151,.T.);
#1771=EDGE_CURVE('',#1382,#1380,#762,.T.);
#1772=EDGE_CURVE('',#1383,#1382,#763,.T.);
#1773=EDGE_CURVE('',#1381,#1383,#764,.T.);
#1774=EDGE_CURVE('',#1382,#1384,#152,.T.);
#1775=EDGE_CURVE('',#1384,#1385,#765,.T.);
#1776=EDGE_CURVE('',#1385,#1383,#153,.T.);
#1777=EDGE_CURVE('',#1385,#1373,#766,.T.);
#1778=EDGE_CURVE('',#1370,#1384,#767,.T.);
#1779=EDGE_CURVE('',#1266,#1364,#154,.T.);
#1780=EDGE_CURVE('',#1254,#1266,#768,.T.);
#1781=EDGE_CURVE('',#1365,#1254,#155,.T.);
#1782=EDGE_CURVE('',#1296,#1316,#156,.T.);
#1783=EDGE_CURVE('',#1316,#1276,#769,.T.);
#1784=EDGE_CURVE('',#1254,#1316,#770,.T.);
#1785=EDGE_CURVE('',#1276,#1266,#771,.T.);
#1786=EDGE_CURVE('',#1318,#1239,#772,.T.);
#1787=EDGE_CURVE('',#1299,#1267,#773,.T.);
#1788=EDGE_CURVE('',#1240,#1300,#774,.T.);
#1789=EDGE_CURVE('',#1297,#1264,#775,.T.);
#1790=EDGE_CURVE('',#1315,#1255,#776,.T.);
#1791=EDGE_CURVE('',#1250,#1313,#777,.T.);
#1792=EDGE_CURVE('',#1386,#1387,#778,.T.);
#1793=EDGE_CURVE('',#1387,#1388,#779,.T.);
#1794=EDGE_CURVE('',#1388,#1389,#780,.T.);
#1795=EDGE_CURVE('',#1386,#1389,#781,.T.);
#1796=EDGE_CURVE('',#1387,#1390,#782,.T.);
#1797=EDGE_CURVE('',#1390,#1391,#783,.T.);
#1798=EDGE_CURVE('',#1391,#1388,#784,.T.);
#1799=EDGE_CURVE('',#1390,#1392,#785,.T.);
#1800=EDGE_CURVE('',#1392,#1393,#786,.T.);
#1801=EDGE_CURVE('',#1393,#1391,#787,.T.);
#1802=EDGE_CURVE('',#1389,#1393,#788,.T.);
#1803=EDGE_CURVE('',#1392,#1386,#789,.T.);
#1804=EDGE_CURVE('',#1394,#1389,#790,.T.);
#1805=EDGE_CURVE('',#1395,#1394,#791,.T.);
#1806=EDGE_CURVE('',#1395,#1393,#792,.T.);
#1807=EDGE_CURVE('',#1396,#1388,#793,.T.);
#1808=EDGE_CURVE('',#1394,#1396,#794,.T.);
#1809=EDGE_CURVE('',#1397,#1391,#795,.T.);
#1810=EDGE_CURVE('',#1396,#1397,#796,.T.);
#1811=EDGE_CURVE('',#1397,#1395,#797,.T.);
#1812=EDGE_CURVE('',#1398,#1399,#798,.T.);
#1813=EDGE_CURVE('',#1399,#1400,#799,.T.);
#1814=EDGE_CURVE('',#1401,#1400,#800,.T.);
#1815=EDGE_CURVE('',#1398,#1401,#801,.T.);
#1816=EDGE_CURVE('',#1402,#1398,#802,.T.);
#1817=EDGE_CURVE('',#1403,#1401,#803,.T.);
#1818=EDGE_CURVE('',#1402,#1403,#804,.T.);
#1819=EDGE_CURVE('',#1404,#1402,#805,.T.);
#1820=EDGE_CURVE('',#1405,#1403,#806,.T.);
#1821=EDGE_CURVE('',#1404,#1405,#807,.T.);
#1822=EDGE_CURVE('',#1399,#1404,#808,.T.);
#1823=EDGE_CURVE('',#1400,#1405,#809,.T.);
#1824=ORIENTED_EDGE('',*,*,#1406,.F.);
#1825=ORIENTED_EDGE('',*,*,#1407,.F.);
#1826=ORIENTED_EDGE('',*,*,#1408,.F.);
#1827=ORIENTED_EDGE('',*,*,#1409,.F.);
#1828=ORIENTED_EDGE('',*,*,#1410,.F.);
#1829=ORIENTED_EDGE('',*,*,#1411,.T.);
#1830=ORIENTED_EDGE('',*,*,#1412,.F.);
#1831=ORIENTED_EDGE('',*,*,#1407,.T.);
#1832=ORIENTED_EDGE('',*,*,#1413,.F.);
#1833=ORIENTED_EDGE('',*,*,#1414,.F.);
#1834=ORIENTED_EDGE('',*,*,#1415,.F.);
#1835=ORIENTED_EDGE('',*,*,#1411,.F.);
#1836=ORIENTED_EDGE('',*,*,#1408,.T.);
#1837=ORIENTED_EDGE('',*,*,#1412,.T.);
#1838=ORIENTED_EDGE('',*,*,#1415,.T.);
#1839=ORIENTED_EDGE('',*,*,#1416,.F.);
#1840=ORIENTED_EDGE('',*,*,#1417,.F.);
#1841=ORIENTED_EDGE('',*,*,#1418,.F.);
#1842=ORIENTED_EDGE('',*,*,#1419,.F.);
#1843=ORIENTED_EDGE('',*,*,#1420,.F.);
#1844=ORIENTED_EDGE('',*,*,#1414,.T.);
#1845=ORIENTED_EDGE('',*,*,#1421,.F.);
#1846=ORIENTED_EDGE('',*,*,#1422,.F.);
#1847=ORIENTED_EDGE('',*,*,#1416,.T.);
#1848=ORIENTED_EDGE('',*,*,#1409,.T.);
#1849=ORIENTED_EDGE('',*,*,#1420,.T.);
#1850=ORIENTED_EDGE('',*,*,#1423,.T.);
#1851=ORIENTED_EDGE('',*,*,#1424,.F.);
#1852=ORIENTED_EDGE('',*,*,#1417,.T.);
#1853=ORIENTED_EDGE('',*,*,#1422,.T.);
#1854=ORIENTED_EDGE('',*,*,#1425,.F.);
#1855=ORIENTED_EDGE('',*,*,#1426,.F.);
#1856=ORIENTED_EDGE('',*,*,#1418,.T.);
#1857=ORIENTED_EDGE('',*,*,#1426,.T.);
#1858=ORIENTED_EDGE('',*,*,#1427,.F.);
#1859=ORIENTED_EDGE('',*,*,#1428,.F.);
#1860=ORIENTED_EDGE('',*,*,#1419,.T.);
#1861=ORIENTED_EDGE('',*,*,#1428,.T.);
#1862=ORIENTED_EDGE('',*,*,#1429,.F.);
#1863=ORIENTED_EDGE('',*,*,#1423,.F.);
#1864=ORIENTED_EDGE('',*,*,#1406,.T.);
#1865=ORIENTED_EDGE('',*,*,#1424,.T.);
#1866=ORIENTED_EDGE('',*,*,#1429,.T.);
#1867=ORIENTED_EDGE('',*,*,#1427,.T.);
#1868=ORIENTED_EDGE('',*,*,#1425,.T.);
#1869=ORIENTED_EDGE('',*,*,#1421,.T.);
#1870=ORIENTED_EDGE('',*,*,#1413,.T.);
#1871=ORIENTED_EDGE('',*,*,#1410,.T.);
#1872=ORIENTED_EDGE('',*,*,#1430,.F.);
#1873=ORIENTED_EDGE('',*,*,#1431,.T.);
#1874=ORIENTED_EDGE('',*,*,#1432,.T.);
#1875=ORIENTED_EDGE('',*,*,#1433,.T.);
#1876=ORIENTED_EDGE('',*,*,#1434,.T.);
#1877=ORIENTED_EDGE('',*,*,#1435,.T.);
#1878=ORIENTED_EDGE('',*,*,#1436,.T.);
#1879=ORIENTED_EDGE('',*,*,#1437,.T.);
#1880=ORIENTED_EDGE('',*,*,#1430,.T.);
#1881=ORIENTED_EDGE('',*,*,#1438,.T.);
#1882=ORIENTED_EDGE('',*,*,#1439,.T.);
#1883=ORIENTED_EDGE('',*,*,#1440,.T.);
#1884=ORIENTED_EDGE('',*,*,#1440,.F.);
#1885=ORIENTED_EDGE('',*,*,#1441,.F.);
#1886=ORIENTED_EDGE('',*,*,#1442,.T.);
#1887=ORIENTED_EDGE('',*,*,#1431,.F.);
#1888=ORIENTED_EDGE('',*,*,#1439,.F.);
#1889=ORIENTED_EDGE('',*,*,#1443,.T.);
#1890=ORIENTED_EDGE('',*,*,#1444,.T.);
#1891=ORIENTED_EDGE('',*,*,#1445,.T.);
#1892=ORIENTED_EDGE('',*,*,#1446,.T.);
#1893=ORIENTED_EDGE('',*,*,#1447,.T.);
#1894=ORIENTED_EDGE('',*,*,#1448,.T.);
#1895=ORIENTED_EDGE('',*,*,#1441,.T.);
#1896=ORIENTED_EDGE('',*,*,#1449,.F.);
#1897=ORIENTED_EDGE('',*,*,#1436,.F.);
#1898=ORIENTED_EDGE('',*,*,#1450,.F.);
#1899=ORIENTED_EDGE('',*,*,#1444,.F.);
#1900=ORIENTED_EDGE('',*,*,#1450,.T.);
#1901=ORIENTED_EDGE('',*,*,#1435,.F.);
#1902=ORIENTED_EDGE('',*,*,#1451,.F.);
#1903=ORIENTED_EDGE('',*,*,#1445,.F.);
#1904=ORIENTED_EDGE('',*,*,#1451,.T.);
#1905=ORIENTED_EDGE('',*,*,#1434,.F.);
#1906=ORIENTED_EDGE('',*,*,#1452,.F.);
#1907=ORIENTED_EDGE('',*,*,#1446,.F.);
#1908=ORIENTED_EDGE('',*,*,#1452,.T.);
#1909=ORIENTED_EDGE('',*,*,#1433,.F.);
#1910=ORIENTED_EDGE('',*,*,#1453,.F.);
#1911=ORIENTED_EDGE('',*,*,#1447,.F.);
#1912=ORIENTED_EDGE('',*,*,#1453,.T.);
#1913=ORIENTED_EDGE('',*,*,#1432,.F.);
#1914=ORIENTED_EDGE('',*,*,#1442,.F.);
#1915=ORIENTED_EDGE('',*,*,#1448,.F.);
#1916=ORIENTED_EDGE('',*,*,#1438,.F.);
#1917=ORIENTED_EDGE('',*,*,#1437,.F.);
#1918=ORIENTED_EDGE('',*,*,#1449,.T.);
#1919=ORIENTED_EDGE('',*,*,#1443,.F.);
#1920=ORIENTED_EDGE('',*,*,#1454,.F.);
#1921=ORIENTED_EDGE('',*,*,#1455,.T.);
#1922=ORIENTED_EDGE('',*,*,#1456,.T.);
#1923=ORIENTED_EDGE('',*,*,#1457,.T.);
#1924=ORIENTED_EDGE('',*,*,#1458,.T.);
#1925=ORIENTED_EDGE('',*,*,#1459,.T.);
#1926=ORIENTED_EDGE('',*,*,#1460,.T.);
#1927=ORIENTED_EDGE('',*,*,#1461,.T.);
#1928=ORIENTED_EDGE('',*,*,#1454,.T.);
#1929=ORIENTED_EDGE('',*,*,#1462,.T.);
#1930=ORIENTED_EDGE('',*,*,#1463,.T.);
#1931=ORIENTED_EDGE('',*,*,#1464,.T.);
#1932=ORIENTED_EDGE('',*,*,#1464,.F.);
#1933=ORIENTED_EDGE('',*,*,#1465,.F.);
#1934=ORIENTED_EDGE('',*,*,#1466,.T.);
#1935=ORIENTED_EDGE('',*,*,#1455,.F.);
#1936=ORIENTED_EDGE('',*,*,#1463,.F.);
#1937=ORIENTED_EDGE('',*,*,#1467,.T.);
#1938=ORIENTED_EDGE('',*,*,#1468,.T.);
#1939=ORIENTED_EDGE('',*,*,#1469,.T.);
#1940=ORIENTED_EDGE('',*,*,#1470,.T.);
#1941=ORIENTED_EDGE('',*,*,#1471,.T.);
#1942=ORIENTED_EDGE('',*,*,#1472,.T.);
#1943=ORIENTED_EDGE('',*,*,#1465,.T.);
#1944=ORIENTED_EDGE('',*,*,#1473,.F.);
#1945=ORIENTED_EDGE('',*,*,#1460,.F.);
#1946=ORIENTED_EDGE('',*,*,#1474,.F.);
#1947=ORIENTED_EDGE('',*,*,#1468,.F.);
#1948=ORIENTED_EDGE('',*,*,#1474,.T.);
#1949=ORIENTED_EDGE('',*,*,#1459,.F.);
#1950=ORIENTED_EDGE('',*,*,#1475,.F.);
#1951=ORIENTED_EDGE('',*,*,#1469,.F.);
#1952=ORIENTED_EDGE('',*,*,#1475,.T.);
#1953=ORIENTED_EDGE('',*,*,#1458,.F.);
#1954=ORIENTED_EDGE('',*,*,#1476,.F.);
#1955=ORIENTED_EDGE('',*,*,#1470,.F.);
#1956=ORIENTED_EDGE('',*,*,#1476,.T.);
#1957=ORIENTED_EDGE('',*,*,#1457,.F.);
#1958=ORIENTED_EDGE('',*,*,#1477,.F.);
#1959=ORIENTED_EDGE('',*,*,#1471,.F.);
#1960=ORIENTED_EDGE('',*,*,#1477,.T.);
#1961=ORIENTED_EDGE('',*,*,#1456,.F.);
#1962=ORIENTED_EDGE('',*,*,#1466,.F.);
#1963=ORIENTED_EDGE('',*,*,#1472,.F.);
#1964=ORIENTED_EDGE('',*,*,#1462,.F.);
#1965=ORIENTED_EDGE('',*,*,#1461,.F.);
#1966=ORIENTED_EDGE('',*,*,#1473,.T.);
#1967=ORIENTED_EDGE('',*,*,#1467,.F.);
#1968=ORIENTED_EDGE('',*,*,#1478,.F.);
#1969=ORIENTED_EDGE('',*,*,#1479,.T.);
#1970=ORIENTED_EDGE('',*,*,#1480,.T.);
#1971=ORIENTED_EDGE('',*,*,#1481,.T.);
#1972=ORIENTED_EDGE('',*,*,#1482,.T.);
#1973=ORIENTED_EDGE('',*,*,#1483,.T.);
#1974=ORIENTED_EDGE('',*,*,#1484,.T.);
#1975=ORIENTED_EDGE('',*,*,#1485,.T.);
#1976=ORIENTED_EDGE('',*,*,#1478,.T.);
#1977=ORIENTED_EDGE('',*,*,#1486,.T.);
#1978=ORIENTED_EDGE('',*,*,#1487,.T.);
#1979=ORIENTED_EDGE('',*,*,#1488,.T.);
#1980=ORIENTED_EDGE('',*,*,#1488,.F.);
#1981=ORIENTED_EDGE('',*,*,#1489,.F.);
#1982=ORIENTED_EDGE('',*,*,#1490,.T.);
#1983=ORIENTED_EDGE('',*,*,#1479,.F.);
#1984=ORIENTED_EDGE('',*,*,#1487,.F.);
#1985=ORIENTED_EDGE('',*,*,#1491,.T.);
#1986=ORIENTED_EDGE('',*,*,#1492,.T.);
#1987=ORIENTED_EDGE('',*,*,#1493,.T.);
#1988=ORIENTED_EDGE('',*,*,#1494,.T.);
#1989=ORIENTED_EDGE('',*,*,#1495,.T.);
#1990=ORIENTED_EDGE('',*,*,#1496,.T.);
#1991=ORIENTED_EDGE('',*,*,#1489,.T.);
#1992=ORIENTED_EDGE('',*,*,#1497,.F.);
#1993=ORIENTED_EDGE('',*,*,#1484,.F.);
#1994=ORIENTED_EDGE('',*,*,#1498,.F.);
#1995=ORIENTED_EDGE('',*,*,#1492,.F.);
#1996=ORIENTED_EDGE('',*,*,#1498,.T.);
#1997=ORIENTED_EDGE('',*,*,#1483,.F.);
#1998=ORIENTED_EDGE('',*,*,#1499,.F.);
#1999=ORIENTED_EDGE('',*,*,#1493,.F.);
#2000=ORIENTED_EDGE('',*,*,#1499,.T.);
#2001=ORIENTED_EDGE('',*,*,#1482,.F.);
#2002=ORIENTED_EDGE('',*,*,#1500,.F.);
#2003=ORIENTED_EDGE('',*,*,#1494,.F.);
#2004=ORIENTED_EDGE('',*,*,#1500,.T.);
#2005=ORIENTED_EDGE('',*,*,#1481,.F.);
#2006=ORIENTED_EDGE('',*,*,#1501,.F.);
#2007=ORIENTED_EDGE('',*,*,#1495,.F.);
#2008=ORIENTED_EDGE('',*,*,#1501,.T.);
#2009=ORIENTED_EDGE('',*,*,#1480,.F.);
#2010=ORIENTED_EDGE('',*,*,#1490,.F.);
#2011=ORIENTED_EDGE('',*,*,#1496,.F.);
#2012=ORIENTED_EDGE('',*,*,#1486,.F.);
#2013=ORIENTED_EDGE('',*,*,#1485,.F.);
#2014=ORIENTED_EDGE('',*,*,#1497,.T.);
#2015=ORIENTED_EDGE('',*,*,#1491,.F.);
#2016=ORIENTED_EDGE('',*,*,#1502,.T.);
#2017=ORIENTED_EDGE('',*,*,#1503,.T.);
#2018=ORIENTED_EDGE('',*,*,#1504,.T.);
#2019=ORIENTED_EDGE('',*,*,#1505,.T.);
#2020=ORIENTED_EDGE('',*,*,#1503,.F.);
#2021=ORIENTED_EDGE('',*,*,#1506,.T.);
#2022=ORIENTED_EDGE('',*,*,#1507,.F.);
#2023=ORIENTED_EDGE('',*,*,#1508,.T.);
#2024=ORIENTED_EDGE('',*,*,#1509,.F.);
#2025=ORIENTED_EDGE('',*,*,#1510,.T.);
#2026=ORIENTED_EDGE('',*,*,#1511,.T.);
#2027=ORIENTED_EDGE('',*,*,#1512,.T.);
#2028=ORIENTED_EDGE('',*,*,#1513,.T.);
#2029=ORIENTED_EDGE('',*,*,#1514,.T.);
#2030=ORIENTED_EDGE('',*,*,#1515,.T.);
#2031=ORIENTED_EDGE('',*,*,#1513,.F.);
#2032=ORIENTED_EDGE('',*,*,#1516,.T.);
#2033=ORIENTED_EDGE('',*,*,#1517,.T.);
#2034=ORIENTED_EDGE('',*,*,#1518,.F.);
#2035=ORIENTED_EDGE('',*,*,#1519,.T.);
#2036=ORIENTED_EDGE('',*,*,#1520,.F.);
#2037=ORIENTED_EDGE('',*,*,#1521,.T.);
#2038=ORIENTED_EDGE('',*,*,#1522,.T.);
#2039=ORIENTED_EDGE('',*,*,#1523,.T.);
#2040=ORIENTED_EDGE('',*,*,#1524,.T.);
#2041=ORIENTED_EDGE('',*,*,#1525,.T.);
#2042=ORIENTED_EDGE('',*,*,#1523,.F.);
#2043=ORIENTED_EDGE('',*,*,#1526,.F.);
#2044=ORIENTED_EDGE('',*,*,#1527,.T.);
#2045=ORIENTED_EDGE('',*,*,#1528,.F.);
#2046=ORIENTED_EDGE('',*,*,#1529,.T.);
#2047=ORIENTED_EDGE('',*,*,#1530,.F.);
#2048=ORIENTED_EDGE('',*,*,#1531,.F.);
#2049=ORIENTED_EDGE('',*,*,#1532,.T.);
#2050=ORIENTED_EDGE('',*,*,#1533,.T.);
#2051=ORIENTED_EDGE('',*,*,#1534,.T.);
#2052=ORIENTED_EDGE('',*,*,#1535,.T.);
#2053=ORIENTED_EDGE('',*,*,#1533,.F.);
#2054=ORIENTED_EDGE('',*,*,#1536,.F.);
#2055=ORIENTED_EDGE('',*,*,#1537,.F.);
#2056=ORIENTED_EDGE('',*,*,#1538,.T.);
#2057=ORIENTED_EDGE('',*,*,#1539,.F.);
#2058=ORIENTED_EDGE('',*,*,#1540,.T.);
#2059=ORIENTED_EDGE('',*,*,#1541,.F.);
#2060=ORIENTED_EDGE('',*,*,#1542,.T.);
#2061=ORIENTED_EDGE('',*,*,#1543,.T.);
#2062=ORIENTED_EDGE('',*,*,#1544,.T.);
#2063=ORIENTED_EDGE('',*,*,#1545,.T.);
#2064=ORIENTED_EDGE('',*,*,#1535,.F.);
#2065=ORIENTED_EDGE('',*,*,#1546,.T.);
#2066=ORIENTED_EDGE('',*,*,#1543,.F.);
#2067=ORIENTED_EDGE('',*,*,#1547,.T.);
#2068=ORIENTED_EDGE('',*,*,#1542,.F.);
#2069=ORIENTED_EDGE('',*,*,#1548,.T.);
#2070=ORIENTED_EDGE('',*,*,#1549,.F.);
#2071=ORIENTED_EDGE('',*,*,#1550,.F.);
#2072=ORIENTED_EDGE('',*,*,#1551,.F.);
#2073=ORIENTED_EDGE('',*,*,#1552,.T.);
#2074=ORIENTED_EDGE('',*,*,#1553,.F.);
#2075=ORIENTED_EDGE('',*,*,#1554,.F.);
#2076=ORIENTED_EDGE('',*,*,#1504,.F.);
#2077=ORIENTED_EDGE('',*,*,#1511,.F.);
#2078=ORIENTED_EDGE('',*,*,#1555,.T.);
#2079=ORIENTED_EDGE('',*,*,#1516,.F.);
#2080=ORIENTED_EDGE('',*,*,#1512,.F.);
#2081=ORIENTED_EDGE('',*,*,#1556,.F.);
#2082=ORIENTED_EDGE('',*,*,#1557,.T.);
#2083=ORIENTED_EDGE('',*,*,#1558,.T.);
#2084=ORIENTED_EDGE('',*,*,#1559,.T.);
#2085=ORIENTED_EDGE('',*,*,#1560,.T.);
#2086=ORIENTED_EDGE('',*,*,#1561,.F.);
#2087=ORIENTED_EDGE('',*,*,#1524,.F.);
#2088=ORIENTED_EDGE('',*,*,#1531,.T.);
#2089=ORIENTED_EDGE('',*,*,#1562,.F.);
#2090=ORIENTED_EDGE('',*,*,#1536,.T.);
#2091=ORIENTED_EDGE('',*,*,#1532,.F.);
#2092=ORIENTED_EDGE('',*,*,#1547,.F.);
#2093=ORIENTED_EDGE('',*,*,#1563,.T.);
#2094=ORIENTED_EDGE('',*,*,#1564,.T.);
#2095=ORIENTED_EDGE('',*,*,#1565,.T.);
#2096=ORIENTED_EDGE('',*,*,#1566,.T.);
#2097=ORIENTED_EDGE('',*,*,#1566,.F.);
#2098=ORIENTED_EDGE('',*,*,#1567,.F.);
#2099=ORIENTED_EDGE('',*,*,#1568,.F.);
#2100=ORIENTED_EDGE('',*,*,#1549,.T.);
#2101=ORIENTED_EDGE('',*,*,#1569,.T.);
#2102=ORIENTED_EDGE('',*,*,#1570,.F.);
#2103=ORIENTED_EDGE('',*,*,#1571,.T.);
#2104=ORIENTED_EDGE('',*,*,#1565,.F.);
#2105=ORIENTED_EDGE('',*,*,#1572,.F.);
#2106=ORIENTED_EDGE('',*,*,#1573,.F.);
#2107=ORIENTED_EDGE('',*,*,#1574,.F.);
#2108=ORIENTED_EDGE('',*,*,#1575,.F.);
#2109=ORIENTED_EDGE('',*,*,#1567,.T.);
#2110=ORIENTED_EDGE('',*,*,#1576,.T.);
#2111=ORIENTED_EDGE('',*,*,#1577,.T.);
#2112=ORIENTED_EDGE('',*,*,#1553,.T.);
#2113=ORIENTED_EDGE('',*,*,#1578,.T.);
#2114=ORIENTED_EDGE('',*,*,#1505,.F.);
#2115=ORIENTED_EDGE('',*,*,#1554,.T.);
#2116=ORIENTED_EDGE('',*,*,#1577,.F.);
#2117=ORIENTED_EDGE('',*,*,#1579,.T.);
#2118=ORIENTED_EDGE('',*,*,#1580,.T.);
#2119=ORIENTED_EDGE('',*,*,#1581,.T.);
#2120=ORIENTED_EDGE('',*,*,#1582,.T.);
#2121=ORIENTED_EDGE('',*,*,#1583,.T.);
#2122=ORIENTED_EDGE('',*,*,#1581,.F.);
#2123=ORIENTED_EDGE('',*,*,#1584,.F.);
#2124=ORIENTED_EDGE('',*,*,#1585,.F.);
#2125=ORIENTED_EDGE('',*,*,#1586,.T.);
#2126=ORIENTED_EDGE('',*,*,#1551,.T.);
#2127=ORIENTED_EDGE('',*,*,#1587,.F.);
#2128=ORIENTED_EDGE('',*,*,#1588,.T.);
#2129=ORIENTED_EDGE('',*,*,#1580,.F.);
#2130=ORIENTED_EDGE('',*,*,#1589,.T.);
#2131=ORIENTED_EDGE('',*,*,#1590,.F.);
#2132=ORIENTED_EDGE('',*,*,#1591,.F.);
#2133=ORIENTED_EDGE('',*,*,#1592,.F.);
#2134=ORIENTED_EDGE('',*,*,#1584,.T.);
#2135=ORIENTED_EDGE('',*,*,#1593,.T.);
#2136=ORIENTED_EDGE('',*,*,#1594,.T.);
#2137=ORIENTED_EDGE('',*,*,#1595,.T.);
#2138=ORIENTED_EDGE('',*,*,#1596,.T.);
#2139=ORIENTED_EDGE('',*,*,#1594,.F.);
#2140=ORIENTED_EDGE('',*,*,#1597,.T.);
#2141=ORIENTED_EDGE('',*,*,#1598,.F.);
#2142=ORIENTED_EDGE('',*,*,#1599,.F.);
#2143=ORIENTED_EDGE('',*,*,#1600,.T.);
#2144=ORIENTED_EDGE('',*,*,#1593,.F.);
#2145=ORIENTED_EDGE('',*,*,#1601,.T.);
#2146=ORIENTED_EDGE('',*,*,#1602,.F.);
#2147=ORIENTED_EDGE('',*,*,#1603,.T.);
#2148=ORIENTED_EDGE('',*,*,#1604,.T.);
#2149=ORIENTED_EDGE('',*,*,#1605,.T.);
#2150=ORIENTED_EDGE('',*,*,#1606,.F.);
#2151=ORIENTED_EDGE('',*,*,#1607,.T.);
#2152=ORIENTED_EDGE('',*,*,#1608,.T.);
#2153=ORIENTED_EDGE('',*,*,#1609,.F.);
#2154=ORIENTED_EDGE('',*,*,#1610,.T.);
#2155=ORIENTED_EDGE('',*,*,#1611,.T.);
#2156=ORIENTED_EDGE('',*,*,#1612,.F.);
#2157=ORIENTED_EDGE('',*,*,#1613,.F.);
#2158=ORIENTED_EDGE('',*,*,#1614,.F.);
#2159=ORIENTED_EDGE('',*,*,#1615,.F.);
#2160=ORIENTED_EDGE('',*,*,#1616,.F.);
#2161=ORIENTED_EDGE('',*,*,#1617,.T.);
#2162=ORIENTED_EDGE('',*,*,#1618,.F.);
#2163=ORIENTED_EDGE('',*,*,#1619,.F.);
#2164=ORIENTED_EDGE('',*,*,#1620,.F.);
#2165=ORIENTED_EDGE('',*,*,#1597,.F.);
#2166=ORIENTED_EDGE('',*,*,#1621,.T.);
#2167=ORIENTED_EDGE('',*,*,#1622,.T.);
#2168=ORIENTED_EDGE('',*,*,#1590,.T.);
#2169=ORIENTED_EDGE('',*,*,#1623,.T.);
#2170=ORIENTED_EDGE('',*,*,#1622,.F.);
#2171=ORIENTED_EDGE('',*,*,#1624,.F.);
#2172=ORIENTED_EDGE('',*,*,#1625,.F.);
#2173=ORIENTED_EDGE('',*,*,#1626,.T.);
#2174=ORIENTED_EDGE('',*,*,#1599,.T.);
#2175=ORIENTED_EDGE('',*,*,#1627,.F.);
#2176=ORIENTED_EDGE('',*,*,#1591,.T.);
#2177=ORIENTED_EDGE('',*,*,#1628,.T.);
#2178=ORIENTED_EDGE('',*,*,#1629,.T.);
#2179=ORIENTED_EDGE('',*,*,#1602,.T.);
#2180=ORIENTED_EDGE('',*,*,#1630,.T.);
#2181=ORIENTED_EDGE('',*,*,#1629,.F.);
#2182=ORIENTED_EDGE('',*,*,#1631,.F.);
#2183=ORIENTED_EDGE('',*,*,#1632,.F.);
#2184=ORIENTED_EDGE('',*,*,#1633,.T.);
#2185=ORIENTED_EDGE('',*,*,#1634,.F.);
#2186=ORIENTED_EDGE('',*,*,#1635,.T.);
#2187=ORIENTED_EDGE('',*,*,#1603,.F.);
#2188=ORIENTED_EDGE('',*,*,#1606,.T.);
#2189=ORIENTED_EDGE('',*,*,#1636,.T.);
#2190=ORIENTED_EDGE('',*,*,#1637,.T.);
#2191=ORIENTED_EDGE('',*,*,#1638,.T.);
#2192=ORIENTED_EDGE('',*,*,#1636,.F.);
#2193=ORIENTED_EDGE('',*,*,#1605,.F.);
#2194=ORIENTED_EDGE('',*,*,#1639,.T.);
#2195=ORIENTED_EDGE('',*,*,#1640,.F.);
#2196=ORIENTED_EDGE('',*,*,#1641,.T.);
#2197=ORIENTED_EDGE('',*,*,#1642,.F.);
#2198=ORIENTED_EDGE('',*,*,#1643,.F.);
#2199=ORIENTED_EDGE('',*,*,#1573,.T.);
#2200=ORIENTED_EDGE('',*,*,#1644,.T.);
#2201=ORIENTED_EDGE('',*,*,#1645,.T.);
#2202=ORIENTED_EDGE('',*,*,#1646,.T.);
#2203=ORIENTED_EDGE('',*,*,#1646,.F.);
#2204=ORIENTED_EDGE('',*,*,#1647,.F.);
#2205=ORIENTED_EDGE('',*,*,#1648,.F.);
#2206=ORIENTED_EDGE('',*,*,#1649,.T.);
#2207=ORIENTED_EDGE('',*,*,#1650,.T.);
#2208=ORIENTED_EDGE('',*,*,#1651,.F.);
#2209=ORIENTED_EDGE('',*,*,#1574,.T.);
#2210=ORIENTED_EDGE('',*,*,#1652,.T.);
#2211=ORIENTED_EDGE('',*,*,#1653,.T.);
#2212=ORIENTED_EDGE('',*,*,#1618,.T.);
#2213=ORIENTED_EDGE('',*,*,#1654,.T.);
#2214=ORIENTED_EDGE('',*,*,#1654,.F.);
#2215=ORIENTED_EDGE('',*,*,#1617,.F.);
#2216=ORIENTED_EDGE('',*,*,#1655,.F.);
#2217=ORIENTED_EDGE('',*,*,#1656,.F.);
#2218=ORIENTED_EDGE('',*,*,#1657,.T.);
#2219=ORIENTED_EDGE('',*,*,#1658,.T.);
#2220=ORIENTED_EDGE('',*,*,#1612,.T.);
#2221=ORIENTED_EDGE('',*,*,#1659,.T.);
#2222=ORIENTED_EDGE('',*,*,#1658,.F.);
#2223=ORIENTED_EDGE('',*,*,#1660,.T.);
#2224=ORIENTED_EDGE('',*,*,#1661,.T.);
#2225=ORIENTED_EDGE('',*,*,#1662,.F.);
#2226=ORIENTED_EDGE('',*,*,#1663,.T.);
#2227=ORIENTED_EDGE('',*,*,#1664,.F.);
#2228=ORIENTED_EDGE('',*,*,#1613,.T.);
#2229=ORIENTED_EDGE('',*,*,#1616,.T.);
#2230=ORIENTED_EDGE('',*,*,#1665,.T.);
#2231=ORIENTED_EDGE('',*,*,#1666,.T.);
#2232=ORIENTED_EDGE('',*,*,#1655,.T.);
#2233=ORIENTED_EDGE('',*,*,#1665,.F.);
#2234=ORIENTED_EDGE('',*,*,#1615,.T.);
#2235=ORIENTED_EDGE('',*,*,#1667,.F.);
#2236=ORIENTED_EDGE('',*,*,#1668,.T.);
#2237=ORIENTED_EDGE('',*,*,#1669,.F.);
#2238=ORIENTED_EDGE('',*,*,#1670,.T.);
#2239=ORIENTED_EDGE('',*,*,#1671,.T.);
#2240=ORIENTED_EDGE('',*,*,#1672,.T.);
#2241=ORIENTED_EDGE('',*,*,#1518,.T.);
#2242=ORIENTED_EDGE('',*,*,#1673,.T.);
#2243=ORIENTED_EDGE('',*,*,#1674,.F.);
#2244=ORIENTED_EDGE('',*,*,#1672,.F.);
#2245=ORIENTED_EDGE('',*,*,#1675,.F.);
#2246=ORIENTED_EDGE('',*,*,#1508,.F.);
#2247=ORIENTED_EDGE('',*,*,#1676,.F.);
#2248=ORIENTED_EDGE('',*,*,#1519,.F.);
#2249=ORIENTED_EDGE('',*,*,#1677,.T.);
#2250=ORIENTED_EDGE('',*,*,#1509,.T.);
#2251=ORIENTED_EDGE('',*,*,#1675,.T.);
#2252=ORIENTED_EDGE('',*,*,#1674,.T.);
#2253=ORIENTED_EDGE('',*,*,#1520,.T.);
#2254=ORIENTED_EDGE('',*,*,#1676,.T.);
#2255=ORIENTED_EDGE('',*,*,#1507,.T.);
#2256=ORIENTED_EDGE('',*,*,#1678,.T.);
#2257=ORIENTED_EDGE('',*,*,#1673,.F.);
#2258=ORIENTED_EDGE('',*,*,#1517,.F.);
#2259=ORIENTED_EDGE('',*,*,#1555,.F.);
#2260=ORIENTED_EDGE('',*,*,#1510,.F.);
#2261=ORIENTED_EDGE('',*,*,#1677,.F.);
#2262=ORIENTED_EDGE('',*,*,#1515,.F.);
#2263=ORIENTED_EDGE('',*,*,#1679,.T.);
#2264=ORIENTED_EDGE('',*,*,#1680,.F.);
#2265=ORIENTED_EDGE('',*,*,#1681,.F.);
#2266=ORIENTED_EDGE('',*,*,#1682,.F.);
#2267=ORIENTED_EDGE('',*,*,#1683,.F.);
#2268=ORIENTED_EDGE('',*,*,#1684,.T.);
#2269=ORIENTED_EDGE('',*,*,#1525,.F.);
#2270=ORIENTED_EDGE('',*,*,#1561,.T.);
#2271=ORIENTED_EDGE('',*,*,#1685,.F.);
#2272=ORIENTED_EDGE('',*,*,#1686,.F.);
#2273=ORIENTED_EDGE('',*,*,#1556,.T.);
#2274=ORIENTED_EDGE('',*,*,#1687,.F.);
#2275=ORIENTED_EDGE('',*,*,#1688,.T.);
#2276=ORIENTED_EDGE('',*,*,#1689,.F.);
#2277=ORIENTED_EDGE('',*,*,#1641,.F.);
#2278=ORIENTED_EDGE('',*,*,#1687,.T.);
#2279=ORIENTED_EDGE('',*,*,#1640,.T.);
#2280=ORIENTED_EDGE('',*,*,#1690,.T.);
#2281=ORIENTED_EDGE('',*,*,#1634,.T.);
#2282=ORIENTED_EDGE('',*,*,#1691,.T.);
#2283=ORIENTED_EDGE('',*,*,#1692,.F.);
#2284=ORIENTED_EDGE('',*,*,#1688,.F.);
#2285=ORIENTED_EDGE('',*,*,#1691,.F.);
#2286=ORIENTED_EDGE('',*,*,#1633,.F.);
#2287=ORIENTED_EDGE('',*,*,#1639,.F.);
#2288=ORIENTED_EDGE('',*,*,#1604,.F.);
#2289=ORIENTED_EDGE('',*,*,#1635,.F.);
#2290=ORIENTED_EDGE('',*,*,#1690,.F.);
#2291=ORIENTED_EDGE('',*,*,#1689,.T.);
#2292=ORIENTED_EDGE('',*,*,#1692,.T.);
#2293=ORIENTED_EDGE('',*,*,#1632,.T.);
#2294=ORIENTED_EDGE('',*,*,#1693,.T.);
#2295=ORIENTED_EDGE('',*,*,#1642,.T.);
#2296=ORIENTED_EDGE('',*,*,#1596,.F.);
#2297=ORIENTED_EDGE('',*,*,#1694,.F.);
#2298=ORIENTED_EDGE('',*,*,#1630,.F.);
#2299=ORIENTED_EDGE('',*,*,#1601,.F.);
#2300=ORIENTED_EDGE('',*,*,#1638,.F.);
#2301=ORIENTED_EDGE('',*,*,#1695,.F.);
#2302=ORIENTED_EDGE('',*,*,#1696,.T.);
#2303=ORIENTED_EDGE('',*,*,#1697,.T.);
#2304=ORIENTED_EDGE('',*,*,#1698,.F.);
#2305=ORIENTED_EDGE('',*,*,#1659,.F.);
#2306=ORIENTED_EDGE('',*,*,#1611,.F.);
#2307=ORIENTED_EDGE('',*,*,#1699,.F.);
#2308=ORIENTED_EDGE('',*,*,#1700,.T.);
#2309=ORIENTED_EDGE('',*,*,#1701,.T.);
#2310=ORIENTED_EDGE('',*,*,#1702,.F.);
#2311=ORIENTED_EDGE('',*,*,#1607,.F.);
#2312=ORIENTED_EDGE('',*,*,#1703,.F.);
#2313=ORIENTED_EDGE('',*,*,#1704,.T.);
#2314=ORIENTED_EDGE('',*,*,#1705,.F.);
#2315=ORIENTED_EDGE('',*,*,#1529,.F.);
#2316=ORIENTED_EDGE('',*,*,#1703,.T.);
#2317=ORIENTED_EDGE('',*,*,#1528,.T.);
#2318=ORIENTED_EDGE('',*,*,#1706,.T.);
#2319=ORIENTED_EDGE('',*,*,#1539,.T.);
#2320=ORIENTED_EDGE('',*,*,#1707,.T.);
#2321=ORIENTED_EDGE('',*,*,#1708,.F.);
#2322=ORIENTED_EDGE('',*,*,#1704,.F.);
#2323=ORIENTED_EDGE('',*,*,#1707,.F.);
#2324=ORIENTED_EDGE('',*,*,#1538,.F.);
#2325=ORIENTED_EDGE('',*,*,#1527,.F.);
#2326=ORIENTED_EDGE('',*,*,#1709,.F.);
#2327=ORIENTED_EDGE('',*,*,#1540,.F.);
#2328=ORIENTED_EDGE('',*,*,#1706,.F.);
#2329=ORIENTED_EDGE('',*,*,#1705,.T.);
#2330=ORIENTED_EDGE('',*,*,#1708,.T.);
#2331=ORIENTED_EDGE('',*,*,#1537,.T.);
#2332=ORIENTED_EDGE('',*,*,#1562,.T.);
#2333=ORIENTED_EDGE('',*,*,#1530,.T.);
#2334=ORIENTED_EDGE('',*,*,#1710,.T.);
#2335=ORIENTED_EDGE('',*,*,#1662,.T.);
#2336=ORIENTED_EDGE('',*,*,#1711,.T.);
#2337=ORIENTED_EDGE('',*,*,#1712,.F.);
#2338=ORIENTED_EDGE('',*,*,#1710,.F.);
#2339=ORIENTED_EDGE('',*,*,#1713,.F.);
#2340=ORIENTED_EDGE('',*,*,#1668,.F.);
#2341=ORIENTED_EDGE('',*,*,#1714,.F.);
#2342=ORIENTED_EDGE('',*,*,#1663,.F.);
#2343=ORIENTED_EDGE('',*,*,#1715,.T.);
#2344=ORIENTED_EDGE('',*,*,#1669,.T.);
#2345=ORIENTED_EDGE('',*,*,#1713,.T.);
#2346=ORIENTED_EDGE('',*,*,#1712,.T.);
#2347=ORIENTED_EDGE('',*,*,#1664,.T.);
#2348=ORIENTED_EDGE('',*,*,#1714,.T.);
#2349=ORIENTED_EDGE('',*,*,#1667,.T.);
#2350=ORIENTED_EDGE('',*,*,#1614,.T.);
#2351=ORIENTED_EDGE('',*,*,#1711,.F.);
#2352=ORIENTED_EDGE('',*,*,#1661,.F.);
#2353=ORIENTED_EDGE('',*,*,#1716,.F.);
#2354=ORIENTED_EDGE('',*,*,#1670,.F.);
#2355=ORIENTED_EDGE('',*,*,#1715,.F.);
#2356=ORIENTED_EDGE('',*,*,#1717,.F.);
#2357=ORIENTED_EDGE('',*,*,#1609,.T.);
#2358=ORIENTED_EDGE('',*,*,#1718,.T.);
#2359=ORIENTED_EDGE('',*,*,#1719,.T.);
#2360=ORIENTED_EDGE('',*,*,#1720,.T.);
#2361=ORIENTED_EDGE('',*,*,#1721,.F.);
#2362=ORIENTED_EDGE('',*,*,#1720,.F.);
#2363=ORIENTED_EDGE('',*,*,#1722,.T.);
#2364=ORIENTED_EDGE('',*,*,#1723,.T.);
#2365=ORIENTED_EDGE('',*,*,#1724,.F.);
#2366=ORIENTED_EDGE('',*,*,#1725,.T.);
#2367=ORIENTED_EDGE('',*,*,#1726,.T.);
#2368=ORIENTED_EDGE('',*,*,#1727,.T.);
#2369=ORIENTED_EDGE('',*,*,#1728,.T.);
#2370=ORIENTED_EDGE('',*,*,#1729,.F.);
#2371=ORIENTED_EDGE('',*,*,#1728,.F.);
#2372=ORIENTED_EDGE('',*,*,#1730,.T.);
#2373=ORIENTED_EDGE('',*,*,#1731,.T.);
#2374=ORIENTED_EDGE('',*,*,#1683,.T.);
#2375=ORIENTED_EDGE('',*,*,#1732,.T.);
#2376=ORIENTED_EDGE('',*,*,#1726,.F.);
#2377=ORIENTED_EDGE('',*,*,#1733,.F.);
#2378=ORIENTED_EDGE('',*,*,#1544,.F.);
#2379=ORIENTED_EDGE('',*,*,#1546,.F.);
#2380=ORIENTED_EDGE('',*,*,#1534,.F.);
#2381=ORIENTED_EDGE('',*,*,#1541,.T.);
#2382=ORIENTED_EDGE('',*,*,#1709,.T.);
#2383=ORIENTED_EDGE('',*,*,#1526,.T.);
#2384=ORIENTED_EDGE('',*,*,#1522,.F.);
#2385=ORIENTED_EDGE('',*,*,#1684,.F.);
#2386=ORIENTED_EDGE('',*,*,#1733,.T.);
#2387=ORIENTED_EDGE('',*,*,#1725,.F.);
#2388=ORIENTED_EDGE('',*,*,#1734,.T.);
#2389=ORIENTED_EDGE('',*,*,#1679,.F.);
#2390=ORIENTED_EDGE('',*,*,#1514,.F.);
#2391=ORIENTED_EDGE('',*,*,#1521,.F.);
#2392=ORIENTED_EDGE('',*,*,#1678,.F.);
#2393=ORIENTED_EDGE('',*,*,#1506,.F.);
#2394=ORIENTED_EDGE('',*,*,#1502,.F.);
#2395=ORIENTED_EDGE('',*,*,#1579,.F.);
#2396=ORIENTED_EDGE('',*,*,#1576,.F.);
#2397=ORIENTED_EDGE('',*,*,#1735,.T.);
#2398=ORIENTED_EDGE('',*,*,#1736,.T.);
#2399=ORIENTED_EDGE('',*,*,#1737,.T.);
#2400=ORIENTED_EDGE('',*,*,#1732,.F.);
#2401=ORIENTED_EDGE('',*,*,#1682,.T.);
#2402=ORIENTED_EDGE('',*,*,#1738,.T.);
#2403=ORIENTED_EDGE('',*,*,#1730,.F.);
#2404=ORIENTED_EDGE('',*,*,#1727,.F.);
#2405=ORIENTED_EDGE('',*,*,#1739,.F.);
#2406=ORIENTED_EDGE('',*,*,#1740,.F.);
#2407=ORIENTED_EDGE('',*,*,#1685,.T.);
#2408=ORIENTED_EDGE('',*,*,#1560,.F.);
#2409=ORIENTED_EDGE('',*,*,#1699,.T.);
#2410=ORIENTED_EDGE('',*,*,#1610,.F.);
#2411=ORIENTED_EDGE('',*,*,#1717,.T.);
#2412=ORIENTED_EDGE('',*,*,#1741,.T.);
#2413=ORIENTED_EDGE('',*,*,#1741,.F.);
#2414=ORIENTED_EDGE('',*,*,#1721,.T.);
#2415=ORIENTED_EDGE('',*,*,#1723,.F.);
#2416=ORIENTED_EDGE('',*,*,#1742,.F.);
#2417=ORIENTED_EDGE('',*,*,#1700,.F.);
#2418=ORIENTED_EDGE('',*,*,#1743,.T.);
#2419=ORIENTED_EDGE('',*,*,#1744,.F.);
#2420=ORIENTED_EDGE('',*,*,#1697,.F.);
#2421=ORIENTED_EDGE('',*,*,#1745,.T.);
#2422=ORIENTED_EDGE('',*,*,#1680,.T.);
#2423=ORIENTED_EDGE('',*,*,#1734,.F.);
#2424=ORIENTED_EDGE('',*,*,#1724,.T.);
#2425=ORIENTED_EDGE('',*,*,#1746,.T.);
#2426=ORIENTED_EDGE('',*,*,#1746,.F.);
#2427=ORIENTED_EDGE('',*,*,#1729,.T.);
#2428=ORIENTED_EDGE('',*,*,#1731,.F.);
#2429=ORIENTED_EDGE('',*,*,#1738,.F.);
#2430=ORIENTED_EDGE('',*,*,#1681,.T.);
#2431=ORIENTED_EDGE('',*,*,#1747,.F.);
#2432=ORIENTED_EDGE('',*,*,#1557,.F.);
#2433=ORIENTED_EDGE('',*,*,#1686,.T.);
#2434=ORIENTED_EDGE('',*,*,#1740,.T.);
#2435=ORIENTED_EDGE('',*,*,#1558,.F.);
#2436=ORIENTED_EDGE('',*,*,#1747,.T.);
#2437=ORIENTED_EDGE('',*,*,#1739,.T.);
#2438=ORIENTED_EDGE('',*,*,#1559,.F.);
#2439=ORIENTED_EDGE('',*,*,#1702,.T.);
#2440=ORIENTED_EDGE('',*,*,#1748,.T.);
#2441=ORIENTED_EDGE('',*,*,#1718,.F.);
#2442=ORIENTED_EDGE('',*,*,#1608,.F.);
#2443=ORIENTED_EDGE('',*,*,#1749,.F.);
#2444=ORIENTED_EDGE('',*,*,#1750,.F.);
#2445=ORIENTED_EDGE('',*,*,#1743,.F.);
#2446=ORIENTED_EDGE('',*,*,#1751,.F.);
#2447=ORIENTED_EDGE('',*,*,#1748,.F.);
#2448=ORIENTED_EDGE('',*,*,#1701,.F.);
#2449=ORIENTED_EDGE('',*,*,#1742,.T.);
#2450=ORIENTED_EDGE('',*,*,#1722,.F.);
#2451=ORIENTED_EDGE('',*,*,#1719,.F.);
#2452=ORIENTED_EDGE('',*,*,#1751,.T.);
#2453=ORIENTED_EDGE('',*,*,#1745,.F.);
#2454=ORIENTED_EDGE('',*,*,#1696,.F.);
#2455=ORIENTED_EDGE('',*,*,#1752,.F.);
#2456=ORIENTED_EDGE('',*,*,#1595,.F.);
#2457=ORIENTED_EDGE('',*,*,#1600,.F.);
#2458=ORIENTED_EDGE('',*,*,#1626,.F.);
#2459=ORIENTED_EDGE('',*,*,#1753,.T.);
#2460=ORIENTED_EDGE('',*,*,#1650,.F.);
#2461=ORIENTED_EDGE('',*,*,#1754,.F.);
#2462=ORIENTED_EDGE('',*,*,#1652,.F.);
#2463=ORIENTED_EDGE('',*,*,#1656,.T.);
#2464=ORIENTED_EDGE('',*,*,#1666,.F.);
#2465=ORIENTED_EDGE('',*,*,#1671,.F.);
#2466=ORIENTED_EDGE('',*,*,#1716,.T.);
#2467=ORIENTED_EDGE('',*,*,#1660,.F.);
#2468=ORIENTED_EDGE('',*,*,#1657,.F.);
#2469=ORIENTED_EDGE('',*,*,#1698,.T.);
#2470=ORIENTED_EDGE('',*,*,#1744,.T.);
#2471=ORIENTED_EDGE('',*,*,#1750,.T.);
#2472=ORIENTED_EDGE('',*,*,#1749,.T.);
#2473=ORIENTED_EDGE('',*,*,#1752,.T.);
#2474=ORIENTED_EDGE('',*,*,#1695,.T.);
#2475=ORIENTED_EDGE('',*,*,#1637,.F.);
#2476=ORIENTED_EDGE('',*,*,#1643,.T.);
#2477=ORIENTED_EDGE('',*,*,#1693,.F.);
#2478=ORIENTED_EDGE('',*,*,#1631,.T.);
#2479=ORIENTED_EDGE('',*,*,#1628,.F.);
#2480=ORIENTED_EDGE('',*,*,#1694,.T.);
#2481=ORIENTED_EDGE('',*,*,#1755,.T.);
#2482=ORIENTED_EDGE('',*,*,#1756,.T.);
#2483=ORIENTED_EDGE('',*,*,#1757,.T.);
#2484=ORIENTED_EDGE('',*,*,#1758,.T.);
#2485=ORIENTED_EDGE('',*,*,#1756,.F.);
#2486=ORIENTED_EDGE('',*,*,#1759,.F.);
#2487=ORIENTED_EDGE('',*,*,#1760,.F.);
#2488=ORIENTED_EDGE('',*,*,#1761,.F.);
#2489=ORIENTED_EDGE('',*,*,#1762,.T.);
#2490=ORIENTED_EDGE('',*,*,#1763,.T.);
#2491=ORIENTED_EDGE('',*,*,#1764,.T.);
#2492=ORIENTED_EDGE('',*,*,#1760,.T.);
#2493=ORIENTED_EDGE('',*,*,#1763,.F.);
#2494=ORIENTED_EDGE('',*,*,#1765,.F.);
#2495=ORIENTED_EDGE('',*,*,#1766,.F.);
#2496=ORIENTED_EDGE('',*,*,#1767,.F.);
#2497=ORIENTED_EDGE('',*,*,#1768,.T.);
#2498=ORIENTED_EDGE('',*,*,#1769,.T.);
#2499=ORIENTED_EDGE('',*,*,#1770,.T.);
#2500=ORIENTED_EDGE('',*,*,#1766,.T.);
#2501=ORIENTED_EDGE('',*,*,#1769,.F.);
#2502=ORIENTED_EDGE('',*,*,#1771,.F.);
#2503=ORIENTED_EDGE('',*,*,#1772,.F.);
#2504=ORIENTED_EDGE('',*,*,#1773,.F.);
#2505=ORIENTED_EDGE('',*,*,#1774,.T.);
#2506=ORIENTED_EDGE('',*,*,#1775,.T.);
#2507=ORIENTED_EDGE('',*,*,#1776,.T.);
#2508=ORIENTED_EDGE('',*,*,#1772,.T.);
#2509=ORIENTED_EDGE('',*,*,#1758,.F.);
#2510=ORIENTED_EDGE('',*,*,#1777,.F.);
#2511=ORIENTED_EDGE('',*,*,#1775,.F.);
#2512=ORIENTED_EDGE('',*,*,#1778,.F.);
#2513=ORIENTED_EDGE('',*,*,#1779,.F.);
#2514=ORIENTED_EDGE('',*,*,#1780,.F.);
#2515=ORIENTED_EDGE('',*,*,#1781,.F.);
#2516=ORIENTED_EDGE('',*,*,#1736,.F.);
#2517=ORIENTED_EDGE('',*,*,#1545,.F.);
#2518=ORIENTED_EDGE('',*,*,#1737,.F.);
#2519=ORIENTED_EDGE('',*,*,#1781,.T.);
#2520=ORIENTED_EDGE('',*,*,#1569,.F.);
#2521=ORIENTED_EDGE('',*,*,#1548,.F.);
#2522=ORIENTED_EDGE('',*,*,#1578,.F.);
#2523=ORIENTED_EDGE('',*,*,#1552,.F.);
#2524=ORIENTED_EDGE('',*,*,#1586,.F.);
#2525=ORIENTED_EDGE('',*,*,#1779,.T.);
#2526=ORIENTED_EDGE('',*,*,#1735,.F.);
#2527=ORIENTED_EDGE('',*,*,#1598,.T.);
#2528=ORIENTED_EDGE('',*,*,#1620,.T.);
#2529=ORIENTED_EDGE('',*,*,#1782,.T.);
#2530=ORIENTED_EDGE('',*,*,#1783,.T.);
#2531=ORIENTED_EDGE('',*,*,#1783,.F.);
#2532=ORIENTED_EDGE('',*,*,#1784,.F.);
#2533=ORIENTED_EDGE('',*,*,#1780,.T.);
#2534=ORIENTED_EDGE('',*,*,#1785,.F.);
#2535=ORIENTED_EDGE('',*,*,#1771,.T.);
#2536=ORIENTED_EDGE('',*,*,#1768,.F.);
#2537=ORIENTED_EDGE('',*,*,#1765,.T.);
#2538=ORIENTED_EDGE('',*,*,#1762,.F.);
#2539=ORIENTED_EDGE('',*,*,#1759,.T.);
#2540=ORIENTED_EDGE('',*,*,#1755,.F.);
#2541=ORIENTED_EDGE('',*,*,#1778,.T.);
#2542=ORIENTED_EDGE('',*,*,#1774,.F.);
#2543=ORIENTED_EDGE('',*,*,#1653,.F.);
#2544=ORIENTED_EDGE('',*,*,#1754,.T.);
#2545=ORIENTED_EDGE('',*,*,#1649,.F.);
#2546=ORIENTED_EDGE('',*,*,#1782,.F.);
#2547=ORIENTED_EDGE('',*,*,#1619,.T.);
#2548=ORIENTED_EDGE('',*,*,#1568,.T.);
#2549=ORIENTED_EDGE('',*,*,#1575,.T.);
#2550=ORIENTED_EDGE('',*,*,#1651,.T.);
#2551=ORIENTED_EDGE('',*,*,#1786,.T.);
#2552=ORIENTED_EDGE('',*,*,#1625,.T.);
#2553=ORIENTED_EDGE('',*,*,#1787,.T.);
#2554=ORIENTED_EDGE('',*,*,#1587,.T.);
#2555=ORIENTED_EDGE('',*,*,#1788,.T.);
#2556=ORIENTED_EDGE('',*,*,#1582,.F.);
#2557=ORIENTED_EDGE('',*,*,#1588,.F.);
#2558=ORIENTED_EDGE('',*,*,#1787,.F.);
#2559=ORIENTED_EDGE('',*,*,#1624,.T.);
#2560=ORIENTED_EDGE('',*,*,#1621,.F.);
#2561=ORIENTED_EDGE('',*,*,#1789,.T.);
#2562=ORIENTED_EDGE('',*,*,#1627,.T.);
#2563=ORIENTED_EDGE('',*,*,#1785,.T.);
#2564=ORIENTED_EDGE('',*,*,#1585,.T.);
#2565=ORIENTED_EDGE('',*,*,#1592,.T.);
#2566=ORIENTED_EDGE('',*,*,#1648,.T.);
#2567=ORIENTED_EDGE('',*,*,#1790,.T.);
#2568=ORIENTED_EDGE('',*,*,#1570,.T.);
#2569=ORIENTED_EDGE('',*,*,#1784,.T.);
#2570=ORIENTED_EDGE('',*,*,#1563,.F.);
#2571=ORIENTED_EDGE('',*,*,#1571,.F.);
#2572=ORIENTED_EDGE('',*,*,#1790,.F.);
#2573=ORIENTED_EDGE('',*,*,#1647,.T.);
#2574=ORIENTED_EDGE('',*,*,#1645,.F.);
#2575=ORIENTED_EDGE('',*,*,#1791,.F.);
#2576=ORIENTED_EDGE('',*,*,#1583,.F.);
#2577=ORIENTED_EDGE('',*,*,#1789,.F.);
#2578=ORIENTED_EDGE('',*,*,#1623,.F.);
#2579=ORIENTED_EDGE('',*,*,#1589,.F.);
#2580=ORIENTED_EDGE('',*,*,#1786,.F.);
#2581=ORIENTED_EDGE('',*,*,#1753,.F.);
#2582=ORIENTED_EDGE('',*,*,#1788,.F.);
#2583=ORIENTED_EDGE('',*,*,#1550,.T.);
#2584=ORIENTED_EDGE('',*,*,#1773,.T.);
#2585=ORIENTED_EDGE('',*,*,#1776,.F.);
#2586=ORIENTED_EDGE('',*,*,#1777,.T.);
#2587=ORIENTED_EDGE('',*,*,#1757,.F.);
#2588=ORIENTED_EDGE('',*,*,#1761,.T.);
#2589=ORIENTED_EDGE('',*,*,#1764,.F.);
#2590=ORIENTED_EDGE('',*,*,#1767,.T.);
#2591=ORIENTED_EDGE('',*,*,#1770,.F.);
#2592=ORIENTED_EDGE('',*,*,#1564,.F.);
#2593=ORIENTED_EDGE('',*,*,#1791,.T.);
#2594=ORIENTED_EDGE('',*,*,#1644,.F.);
#2595=ORIENTED_EDGE('',*,*,#1572,.T.);
#2596=ORIENTED_EDGE('',*,*,#1792,.T.);
#2597=ORIENTED_EDGE('',*,*,#1793,.T.);
#2598=ORIENTED_EDGE('',*,*,#1794,.T.);
#2599=ORIENTED_EDGE('',*,*,#1795,.F.);
#2600=ORIENTED_EDGE('',*,*,#1796,.T.);
#2601=ORIENTED_EDGE('',*,*,#1797,.T.);
#2602=ORIENTED_EDGE('',*,*,#1798,.T.);
#2603=ORIENTED_EDGE('',*,*,#1793,.F.);
#2604=ORIENTED_EDGE('',*,*,#1799,.T.);
#2605=ORIENTED_EDGE('',*,*,#1800,.T.);
#2606=ORIENTED_EDGE('',*,*,#1801,.T.);
#2607=ORIENTED_EDGE('',*,*,#1797,.F.);
#2608=ORIENTED_EDGE('',*,*,#1802,.T.);
#2609=ORIENTED_EDGE('',*,*,#1800,.F.);
#2610=ORIENTED_EDGE('',*,*,#1803,.T.);
#2611=ORIENTED_EDGE('',*,*,#1795,.T.);
#2612=ORIENTED_EDGE('',*,*,#1802,.F.);
#2613=ORIENTED_EDGE('',*,*,#1804,.F.);
#2614=ORIENTED_EDGE('',*,*,#1805,.F.);
#2615=ORIENTED_EDGE('',*,*,#1806,.T.);
#2616=ORIENTED_EDGE('',*,*,#1794,.F.);
#2617=ORIENTED_EDGE('',*,*,#1807,.F.);
#2618=ORIENTED_EDGE('',*,*,#1808,.F.);
#2619=ORIENTED_EDGE('',*,*,#1804,.T.);
#2620=ORIENTED_EDGE('',*,*,#1792,.F.);
#2621=ORIENTED_EDGE('',*,*,#1803,.F.);
#2622=ORIENTED_EDGE('',*,*,#1799,.F.);
#2623=ORIENTED_EDGE('',*,*,#1796,.F.);
#2624=ORIENTED_EDGE('',*,*,#1798,.F.);
#2625=ORIENTED_EDGE('',*,*,#1809,.F.);
#2626=ORIENTED_EDGE('',*,*,#1810,.F.);
#2627=ORIENTED_EDGE('',*,*,#1807,.T.);
#2628=ORIENTED_EDGE('',*,*,#1801,.F.);
#2629=ORIENTED_EDGE('',*,*,#1806,.F.);
#2630=ORIENTED_EDGE('',*,*,#1811,.F.);
#2631=ORIENTED_EDGE('',*,*,#1809,.T.);
#2632=ORIENTED_EDGE('',*,*,#1812,.T.);
#2633=ORIENTED_EDGE('',*,*,#1813,.T.);
#2634=ORIENTED_EDGE('',*,*,#1814,.F.);
#2635=ORIENTED_EDGE('',*,*,#1815,.F.);
#2636=ORIENTED_EDGE('',*,*,#1816,.T.);
#2637=ORIENTED_EDGE('',*,*,#1815,.T.);
#2638=ORIENTED_EDGE('',*,*,#1817,.F.);
#2639=ORIENTED_EDGE('',*,*,#1818,.F.);
#2640=ORIENTED_EDGE('',*,*,#1819,.T.);
#2641=ORIENTED_EDGE('',*,*,#1818,.T.);
#2642=ORIENTED_EDGE('',*,*,#1820,.F.);
#2643=ORIENTED_EDGE('',*,*,#1821,.F.);
#2644=ORIENTED_EDGE('',*,*,#1822,.T.);
#2645=ORIENTED_EDGE('',*,*,#1821,.T.);
#2646=ORIENTED_EDGE('',*,*,#1823,.F.);
#2647=ORIENTED_EDGE('',*,*,#1813,.F.);
#2648=ORIENTED_EDGE('',*,*,#1823,.T.);
#2649=ORIENTED_EDGE('',*,*,#1820,.T.);
#2650=ORIENTED_EDGE('',*,*,#1817,.T.);
#2651=ORIENTED_EDGE('',*,*,#1814,.T.);
#2652=ORIENTED_EDGE('',*,*,#1822,.F.);
#2653=ORIENTED_EDGE('',*,*,#1812,.F.);
#2654=ORIENTED_EDGE('',*,*,#1816,.F.);
#2655=ORIENTED_EDGE('',*,*,#1819,.F.);
#2656=ORIENTED_EDGE('',*,*,#1810,.T.);
#2657=ORIENTED_EDGE('',*,*,#1811,.T.);
#2658=ORIENTED_EDGE('',*,*,#1805,.T.);
#2659=ORIENTED_EDGE('',*,*,#1808,.T.);
#2660=PLANE('',#2955);
#2661=PLANE('',#2956);
#2662=PLANE('',#2957);
#2663=PLANE('',#2958);
#2664=PLANE('',#2959);
#2665=PLANE('',#2960);
#2666=PLANE('',#2961);
#2667=PLANE('',#2962);
#2668=PLANE('',#2963);
#2669=PLANE('',#2964);
#2670=PLANE('',#2965);
#2671=PLANE('',#2969);
#2672=PLANE('',#2970);
#2673=PLANE('',#2971);
#2674=PLANE('',#2972);
#2675=PLANE('',#2973);
#2676=PLANE('',#2974);
#2677=PLANE('',#2975);
#2678=PLANE('',#2976);
#2679=PLANE('',#2977);
#2680=PLANE('',#2981);
#2681=PLANE('',#2982);
#2682=PLANE('',#2983);
#2683=PLANE('',#2984);
#2684=PLANE('',#2985);
#2685=PLANE('',#2986);
#2686=PLANE('',#2987);
#2687=PLANE('',#2988);
#2688=PLANE('',#2989);
#2689=PLANE('',#2993);
#2690=PLANE('',#2994);
#2691=PLANE('',#2995);
#2692=PLANE('',#2996);
#2693=PLANE('',#2997);
#2694=PLANE('',#2998);
#2695=PLANE('',#2999);
#2696=PLANE('',#3000);
#2697=PLANE('',#3004);
#2698=PLANE('',#3009);
#2699=PLANE('',#3014);
#2700=PLANE('',#3019);
#2701=PLANE('',#3024);
#2702=PLANE('',#3025);
#2703=PLANE('',#3030);
#2704=PLANE('',#3033);
#2705=PLANE('',#3037);
#2706=PLANE('',#3041);
#2707=PLANE('',#3044);
#2708=PLANE('',#3049);
#2709=PLANE('',#3051);
#2710=PLANE('',#3059);
#2711=PLANE('',#3064);
#2712=PLANE('',#3068);
#2713=PLANE('',#3072);
#2714=PLANE('',#3077);
#2715=PLANE('',#3080);
#2716=PLANE('',#3084);
#2717=PLANE('',#3089);
#2718=PLANE('',#3094);
#2719=PLANE('',#3095);
#2720=PLANE('',#3101);
#2721=PLANE('',#3106);
#2722=PLANE('',#3107);
#2723=PLANE('',#3108);
#2724=PLANE('',#3114);
#2725=PLANE('',#3119);
#2726=PLANE('',#3123);
#2727=PLANE('',#3128);
#2728=PLANE('',#3132);
#2729=PLANE('',#3136);
#2730=PLANE('',#3138);
#2731=PLANE('',#3139);
#2732=PLANE('',#3140);
#2733=PLANE('',#3142);
#2734=PLANE('',#3143);
#2735=PLANE('',#3145);
#2736=PLANE('',#3146);
#2737=PLANE('',#3147);
#2738=PLANE('',#3149);
#2739=PLANE('',#3150);
#2740=PLANE('',#3151);
#2741=PLANE('',#3152);
#2742=PLANE('',#3156);
#2743=PLANE('',#3160);
#2744=PLANE('',#3164);
#2745=PLANE('',#3168);
#2746=PLANE('',#3172);
#2747=PLANE('',#3173);
#2748=PLANE('',#3176);
#2749=PLANE('',#3177);
#2750=PLANE('',#3180);
#2751=PLANE('',#3183);
#2752=PLANE('',#3184);
#2753=PLANE('',#3185);
#2754=PLANE('',#3186);
#2755=PLANE('',#3187);
#2756=PLANE('',#3188);
#2757=PLANE('',#3189);
#2758=PLANE('',#3190);
#2759=PLANE('',#3191);
#2760=PLANE('',#3192);
#2761=PLANE('',#3193);
#2762=PLANE('',#3194);
#2763=PLANE('',#3195);
#2764=PLANE('',#3196);
#2765=PLANE('',#3197);
#2766=PLANE('',#3198);
#2767=PLANE('',#3199);
#2768=PLANE('',#3200);
#2769=PLANE('',#3201);
#2770=ADVANCED_FACE('',(#169),#2660,.F.);
#2771=ADVANCED_FACE('',(#170),#2661,.F.);
#2772=ADVANCED_FACE('',(#171),#2662,.F.);
#2773=ADVANCED_FACE('',(#172),#2663,.F.);
#2774=ADVANCED_FACE('',(#173),#2664,.T.);
#2775=ADVANCED_FACE('',(#174),#2665,.T.);
#2776=ADVANCED_FACE('',(#175),#2666,.T.);
#2777=ADVANCED_FACE('',(#176),#2667,.T.);
#2778=ADVANCED_FACE('',(#177),#2668,.T.);
#2779=ADVANCED_FACE('',(#178),#2669,.T.);
#2780=ADVANCED_FACE('',(#179),#2670,.T.);
#2781=ADVANCED_FACE('',(#180),#24,.T.);
#2782=ADVANCED_FACE('',(#181),#2671,.T.);
#2783=ADVANCED_FACE('',(#182),#2672,.T.);
#2784=ADVANCED_FACE('',(#183),#2673,.T.);
#2785=ADVANCED_FACE('',(#184),#2674,.T.);
#2786=ADVANCED_FACE('',(#185),#2675,.T.);
#2787=ADVANCED_FACE('',(#186),#2676,.T.);
#2788=ADVANCED_FACE('',(#187),#2677,.T.);
#2789=ADVANCED_FACE('',(#188),#2678,.T.);
#2790=ADVANCED_FACE('',(#189),#2679,.T.);
#2791=ADVANCED_FACE('',(#190),#25,.T.);
#2792=ADVANCED_FACE('',(#191),#2680,.T.);
#2793=ADVANCED_FACE('',(#192),#2681,.T.);
#2794=ADVANCED_FACE('',(#193),#2682,.T.);
#2795=ADVANCED_FACE('',(#194),#2683,.T.);
#2796=ADVANCED_FACE('',(#195),#2684,.T.);
#2797=ADVANCED_FACE('',(#196),#2685,.T.);
#2798=ADVANCED_FACE('',(#197),#2686,.T.);
#2799=ADVANCED_FACE('',(#198),#2687,.T.);
#2800=ADVANCED_FACE('',(#199),#2688,.T.);
#2801=ADVANCED_FACE('',(#200),#26,.T.);
#2802=ADVANCED_FACE('',(#201),#2689,.T.);
#2803=ADVANCED_FACE('',(#202),#2690,.T.);
#2804=ADVANCED_FACE('',(#203),#2691,.T.);
#2805=ADVANCED_FACE('',(#204),#2692,.T.);
#2806=ADVANCED_FACE('',(#205),#2693,.T.);
#2807=ADVANCED_FACE('',(#206),#2694,.T.);
#2808=ADVANCED_FACE('',(#207),#2695,.T.);
#2809=ADVANCED_FACE('',(#208),#2696,.T.);
#2810=ADVANCED_FACE('',(#209),#27,.F.);
#2811=ADVANCED_FACE('',(#210),#2697,.T.);
#2812=ADVANCED_FACE('',(#211),#28,.F.);
#2813=ADVANCED_FACE('',(#212),#2698,.T.);
#2814=ADVANCED_FACE('',(#213),#29,.F.);
#2815=ADVANCED_FACE('',(#214),#2699,.F.);
#2816=ADVANCED_FACE('',(#215),#30,.F.);
#2817=ADVANCED_FACE('',(#216),#2700,.F.);
#2818=ADVANCED_FACE('',(#217),#31,.T.);
#2819=ADVANCED_FACE('',(#218),#2701,.F.);
#2820=ADVANCED_FACE('',(#219),#2702,.F.);
#2821=ADVANCED_FACE('',(#220),#32,.T.);
#2822=ADVANCED_FACE('',(#221),#2703,.T.);
#2823=ADVANCED_FACE('',(#222),#2704,.T.);
#2824=ADVANCED_FACE('',(#223),#33,.T.);
#2825=ADVANCED_FACE('',(#224),#2705,.F.);
#2826=ADVANCED_FACE('',(#225),#34,.T.);
#2827=ADVANCED_FACE('',(#226),#2706,.T.);
#2828=ADVANCED_FACE('',(#227),#2707,.F.);
#2829=ADVANCED_FACE('',(#228),#35,.T.);
#2830=ADVANCED_FACE('',(#229),#2708,.T.);
#2831=ADVANCED_FACE('',(#230),#2709,.T.);
#2832=ADVANCED_FACE('',(#231),#36,.T.);
#2833=ADVANCED_FACE('',(#232),#2710,.T.);
#2834=ADVANCED_FACE('',(#233),#37,.F.);
#2835=ADVANCED_FACE('',(#234),#2711,.F.);
#2836=ADVANCED_FACE('',(#235),#38,.F.);
#2837=ADVANCED_FACE('',(#236),#2712,.F.);
#2838=ADVANCED_FACE('',(#237),#39,.T.);
#2839=ADVANCED_FACE('',(#238),#2713,.T.);
#2840=ADVANCED_FACE('',(#239),#40,.T.);
#2841=ADVANCED_FACE('',(#240),#2714,.T.);
#2842=ADVANCED_FACE('',(#241),#41,.F.);
#2843=ADVANCED_FACE('',(#242),#2715,.T.);
#2844=ADVANCED_FACE('',(#243),#42,.F.);
#2845=ADVANCED_FACE('',(#244),#2716,.T.);
#2846=ADVANCED_FACE('',(#245),#43,.T.);
#2847=ADVANCED_FACE('',(#246),#2717,.T.);
#2848=ADVANCED_FACE('',(#247),#44,.T.);
#2849=ADVANCED_FACE('',(#248),#45,.T.);
#2850=ADVANCED_FACE('',(#249),#2718,.T.);
#2851=ADVANCED_FACE('',(#250),#2719,.F.);
#2852=ADVANCED_FACE('',(#251),#46,.T.);
#2853=ADVANCED_FACE('',(#252),#2720,.F.);
#2854=ADVANCED_FACE('',(#253),#47,.T.);
#2855=ADVANCED_FACE('',(#254),#48,.T.);
#2856=ADVANCED_FACE('',(#255),#2721,.F.);
#2857=ADVANCED_FACE('',(#256),#2722,.T.);
#2858=ADVANCED_FACE('',(#257),#2723,.T.);
#2859=ADVANCED_FACE('',(#258),#49,.T.);
#2860=ADVANCED_FACE('',(#259),#2724,.F.);
#2861=ADVANCED_FACE('',(#260),#50,.T.);
#2862=ADVANCED_FACE('',(#261),#51,.T.);
#2863=ADVANCED_FACE('',(#262),#2725,.F.);
#2864=ADVANCED_FACE('',(#263),#52,.T.);
#2865=ADVANCED_FACE('',(#264),#2726,.T.);
#2866=ADVANCED_FACE('',(#265),#53,.T.);
#2867=ADVANCED_FACE('',(#266),#54,.T.);
#2868=ADVANCED_FACE('',(#267),#2727,.T.);
#2869=ADVANCED_FACE('',(#268),#55,.T.);
#2870=ADVANCED_FACE('',(#269),#2728,.F.);
#2871=ADVANCED_FACE('',(#270),#56,.T.);
#2872=ADVANCED_FACE('',(#271),#2729,.T.);
#2873=ADVANCED_FACE('',(#272),#57,.T.);
#2874=ADVANCED_FACE('',(#273),#2730,.F.);
#2875=ADVANCED_FACE('',(#274),#2731,.F.);
#2876=ADVANCED_FACE('',(#275),#2732,.F.);
#2877=ADVANCED_FACE('',(#276),#58,.T.);
#2878=ADVANCED_FACE('',(#277),#2733,.T.);
#2879=ADVANCED_FACE('',(#278),#2734,.T.);
#2880=ADVANCED_FACE('',(#279),#59,.T.);
#2881=ADVANCED_FACE('',(#280),#2735,.F.);
#2882=ADVANCED_FACE('',(#281),#2736,.F.);
#2883=ADVANCED_FACE('',(#282),#2737,.F.);
#2884=ADVANCED_FACE('',(#283),#60,.T.);
#2885=ADVANCED_FACE('',(#284),#2738,.T.);
#2886=ADVANCED_FACE('',(#285),#2739,.T.);
#2887=ADVANCED_FACE('',(#286),#2740,.T.);
#2888=ADVANCED_FACE('',(#287),#2741,.T.);
#2889=ADVANCED_FACE('',(#288),#61,.F.);
#2890=ADVANCED_FACE('',(#289),#2742,.F.);
#2891=ADVANCED_FACE('',(#290),#62,.F.);
#2892=ADVANCED_FACE('',(#291),#2743,.F.);
#2893=ADVANCED_FACE('',(#292),#63,.F.);
#2894=ADVANCED_FACE('',(#293),#2744,.F.);
#2895=ADVANCED_FACE('',(#294),#64,.F.);
#2896=ADVANCED_FACE('',(#295),#2745,.F.);
#2897=ADVANCED_FACE('',(#296),#65,.T.);
#2898=ADVANCED_FACE('',(#297),#2746,.F.);
#2899=ADVANCED_FACE('',(#298),#2747,.F.);
#2900=ADVANCED_FACE('',(#299),#66,.T.);
#2901=ADVANCED_FACE('',(#300,#13),#2748,.T.);
#2902=ADVANCED_FACE('',(#301),#2749,.T.);
#2903=ADVANCED_FACE('',(#302),#67,.F.);
#2904=ADVANCED_FACE('',(#303),#68,.F.);
#2905=ADVANCED_FACE('',(#304),#2750,.F.);
#2906=ADVANCED_FACE('',(#305),#69,.T.);
#2907=ADVANCED_FACE('',(#306),#70,.T.);
#2908=ADVANCED_FACE('',(#307),#2751,.T.);
#2909=ADVANCED_FACE('',(#308),#2752,.F.);
#2910=ADVANCED_FACE('',(#309,#14),#2753,.T.);
#2911=ADVANCED_FACE('',(#310),#2754,.T.);
#2912=ADVANCED_FACE('',(#311),#2755,.T.);
#2913=ADVANCED_FACE('',(#312),#2756,.T.);
#2914=ADVANCED_FACE('',(#313),#2757,.T.);
#2915=ADVANCED_FACE('',(#314),#2758,.T.);
#2916=ADVANCED_FACE('',(#315),#2759,.T.);
#2917=ADVANCED_FACE('',(#316),#2760,.T.);
#2918=ADVANCED_FACE('',(#317),#2761,.T.);
#2919=ADVANCED_FACE('',(#318),#2762,.T.);
#2920=ADVANCED_FACE('',(#319),#2763,.T.);
#2921=ADVANCED_FACE('',(#320),#2764,.T.);
#2922=ADVANCED_FACE('',(#321),#2765,.T.);
#2923=ADVANCED_FACE('',(#322),#2766,.T.);
#2924=ADVANCED_FACE('',(#323),#2767,.T.);
#2925=ADVANCED_FACE('',(#324),#2768,.T.);
#2926=ADVANCED_FACE('',(#325,#15),#2769,.F.);
#2927=CLOSED_SHELL('',(#2770,#2771,#2772,#2773,#2774,#2775,#2776,#2777,
#2778,#2779));
#2928=CLOSED_SHELL('',(#2780,#2781,#2782,#2783,#2784,#2785,#2786,#2787,
#2788,#2789));
#2929=CLOSED_SHELL('',(#2790,#2791,#2792,#2793,#2794,#2795,#2796,#2797,
#2798,#2799));
#2930=CLOSED_SHELL('',(#2800,#2801,#2802,#2803,#2804,#2805,#2806,#2807,
#2808,#2809));
#2931=CLOSED_SHELL('',(#2810,#2811,#2812,#2813,#2814,#2815,#2816,#2817,
#2818,#2819,#2820,#2821,#2822,#2823,#2824,#2825,#2826,#2827,#2828,#2829,
#2830,#2831,#2832,#2833,#2834,#2835,#2836,#2837,#2838,#2839,#2840,#2841,
#2842,#2843,#2844,#2845,#2846,#2847,#2848,#2849,#2850,#2851,#2852,#2853,
#2854,#2855,#2856,#2857,#2858,#2859,#2860,#2861,#2862,#2863,#2864,#2865,
#2866,#2867,#2868,#2869,#2870,#2871,#2872,#2873,#2874,#2875,#2876,#2877,
#2878,#2879,#2880,#2881,#2882,#2883,#2884,#2885,#2886,#2887,#2888,#2889,
#2890,#2891,#2892,#2893,#2894,#2895,#2896,#2897,#2898,#2899,#2900,#2901,
#2902,#2903,#2904,#2905,#2906,#2907,#2908,#2909,#2910,#2911));
#2932=CLOSED_SHELL('',(#2912,#2913,#2914,#2915,#2916,#2917,#2918,#2919,
#2920,#2921,#2922,#2923,#2924,#2925,#2926));
#2933=DERIVED_UNIT_ELEMENT(#2936,1.);
#2934=DERIVED_UNIT_ELEMENT(#4895,-3.);
#2935=DIMENSIONAL_EXPONENTS(0.,1.,0.,0.,0.,0.,0.);
#2936=(
CONVERSION_BASED_UNIT('gram',#2938)
MASS_UNIT()
NAMED_UNIT(#2935)
);
#2937=(
MASS_UNIT()
NAMED_UNIT(*)
SI_UNIT(.KILO.,.GRAM.)
);
#2938=MASS_MEASURE_WITH_UNIT(MASS_MEASURE(0.001),#2937);
#2939=DERIVED_UNIT((#2933,#2934));
#2940=MEASURE_REPRESENTATION_ITEM('density measure',
POSITIVE_RATIO_MEASURE(1.),#2939);
#2941=PROPERTY_DEFINITION_REPRESENTATION(#2946,#2943);
#2942=PROPERTY_DEFINITION_REPRESENTATION(#2947,#2944);
#2943=REPRESENTATION('material name',(#2945),#4892);
#2944=REPRESENTATION('density',(#2940),#4892);
#2945=DESCRIPTIVE_REPRESENTATION_ITEM('Generic','Generic');
#2946=PROPERTY_DEFINITION('material property','material name',#4902);
#2947=PROPERTY_DEFINITION('material property','density of part',#4902);
#2948=DATE_TIME_ROLE('creation_date');
#2949=APPLIED_DATE_AND_TIME_ASSIGNMENT(#2950,#2948,(#4902));
#2950=DATE_AND_TIME(#2951,#2952);
#2951=CALENDAR_DATE(2026,24,3);
#2952=LOCAL_TIME(0,0,0.,#2953);
#2953=COORDINATED_UNIVERSAL_TIME_OFFSET(0,0,.BEHIND.);
#2954=AXIS2_PLACEMENT_3D('',#4022,#3202,#3203);
#2955=AXIS2_PLACEMENT_3D('',#4023,#3204,#3205);
#2956=AXIS2_PLACEMENT_3D('',#4032,#3210,#3211);
#2957=AXIS2_PLACEMENT_3D('',#4038,#3215,#3216);
#2958=AXIS2_PLACEMENT_3D('',#4044,#3220,#3221);
#2959=AXIS2_PLACEMENT_3D('',#4054,#3227,#3228);
#2960=AXIS2_PLACEMENT_3D('',#4058,#3231,#3232);
#2961=AXIS2_PLACEMENT_3D('',#4062,#3235,#3236);
#2962=AXIS2_PLACEMENT_3D('',#4066,#3239,#3240);
#2963=AXIS2_PLACEMENT_3D('',#4070,#3243,#3244);
#2964=AXIS2_PLACEMENT_3D('',#4072,#3246,#3247);
#2965=AXIS2_PLACEMENT_3D('',#4073,#3248,#3249);
#2966=AXIS2_PLACEMENT_3D('',#4076,#3250,#3251);
#2967=AXIS2_PLACEMENT_3D('',#4090,#3259,#3260);
#2968=AXIS2_PLACEMENT_3D('',#4094,#3262,#3263);
#2969=AXIS2_PLACEMENT_3D('',#4096,#3265,#3266);
#2970=AXIS2_PLACEMENT_3D('',#4100,#3269,#3270);
#2971=AXIS2_PLACEMENT_3D('',#4112,#3277,#3278);
#2972=AXIS2_PLACEMENT_3D('',#4115,#3281,#3282);
#2973=AXIS2_PLACEMENT_3D('',#4117,#3284,#3285);
#2974=AXIS2_PLACEMENT_3D('',#4119,#3287,#3288);
#2975=AXIS2_PLACEMENT_3D('',#4121,#3290,#3291);
#2976=AXIS2_PLACEMENT_3D('',#4122,#3292,#3293);
#2977=AXIS2_PLACEMENT_3D('',#4123,#3294,#3295);
#2978=AXIS2_PLACEMENT_3D('',#4126,#3296,#3297);
#2979=AXIS2_PLACEMENT_3D('',#4140,#3305,#3306);
#2980=AXIS2_PLACEMENT_3D('',#4144,#3308,#3309);
#2981=AXIS2_PLACEMENT_3D('',#4146,#3311,#3312);
#2982=AXIS2_PLACEMENT_3D('',#4150,#3315,#3316);
#2983=AXIS2_PLACEMENT_3D('',#4162,#3323,#3324);
#2984=AXIS2_PLACEMENT_3D('',#4165,#3327,#3328);
#2985=AXIS2_PLACEMENT_3D('',#4167,#3330,#3331);
#2986=AXIS2_PLACEMENT_3D('',#4169,#3333,#3334);
#2987=AXIS2_PLACEMENT_3D('',#4171,#3336,#3337);
#2988=AXIS2_PLACEMENT_3D('',#4172,#3338,#3339);
#2989=AXIS2_PLACEMENT_3D('',#4173,#3340,#3341);
#2990=AXIS2_PLACEMENT_3D('',#4176,#3342,#3343);
#2991=AXIS2_PLACEMENT_3D('',#4190,#3351,#3352);
#2992=AXIS2_PLACEMENT_3D('',#4194,#3354,#3355);
#2993=AXIS2_PLACEMENT_3D('',#4196,#3357,#3358);
#2994=AXIS2_PLACEMENT_3D('',#4200,#3361,#3362);
#2995=AXIS2_PLACEMENT_3D('',#4212,#3369,#3370);
#2996=AXIS2_PLACEMENT_3D('',#4215,#3373,#3374);
#2997=AXIS2_PLACEMENT_3D('',#4217,#3376,#3377);
#2998=AXIS2_PLACEMENT_3D('',#4219,#3379,#3380);
#2999=AXIS2_PLACEMENT_3D('',#4221,#3382,#3383);
#3000=AXIS2_PLACEMENT_3D('',#4222,#3384,#3385);
#3001=AXIS2_PLACEMENT_3D('',#4223,#3386,#3387);
#3002=AXIS2_PLACEMENT_3D('',#4226,#3388,#3389);
#3003=AXIS2_PLACEMENT_3D('',#4230,#3391,#3392);
#3004=AXIS2_PLACEMENT_3D('',#4232,#3394,#3395);
#3005=AXIS2_PLACEMENT_3D('',#4236,#3397,#3398);
#3006=AXIS2_PLACEMENT_3D('',#4244,#3403,#3404);
#3007=AXIS2_PLACEMENT_3D('',#4247,#3405,#3406);
#3008=AXIS2_PLACEMENT_3D('',#4251,#3408,#3409);
#3009=AXIS2_PLACEMENT_3D('',#4253,#3411,#3412);
#3010=AXIS2_PLACEMENT_3D('',#4263,#3417,#3418);
#3011=AXIS2_PLACEMENT_3D('',#4265,#3420,#3421);
#3012=AXIS2_PLACEMENT_3D('',#4268,#3422,#3423);
#3013=AXIS2_PLACEMENT_3D('',#4272,#3425,#3426);
#3014=AXIS2_PLACEMENT_3D('',#4274,#3428,#3429);
#3015=AXIS2_PLACEMENT_3D('',#4278,#3431,#3432);
#3016=AXIS2_PLACEMENT_3D('',#4286,#3437,#3438);
#3017=AXIS2_PLACEMENT_3D('',#4289,#3439,#3440);
#3018=AXIS2_PLACEMENT_3D('',#4293,#3442,#3443);
#3019=AXIS2_PLACEMENT_3D('',#4295,#3445,#3446);
#3020=AXIS2_PLACEMENT_3D('',#4305,#3451,#3452);
#3021=AXIS2_PLACEMENT_3D('',#4307,#3454,#3455);
#3022=AXIS2_PLACEMENT_3D('',#4310,#3456,#3457);
#3023=AXIS2_PLACEMENT_3D('',#4314,#3459,#3460);
#3024=AXIS2_PLACEMENT_3D('',#4316,#3462,#3463);
#3025=AXIS2_PLACEMENT_3D('',#4319,#3466,#3467);
#3026=AXIS2_PLACEMENT_3D('',#4331,#3473,#3474);
#3027=AXIS2_PLACEMENT_3D('',#4346,#3484,#3485);
#3028=AXIS2_PLACEMENT_3D('',#4349,#3486,#3487);
#3029=AXIS2_PLACEMENT_3D('',#4353,#3489,#3490);
#3030=AXIS2_PLACEMENT_3D('',#4355,#3492,#3493);
#3031=AXIS2_PLACEMENT_3D('',#4358,#3495,#3496);
#3032=AXIS2_PLACEMENT_3D('',#4362,#3498,#3499);
#3033=AXIS2_PLACEMENT_3D('',#4364,#3501,#3502);
#3034=AXIS2_PLACEMENT_3D('',#4368,#3504,#3505);
#3035=AXIS2_PLACEMENT_3D('',#4372,#3508,#3509);
#3036=AXIS2_PLACEMENT_3D('',#4375,#3510,#3511);
#3037=AXIS2_PLACEMENT_3D('',#4378,#3514,#3515);
#3038=AXIS2_PLACEMENT_3D('',#4380,#3517,#3518);
#3039=AXIS2_PLACEMENT_3D('',#4383,#3519,#3520);
#3040=AXIS2_PLACEMENT_3D('',#4387,#3522,#3523);
#3041=AXIS2_PLACEMENT_3D('',#4389,#3525,#3526);
#3042=AXIS2_PLACEMENT_3D('',#4393,#3528,#3529);
#3043=AXIS2_PLACEMENT_3D('',#4396,#3531,#3532);
#3044=AXIS2_PLACEMENT_3D('',#4398,#3534,#3535);
#3045=AXIS2_PLACEMENT_3D('',#4402,#3537,#3538);
#3046=AXIS2_PLACEMENT_3D('',#4406,#3541,#3542);
#3047=AXIS2_PLACEMENT_3D('',#4409,#3543,#3544);
#3048=AXIS2_PLACEMENT_3D('',#4413,#3546,#3547);
#3049=AXIS2_PLACEMENT_3D('',#4415,#3549,#3550);
#3050=AXIS2_PLACEMENT_3D('',#4419,#3552,#3553);
#3051=AXIS2_PLACEMENT_3D('',#4423,#3556,#3557);
#3052=AXIS2_PLACEMENT_3D('',#4427,#3559,#3560);
#3053=AXIS2_PLACEMENT_3D('',#4435,#3564,#3565);
#3054=AXIS2_PLACEMENT_3D('',#4447,#3571,#3572);
#3055=AXIS2_PLACEMENT_3D('',#4455,#3576,#3577);
#3056=AXIS2_PLACEMENT_3D('',#4459,#3579,#3580);
#3057=AXIS2_PLACEMENT_3D('',#4463,#3583,#3584);
#3058=AXIS2_PLACEMENT_3D('',#4466,#3585,#3586);
#3059=AXIS2_PLACEMENT_3D('',#4469,#3589,#3590);
#3060=AXIS2_PLACEMENT_3D('',#4473,#3592,#3593);
#3061=AXIS2_PLACEMENT_3D('',#4475,#3595,#3596);
#3062=AXIS2_PLACEMENT_3D('',#4476,#3597,#3598);
#3063=AXIS2_PLACEMENT_3D('',#4479,#3599,#3600);
#3064=AXIS2_PLACEMENT_3D('',#4482,#3603,#3604);
#3065=AXIS2_PLACEMENT_3D('',#4491,#3609,#3610);
#3066=AXIS2_PLACEMENT_3D('',#4492,#3611,#3612);
#3067=AXIS2_PLACEMENT_3D('',#4496,#3614,#3615);
#3068=AXIS2_PLACEMENT_3D('',#4498,#3617,#3618);
#3069=AXIS2_PLACEMENT_3D('',#4500,#3619,#3620);
#3070=AXIS2_PLACEMENT_3D('',#4508,#3625,#3626);
#3071=AXIS2_PLACEMENT_3D('',#4512,#3628,#3629);
#3072=AXIS2_PLACEMENT_3D('',#4514,#3631,#3632);
#3073=AXIS2_PLACEMENT_3D('',#4518,#3634,#3635);
#3074=AXIS2_PLACEMENT_3D('',#4523,#3638,#3639);
#3075=AXIS2_PLACEMENT_3D('',#4524,#3640,#3641);
#3076=AXIS2_PLACEMENT_3D('',#4527,#3642,#3643);
#3077=AXIS2_PLACEMENT_3D('',#4530,#3646,#3647);
#3078=AXIS2_PLACEMENT_3D('',#4534,#3650,#3651);
#3079=AXIS2_PLACEMENT_3D('',#4537,#3652,#3653);
#3080=AXIS2_PLACEMENT_3D('',#4540,#3656,#3657);
#3081=AXIS2_PLACEMENT_3D('',#4549,#3662,#3663);
#3082=AXIS2_PLACEMENT_3D('',#4550,#3664,#3665);
#3083=AXIS2_PLACEMENT_3D('',#4553,#3667,#3668);
#3084=AXIS2_PLACEMENT_3D('',#4554,#3669,#3670);
#3085=AXIS2_PLACEMENT_3D('',#4556,#3671,#3672);
#3086=AXIS2_PLACEMENT_3D('',#4564,#3677,#3678);
#3087=AXIS2_PLACEMENT_3D('',#4566,#3679,#3680);
#3088=AXIS2_PLACEMENT_3D('',#4568,#3681,#3682);
#3089=AXIS2_PLACEMENT_3D('',#4570,#3684,#3685);
#3090=AXIS2_PLACEMENT_3D('',#4571,#3686,#3687);
#3091=AXIS2_PLACEMENT_3D('',#4573,#3689,#3690);
#3092=AXIS2_PLACEMENT_3D('',#4574,#3691,#3692);
#3093=AXIS2_PLACEMENT_3D('',#4575,#3693,#3694);
#3094=AXIS2_PLACEMENT_3D('',#4577,#3696,#3697);
#3095=AXIS2_PLACEMENT_3D('',#4578,#3698,#3699);
#3096=AXIS2_PLACEMENT_3D('',#4582,#3701,#3702);
#3097=AXIS2_PLACEMENT_3D('',#4588,#3705,#3706);
#3098=AXIS2_PLACEMENT_3D('',#4593,#3710,#3711);
#3099=AXIS2_PLACEMENT_3D('',#4595,#3712,#3713);
#3100=AXIS2_PLACEMENT_3D('',#4598,#3715,#3716);
#3101=AXIS2_PLACEMENT_3D('',#4599,#3717,#3718);
#3102=AXIS2_PLACEMENT_3D('',#4601,#3720,#3721);
#3103=AXIS2_PLACEMENT_3D('',#4602,#3722,#3723);
#3104=AXIS2_PLACEMENT_3D('',#4603,#3724,#3725);
#3105=AXIS2_PLACEMENT_3D('',#4604,#3726,#3727);
#3106=AXIS2_PLACEMENT_3D('',#4605,#3728,#3729);
#3107=AXIS2_PLACEMENT_3D('',#4607,#3731,#3732);
#3108=AXIS2_PLACEMENT_3D('',#4609,#3734,#3735);
#3109=AXIS2_PLACEMENT_3D('',#4618,#3740,#3741);
#3110=AXIS2_PLACEMENT_3D('',#4623,#3744,#3745);
#3111=AXIS2_PLACEMENT_3D('',#4624,#3746,#3747);
#3112=AXIS2_PLACEMENT_3D('',#4626,#3748,#3749);
#3113=AXIS2_PLACEMENT_3D('',#4629,#3751,#3752);
#3114=AXIS2_PLACEMENT_3D('',#4630,#3753,#3754);
#3115=AXIS2_PLACEMENT_3D('',#4632,#3756,#3757);
#3116=AXIS2_PLACEMENT_3D('',#4633,#3758,#3759);
#3117=AXIS2_PLACEMENT_3D('',#4634,#3760,#3761);
#3118=AXIS2_PLACEMENT_3D('',#4635,#3762,#3763);
#3119=AXIS2_PLACEMENT_3D('',#4637,#3765,#3766);
#3120=AXIS2_PLACEMENT_3D('',#4638,#3767,#3768);
#3121=AXIS2_PLACEMENT_3D('',#4640,#3769,#3770);
#3122=AXIS2_PLACEMENT_3D('',#4642,#3771,#3772);
#3123=AXIS2_PLACEMENT_3D('',#4644,#3774,#3775);
#3124=AXIS2_PLACEMENT_3D('',#4645,#3776,#3777);
#3125=AXIS2_PLACEMENT_3D('',#4647,#3779,#3780);
#3126=AXIS2_PLACEMENT_3D('',#4648,#3781,#3782);
#3127=AXIS2_PLACEMENT_3D('',#4649,#3783,#3784);
#3128=AXIS2_PLACEMENT_3D('',#4650,#3785,#3786);
#3129=AXIS2_PLACEMENT_3D('',#4652,#3788,#3789);
#3130=AXIS2_PLACEMENT_3D('',#4668,#3790,#3791);
#3131=AXIS2_PLACEMENT_3D('',#4671,#3793,#3794);
#3132=AXIS2_PLACEMENT_3D('',#4672,#3795,#3796);
#3133=AXIS2_PLACEMENT_3D('',#4676,#3799,#3800);
#3134=AXIS2_PLACEMENT_3D('',#4695,#3802,#3803);
#3135=AXIS2_PLACEMENT_3D('',#4698,#3805,#3806);
#3136=AXIS2_PLACEMENT_3D('',#4699,#3807,#3808);
#3137=AXIS2_PLACEMENT_3D('',#4702,#3811,#3812);
#3138=AXIS2_PLACEMENT_3D('',#4705,#3815,#3816);
#3139=AXIS2_PLACEMENT_3D('',#4712,#3821,#3822);
#3140=AXIS2_PLACEMENT_3D('',#4714,#3824,#3825);
#3141=AXIS2_PLACEMENT_3D('',#4718,#3828,#3829);
#3142=AXIS2_PLACEMENT_3D('',#4720,#3831,#3832);
#3143=AXIS2_PLACEMENT_3D('',#4722,#3834,#3835);
#3144=AXIS2_PLACEMENT_3D('',#4728,#3839,#3840);
#3145=AXIS2_PLACEMENT_3D('',#4730,#3842,#3843);
#3146=AXIS2_PLACEMENT_3D('',#4731,#3844,#3845);
#3147=AXIS2_PLACEMENT_3D('',#4733,#3847,#3848);
#3148=AXIS2_PLACEMENT_3D('',#4734,#3849,#3850);
#3149=AXIS2_PLACEMENT_3D('',#4736,#3852,#3853);
#3150=AXIS2_PLACEMENT_3D('',#4741,#3857,#3858);
#3151=AXIS2_PLACEMENT_3D('',#4742,#3859,#3860);
#3152=AXIS2_PLACEMENT_3D('',#4744,#3862,#3863);
#3153=AXIS2_PLACEMENT_3D('',#4747,#3866,#3867);
#3154=AXIS2_PLACEMENT_3D('',#4750,#3868,#3869);
#3155=AXIS2_PLACEMENT_3D('',#4754,#3871,#3872);
#3156=AXIS2_PLACEMENT_3D('',#4756,#3874,#3875);
#3157=AXIS2_PLACEMENT_3D('',#4762,#3879,#3880);
#3158=AXIS2_PLACEMENT_3D('',#4764,#3881,#3882);
#3159=AXIS2_PLACEMENT_3D('',#4767,#3884,#3885);
#3160=AXIS2_PLACEMENT_3D('',#4768,#3886,#3887);
#3161=AXIS2_PLACEMENT_3D('',#4774,#3891,#3892);
#3162=AXIS2_PLACEMENT_3D('',#4776,#3893,#3894);
#3163=AXIS2_PLACEMENT_3D('',#4779,#3896,#3897);
#3164=AXIS2_PLACEMENT_3D('',#4780,#3898,#3899);
#3165=AXIS2_PLACEMENT_3D('',#4786,#3903,#3904);
#3166=AXIS2_PLACEMENT_3D('',#4788,#3905,#3906);
#3167=AXIS2_PLACEMENT_3D('',#4791,#3908,#3909);
#3168=AXIS2_PLACEMENT_3D('',#4792,#3910,#3911);
#3169=AXIS2_PLACEMENT_3D('',#4795,#3914,#3915);
#3170=AXIS2_PLACEMENT_3D('',#4796,#3916,#3917);
#3171=AXIS2_PLACEMENT_3D('',#4798,#3919,#3920);
#3172=AXIS2_PLACEMENT_3D('',#4799,#3921,#3922);
#3173=AXIS2_PLACEMENT_3D('',#4800,#3923,#3924);
#3174=AXIS2_PLACEMENT_3D('',#4801,#3925,#3926);
#3175=AXIS2_PLACEMENT_3D('',#4802,#3927,#3928);
#3176=AXIS2_PLACEMENT_3D('',#4804,#3930,#3931);
#3177=AXIS2_PLACEMENT_3D('',#4807,#3934,#3935);
#3178=AXIS2_PLACEMENT_3D('',#4808,#3936,#3937);
#3179=AXIS2_PLACEMENT_3D('',#4810,#3939,#3940);
#3180=AXIS2_PLACEMENT_3D('',#4813,#3943,#3944);
#3181=AXIS2_PLACEMENT_3D('',#4815,#3946,#3947);
#3182=AXIS2_PLACEMENT_3D('',#4816,#3948,#3949);
#3183=AXIS2_PLACEMENT_3D('',#4818,#3951,#3952);
#3184=AXIS2_PLACEMENT_3D('',#4820,#3954,#3955);
#3185=AXIS2_PLACEMENT_3D('',#4821,#3956,#3957);
#3186=AXIS2_PLACEMENT_3D('',#4822,#3958,#3959);
#3187=AXIS2_PLACEMENT_3D('',#4823,#3960,#3961);
#3188=AXIS2_PLACEMENT_3D('',#4832,#3966,#3967);
#3189=AXIS2_PLACEMENT_3D('',#4838,#3971,#3972);
#3190=AXIS2_PLACEMENT_3D('',#4844,#3976,#3977);
#3191=AXIS2_PLACEMENT_3D('',#4847,#3980,#3981);
#3192=AXIS2_PLACEMENT_3D('',#4853,#3985,#3986);
#3193=AXIS2_PLACEMENT_3D('',#4857,#3989,#3990);
#3194=AXIS2_PLACEMENT_3D('',#4858,#3991,#3992);
#3195=AXIS2_PLACEMENT_3D('',#4862,#3995,#3996);
#3196=AXIS2_PLACEMENT_3D('',#4864,#3998,#3999);
#3197=AXIS2_PLACEMENT_3D('',#4873,#4004,#4005);
#3198=AXIS2_PLACEMENT_3D('',#4879,#4009,#4010);
#3199=AXIS2_PLACEMENT_3D('',#4885,#4014,#4015);
#3200=AXIS2_PLACEMENT_3D('',#4888,#4018,#4019);
#3201=AXIS2_PLACEMENT_3D('',#4889,#4020,#4021);
#3202=DIRECTION('axis',(0.,0.,1.));
#3203=DIRECTION('refdir',(1.,0.,0.));
#3204=DIRECTION('center_axis',(0.,0.,-1.));
#3205=DIRECTION('ref_axis',(-1.,0.,0.));
#3206=DIRECTION('',(1.,0.,0.));
#3207=DIRECTION('',(-0.0158726321348525,0.999874021839307,0.));
#3208=DIRECTION('',(-1.,0.,0.));
#3209=DIRECTION('',(0.,-1.,0.));
#3210=DIRECTION('center_axis',(-0.999874021839307,-0.0158726321348525,0.));
#3211=DIRECTION('ref_axis',(0.0158726321348525,-0.999874021839307,0.));
#3212=DIRECTION('',(0.,0.,-1.));
#3213=DIRECTION('',(0.0158726321348525,-0.999874021839307,0.));
#3214=DIRECTION('',(0.,0.,1.));
#3215=DIRECTION('center_axis',(0.,0.,1.));
#3216=DIRECTION('ref_axis',(1.,0.,0.));
#3217=DIRECTION('',(-1.,0.,0.));
#3218=DIRECTION('',(0.,1.,0.));
#3219=DIRECTION('',(1.,0.,0.));
#3220=DIRECTION('center_axis',(0.,1.,0.));
#3221=DIRECTION('ref_axis',(0.,0.,1.));
#3222=DIRECTION('',(0.,0.,-1.));
#3223=DIRECTION('',(1.,0.,0.));
#3224=DIRECTION('',(6.38059209554688E-17,0.,1.));
#3225=DIRECTION('',(-1.,0.,0.));
#3226=DIRECTION('',(0.,0.,-1.));
#3227=DIRECTION('center_axis',(1.,0.,0.));
#3228=DIRECTION('ref_axis',(0.,0.,-1.));
#3229=DIRECTION('',(0.,0.,-1.));
#3230=DIRECTION('',(0.,1.,0.));
#3231=DIRECTION('center_axis',(1.,0.,0.));
#3232=DIRECTION('ref_axis',(0.,0.,-1.));
#3233=DIRECTION('',(0.,1.,0.));
#3234=DIRECTION('',(0.,0.,-1.));
#3235=DIRECTION('center_axis',(0.,0.,1.));
#3236=DIRECTION('ref_axis',(1.,0.,0.));
#3237=DIRECTION('',(1.,0.,0.));
#3238=DIRECTION('',(0.,1.,0.));
#3239=DIRECTION('center_axis',(-1.,0.,6.38059209554688E-17));
#3240=DIRECTION('ref_axis',(6.38059209554688E-17,0.,1.));
#3241=DIRECTION('',(6.38059209554688E-17,0.,1.));
#3242=DIRECTION('',(0.,1.,0.));
#3243=DIRECTION('center_axis',(0.,0.,-1.));
#3244=DIRECTION('ref_axis',(-1.,0.,0.));
#3245=DIRECTION('',(-1.,0.,0.));
#3246=DIRECTION('center_axis',(0.,1.,0.));
#3247=DIRECTION('ref_axis',(0.,0.,1.));
#3248=DIRECTION('center_axis',(1.,0.,0.));
#3249=DIRECTION('ref_axis',(0.,0.,-1.));
#3250=DIRECTION('center_axis',(-1.,0.,0.));
#3251=DIRECTION('ref_axis',(0.,-0.707106781186548,0.707106781186547));
#3252=DIRECTION('',(0.,1.,0.));
#3253=DIRECTION('',(0.,0.287347885566345,-0.957826285221151));
#3254=DIRECTION('',(0.,1.,0.));
#3255=DIRECTION('',(0.,0.,1.));
#3256=DIRECTION('',(0.,-1.,0.));
#3257=DIRECTION('',(0.,-0.287347885566345,-0.957826285221151));
#3258=DIRECTION('',(0.,-1.,-1.2490009027033E-16));
#3259=DIRECTION('center_axis',(1.,0.,0.));
#3260=DIRECTION('ref_axis',(0.,-0.707106781186548,-0.707106781186547));
#3261=DIRECTION('',(-1.,0.,0.));
#3262=DIRECTION('center_axis',(1.,0.,0.));
#3263=DIRECTION('ref_axis',(0.,-0.707106781186548,0.707106781186547));
#3264=DIRECTION('',(1.,0.,0.));
#3265=DIRECTION('center_axis',(0.,0.,-1.));
#3266=DIRECTION('ref_axis',(0.,1.,0.));
#3267=DIRECTION('',(0.,-1.,0.));
#3268=DIRECTION('',(1.,0.,0.));
#3269=DIRECTION('center_axis',(-1.,0.,0.));
#3270=DIRECTION('ref_axis',(0.,0.,1.));
#3271=DIRECTION('',(0.,1.,1.2490009027033E-16));
#3272=DIRECTION('',(0.,0.287347885566345,0.957826285221151));
#3273=DIRECTION('',(0.,1.,0.));
#3274=DIRECTION('',(0.,0.,-1.));
#3275=DIRECTION('',(0.,-1.,0.));
#3276=DIRECTION('',(0.,-0.287347885566345,0.957826285221151));
#3277=DIRECTION('center_axis',(0.,-0.957826285221151,0.287347885566345));
#3278=DIRECTION('ref_axis',(0.,-0.287347885566345,-0.957826285221151));
#3279=DIRECTION('',(-1.,0.,0.));
#3280=DIRECTION('',(1.,0.,0.));
#3281=DIRECTION('center_axis',(0.,0.,1.));
#3282=DIRECTION('ref_axis',(0.,-1.,0.));
#3283=DIRECTION('',(1.,0.,0.));
#3284=DIRECTION('center_axis',(0.,1.,0.));
#3285=DIRECTION('ref_axis',(0.,0.,1.));
#3286=DIRECTION('',(1.,0.,0.));
#3287=DIRECTION('center_axis',(0.,0.,-1.));
#3288=DIRECTION('ref_axis',(0.,1.,0.));
#3289=DIRECTION('',(1.,0.,0.));
#3290=DIRECTION('center_axis',(0.,-0.957826285221151,-0.287347885566345));
#3291=DIRECTION('ref_axis',(0.,0.287347885566345,-0.957826285221151));
#3292=DIRECTION('center_axis',(0.,-1.2490009027033E-16,1.));
#3293=DIRECTION('ref_axis',(0.,-1.,-1.2490009027033E-16));
#3294=DIRECTION('center_axis',(1.,0.,0.));
#3295=DIRECTION('ref_axis',(0.,0.,-1.));
#3296=DIRECTION('center_axis',(-1.,0.,0.));
#3297=DIRECTION('ref_axis',(0.,-0.707106781186548,0.707106781186547));
#3298=DIRECTION('',(0.,1.,0.));
#3299=DIRECTION('',(0.,0.287347885566345,-0.957826285221151));
#3300=DIRECTION('',(0.,1.,0.));
#3301=DIRECTION('',(0.,0.,1.));
#3302=DIRECTION('',(0.,-1.,0.));
#3303=DIRECTION('',(0.,-0.287347885566345,-0.957826285221151));
#3304=DIRECTION('',(0.,-1.,-1.2490009027033E-16));
#3305=DIRECTION('center_axis',(1.,0.,0.));
#3306=DIRECTION('ref_axis',(0.,-0.707106781186548,-0.707106781186547));
#3307=DIRECTION('',(-1.,0.,0.));
#3308=DIRECTION('center_axis',(1.,0.,0.));
#3309=DIRECTION('ref_axis',(0.,-0.707106781186548,0.707106781186547));
#3310=DIRECTION('',(1.,0.,0.));
#3311=DIRECTION('center_axis',(0.,0.,-1.));
#3312=DIRECTION('ref_axis',(0.,1.,0.));
#3313=DIRECTION('',(0.,-1.,0.));
#3314=DIRECTION('',(1.,0.,0.));
#3315=DIRECTION('center_axis',(-1.,0.,0.));
#3316=DIRECTION('ref_axis',(0.,0.,1.));
#3317=DIRECTION('',(0.,1.,1.2490009027033E-16));
#3318=DIRECTION('',(0.,0.287347885566345,0.957826285221151));
#3319=DIRECTION('',(0.,1.,0.));
#3320=DIRECTION('',(0.,0.,-1.));
#3321=DIRECTION('',(0.,-1.,0.));
#3322=DIRECTION('',(0.,-0.287347885566345,0.957826285221151));
#3323=DIRECTION('center_axis',(0.,-0.957826285221151,0.287347885566345));
#3324=DIRECTION('ref_axis',(0.,-0.287347885566345,-0.957826285221151));
#3325=DIRECTION('',(-1.,0.,0.));
#3326=DIRECTION('',(1.,0.,0.));
#3327=DIRECTION('center_axis',(0.,0.,1.));
#3328=DIRECTION('ref_axis',(0.,-1.,0.));
#3329=DIRECTION('',(1.,0.,0.));
#3330=DIRECTION('center_axis',(0.,1.,0.));
#3331=DIRECTION('ref_axis',(0.,0.,1.));
#3332=DIRECTION('',(1.,0.,0.));
#3333=DIRECTION('center_axis',(0.,0.,-1.));
#3334=DIRECTION('ref_axis',(0.,1.,0.));
#3335=DIRECTION('',(1.,0.,0.));
#3336=DIRECTION('center_axis',(0.,-0.957826285221151,-0.287347885566345));
#3337=DIRECTION('ref_axis',(0.,0.287347885566345,-0.957826285221151));
#3338=DIRECTION('center_axis',(0.,-1.2490009027033E-16,1.));
#3339=DIRECTION('ref_axis',(0.,-1.,-1.2490009027033E-16));
#3340=DIRECTION('center_axis',(1.,0.,0.));
#3341=DIRECTION('ref_axis',(0.,0.,-1.));
#3342=DIRECTION('center_axis',(-1.,0.,0.));
#3343=DIRECTION('ref_axis',(0.,-0.707106781186548,0.707106781186547));
#3344=DIRECTION('',(0.,1.,0.));
#3345=DIRECTION('',(0.,0.287347885566345,-0.957826285221151));
#3346=DIRECTION('',(0.,1.,0.));
#3347=DIRECTION('',(0.,0.,1.));
#3348=DIRECTION('',(0.,-1.,0.));
#3349=DIRECTION('',(0.,-0.287347885566345,-0.957826285221151));
#3350=DIRECTION('',(0.,-1.,-1.2490009027033E-16));
#3351=DIRECTION('center_axis',(1.,0.,0.));
#3352=DIRECTION('ref_axis',(0.,-0.707106781186548,-0.707106781186547));
#3353=DIRECTION('',(-1.,0.,0.));
#3354=DIRECTION('center_axis',(1.,0.,0.));
#3355=DIRECTION('ref_axis',(0.,-0.707106781186548,0.707106781186547));
#3356=DIRECTION('',(1.,0.,0.));
#3357=DIRECTION('center_axis',(0.,0.,-1.));
#3358=DIRECTION('ref_axis',(0.,1.,0.));
#3359=DIRECTION('',(0.,-1.,0.));
#3360=DIRECTION('',(1.,0.,0.));
#3361=DIRECTION('center_axis',(-1.,0.,0.));
#3362=DIRECTION('ref_axis',(0.,0.,1.));
#3363=DIRECTION('',(0.,1.,1.2490009027033E-16));
#3364=DIRECTION('',(0.,0.287347885566345,0.957826285221151));
#3365=DIRECTION('',(0.,1.,0.));
#3366=DIRECTION('',(0.,0.,-1.));
#3367=DIRECTION('',(0.,-1.,0.));
#3368=DIRECTION('',(0.,-0.287347885566345,0.957826285221151));
#3369=DIRECTION('center_axis',(0.,-0.957826285221151,0.287347885566345));
#3370=DIRECTION('ref_axis',(0.,-0.287347885566345,-0.957826285221151));
#3371=DIRECTION('',(-1.,0.,0.));
#3372=DIRECTION('',(1.,0.,0.));
#3373=DIRECTION('center_axis',(0.,0.,1.));
#3374=DIRECTION('ref_axis',(0.,-1.,0.));
#3375=DIRECTION('',(1.,0.,0.));
#3376=DIRECTION('center_axis',(0.,1.,0.));
#3377=DIRECTION('ref_axis',(0.,0.,1.));
#3378=DIRECTION('',(1.,0.,0.));
#3379=DIRECTION('center_axis',(0.,0.,-1.));
#3380=DIRECTION('ref_axis',(0.,1.,0.));
#3381=DIRECTION('',(1.,0.,0.));
#3382=DIRECTION('center_axis',(0.,-0.957826285221151,-0.287347885566345));
#3383=DIRECTION('ref_axis',(0.,0.287347885566345,-0.957826285221151));
#3384=DIRECTION('center_axis',(0.,-1.2490009027033E-16,1.));
#3385=DIRECTION('ref_axis',(0.,-1.,-1.2490009027033E-16));
#3386=DIRECTION('center_axis',(0.999874021839307,-0.0158726321348529,0.));
#3387=DIRECTION('ref_axis',(0.0112236458178397,0.707017701174833,-0.707106781186555));
#3388=DIRECTION('center_axis',(-0.999874021839307,0.0158726321348529,0.));
#3389=DIRECTION('ref_axis',(0.0112236458178397,0.707017701174833,-0.707106781186555));
#3390=DIRECTION('',(0.999874021839307,-0.0158726321348529,0.));
#3391=DIRECTION('center_axis',(0.999874021839307,-0.0158726321348527,0.));
#3392=DIRECTION('ref_axis',(0.0112236458178397,0.707017701174833,-0.707106781186555));
#3393=DIRECTION('',(-0.999874021839307,0.0158726321348529,0.));
#3394=DIRECTION('center_axis',(0.,0.,1.));
#3395=DIRECTION('ref_axis',(1.,0.,0.));
#3396=DIRECTION('',(-0.0158726321348537,-0.999874021839307,0.));
#3397=DIRECTION('center_axis',(0.,0.,-1.));
#3398=DIRECTION('ref_axis',(-0.718241346992674,-0.695794055357007,0.));
#3399=DIRECTION('',(0.999874021839307,-0.0158726321348522,0.));
#3400=DIRECTION('',(-0.0158726321348522,-0.999874021839307,0.));
#3401=DIRECTION('',(-0.999874021839307,0.0158726321348522,0.));
#3402=DIRECTION('',(0.0158726321348522,0.999874021839307,0.));
#3403=DIRECTION('center_axis',(-0.999874021839307,0.0158726321348529,0.));
#3404=DIRECTION('ref_axis',(0.0112236458178399,0.70701770117484,0.707106781186547));
#3405=DIRECTION('center_axis',(0.999874021839307,-0.0158726321348527,0.));
#3406=DIRECTION('ref_axis',(0.0112236458178399,0.70701770117484,0.707106781186547));
#3407=DIRECTION('',(-0.999874021839307,0.0158726321348529,0.));
#3408=DIRECTION('center_axis',(-0.999874021839307,0.0158726321348529,0.));
#3409=DIRECTION('ref_axis',(0.0112236458178399,0.70701770117484,0.707106781186547));
#3410=DIRECTION('',(0.999874021839307,-0.0158726321348529,0.));
#3411=DIRECTION('center_axis',(0.,0.,-1.));
#3412=DIRECTION('ref_axis',(-1.,0.,0.));
#3413=DIRECTION('',(-0.0158726321348522,-0.999874021839307,0.));
#3414=DIRECTION('',(0.999874021839307,-0.0158726321348522,0.));
#3415=DIRECTION('',(0.0158726321348522,0.999874021839307,0.));
#3416=DIRECTION('',(-0.999874021839307,0.0158726321348522,0.));
#3417=DIRECTION('center_axis',(0.,0.,1.));
#3418=DIRECTION('ref_axis',(-0.718241346992674,-0.695794055357007,0.));
#3419=DIRECTION('',(0.0158726321348537,0.999874021839307,0.));
#3420=DIRECTION('center_axis',(0.999874021839307,-0.0158726321348529,0.));
#3421=DIRECTION('ref_axis',(0.0112236458178399,0.70701770117484,-0.707106781186547));
#3422=DIRECTION('center_axis',(-0.999874021839307,0.0158726321348529,0.));
#3423=DIRECTION('ref_axis',(0.0112236458178399,0.70701770117484,-0.707106781186547));
#3424=DIRECTION('',(0.999874021839307,-0.0158726321348529,0.));
#3425=DIRECTION('center_axis',(0.999874021839307,-0.0158726321348527,0.));
#3426=DIRECTION('ref_axis',(0.0112236458178399,0.70701770117484,-0.707106781186547));
#3427=DIRECTION('',(-0.999874021839307,0.0158726321348529,0.));
#3428=DIRECTION('center_axis',(0.,0.,-1.));
#3429=DIRECTION('ref_axis',(-1.,0.,0.));
#3430=DIRECTION('',(0.0158726321348537,0.999874021839307,0.));
#3431=DIRECTION('center_axis',(0.,0.,1.));
#3432=DIRECTION('ref_axis',(-0.718241346992674,-0.695794055357007,0.));
#3433=DIRECTION('',(-0.999874021839307,0.0158726321348522,0.));
#3434=DIRECTION('',(0.0158726321348522,0.999874021839307,0.));
#3435=DIRECTION('',(0.999874021839307,-0.0158726321348522,0.));
#3436=DIRECTION('',(-0.0158726321348522,-0.999874021839307,0.));
#3437=DIRECTION('center_axis',(-0.999874021839307,0.0158726321348529,0.));
#3438=DIRECTION('ref_axis',(0.0112236458178397,0.707017701174833,0.707106781186555));
#3439=DIRECTION('center_axis',(0.999874021839307,-0.0158726321348527,0.));
#3440=DIRECTION('ref_axis',(0.0112236458178397,0.707017701174833,0.707106781186555));
#3441=DIRECTION('',(-0.999874021839307,0.0158726321348529,0.));
#3442=DIRECTION('center_axis',(-0.999874021839307,0.0158726321348529,0.));
#3443=DIRECTION('ref_axis',(0.0112236458178397,0.707017701174833,0.707106781186555));
#3444=DIRECTION('',(0.999874021839307,-0.0158726321348529,0.));
#3445=DIRECTION('center_axis',(0.,0.,1.));
#3446=DIRECTION('ref_axis',(1.,0.,0.));
#3447=DIRECTION('',(0.0158726321348522,0.999874021839307,0.));
#3448=DIRECTION('',(-0.999874021839307,0.0158726321348522,0.));
#3449=DIRECTION('',(-0.0158726321348522,-0.999874021839307,0.));
#3450=DIRECTION('',(0.999874021839307,-0.0158726321348522,0.));
#3451=DIRECTION('center_axis',(0.,0.,-1.));
#3452=DIRECTION('ref_axis',(-0.718241346992674,-0.695794055357007,0.));
#3453=DIRECTION('',(-0.0158726321348537,-0.999874021839307,0.));
#3454=DIRECTION('center_axis',(0.999874021839307,-0.0158726321348529,0.));
#3455=DIRECTION('ref_axis',(-0.0112236458178321,-0.707017701174837,-0.707106781186551));
#3456=DIRECTION('center_axis',(-0.999874021839307,0.0158726321348527,0.));
#3457=DIRECTION('ref_axis',(-0.0112236458178321,-0.707017701174837,-0.707106781186551));
#3458=DIRECTION('',(-0.999874021839307,0.0158726321348529,0.));
#3459=DIRECTION('center_axis',(0.999874021839307,-0.0158726321348529,0.));
#3460=DIRECTION('ref_axis',(-0.0112236458178321,-0.707017701174837,-0.707106781186551));
#3461=DIRECTION('',(0.999874021839307,-0.0158726321348529,0.));
#3462=DIRECTION('center_axis',(0.0158726321348529,0.999874021839307,0.));
#3463=DIRECTION('ref_axis',(-0.999874021839307,0.0158726321348529,0.));
#3464=DIRECTION('',(0.,0.,-1.));
#3465=DIRECTION('',(0.,0.,1.));
#3466=DIRECTION('center_axis',(-0.999874021839307,0.0158726321348527,0.));
#3467=DIRECTION('ref_axis',(-0.0158726321348527,-0.999874021839307,0.));
#3468=DIRECTION('',(0.0158726321348527,0.999874021839307,0.));
#3469=DIRECTION('',(0.,0.,-1.));
#3470=DIRECTION('',(0.,0.,-1.));
#3471=DIRECTION('',(0.,0.,-1.));
#3472=DIRECTION('',(-0.0158726321348527,-0.999874021839307,0.));
#3473=DIRECTION('center_axis',(-0.999874021839307,0.0158726321348527,0.));
#3474=DIRECTION('ref_axis',(-0.0112236458178321,-0.707017701174837,0.707106781186551));
#3475=DIRECTION('',(0.,0.,1.));
#3476=DIRECTION('',(0.,0.,-1.));
#3477=DIRECTION('',(0.,0.,1.));
#3478=DIRECTION('',(0.0158726321348527,0.999874021839307,2.77555756156289E-16));
#3479=DIRECTION('',(0.,0.,-1.));
#3480=DIRECTION('',(0.,0.,-1.));
#3481=DIRECTION('',(-0.0158726321348527,-0.999874021839307,0.));
#3482=DIRECTION('',(0.,0.,1.));
#3483=DIRECTION('',(0.,0.,1.));
#3484=DIRECTION('center_axis',(0.,0.,-1.));
#3485=DIRECTION('ref_axis',(-0.707106781186548,-0.707106781186548,0.));
#3486=DIRECTION('center_axis',(0.,0.,1.));
#3487=DIRECTION('ref_axis',(-0.707106781186548,-0.707106781186548,0.));
#3488=DIRECTION('',(0.,0.,1.));
#3489=DIRECTION('center_axis',(0.,0.,-1.));
#3490=DIRECTION('ref_axis',(-0.707106781186548,-0.707106781186548,0.));
#3491=DIRECTION('',(0.,0.,-1.));
#3492=DIRECTION('center_axis',(-1.,0.,0.));
#3493=DIRECTION('ref_axis',(0.,0.,-1.));
#3494=DIRECTION('',(0.,-1.,0.));
#3495=DIRECTION('center_axis',(-1.,0.,0.));
#3496=DIRECTION('ref_axis',(0.,0.707106781186548,-0.707106781186548));
#3497=DIRECTION('',(0.,1.,0.));
#3498=DIRECTION('center_axis',(1.,0.,0.));
#3499=DIRECTION('ref_axis',(0.,0.707106781186548,-0.707106781186548));
#3500=DIRECTION('',(0.,-1.,0.));
#3501=DIRECTION('center_axis',(0.,0.,1.));
#3502=DIRECTION('ref_axis',(-1.,0.,0.));
#3503=DIRECTION('',(-1.,0.,0.));
#3504=DIRECTION('center_axis',(0.,0.,-1.));
#3505=DIRECTION('ref_axis',(0.707106781186548,-0.707106781186548,0.));
#3506=DIRECTION('',(0.,-1.,0.));
#3507=DIRECTION('',(1.,0.,0.));
#3508=DIRECTION('center_axis',(-0.999874021839307,0.0158726321348529,0.));
#3509=DIRECTION('ref_axis',(-0.0112236458178321,-0.707017701174837,0.707106781186551));
#3510=DIRECTION('center_axis',(0.999874021839307,-0.0158726321348529,0.));
#3511=DIRECTION('ref_axis',(-0.0112236458178321,-0.707017701174837,0.707106781186551));
#3512=DIRECTION('',(0.999874021839307,-0.0158726321348529,0.));
#3513=DIRECTION('',(-0.999874021839307,0.0158726321348529,0.));
#3514=DIRECTION('center_axis',(0.0158726321348529,0.999874021839307,0.));
#3515=DIRECTION('ref_axis',(-0.999874021839307,0.0158726321348529,0.));
#3516=DIRECTION('',(0.,0.,-1.));
#3517=DIRECTION('center_axis',(0.,0.,1.));
#3518=DIRECTION('ref_axis',(-0.707106781186548,-0.707106781186548,0.));
#3519=DIRECTION('center_axis',(0.,0.,-1.));
#3520=DIRECTION('ref_axis',(-0.707106781186548,-0.707106781186548,0.));
#3521=DIRECTION('',(0.,0.,-1.));
#3522=DIRECTION('center_axis',(0.,0.,1.));
#3523=DIRECTION('ref_axis',(-0.707106781186548,-0.707106781186548,0.));
#3524=DIRECTION('',(0.,0.,1.));
#3525=DIRECTION('center_axis',(-1.,0.,0.));
#3526=DIRECTION('ref_axis',(0.,0.,-1.));
#3527=DIRECTION('',(0.,-1.,0.));
#3528=DIRECTION('center_axis',(1.,0.,0.));
#3529=DIRECTION('ref_axis',(0.,0.707106781186548,0.707106781186548));
#3530=DIRECTION('',(0.,-1.,0.));
#3531=DIRECTION('center_axis',(-1.,0.,0.));
#3532=DIRECTION('ref_axis',(0.,0.707106781186548,0.707106781186548));
#3533=DIRECTION('',(0.,-1.,0.));
#3534=DIRECTION('center_axis',(0.,0.,-1.));
#3535=DIRECTION('ref_axis',(-1.,0.,0.));
#3536=DIRECTION('',(1.,0.,0.));
#3537=DIRECTION('center_axis',(0.,0.,-1.));
#3538=DIRECTION('ref_axis',(0.707106781186548,-0.707106781186548,0.));
#3539=DIRECTION('',(0.,-1.,0.));
#3540=DIRECTION('',(1.,0.,0.));
#3541=DIRECTION('center_axis',(0.999874021839307,0.0158726321348529,0.));
#3542=DIRECTION('ref_axis',(0.011223645817832,-0.707017701174841,0.707106781186547));
#3543=DIRECTION('center_axis',(-0.999874021839307,-0.0158726321348529,0.));
#3544=DIRECTION('ref_axis',(0.011223645817832,-0.707017701174841,0.707106781186547));
#3545=DIRECTION('',(-0.999874021839307,-0.0158726321348529,0.));
#3546=DIRECTION('center_axis',(0.999874021839307,0.0158726321348527,0.));
#3547=DIRECTION('ref_axis',(0.011223645817832,-0.707017701174841,0.707106781186547));
#3548=DIRECTION('',(0.999874021839307,0.0158726321348529,0.));
#3549=DIRECTION('center_axis',(0.,0.,1.));
#3550=DIRECTION('ref_axis',(1.,0.,0.));
#3551=DIRECTION('',(-0.0158726321348529,0.999874021839307,0.));
#3552=DIRECTION('center_axis',(0.,0.,-1.));
#3553=DIRECTION('ref_axis',(0.701472511173867,0.712696510491969,0.));
#3554=DIRECTION('',(0.,1.,0.));
#3555=DIRECTION('',(0.0158726321348527,-0.999874021839307,0.));
#3556=DIRECTION('center_axis',(0.999874021839307,0.0158726321348529,0.));
#3557=DIRECTION('ref_axis',(-0.0158726321348529,0.999874021839307,0.));
#3558=DIRECTION('',(0.,0.,-1.));
#3559=DIRECTION('center_axis',(0.999874021839307,0.0158726321348529,0.));
#3560=DIRECTION('ref_axis',(-0.0112236458178397,0.707017701174833,-0.707106781186555));
#3561=DIRECTION('',(0.0158726321348537,-0.999874021839307,0.));
#3562=DIRECTION('',(0.,0.,-1.));
#3563=DIRECTION('',(-0.0158726321348537,0.999874021839307,0.));
#3564=DIRECTION('center_axis',(0.999874021839307,0.0158726321348529,0.));
#3565=DIRECTION('ref_axis',(-0.0112236458178399,0.70701770117484,0.707106781186547));
#3566=DIRECTION('',(0.,0.,-1.));
#3567=DIRECTION('',(-0.0158726321348529,0.999874021839307,-4.33517774319896E-16));
#3568=DIRECTION('',(0.,0.,1.));
#3569=DIRECTION('',(0.0158726321348529,-0.999874021839307,-4.33517774319895E-16));
#3570=DIRECTION('',(0.,0.,-1.));
#3571=DIRECTION('center_axis',(0.999874021839307,0.0158726321348529,0.));
#3572=DIRECTION('ref_axis',(-0.0112236458178399,0.70701770117484,-0.707106781186547));
#3573=DIRECTION('',(-0.0158726321348537,0.999874021839307,0.));
#3574=DIRECTION('',(0.,0.,1.));
#3575=DIRECTION('',(0.0158726321348537,-0.999874021839307,0.));
#3576=DIRECTION('center_axis',(0.999874021839307,0.0158726321348529,0.));
#3577=DIRECTION('ref_axis',(-0.0112236458178397,0.707017701174833,0.707106781186555));
#3578=DIRECTION('',(0.,0.,-1.));
#3579=DIRECTION('center_axis',(-0.999874021839307,-0.0158726321348529,0.));
#3580=DIRECTION('ref_axis',(0.011223645817832,-0.707017701174841,-0.707106781186547));
#3581=DIRECTION('',(0.0158726321348529,-0.999874021839307,0.));
#3582=DIRECTION('',(0.,0.,-1.));
#3583=DIRECTION('center_axis',(0.,0.,-1.));
#3584=DIRECTION('ref_axis',(0.707106781186548,-0.707106781186548,0.));
#3585=DIRECTION('center_axis',(0.,0.,1.));
#3586=DIRECTION('ref_axis',(0.707106781186548,-0.707106781186548,0.));
#3587=DIRECTION('',(0.,0.,1.));
#3588=DIRECTION('',(0.,0.,-1.));
#3589=DIRECTION('center_axis',(1.,0.,0.));
#3590=DIRECTION('ref_axis',(0.,0.,1.));
#3591=DIRECTION('',(0.,-1.,0.));
#3592=DIRECTION('center_axis',(1.,0.,0.));
#3593=DIRECTION('ref_axis',(0.,0.707106781186548,0.707106781186548));
#3594=DIRECTION('',(0.,0.,1.));
#3595=DIRECTION('center_axis',(-1.,0.,0.));
#3596=DIRECTION('ref_axis',(0.,0.707106781186548,0.707106781186548));
#3597=DIRECTION('center_axis',(0.999874021839307,0.0158726321348529,0.));
#3598=DIRECTION('ref_axis',(-0.0112236458178397,0.707017701174833,-0.707106781186555));
#3599=DIRECTION('center_axis',(-0.999874021839307,-0.0158726321348527,0.));
#3600=DIRECTION('ref_axis',(-0.0112236458178397,0.707017701174833,-0.707106781186555));
#3601=DIRECTION('',(0.999874021839307,0.0158726321348529,0.));
#3602=DIRECTION('',(-0.999874021839307,-0.0158726321348529,0.));
#3603=DIRECTION('center_axis',(0.,0.,-1.));
#3604=DIRECTION('ref_axis',(-1.,0.,0.));
#3605=DIRECTION('',(-0.0158726321348522,0.999874021839307,0.));
#3606=DIRECTION('',(0.999874021839307,0.0158726321348522,0.));
#3607=DIRECTION('',(0.0158726321348522,-0.999874021839307,0.));
#3608=DIRECTION('',(-0.999874021839307,-0.0158726321348522,0.));
#3609=DIRECTION('center_axis',(0.,0.,1.));
#3610=DIRECTION('ref_axis',(0.718241346992674,-0.695794055357007,0.));
#3611=DIRECTION('center_axis',(-0.999874021839307,-0.0158726321348529,0.));
#3612=DIRECTION('ref_axis',(-0.0112236458178399,0.70701770117484,0.707106781186547));
#3613=DIRECTION('',(-0.999874021839307,-0.0158726321348529,0.));
#3614=DIRECTION('center_axis',(-0.999874021839307,-0.0158726321348527,0.));
#3615=DIRECTION('ref_axis',(-0.0112236458178399,0.70701770117484,0.707106781186547));
#3616=DIRECTION('',(0.999874021839307,0.0158726321348529,0.));
#3617=DIRECTION('center_axis',(0.,0.,1.));
#3618=DIRECTION('ref_axis',(1.,0.,0.));
#3619=DIRECTION('center_axis',(0.,0.,-1.));
#3620=DIRECTION('ref_axis',(0.718241346992674,-0.695794055357007,0.));
#3621=DIRECTION('',(0.999874021839307,0.0158726321348522,0.));
#3622=DIRECTION('',(-0.0158726321348522,0.999874021839307,0.));
#3623=DIRECTION('',(-0.999874021839307,-0.0158726321348522,0.));
#3624=DIRECTION('',(0.0158726321348522,-0.999874021839307,0.));
#3625=DIRECTION('center_axis',(0.,0.,1.));
#3626=DIRECTION('ref_axis',(0.707106781186548,-0.707106781186548,0.));
#3627=DIRECTION('',(0.,0.,-1.));
#3628=DIRECTION('center_axis',(0.,0.,1.));
#3629=DIRECTION('ref_axis',(0.707106781186548,-0.707106781186548,0.));
#3630=DIRECTION('',(0.,0.,1.));
#3631=DIRECTION('center_axis',(1.,0.,0.));
#3632=DIRECTION('ref_axis',(0.,0.,1.));
#3633=DIRECTION('',(0.,-1.,0.));
#3634=DIRECTION('center_axis',(-1.,0.,0.));
#3635=DIRECTION('ref_axis',(0.,0.707106781186548,-0.707106781186548));
#3636=DIRECTION('',(0.,-1.,0.));
#3637=DIRECTION('',(0.,0.,1.));
#3638=DIRECTION('center_axis',(1.,0.,0.));
#3639=DIRECTION('ref_axis',(0.,0.707106781186548,-0.707106781186548));
#3640=DIRECTION('center_axis',(-0.999874021839307,-0.0158726321348529,0.));
#3641=DIRECTION('ref_axis',(0.011223645817832,-0.707017701174841,-0.707106781186547));
#3642=DIRECTION('center_axis',(0.999874021839307,0.0158726321348527,0.));
#3643=DIRECTION('ref_axis',(0.011223645817832,-0.707017701174841,-0.707106781186547));
#3644=DIRECTION('',(0.999874021839307,0.0158726321348529,0.));
#3645=DIRECTION('',(-0.999874021839307,-0.0158726321348529,0.));
#3646=DIRECTION('center_axis',(0.0158726321348529,-0.999874021839307,0.));
#3647=DIRECTION('ref_axis',(0.999874021839307,0.0158726321348529,0.));
#3648=DIRECTION('',(0.999874021839307,0.0158726321348529,0.));
#3649=DIRECTION('',(0.,0.,1.));
#3650=DIRECTION('center_axis',(0.999874021839307,0.0158726321348529,0.));
#3651=DIRECTION('ref_axis',(-0.0112236458178399,0.70701770117484,-0.707106781186547));
#3652=DIRECTION('center_axis',(-0.999874021839307,-0.0158726321348527,0.));
#3653=DIRECTION('ref_axis',(-0.0112236458178399,0.70701770117484,-0.707106781186547));
#3654=DIRECTION('',(0.999874021839307,0.0158726321348529,0.));
#3655=DIRECTION('',(-0.999874021839307,-0.0158726321348529,0.));
#3656=DIRECTION('center_axis',(0.,0.,1.));
#3657=DIRECTION('ref_axis',(1.,0.,0.));
#3658=DIRECTION('',(0.0158726321348522,-0.999874021839307,0.));
#3659=DIRECTION('',(-0.999874021839307,-0.0158726321348522,0.));
#3660=DIRECTION('',(-0.0158726321348522,0.999874021839307,0.));
#3661=DIRECTION('',(0.999874021839307,0.0158726321348522,0.));
#3662=DIRECTION('center_axis',(0.,0.,-1.));
#3663=DIRECTION('ref_axis',(0.718241346992674,-0.695794055357006,0.));
#3664=DIRECTION('center_axis',(-0.999874021839307,-0.0158726321348529,0.));
#3665=DIRECTION('ref_axis',(-0.0112236458178397,0.707017701174833,0.707106781186555));
#3666=DIRECTION('',(-0.999874021839307,-0.0158726321348529,0.));
#3667=DIRECTION('center_axis',(-0.999874021839307,-0.0158726321348527,0.));
#3668=DIRECTION('ref_axis',(-0.0112236458178397,0.707017701174833,0.707106781186555));
#3669=DIRECTION('center_axis',(0.,0.,-1.));
#3670=DIRECTION('ref_axis',(-1.,0.,0.));
#3671=DIRECTION('center_axis',(0.,0.,1.));
#3672=DIRECTION('ref_axis',(0.718241346992674,-0.695794055357006,0.));
#3673=DIRECTION('',(-0.999874021839307,-0.0158726321348522,0.));
#3674=DIRECTION('',(0.0158726321348522,-0.999874021839307,0.));
#3675=DIRECTION('',(0.999874021839307,0.0158726321348522,0.));
#3676=DIRECTION('',(-0.0158726321348522,0.999874021839307,0.));
#3677=DIRECTION('center_axis',(0.0158726321348522,0.999874021839307,0.));
#3678=DIRECTION('ref_axis',(0.987970335376246,-0.0156836654929054,-0.153846153846154));
#3679=DIRECTION('center_axis',(0.0158726321348522,0.999874021839307,0.));
#3680=DIRECTION('ref_axis',(0.987970335376246,-0.0156836654929054,-0.153846153846154));
#3681=DIRECTION('center_axis',(-0.0158726321348522,-0.999874021839307,0.));
#3682=DIRECTION('ref_axis',(0.987970335376246,-0.0156836654929054,-0.153846153846154));
#3683=DIRECTION('',(0.0158726321348522,0.999874021839307,0.));
#3684=DIRECTION('center_axis',(-0.0158726321348522,-0.999874021839307,0.));
#3685=DIRECTION('ref_axis',(-0.999874021839307,0.0158726321348522,0.));
#3686=DIRECTION('center_axis',(0.0158726321348522,0.999874021839307,0.));
#3687=DIRECTION('ref_axis',(0.707017701174841,-0.0112236458178335,0.707106781186547));
#3688=DIRECTION('',(0.,0.,1.));
#3689=DIRECTION('center_axis',(0.0158726321348522,0.999874021839307,0.));
#3690=DIRECTION('ref_axis',(0.707017701174841,-0.0112236458178335,0.707106781186547));
#3691=DIRECTION('center_axis',(-0.0158726321348522,-0.999874021839307,0.));
#3692=DIRECTION('ref_axis',(0.707017701174841,-0.0112236458178335,0.707106781186547));
#3693=DIRECTION('center_axis',(0.,0.,-1.));
#3694=DIRECTION('ref_axis',(-0.718241346992674,-0.695794055357007,0.));
#3695=DIRECTION('',(0.,0.,-1.));
#3696=DIRECTION('center_axis',(0.0158726321348522,0.999874021839307,0.));
#3697=DIRECTION('ref_axis',(0.999874021839307,-0.0158726321348522,0.));
#3698=DIRECTION('center_axis',(0.0158726321348529,0.999874021839307,0.));
#3699=DIRECTION('ref_axis',(-0.999874021839307,0.0158726321348529,0.));
#3700=DIRECTION('',(0.,0.,-1.));
#3701=DIRECTION('center_axis',(0.0158726321348529,0.999874021839307,0.));
#3702=DIRECTION('ref_axis',(-0.996963075140844,0.015826421927267,-0.0762505814711691));
#3703=DIRECTION('',(-0.152038028369548,0.00241354774912435,0.988371697650617));
#3704=DIRECTION('',(0.152038028369548,-0.00241354774912435,0.988371697650617));
#3705=DIRECTION('center_axis',(0.0158726321348529,0.999874021839307,0.));
#3706=DIRECTION('ref_axis',(-0.996963075140844,0.015826421927267,0.0762505814711691));
#3707=DIRECTION('',(0.,0.,-1.));
#3708=DIRECTION('',(-0.152038028369548,0.00241354774912435,-0.988371697650617));
#3709=DIRECTION('',(0.152038028369548,-0.00241354774912435,-0.988371697650617));
#3710=DIRECTION('center_axis',(0.0158726321348522,-0.999874021839307,0.));
#3711=DIRECTION('ref_axis',(-0.987970335376246,-0.0156836654929054,-0.153846153846154));
#3712=DIRECTION('center_axis',(0.0158726321348522,-0.999874021839307,0.));
#3713=DIRECTION('ref_axis',(-0.987970335376246,-0.0156836654929054,-0.153846153846154));
#3714=DIRECTION('',(-0.0158726321348522,0.999874021839307,0.));
#3715=DIRECTION('center_axis',(-0.0158726321348522,0.999874021839307,0.));
#3716=DIRECTION('ref_axis',(-0.987970335376246,-0.0156836654929054,-0.153846153846154));
#3717=DIRECTION('center_axis',(-0.0158726321348522,0.999874021839307,0.));
#3718=DIRECTION('ref_axis',(0.999874021839307,0.0158726321348522,0.));
#3719=DIRECTION('',(0.,0.,1.));
#3720=DIRECTION('center_axis',(0.0158726321348522,-0.999874021839307,0.));
#3721=DIRECTION('ref_axis',(-0.707017701174841,-0.0112236458178335,0.707106781186547));
#3722=DIRECTION('center_axis',(0.0158726321348522,-0.999874021839307,0.));
#3723=DIRECTION('ref_axis',(-0.707017701174841,-0.0112236458178335,0.707106781186547));
#3724=DIRECTION('center_axis',(-0.0158726321348522,0.999874021839307,0.));
#3725=DIRECTION('ref_axis',(-0.707017701174841,-0.0112236458178335,0.707106781186547));
#3726=DIRECTION('center_axis',(0.,0.,1.));
#3727=DIRECTION('ref_axis',(0.718241346992674,-0.695794055357007,0.));
#3728=DIRECTION('center_axis',(0.0158726321348522,-0.999874021839307,0.));
#3729=DIRECTION('ref_axis',(-0.999874021839307,-0.0158726321348522,0.));
#3730=DIRECTION('',(0.,0.,-1.));
#3731=DIRECTION('center_axis',(0.0158726321348529,-0.999874021839307,0.));
#3732=DIRECTION('ref_axis',(0.999874021839307,0.0158726321348529,0.));
#3733=DIRECTION('',(0.,0.,1.));
#3734=DIRECTION('center_axis',(0.0158726321348529,-0.999874021839307,0.));
#3735=DIRECTION('ref_axis',(0.999874021839307,0.0158726321348529,0.));
#3736=DIRECTION('',(0.,0.,1.));
#3737=DIRECTION('',(-0.152038028369548,-0.00241354774912435,-0.988371697650617));
#3738=DIRECTION('',(0.152038028369548,0.00241354774912435,-0.988371697650617));
#3739=DIRECTION('',(0.,0.,1.));
#3740=DIRECTION('center_axis',(-0.0158726321348529,0.999874021839307,0.));
#3741=DIRECTION('ref_axis',(0.996963075140844,0.015826421927267,0.0762505814711691));
#3742=DIRECTION('',(-0.152038028369548,-0.00241354774912435,0.988371697650617));
#3743=DIRECTION('',(0.152038028369548,0.00241354774912435,0.988371697650617));
#3744=DIRECTION('center_axis',(-0.0158726321348529,0.999874021839307,0.));
#3745=DIRECTION('ref_axis',(0.996963075140844,0.015826421927267,-0.0762505814711691));
#3746=DIRECTION('center_axis',(-0.0158726321348522,-0.999874021839307,0.));
#3747=DIRECTION('ref_axis',(0.987970335376246,-0.0156836654929054,0.153846153846154));
#3748=DIRECTION('center_axis',(-0.0158726321348522,-0.999874021839307,0.));
#3749=DIRECTION('ref_axis',(0.987970335376246,-0.0156836654929054,0.153846153846154));
#3750=DIRECTION('',(0.0158726321348522,0.999874021839307,0.));
#3751=DIRECTION('center_axis',(0.0158726321348522,0.999874021839307,0.));
#3752=DIRECTION('ref_axis',(0.987970335376246,-0.0156836654929054,0.153846153846154));
#3753=DIRECTION('center_axis',(0.0158726321348522,0.999874021839307,0.));
#3754=DIRECTION('ref_axis',(-0.999874021839307,0.0158726321348522,0.));
#3755=DIRECTION('',(0.,0.,-1.));
#3756=DIRECTION('center_axis',(-0.0158726321348522,-0.999874021839307,0.));
#3757=DIRECTION('ref_axis',(0.707017701174841,-0.0112236458178335,-0.707106781186547));
#3758=DIRECTION('center_axis',(-0.0158726321348522,-0.999874021839307,0.));
#3759=DIRECTION('ref_axis',(0.707017701174841,-0.0112236458178335,-0.707106781186547));
#3760=DIRECTION('center_axis',(0.0158726321348522,0.999874021839307,0.));
#3761=DIRECTION('ref_axis',(0.707017701174841,-0.0112236458178335,-0.707106781186547));
#3762=DIRECTION('center_axis',(0.,0.,-1.));
#3763=DIRECTION('ref_axis',(-0.718241346992674,-0.695794055357007,0.));
#3764=DIRECTION('',(0.,0.,1.));
#3765=DIRECTION('center_axis',(-0.0158726321348522,-0.999874021839307,0.));
#3766=DIRECTION('ref_axis',(0.999874021839307,-0.0158726321348522,0.));
#3767=DIRECTION('center_axis',(-0.0158726321348522,0.999874021839307,0.));
#3768=DIRECTION('ref_axis',(-0.987970335376246,-0.0156836654929054,0.153846153846154));
#3769=DIRECTION('center_axis',(-0.0158726321348522,0.999874021839307,0.));
#3770=DIRECTION('ref_axis',(-0.987970335376246,-0.0156836654929054,0.153846153846154));
#3771=DIRECTION('center_axis',(0.0158726321348522,-0.999874021839307,0.));
#3772=DIRECTION('ref_axis',(-0.987970335376246,-0.0156836654929054,0.153846153846154));
#3773=DIRECTION('',(-0.0158726321348522,0.999874021839307,0.));
#3774=DIRECTION('center_axis',(0.0158726321348522,-0.999874021839307,0.));
#3775=DIRECTION('ref_axis',(0.999874021839307,0.0158726321348522,0.));
#3776=DIRECTION('center_axis',(-0.0158726321348522,0.999874021839307,0.));
#3777=DIRECTION('ref_axis',(-0.707017701174841,-0.0112236458178335,-0.707106781186547));
#3778=DIRECTION('',(0.,0.,-1.));
#3779=DIRECTION('center_axis',(-0.0158726321348522,0.999874021839307,0.));
#3780=DIRECTION('ref_axis',(-0.707017701174841,-0.0112236458178335,-0.707106781186547));
#3781=DIRECTION('center_axis',(0.0158726321348522,-0.999874021839307,0.));
#3782=DIRECTION('ref_axis',(-0.707017701174841,-0.0112236458178335,-0.707106781186547));
#3783=DIRECTION('center_axis',(0.,0.,1.));
#3784=DIRECTION('ref_axis',(0.718241346992674,-0.695794055357006,0.));
#3785=DIRECTION('center_axis',(-0.0158726321348522,0.999874021839307,0.));
#3786=DIRECTION('ref_axis',(-0.999874021839307,-0.0158726321348522,0.));
#3787=DIRECTION('',(0.,0.,1.));
#3788=DIRECTION('center_axis',(0.,0.,-1.));
#3789=DIRECTION('ref_axis',(0.718241346992672,-0.695794055357008,0.));
#3790=DIRECTION('center_axis',(-0.988247184402067,-0.0156880603693082,0.152057184253941));
#3791=DIRECTION('ref_axis',(0.152038028369548,0.00241354774912434,0.988371697650617));
#3792=DIRECTION('',(0.,0.,-1.));
#3793=DIRECTION('center_axis',(-0.988247184402067,-0.0156880603693082,-0.152057184253941));
#3794=DIRECTION('ref_axis',(0.152038028369548,0.00241354774912431,-0.988371697650617));
#3795=DIRECTION('center_axis',(-0.0158726321348529,0.999874021839307,0.));
#3796=DIRECTION('ref_axis',(0.,0.,-1.));
#3797=DIRECTION('',(-0.152038028369548,-0.00241354774912435,-0.988371697650617));
#3798=DIRECTION('',(0.152038028369548,0.00241354774912435,-0.988371697650617));
#3799=DIRECTION('center_axis',(0.,0.,1.));
#3800=DIRECTION('ref_axis',(-0.718241346992672,-0.695794055357008,0.));
#3801=DIRECTION('',(0.,0.,-1.));
#3802=DIRECTION('center_axis',(0.988247184402067,-0.0156880603693082,-0.152057184253941));
#3803=DIRECTION('ref_axis',(-0.152038028369548,0.00241354774912431,-0.988371697650617));
#3804=DIRECTION('',(0.,0.,1.));
#3805=DIRECTION('center_axis',(0.988247184402067,-0.0156880603693082,0.152057184253941));
#3806=DIRECTION('ref_axis',(-0.152038028369548,0.00241354774912434,0.988371697650617));
#3807=DIRECTION('center_axis',(-0.0158726321348529,-0.999874021839307,0.));
#3808=DIRECTION('ref_axis',(0.,0.,-1.));
#3809=DIRECTION('',(0.152038028369548,-0.00241354774912435,0.988371697650617));
#3810=DIRECTION('',(-0.152038028369548,0.00241354774912435,0.988371697650617));
#3811=DIRECTION('center_axis',(0.0158726321348529,0.999874021839307,4.33517774319895E-16));
#3812=DIRECTION('ref_axis',(-0.996963075140844,0.015826421927267,0.0762505814711691));
#3813=DIRECTION('',(0.0158726321348529,0.999874021839307,4.33517774319895E-16));
#3814=DIRECTION('',(0.0158726321348529,0.999874021839307,4.33517774319895E-16));
#3815=DIRECTION('center_axis',(0.999874021839307,-0.0158726321348529,0.));
#3816=DIRECTION('ref_axis',(0.0158726321348529,0.999874021839307,0.));
#3817=DIRECTION('',(-0.0158726321348529,-0.999874021839307,4.33517774319896E-16));
#3818=DIRECTION('',(0.0158726321348529,0.999874021839307,0.));
#3819=DIRECTION('',(0.,0.,-1.));
#3820=DIRECTION('',(-0.0158726321348529,-0.999874021839307,0.));
#3821=DIRECTION('center_axis',(0.988247184402067,-0.0156880603693082,-0.152057184253941));
#3822=DIRECTION('ref_axis',(-0.152038028369548,0.00241354774912435,-0.988371697650617));
#3823=DIRECTION('',(0.0158726321348528,0.999874021839307,0.));
#3824=DIRECTION('center_axis',(-0.988247184402067,0.0156880603693082,0.152057184253941));
#3825=DIRECTION('ref_axis',(0.152038028369548,-0.00241354774912435,0.988371697650617));
#3826=DIRECTION('',(-0.152038028369549,0.00241354774912435,-0.988371697650617));
#3827=DIRECTION('',(0.0158726321348528,0.999874021839307,0.));
#3828=DIRECTION('center_axis',(0.0158726321348529,-0.999874021839307,-4.33517774319895E-16));
#3829=DIRECTION('ref_axis',(0.996963075140844,0.015826421927267,0.0762505814711691));
#3830=DIRECTION('',(0.0158726321348529,-0.999874021839307,-4.33517774319895E-16));
#3831=DIRECTION('center_axis',(0.988247184402067,0.0156880603693082,0.152057184253941));
#3832=DIRECTION('ref_axis',(0.152038028369548,0.00241354774912435,-0.988371697650617));
#3833=DIRECTION('',(-0.0158726321348528,0.999874021839307,0.));
#3834=DIRECTION('center_axis',(-0.988247184402067,-0.0156880603693082,-0.152057184253941));
#3835=DIRECTION('ref_axis',(-0.152038028369548,-0.00241354774912435,0.988371697650617));
#3836=DIRECTION('',(0.152038028369549,0.00241354774912435,-0.988371697650617));
#3837=DIRECTION('',(-0.0158726321348527,0.999874021839307,0.));
#3838=DIRECTION('',(-0.0158726321348528,0.999874021839307,0.));
#3839=DIRECTION('center_axis',(-0.0158726321348529,-0.999874021839307,4.33517774319895E-16));
#3840=DIRECTION('ref_axis',(-0.996963075140844,0.015826421927267,-0.0762505814711691));
#3841=DIRECTION('',(-0.0158726321348529,-0.999874021839307,4.33517774319896E-16));
#3842=DIRECTION('center_axis',(0.988247184402067,-0.0156880603693082,0.152057184253941));
#3843=DIRECTION('ref_axis',(0.152038028369548,-0.00241354774912435,-0.988371697650617));
#3844=DIRECTION('center_axis',(-0.988247184402067,0.0156880603693082,-0.152057184253941));
#3845=DIRECTION('ref_axis',(-0.152038028369548,0.00241354774912435,0.988371697650617));
#3846=DIRECTION('',(0.152038028369548,-0.00241354774912435,-0.988371697650617));
#3847=DIRECTION('center_axis',(-0.0158726321348529,-0.999874021839307,0.));
#3848=DIRECTION('ref_axis',(0.,0.,1.));
#3849=DIRECTION('center_axis',(-0.0158726321348529,0.999874021839307,-4.33517774319895E-16));
#3850=DIRECTION('ref_axis',(0.996963075140844,0.015826421927267,-0.0762505814711691));
#3851=DIRECTION('',(-0.0158726321348529,0.999874021839307,-4.33517774319896E-16));
#3852=DIRECTION('center_axis',(-0.0158726321348529,0.999874021839307,0.));
#3853=DIRECTION('ref_axis',(0.,0.,1.));
#3854=DIRECTION('',(0.,0.,1.));
#3855=DIRECTION('',(0.,0.,1.));
#3856=DIRECTION('',(-0.152038028369548,-0.00241354774912435,-0.988371697650617));
#3857=DIRECTION('center_axis',(0.988247184402067,0.0156880603693082,-0.152057184253941));
#3858=DIRECTION('ref_axis',(-0.152038028369548,-0.00241354774912435,-0.988371697650617));
#3859=DIRECTION('center_axis',(-0.988247184402067,-0.0156880603693082,0.152057184253941));
#3860=DIRECTION('ref_axis',(0.152038028369548,0.00241354774912435,0.988371697650617));
#3861=DIRECTION('',(0.0158726321348527,-0.999874021839307,-2.77555756156289E-16));
#3862=DIRECTION('center_axis',(-0.999874021839307,-0.0158726321348527,0.));
#3863=DIRECTION('ref_axis',(0.0158726321348527,-0.999874021839307,0.));
#3864=DIRECTION('',(0.,0.,-1.));
#3865=DIRECTION('',(-0.0158726321348527,0.999874021839307,0.));
#3866=DIRECTION('center_axis',(0.,-1.,0.));
#3867=DIRECTION('ref_axis',(0.707106781186547,0.,0.707106781186548));
#3868=DIRECTION('center_axis',(0.,1.,0.));
#3869=DIRECTION('ref_axis',(0.707106781186547,0.,0.707106781186548));
#3870=DIRECTION('',(0.,-1.,0.));
#3871=DIRECTION('center_axis',(0.,-1.,0.));
#3872=DIRECTION('ref_axis',(0.707106781186547,0.,0.707106781186548));
#3873=DIRECTION('',(0.,1.,0.));
#3874=DIRECTION('center_axis',(1.,0.,0.));
#3875=DIRECTION('ref_axis',(0.,0.,1.));
#3876=DIRECTION('',(0.,0.,1.));
#3877=DIRECTION('',(0.,1.,0.));
#3878=DIRECTION('',(0.,0.,-1.));
#3879=DIRECTION('center_axis',(0.,-1.,0.));
#3880=DIRECTION('ref_axis',(0.707106781186547,0.,-0.707106781186548));
#3881=DIRECTION('center_axis',(0.,1.,0.));
#3882=DIRECTION('ref_axis',(0.707106781186547,0.,-0.707106781186548));
#3883=DIRECTION('',(0.,-1.,0.));
#3884=DIRECTION('center_axis',(0.,-1.,0.));
#3885=DIRECTION('ref_axis',(0.707106781186547,0.,-0.707106781186548));
#3886=DIRECTION('center_axis',(0.,0.,-1.));
#3887=DIRECTION('ref_axis',(1.,0.,0.));
#3888=DIRECTION('',(1.,0.,0.));
#3889=DIRECTION('',(0.,1.,0.));
#3890=DIRECTION('',(-1.,0.,0.));
#3891=DIRECTION('center_axis',(0.,-1.,0.));
#3892=DIRECTION('ref_axis',(-0.707106781186547,0.,-0.707106781186548));
#3893=DIRECTION('center_axis',(0.,1.,0.));
#3894=DIRECTION('ref_axis',(-0.707106781186547,0.,-0.707106781186548));
#3895=DIRECTION('',(0.,-1.,0.));
#3896=DIRECTION('center_axis',(0.,-1.,0.));
#3897=DIRECTION('ref_axis',(-0.707106781186547,0.,-0.707106781186548));
#3898=DIRECTION('center_axis',(-1.,0.,0.));
#3899=DIRECTION('ref_axis',(0.,0.,-1.));
#3900=DIRECTION('',(0.,0.,-1.));
#3901=DIRECTION('',(0.,1.,0.));
#3902=DIRECTION('',(0.,0.,1.));
#3903=DIRECTION('center_axis',(0.,-1.,0.));
#3904=DIRECTION('ref_axis',(-0.707106781186547,0.,0.707106781186548));
#3905=DIRECTION('center_axis',(0.,1.,0.));
#3906=DIRECTION('ref_axis',(-0.707106781186547,0.,0.707106781186548));
#3907=DIRECTION('',(0.,-1.,0.));
#3908=DIRECTION('center_axis',(0.,-1.,0.));
#3909=DIRECTION('ref_axis',(-0.707106781186547,0.,0.707106781186548));
#3910=DIRECTION('center_axis',(0.,0.,1.));
#3911=DIRECTION('ref_axis',(-1.,0.,0.));
#3912=DIRECTION('',(1.,0.,0.));
#3913=DIRECTION('',(-1.,0.,0.));
#3914=DIRECTION('center_axis',(0.,0.,-1.));
#3915=DIRECTION('ref_axis',(-0.701472511173868,0.712696510491968,0.));
#3916=DIRECTION('center_axis',(0.,0.,1.));
#3917=DIRECTION('ref_axis',(-0.701472511173868,0.712696510491968,0.));
#3918=DIRECTION('',(0.,0.,1.));
#3919=DIRECTION('center_axis',(0.,0.,-1.));
#3920=DIRECTION('ref_axis',(-0.701472511173868,0.712696510491968,0.));
#3921=DIRECTION('center_axis',(0.,0.,1.));
#3922=DIRECTION('ref_axis',(1.,0.,0.));
#3923=DIRECTION('center_axis',(0.,0.,-1.));
#3924=DIRECTION('ref_axis',(-1.,0.,0.));
#3925=DIRECTION('center_axis',(0.,0.,1.));
#3926=DIRECTION('ref_axis',(0.701472511173867,0.712696510491969,0.));
#3927=DIRECTION('center_axis',(0.,0.,1.));
#3928=DIRECTION('ref_axis',(0.701472511173867,0.712696510491969,0.));
#3929=DIRECTION('',(0.,0.,1.));
#3930=DIRECTION('center_axis',(0.,1.,0.));
#3931=DIRECTION('ref_axis',(0.,0.,1.));
#3932=DIRECTION('',(1.,0.,0.));
#3933=DIRECTION('',(-1.,0.,0.));
#3934=DIRECTION('center_axis',(0.,0.,-1.));
#3935=DIRECTION('ref_axis',(-1.,0.,0.));
#3936=DIRECTION('center_axis',(1.,0.,0.));
#3937=DIRECTION('ref_axis',(0.,0.707106781186548,-0.707106781186548));
#3938=DIRECTION('',(-1.,0.,0.));
#3939=DIRECTION('center_axis',(-1.,0.,0.));
#3940=DIRECTION('ref_axis',(0.,0.707106781186548,0.707106781186548));
#3941=DIRECTION('',(-1.,0.,0.));
#3942=DIRECTION('',(1.,0.,0.));
#3943=DIRECTION('center_axis',(0.,0.,1.));
#3944=DIRECTION('ref_axis',(-1.,0.,0.));
#3945=DIRECTION('',(-1.,0.,0.));
#3946=DIRECTION('center_axis',(1.,0.,0.));
#3947=DIRECTION('ref_axis',(0.,0.707106781186548,0.707106781186548));
#3948=DIRECTION('center_axis',(1.,0.,0.));
#3949=DIRECTION('ref_axis',(0.,0.707106781186548,-0.707106781186548));
#3950=DIRECTION('',(-1.,0.,0.));
#3951=DIRECTION('center_axis',(0.,0.,-1.));
#3952=DIRECTION('ref_axis',(-1.,0.,0.));
#3953=DIRECTION('',(1.,0.,0.));
#3954=DIRECTION('center_axis',(0.,1.,0.));
#3955=DIRECTION('ref_axis',(0.,0.,1.));
#3956=DIRECTION('center_axis',(0.,-1.,0.));
#3957=DIRECTION('ref_axis',(0.,0.,-1.));
#3958=DIRECTION('center_axis',(0.,-1.,0.));
#3959=DIRECTION('ref_axis',(0.,0.,-1.));
#3960=DIRECTION('center_axis',(-0.707106781186548,0.707106781186547,-6.5420519111824E-17));
#3961=DIRECTION('ref_axis',(-9.25185853854297E-17,0.,1.));
#3962=DIRECTION('',(9.25185853854297E-17,0.,-1.));
#3963=DIRECTION('',(-0.577350269189626,-0.577350269189626,-0.577350269189626));
#3964=DIRECTION('',(-9.25185853854297E-17,0.,1.));
#3965=DIRECTION('',(-0.577350269189626,-0.577350269189626,0.577350269189626));
#3966=DIRECTION('center_axis',(0.,0.707106781186547,-0.707106781186548));
#3967=DIRECTION('ref_axis',(-1.,0.,0.));
#3968=DIRECTION('',(1.,0.,0.));
#3969=DIRECTION('',(0.577350269189626,-0.577350269189626,-0.577350269189626));
#3970=DIRECTION('',(-1.,0.,0.));
#3971=DIRECTION('center_axis',(0.707106781186548,0.707106781186547,0.));
#3972=DIRECTION('ref_axis',(0.,0.,-1.));
#3973=DIRECTION('',(0.,0.,1.));
#3974=DIRECTION('',(0.577350269189626,-0.577350269189626,0.577350269189626));
#3975=DIRECTION('',(0.,0.,-1.));
#3976=DIRECTION('center_axis',(6.5420519111824E-17,0.707106781186547,0.707106781186548));
#3977=DIRECTION('ref_axis',(1.,0.,-9.25185853854297E-17));
#3978=DIRECTION('',(1.,0.,-9.25185853854297E-17));
#3979=DIRECTION('',(-1.,0.,9.25185853854297E-17));
#3980=DIRECTION('center_axis',(9.25185853854297E-17,0.,1.));
#3981=DIRECTION('ref_axis',(1.,0.,-9.25185853854297E-17));
#3982=DIRECTION('',(0.,1.,0.));
#3983=DIRECTION('',(-1.,0.,9.25185853854297E-17));
#3984=DIRECTION('',(0.,1.,0.));
#3985=DIRECTION('center_axis',(-1.,0.,-9.25185853854297E-17));
#3986=DIRECTION('ref_axis',(-9.25185853854297E-17,0.,1.));
#3987=DIRECTION('',(0.,1.,0.));
#3988=DIRECTION('',(9.25185853854297E-17,0.,-1.));
#3989=DIRECTION('center_axis',(0.,1.,0.));
#3990=DIRECTION('ref_axis',(0.,0.,1.));
#3991=DIRECTION('center_axis',(0.,0.,-1.));
#3992=DIRECTION('ref_axis',(-1.,0.,0.));
#3993=DIRECTION('',(0.,1.,0.));
#3994=DIRECTION('',(1.,0.,0.));
#3995=DIRECTION('center_axis',(1.,0.,0.));
#3996=DIRECTION('ref_axis',(0.,0.,-1.));
#3997=DIRECTION('',(0.,0.,1.));
#3998=DIRECTION('center_axis',(0.,0.,1.));
#3999=DIRECTION('ref_axis',(-1.,0.,0.));
#4000=DIRECTION('',(-1.,0.,0.));
#4001=DIRECTION('',(0.,-1.,0.));
#4002=DIRECTION('',(-1.,0.,0.));
#4003=DIRECTION('',(0.,-1.,0.));
#4004=DIRECTION('center_axis',(1.,0.,0.));
#4005=DIRECTION('ref_axis',(0.,0.,1.));
#4006=DIRECTION('',(0.,0.,1.));
#4007=DIRECTION('',(0.,0.,1.));
#4008=DIRECTION('',(0.,-1.,0.));
#4009=DIRECTION('center_axis',(0.,0.,-1.));
#4010=DIRECTION('ref_axis',(1.,0.,0.));
#4011=DIRECTION('',(1.,0.,0.));
#4012=DIRECTION('',(1.,0.,0.));
#4013=DIRECTION('',(0.,-1.,0.));
#4014=DIRECTION('center_axis',(-1.,0.,0.));
#4015=DIRECTION('ref_axis',(0.,0.,-1.));
#4016=DIRECTION('',(0.,0.,-1.));
#4017=DIRECTION('',(0.,0.,-1.));
#4018=DIRECTION('center_axis',(0.,-1.,0.));
#4019=DIRECTION('ref_axis',(0.,0.,-1.));
#4020=DIRECTION('center_axis',(0.,-1.,0.));
#4021=DIRECTION('ref_axis',(0.,0.,-1.));
#4022=CARTESIAN_POINT('',(0.,0.,0.));
#4023=CARTESIAN_POINT('Origin',(1.7380255188789,0.357001683486052,-3.6));
#4024=CARTESIAN_POINT('',(1.6380991167803,0.8,-3.6));
#4025=CARTESIAN_POINT('',(1.8,0.8,-3.6));
#4026=CARTESIAN_POINT('',(0.869012759439448,0.8,-3.6));
#4027=CARTESIAN_POINT('',(1.65079882237374,0.,-3.6));
#4028=CARTESIAN_POINT('',(1.63803811669497,0.803842614138334,-3.6));
#4029=CARTESIAN_POINT('',(1.8,0.,-3.6));
#4030=CARTESIAN_POINT('',(0.869012759439448,0.,-3.6));
#4031=CARTESIAN_POINT('',(1.8,0.178500841743026,-3.6));
#4032=CARTESIAN_POINT('Origin',(1.63803811669497,0.803842614138334,-3.));
#4033=CARTESIAN_POINT('',(1.6380991167803,0.8,-2.4));
#4034=CARTESIAN_POINT('',(1.6380991167803,0.8,-1.5));
#4035=CARTESIAN_POINT('',(1.65079882237374,0.,-2.4));
#4036=CARTESIAN_POINT('',(1.63803811669497,0.803842614138334,-2.4));
#4037=CARTESIAN_POINT('',(1.65079882237374,-6.93889390390723E-17,-1.5));
#4038=CARTESIAN_POINT('Origin',(1.7380255188789,0.357001683486052,-2.4));
#4039=CARTESIAN_POINT('',(1.8,0.8,-2.4));
#4040=CARTESIAN_POINT('',(0.869012759439448,0.8,-2.4));
#4041=CARTESIAN_POINT('',(1.8,0.,-2.4));
#4042=CARTESIAN_POINT('',(1.8,0.178500841743026,-2.4));
#4043=CARTESIAN_POINT('',(0.869012759439448,0.,-2.4));
#4044=CARTESIAN_POINT('Origin',(-4.44089209850063E-15,0.,0.));
#4045=CARTESIAN_POINT('',(1.8,0.,4.35));
#4046=CARTESIAN_POINT('',(1.8,0.,4.35));
#4047=CARTESIAN_POINT('',(-1.8,0.,4.35));
#4048=CARTESIAN_POINT('',(-1.8,0.,4.35));
#4049=CARTESIAN_POINT('',(-1.8,0.,-4.35));
#4050=CARTESIAN_POINT('',(-1.8,0.,-4.35));
#4051=CARTESIAN_POINT('',(1.8,0.,-4.35));
#4052=CARTESIAN_POINT('',(1.8,0.,-4.35));
#4053=CARTESIAN_POINT('',(1.8,0.,4.35));
#4054=CARTESIAN_POINT('Origin',(1.8,0.,4.35));
#4055=CARTESIAN_POINT('',(1.8,0.8,4.35));
#4056=CARTESIAN_POINT('',(1.8,0.8,4.35));
#4057=CARTESIAN_POINT('',(1.8,0.,4.35));
#4058=CARTESIAN_POINT('Origin',(1.8,0.,4.35));
#4059=CARTESIAN_POINT('',(1.8,0.8,-4.35));
#4060=CARTESIAN_POINT('',(1.8,0.,-4.35));
#4061=CARTESIAN_POINT('',(1.8,0.8,4.35));
#4062=CARTESIAN_POINT('Origin',(-1.8,0.,4.35));
#4063=CARTESIAN_POINT('',(-1.8,0.8,4.35));
#4064=CARTESIAN_POINT('',(-1.8,0.8,4.35));
#4065=CARTESIAN_POINT('',(-1.8,0.,4.35));
#4066=CARTESIAN_POINT('Origin',(-1.8,0.,-4.35));
#4067=CARTESIAN_POINT('',(-1.8,0.8,-4.35));
#4068=CARTESIAN_POINT('',(-1.8,0.8,-4.35));
#4069=CARTESIAN_POINT('',(-1.8,0.,-4.35));
#4070=CARTESIAN_POINT('Origin',(1.8,0.,-4.35));
#4071=CARTESIAN_POINT('',(1.8,0.8,-4.35));
#4072=CARTESIAN_POINT('Origin',(-4.44089209850063E-15,0.8,0.));
#4073=CARTESIAN_POINT('Origin',(0.15,-2.5,0.));
#4074=CARTESIAN_POINT('',(0.15,-4.7,-0.3));
#4075=CARTESIAN_POINT('',(0.15,-4.7,0.299999999999999));
#4076=CARTESIAN_POINT('Origin',(0.15,-4.7,-5.61078961069938E-16));
#4077=CARTESIAN_POINT('',(0.15,-0.16,-0.3));
#4078=CARTESIAN_POINT('',(0.15,-5.,-0.3));
#4079=CARTESIAN_POINT('',(0.15,-0.1,-0.5));
#4080=CARTESIAN_POINT('',(0.15,-0.16,-0.3));
#4081=CARTESIAN_POINT('',(0.15,0.,-0.5));
#4082=CARTESIAN_POINT('',(0.15,-0.1,-0.5));
#4083=CARTESIAN_POINT('',(0.15,0.,0.5));
#4084=CARTESIAN_POINT('',(0.15,0.,-4.35));
#4085=CARTESIAN_POINT('',(0.15,-0.1,0.5));
#4086=CARTESIAN_POINT('',(0.15,0.,0.5));
#4087=CARTESIAN_POINT('',(0.15,-0.16,0.3));
#4088=CARTESIAN_POINT('',(0.15,-0.1,0.5));
#4089=CARTESIAN_POINT('',(0.15,0.,0.3));
#4090=CARTESIAN_POINT('Origin',(0.,-4.7,3.46944695195361E-17));
#4091=CARTESIAN_POINT('',(-0.15,-4.7,0.299999999999999));
#4092=CARTESIAN_POINT('',(0.,-4.7,0.299999999999999));
#4093=CARTESIAN_POINT('',(-0.15,-4.7,-0.3));
#4094=CARTESIAN_POINT('Origin',(-0.15,-4.7,-5.61078961069938E-16));
#4095=CARTESIAN_POINT('',(0.,-4.7,-0.3));
#4096=CARTESIAN_POINT('Origin',(0.,-5.,-0.3));
#4097=CARTESIAN_POINT('',(-0.15,-0.16,-0.3));
#4098=CARTESIAN_POINT('',(-0.15,-5.,-0.3));
#4099=CARTESIAN_POINT('',(0.,-0.16,-0.3));
#4100=CARTESIAN_POINT('Origin',(-0.15,-2.5,0.));
#4101=CARTESIAN_POINT('',(-0.15,-0.16,0.3));
#4102=CARTESIAN_POINT('',(-0.15,0.,0.3));
#4103=CARTESIAN_POINT('',(-0.15,-0.1,0.5));
#4104=CARTESIAN_POINT('',(-0.15,-0.1,0.5));
#4105=CARTESIAN_POINT('',(-0.15,0.,0.5));
#4106=CARTESIAN_POINT('',(-0.15,0.,0.5));
#4107=CARTESIAN_POINT('',(-0.15,0.,-0.5));
#4108=CARTESIAN_POINT('',(-0.15,0.,-4.35));
#4109=CARTESIAN_POINT('',(-0.15,-0.1,-0.5));
#4110=CARTESIAN_POINT('',(-0.15,-0.1,-0.5));
#4111=CARTESIAN_POINT('',(-0.15,-0.16,-0.3));
#4112=CARTESIAN_POINT('Origin',(0.,-0.1,0.5));
#4113=CARTESIAN_POINT('',(0.,-0.16,0.3));
#4114=CARTESIAN_POINT('',(0.,-0.1,0.5));
#4115=CARTESIAN_POINT('Origin',(0.,0.,0.5));
#4116=CARTESIAN_POINT('',(0.,0.,0.5));
#4117=CARTESIAN_POINT('Origin',(0.,0.,-0.5));
#4118=CARTESIAN_POINT('',(0.,0.,-0.5));
#4119=CARTESIAN_POINT('Origin',(0.,-0.1,-0.5));
#4120=CARTESIAN_POINT('',(0.,-0.1,-0.5));
#4121=CARTESIAN_POINT('Origin',(0.,-0.16,-0.3));
#4122=CARTESIAN_POINT('Origin',(0.,-0.16,0.3));
#4123=CARTESIAN_POINT('Origin',(0.15,-2.5,-2.55));
#4124=CARTESIAN_POINT('',(0.15,-4.7,-2.85));
#4125=CARTESIAN_POINT('',(0.15,-4.7,-2.25));
#4126=CARTESIAN_POINT('Origin',(0.15,-4.7,-2.55));
#4127=CARTESIAN_POINT('',(0.15,-0.16,-2.85));
#4128=CARTESIAN_POINT('',(0.15,-5.,-2.85));
#4129=CARTESIAN_POINT('',(0.15,-0.1,-3.05));
#4130=CARTESIAN_POINT('',(0.15,-0.16,-2.85));
#4131=CARTESIAN_POINT('',(0.15,0.,-3.05));
#4132=CARTESIAN_POINT('',(0.15,-0.1,-3.05));
#4133=CARTESIAN_POINT('',(0.15,0.,-2.05));
#4134=CARTESIAN_POINT('',(0.15,0.,-6.9));
#4135=CARTESIAN_POINT('',(0.15,-0.1,-2.05));
#4136=CARTESIAN_POINT('',(0.15,0.,-2.05));
#4137=CARTESIAN_POINT('',(0.15,-0.16,-2.25));
#4138=CARTESIAN_POINT('',(0.15,-0.1,-2.05));
#4139=CARTESIAN_POINT('',(0.15,0.,-2.25));
#4140=CARTESIAN_POINT('Origin',(-1.62705098436445E-16,-4.7,-2.55));
#4141=CARTESIAN_POINT('',(-0.15,-4.7,-2.25));
#4142=CARTESIAN_POINT('',(-1.62705098436445E-16,-4.7,-2.25));
#4143=CARTESIAN_POINT('',(-0.15,-4.7,-2.85));
#4144=CARTESIAN_POINT('Origin',(-0.15,-4.7,-2.55));
#4145=CARTESIAN_POINT('',(-1.62705098436445E-16,-4.7,-2.85));
#4146=CARTESIAN_POINT('Origin',(-1.62705098436445E-16,-5.,-2.85));
#4147=CARTESIAN_POINT('',(-0.15,-0.16,-2.85));
#4148=CARTESIAN_POINT('',(-0.15,-5.,-2.85));
#4149=CARTESIAN_POINT('',(-1.62705098436445E-16,-0.16,-2.85));
#4150=CARTESIAN_POINT('Origin',(-0.15,-2.5,-2.55));
#4151=CARTESIAN_POINT('',(-0.15,-0.16,-2.25));
#4152=CARTESIAN_POINT('',(-0.15,0.,-2.25));
#4153=CARTESIAN_POINT('',(-0.15,-0.1,-2.05));
#4154=CARTESIAN_POINT('',(-0.15,-0.1,-2.05));
#4155=CARTESIAN_POINT('',(-0.15,0.,-2.05));
#4156=CARTESIAN_POINT('',(-0.15,0.,-2.05));
#4157=CARTESIAN_POINT('',(-0.15,0.,-3.05));
#4158=CARTESIAN_POINT('',(-0.15,0.,-6.9));
#4159=CARTESIAN_POINT('',(-0.15,-0.1,-3.05));
#4160=CARTESIAN_POINT('',(-0.15,-0.1,-3.05));
#4161=CARTESIAN_POINT('',(-0.15,-0.16,-2.85));
#4162=CARTESIAN_POINT('Origin',(-1.62705098436445E-16,-0.1,-2.05));
#4163=CARTESIAN_POINT('',(-1.62705098436445E-16,-0.16,-2.25));
#4164=CARTESIAN_POINT('',(-1.62705098436445E-16,-0.1,-2.05));
#4165=CARTESIAN_POINT('Origin',(-1.62705098436445E-16,0.,-2.05));
#4166=CARTESIAN_POINT('',(-1.62705098436445E-16,0.,-2.05));
#4167=CARTESIAN_POINT('Origin',(-1.62705098436445E-16,0.,-3.05));
#4168=CARTESIAN_POINT('',(-1.62705098436445E-16,0.,-3.05));
#4169=CARTESIAN_POINT('Origin',(-1.62705098436445E-16,-0.1,-3.05));
#4170=CARTESIAN_POINT('',(-1.62705098436445E-16,-0.1,-3.05));
#4171=CARTESIAN_POINT('Origin',(-1.62705098436445E-16,-0.16,-2.85));
#4172=CARTESIAN_POINT('Origin',(-1.62705098436445E-16,-0.16,-2.25));
#4173=CARTESIAN_POINT('Origin',(0.15,-2.5,2.55));
#4174=CARTESIAN_POINT('',(0.15,-4.7,2.25));
#4175=CARTESIAN_POINT('',(0.15,-4.7,2.85));
#4176=CARTESIAN_POINT('Origin',(0.15,-4.7,2.55));
#4177=CARTESIAN_POINT('',(0.15,-0.16,2.25));
#4178=CARTESIAN_POINT('',(0.15,-5.,2.25));
#4179=CARTESIAN_POINT('',(0.15,-0.1,2.05));
#4180=CARTESIAN_POINT('',(0.15,-0.16,2.25));
#4181=CARTESIAN_POINT('',(0.15,0.,2.05));
#4182=CARTESIAN_POINT('',(0.15,-0.1,2.05));
#4183=CARTESIAN_POINT('',(0.15,0.,3.05));
#4184=CARTESIAN_POINT('',(0.15,0.,-1.8));
#4185=CARTESIAN_POINT('',(0.15,-0.1,3.05));
#4186=CARTESIAN_POINT('',(0.15,0.,3.05));
#4187=CARTESIAN_POINT('',(0.15,-0.16,2.85));
#4188=CARTESIAN_POINT('',(0.15,-0.1,3.05));
#4189=CARTESIAN_POINT('',(0.15,0.,2.85));
#4190=CARTESIAN_POINT('Origin',(1.62705098436445E-16,-4.7,2.55));
#4191=CARTESIAN_POINT('',(-0.15,-4.7,2.85));
#4192=CARTESIAN_POINT('',(1.62705098436445E-16,-4.7,2.85));
#4193=CARTESIAN_POINT('',(-0.15,-4.7,2.25));
#4194=CARTESIAN_POINT('Origin',(-0.15,-4.7,2.55));
#4195=CARTESIAN_POINT('',(1.62705098436445E-16,-4.7,2.25));
#4196=CARTESIAN_POINT('Origin',(1.62705098436445E-16,-5.,2.25));
#4197=CARTESIAN_POINT('',(-0.15,-0.16,2.25));
#4198=CARTESIAN_POINT('',(-0.15,-5.,2.25));
#4199=CARTESIAN_POINT('',(1.62705098436445E-16,-0.16,2.25));
#4200=CARTESIAN_POINT('Origin',(-0.15,-2.5,2.55));
#4201=CARTESIAN_POINT('',(-0.15,-0.16,2.85));
#4202=CARTESIAN_POINT('',(-0.15,0.,2.85));
#4203=CARTESIAN_POINT('',(-0.15,-0.1,3.05));
#4204=CARTESIAN_POINT('',(-0.15,-0.1,3.05));
#4205=CARTESIAN_POINT('',(-0.15,0.,3.05));
#4206=CARTESIAN_POINT('',(-0.15,0.,3.05));
#4207=CARTESIAN_POINT('',(-0.15,0.,2.05));
#4208=CARTESIAN_POINT('',(-0.15,0.,-1.8));
#4209=CARTESIAN_POINT('',(-0.15,-0.1,2.05));
#4210=CARTESIAN_POINT('',(-0.15,-0.1,2.05));
#4211=CARTESIAN_POINT('',(-0.15,-0.16,2.25));
#4212=CARTESIAN_POINT('Origin',(1.62705098436445E-16,-0.1,3.05));
#4213=CARTESIAN_POINT('',(1.62705098436445E-16,-0.16,2.85));
#4214=CARTESIAN_POINT('',(1.62705098436445E-16,-0.1,3.05));
#4215=CARTESIAN_POINT('Origin',(1.62705098436445E-16,0.,3.05));
#4216=CARTESIAN_POINT('',(1.62705098436445E-16,0.,3.05));
#4217=CARTESIAN_POINT('Origin',(1.62705098436445E-16,0.,2.05));
#4218=CARTESIAN_POINT('',(1.62705098436445E-16,0.,2.05));
#4219=CARTESIAN_POINT('Origin',(1.62705098436445E-16,-0.1,2.05));
#4220=CARTESIAN_POINT('',(1.62705098436445E-16,-0.1,2.05));
#4221=CARTESIAN_POINT('Origin',(1.62705098436445E-16,-0.16,2.25));
#4222=CARTESIAN_POINT('Origin',(1.62705098436445E-16,-0.16,2.85));
#4223=CARTESIAN_POINT('Origin',(-1.49219969983161,0.751521183238703,3.65));
#4224=CARTESIAN_POINT('',(-1.83801292106283,0.807017140565305,3.65));
#4225=CARTESIAN_POINT('',(-1.83880655266957,0.757023439473339,3.6));
#4226=CARTESIAN_POINT('Origin',(-1.83880655266957,0.757023439473339,3.65));
#4227=CARTESIAN_POINT('',(-1.63883174830171,0.753848913046369,3.6));
#4228=CARTESIAN_POINT('',(-1.49219969983161,0.751521183238703,3.6));
#4229=CARTESIAN_POINT('',(-1.63803811669497,0.803842614138334,3.65));
#4230=CARTESIAN_POINT('Origin',(-1.63883174830171,0.753848913046369,3.65));
#4231=CARTESIAN_POINT('',(-1.49140606822486,0.801514884330668,3.65));
#4232=CARTESIAN_POINT('Origin',(-1.35306276847985,0.27704914657522,3.6));
#4233=CARTESIAN_POINT('',(-1.84982525297254,0.0629159912717805,3.6));
#4234=CARTESIAN_POINT('',(-1.85458704261299,-0.237046215280015,3.6));
#4235=CARTESIAN_POINT('',(-1.5546248360612,-0.241808004920468,3.6));
#4236=CARTESIAN_POINT('Origin',(-1.54986304642075,0.0581542016313244,3.6));
#4237=CARTESIAN_POINT('',(-1.50463113496923,-0.24260163652721,3.6));
#4238=CARTESIAN_POINT('',(-0.854713020773685,-0.252918847414864,3.6));
#4239=CARTESIAN_POINT('',(-1.50145660854226,-0.0426268321593489,3.6));
#4240=CARTESIAN_POINT('',(-1.49890118534322,0.118348439605487,3.6));
#4241=CARTESIAN_POINT('',(-1.65143771181816,-0.040245937339121,3.6));
#4242=CARTESIAN_POINT('',(-1.65143771181816,-0.040245937339121,3.6));
#4243=CARTESIAN_POINT('',(-1.63803811669497,0.803842614138334,3.6));
#4244=CARTESIAN_POINT('Origin',(-1.49219969983161,0.751521183238703,2.35));
#4245=CARTESIAN_POINT('',(-1.63803811669497,0.803842614138334,2.35));
#4246=CARTESIAN_POINT('',(-1.63883174830171,0.753848913046369,2.4));
#4247=CARTESIAN_POINT('Origin',(-1.63883174830171,0.753848913046369,2.35));
#4248=CARTESIAN_POINT('',(-1.83880655266957,0.757023439473339,2.4));
#4249=CARTESIAN_POINT('',(-1.49219969983161,0.751521183238703,2.4));
#4250=CARTESIAN_POINT('',(-1.83801292106283,0.807017140565305,2.35));
#4251=CARTESIAN_POINT('Origin',(-1.83880655266957,0.757023439473339,2.35));
#4252=CARTESIAN_POINT('',(-1.49140606822486,0.801514884330668,2.35));
#4253=CARTESIAN_POINT('Origin',(-1.35306276847985,0.27704914657522,2.4));
#4254=CARTESIAN_POINT('',(-1.65143771181816,-0.040245937339121,2.4));
#4255=CARTESIAN_POINT('',(-1.63803811669497,0.803842614138334,2.4));
#4256=CARTESIAN_POINT('',(-1.49371921234127,-0.0427496604766143,2.4));
#4257=CARTESIAN_POINT('',(-1.65143771181816,-0.040245937339121,2.4));
#4258=CARTESIAN_POINT('',(-1.49689373876824,-0.242724464844476,2.4));
#4259=CARTESIAN_POINT('',(-1.49116378914223,0.118225611288222,2.4));
#4260=CARTESIAN_POINT('',(-1.5546248360612,-0.241808004920468,2.4));
#4261=CARTESIAN_POINT('',(-0.854713020773685,-0.252918847414864,2.4));
#4262=CARTESIAN_POINT('',(-1.84982525297254,0.0629159912717805,2.4));
#4263=CARTESIAN_POINT('Origin',(-1.54986304642075,0.0581542016313244,2.4));
#4264=CARTESIAN_POINT('',(-1.85458704261299,-0.237046215280015,2.4));
#4265=CARTESIAN_POINT('Origin',(-1.49219969983161,0.751521183238703,-2.35));
#4266=CARTESIAN_POINT('',(-1.83801292106283,0.807017140565305,-2.35));
#4267=CARTESIAN_POINT('',(-1.83880655266957,0.757023439473339,-2.4));
#4268=CARTESIAN_POINT('Origin',(-1.83880655266957,0.757023439473339,-2.35));
#4269=CARTESIAN_POINT('',(-1.63883174830171,0.753848913046369,-2.4));
#4270=CARTESIAN_POINT('',(-1.49219969983161,0.751521183238703,-2.4));
#4271=CARTESIAN_POINT('',(-1.63803811669497,0.803842614138334,-2.35));
#4272=CARTESIAN_POINT('Origin',(-1.63883174830171,0.753848913046369,-2.35));
#4273=CARTESIAN_POINT('',(-1.49140606822486,0.801514884330668,-2.35));
#4274=CARTESIAN_POINT('Origin',(-1.35306276847985,0.27704914657522,-2.4));
#4275=CARTESIAN_POINT('',(-1.84982525297254,0.0629159912717805,-2.4));
#4276=CARTESIAN_POINT('',(-1.85458704261299,-0.237046215280015,-2.4));
#4277=CARTESIAN_POINT('',(-1.5546248360612,-0.241808004920468,-2.4));
#4278=CARTESIAN_POINT('Origin',(-1.54986304642075,0.0581542016313244,-2.4));
#4279=CARTESIAN_POINT('',(-1.49689373876824,-0.242724464844476,-2.4));
#4280=CARTESIAN_POINT('',(-0.854713020773685,-0.252918847414864,-2.4));
#4281=CARTESIAN_POINT('',(-1.49371921234127,-0.0427496604766143,-2.4));
#4282=CARTESIAN_POINT('',(-1.49116378914223,0.118225611288222,-2.4));
#4283=CARTESIAN_POINT('',(-1.65143771181816,-0.040245937339121,-2.4));
#4284=CARTESIAN_POINT('',(-1.65143771181816,-0.040245937339121,-2.4));
#4285=CARTESIAN_POINT('',(-1.63803811669497,0.803842614138334,-2.4));
#4286=CARTESIAN_POINT('Origin',(-1.49219969983161,0.751521183238703,-3.65));
#4287=CARTESIAN_POINT('',(-1.63803811669497,0.803842614138334,-3.65));
#4288=CARTESIAN_POINT('',(-1.63883174830171,0.753848913046369,-3.6));
#4289=CARTESIAN_POINT('Origin',(-1.63883174830171,0.753848913046369,-3.65));
#4290=CARTESIAN_POINT('',(-1.83880655266957,0.757023439473339,-3.6));
#4291=CARTESIAN_POINT('',(-1.49219969983161,0.751521183238703,-3.6));
#4292=CARTESIAN_POINT('',(-1.83801292106283,0.807017140565305,-3.65));
#4293=CARTESIAN_POINT('Origin',(-1.83880655266957,0.757023439473339,-3.65));
#4294=CARTESIAN_POINT('',(-1.49140606822486,0.801514884330668,-3.65));
#4295=CARTESIAN_POINT('Origin',(-1.35306276847985,0.27704914657522,-3.6));
#4296=CARTESIAN_POINT('',(-1.65143771181816,-0.040245937339121,-3.6));
#4297=CARTESIAN_POINT('',(-1.63803811669497,0.803842614138334,-3.6));
#4298=CARTESIAN_POINT('',(-1.50145660854226,-0.0426268321593489,-3.6));
#4299=CARTESIAN_POINT('',(-1.65143771181816,-0.040245937339121,-3.6));
#4300=CARTESIAN_POINT('',(-1.50463113496923,-0.24260163652721,-3.6));
#4301=CARTESIAN_POINT('',(-1.49890118534322,0.118348439605487,-3.6));
#4302=CARTESIAN_POINT('',(-1.5546248360612,-0.241808004920468,-3.6));
#4303=CARTESIAN_POINT('',(-0.854713020773685,-0.252918847414864,-3.6));
#4304=CARTESIAN_POINT('',(-1.84982525297254,0.0629159912717805,-3.6));
#4305=CARTESIAN_POINT('Origin',(-1.54986304642075,0.0581542016313244,-3.6));
#4306=CARTESIAN_POINT('',(-1.85458704261299,-0.237046215280015,-3.6));
#4307=CARTESIAN_POINT('Origin',(-1.68801912237109,0.854642343911681,-4.15));
#4308=CARTESIAN_POINT('',(-1.63724448508823,0.853836315230299,-4.2));
#4309=CARTESIAN_POINT('',(-1.63803811669497,0.803842614138334,-4.15));
#4310=CARTESIAN_POINT('Origin',(-1.63724448508823,0.853836315230299,-4.15));
#4311=CARTESIAN_POINT('',(-1.83801292106283,0.807017140565305,-4.15));
#4312=CARTESIAN_POINT('',(-1.68881275397783,0.804648642819716,-4.15));
#4313=CARTESIAN_POINT('',(-1.83721928945609,0.85701084165727,-4.2));
#4314=CARTESIAN_POINT('Origin',(-1.83721928945609,0.85701084165727,-4.15));
#4315=CARTESIAN_POINT('',(-1.68801912237109,0.854642343911681,-4.2));
#4316=CARTESIAN_POINT('Origin',(-1.63803811669497,0.803842614138334,0.));
#4317=CARTESIAN_POINT('',(-1.83801292106283,0.807017140565305,0.));
#4318=CARTESIAN_POINT('',(-1.63803811669497,0.803842614138334,0.));
#4319=CARTESIAN_POINT('Origin',(-1.6,3.2,0.));
#4320=CARTESIAN_POINT('',(-1.6,3.2,-4.2));
#4321=CARTESIAN_POINT('',(-1.6,3.2,-4.2));
#4322=CARTESIAN_POINT('',(-1.6,3.2,-4.15));
#4323=CARTESIAN_POINT('',(-1.6,3.19999999999999,2.175));
#4324=CARTESIAN_POINT('',(-1.6,3.2,4.15));
#4325=CARTESIAN_POINT('',(-1.6,3.2,-4.35));
#4326=CARTESIAN_POINT('',(-1.6,3.2,4.2));
#4327=CARTESIAN_POINT('',(-1.6,3.19999999999999,2.175));
#4328=CARTESIAN_POINT('',(-1.63724448508823,0.853836315230299,4.2));
#4329=CARTESIAN_POINT('',(-1.6,3.2,4.2));
#4330=CARTESIAN_POINT('',(-1.63803811669497,0.803842614138334,4.15));
#4331=CARTESIAN_POINT('Origin',(-1.63724448508823,0.853836315230299,4.15));
#4332=CARTESIAN_POINT('',(-1.63803811669497,0.803842614138334,0.));
#4333=CARTESIAN_POINT('',(-1.65143771181816,-0.040245937339121,3.));
#4334=CARTESIAN_POINT('',(-1.63803811669497,0.803842614138334,1.3));
#4335=CARTESIAN_POINT('',(-1.63803811669497,0.803842614138334,0.));
#4336=CARTESIAN_POINT('',(-1.62216548456012,1.80371663597764,1.3));
#4337=CARTESIAN_POINT('',(-1.61901905834749,2.00192130706917,1.3));
#4338=CARTESIAN_POINT('',(-1.62216548456012,1.80371663597764,0.));
#4339=CARTESIAN_POINT('',(-1.62216548456012,1.80371663597764,0.65));
#4340=CARTESIAN_POINT('',(-1.62216548456012,1.80371663597764,-1.3));
#4341=CARTESIAN_POINT('',(-1.62216548456012,1.80371663597764,0.65));
#4342=CARTESIAN_POINT('',(-1.63803811669497,0.803842614138334,-1.3));
#4343=CARTESIAN_POINT('',(-1.61108274228006,2.50185831798882,-1.3));
#4344=CARTESIAN_POINT('',(-1.63803811669497,0.803842614138334,0.));
#4345=CARTESIAN_POINT('',(-1.65143771181816,-0.040245937339121,-3.));
#4346=CARTESIAN_POINT('Origin',(-1.55,0.85,0.025));
#4347=CARTESIAN_POINT('',(-1.6,0.85,-4.4));
#4348=CARTESIAN_POINT('',(-1.55,0.8,-4.4));
#4349=CARTESIAN_POINT('Origin',(-1.55,0.85,-4.4));
#4350=CARTESIAN_POINT('',(-1.55,0.8,-4.2));
#4351=CARTESIAN_POINT('',(-1.55,0.8,0.025));
#4352=CARTESIAN_POINT('',(-1.6,0.85,-4.2));
#4353=CARTESIAN_POINT('Origin',(-1.55,0.85,-4.2));
#4354=CARTESIAN_POINT('',(-1.6,0.85,0.025));
#4355=CARTESIAN_POINT('Origin',(-1.6,3.4,4.35));
#4356=CARTESIAN_POINT('',(-1.6,3.15,-4.2));
#4357=CARTESIAN_POINT('',(-1.6,3.2,-4.2));
#4358=CARTESIAN_POINT('Origin',(-1.6,3.15,-4.15));
#4359=CARTESIAN_POINT('',(-1.6,3.4,-4.2));
#4360=CARTESIAN_POINT('',(-1.6,2.75096065353458,-4.2));
#4361=CARTESIAN_POINT('',(-1.6,3.2,-4.4));
#4362=CARTESIAN_POINT('Origin',(-1.6,3.2,-4.2));
#4363=CARTESIAN_POINT('',(-1.6,3.2,-4.4));
#4364=CARTESIAN_POINT('Origin',(1.6,3.2,-4.2));
#4365=CARTESIAN_POINT('',(1.55,0.8,-4.2));
#4366=CARTESIAN_POINT('',(1.6,0.8,-4.2));
#4367=CARTESIAN_POINT('',(1.6,0.85,-4.2));
#4368=CARTESIAN_POINT('Origin',(1.55,0.85,-4.2));
#4369=CARTESIAN_POINT('',(1.6,3.15,-4.2));
#4370=CARTESIAN_POINT('',(1.6,3.2,-4.2));
#4371=CARTESIAN_POINT('',(0.799999999999998,3.15,-4.2));
#4372=CARTESIAN_POINT('Origin',(-1.68801912237109,0.854642343911681,4.15));
#4373=CARTESIAN_POINT('',(-1.83721928945609,0.85701084165727,4.2));
#4374=CARTESIAN_POINT('',(-1.83801292106283,0.807017140565305,4.15));
#4375=CARTESIAN_POINT('Origin',(-1.83721928945609,0.85701084165727,4.15));
#4376=CARTESIAN_POINT('',(-1.68881275397783,0.804648642819716,4.15));
#4377=CARTESIAN_POINT('',(-1.68801912237109,0.854642343911681,4.2));
#4378=CARTESIAN_POINT('Origin',(-1.63803811669497,0.803842614138334,0.));
#4379=CARTESIAN_POINT('',(-1.83801292106283,0.807017140565305,0.));
#4380=CARTESIAN_POINT('Origin',(-1.55,0.85,4.325));
#4381=CARTESIAN_POINT('',(-1.55,0.8,4.4));
#4382=CARTESIAN_POINT('',(-1.6,0.85,4.4));
#4383=CARTESIAN_POINT('Origin',(-1.55,0.85,4.4));
#4384=CARTESIAN_POINT('',(-1.6,0.85,4.2));
#4385=CARTESIAN_POINT('',(-1.6,0.85,4.325));
#4386=CARTESIAN_POINT('',(-1.55,0.8,4.2));
#4387=CARTESIAN_POINT('Origin',(-1.55,0.85,4.2));
#4388=CARTESIAN_POINT('',(-1.55,0.8,4.325));
#4389=CARTESIAN_POINT('Origin',(-1.6,3.4,4.35));
#4390=CARTESIAN_POINT('',(-1.6,3.2,4.4));
#4391=CARTESIAN_POINT('',(-1.6,3.2,4.4));
#4392=CARTESIAN_POINT('',(-1.6,3.4,4.2));
#4393=CARTESIAN_POINT('Origin',(-1.6,3.2,4.2));
#4394=CARTESIAN_POINT('',(-1.6,2.75096065353458,4.2));
#4395=CARTESIAN_POINT('',(-1.6,3.15,4.2));
#4396=CARTESIAN_POINT('Origin',(-1.6,3.15,4.15));
#4397=CARTESIAN_POINT('',(-1.6,3.2,4.2));
#4398=CARTESIAN_POINT('Origin',(0.,3.3,4.4));
#4399=CARTESIAN_POINT('',(1.55,0.8,4.4));
#4400=CARTESIAN_POINT('',(-1.6,0.8,4.4));
#4401=CARTESIAN_POINT('',(1.6,0.85,4.4));
#4402=CARTESIAN_POINT('Origin',(1.55,0.85,4.4));
#4403=CARTESIAN_POINT('',(1.6,3.2,4.4));
#4404=CARTESIAN_POINT('',(1.6,3.4,4.4));
#4405=CARTESIAN_POINT('',(0.,3.2,4.4));
#4406=CARTESIAN_POINT('Origin',(1.68801912237109,0.854642343911681,4.15));
#4407=CARTESIAN_POINT('',(1.83801292106283,0.807017140565305,4.15));
#4408=CARTESIAN_POINT('',(1.83721928945609,0.85701084165727,4.2));
#4409=CARTESIAN_POINT('Origin',(1.83721928945609,0.85701084165727,4.15));
#4410=CARTESIAN_POINT('',(1.63724448508823,0.853836315230299,4.2));
#4411=CARTESIAN_POINT('',(1.68801912237109,0.854642343911681,4.2));
#4412=CARTESIAN_POINT('',(1.63803811669497,0.803842614138334,4.15));
#4413=CARTESIAN_POINT('Origin',(1.63724448508823,0.853836315230299,4.15));
#4414=CARTESIAN_POINT('',(1.68881275397783,0.804648642819716,4.15));
#4415=CARTESIAN_POINT('Origin',(1.71900646053142,2.10192130706917,4.2));
#4416=CARTESIAN_POINT('',(1.79997480436786,3.20317452642697,4.2));
#4417=CARTESIAN_POINT('',(1.83801292106283,0.807017140565305,4.2));
#4418=CARTESIAN_POINT('',(1.6,3.4,4.2));
#4419=CARTESIAN_POINT('Origin',(1.6,3.2,4.2));
#4420=CARTESIAN_POINT('',(1.6,3.2,4.2));
#4421=CARTESIAN_POINT('',(1.6,2.75096065353458,4.2));
#4422=CARTESIAN_POINT('',(1.6,3.2,4.2));
#4423=CARTESIAN_POINT('Origin',(1.83801292106283,0.807017140565305,0.));
#4424=CARTESIAN_POINT('',(1.83801292106283,0.807017140565305,3.65));
#4425=CARTESIAN_POINT('',(1.83801292106283,0.807017140565305,0.));
#4426=CARTESIAN_POINT('',(1.83880655266957,0.757023439473339,3.6));
#4427=CARTESIAN_POINT('Origin',(1.83880655266957,0.757023439473339,3.65));
#4428=CARTESIAN_POINT('',(1.84982525297254,0.0629159912717805,3.6));
#4429=CARTESIAN_POINT('',(1.85458704261299,-0.237046215280015,3.6));
#4430=CARTESIAN_POINT('',(1.84982525297254,0.0629159912717805,2.4));
#4431=CARTESIAN_POINT('',(1.84982525297254,0.0629159912717805,3.));
#4432=CARTESIAN_POINT('',(1.83880655266957,0.757023439473339,2.4));
#4433=CARTESIAN_POINT('',(1.85458704261299,-0.237046215280015,2.4));
#4434=CARTESIAN_POINT('',(1.83801292106283,0.807017140565305,2.35));
#4435=CARTESIAN_POINT('Origin',(1.83880655266957,0.757023439473339,2.35));
#4436=CARTESIAN_POINT('',(1.83801292106283,0.807017140565305,1.68236609491476));
#4437=CARTESIAN_POINT('',(1.83801292106283,0.807017140565305,0.));
#4438=CARTESIAN_POINT('',(1.82055302571449,1.90687856458854,1.68236609491476));
#4439=CARTESIAN_POINT('',(1.83801292106283,0.807017140565305,1.68236609491476));
#4440=CARTESIAN_POINT('',(1.82055302571449,1.90687856458854,-1.68236609491476));
#4441=CARTESIAN_POINT('',(1.82055302571449,1.90687856458854,0.65));
#4442=CARTESIAN_POINT('',(1.83801292106283,0.807017140565305,-1.68236609491476));
#4443=CARTESIAN_POINT('',(1.83801292106283,0.807017140565305,-1.68236609491476));
#4444=CARTESIAN_POINT('',(1.83801292106283,0.807017140565305,-2.35));
#4445=CARTESIAN_POINT('',(1.83801292106283,0.807017140565305,0.));
#4446=CARTESIAN_POINT('',(1.83880655266957,0.757023439473339,-2.4));
#4447=CARTESIAN_POINT('Origin',(1.83880655266957,0.757023439473339,-2.35));
#4448=CARTESIAN_POINT('',(1.84982525297254,0.0629159912717804,-2.4));
#4449=CARTESIAN_POINT('',(1.85458704261299,-0.237046215280015,-2.4));
#4450=CARTESIAN_POINT('',(1.84982525297254,0.0629159912717804,-3.6));
#4451=CARTESIAN_POINT('',(1.84982525297254,0.0629159912717803,-1.5));
#4452=CARTESIAN_POINT('',(1.83880655266957,0.757023439473339,-3.6));
#4453=CARTESIAN_POINT('',(1.85458704261299,-0.237046215280015,-3.6));
#4454=CARTESIAN_POINT('',(1.83801292106283,0.807017140565305,-3.65));
#4455=CARTESIAN_POINT('Origin',(1.83880655266957,0.757023439473339,-3.65));
#4456=CARTESIAN_POINT('',(1.83801292106283,0.807017140565305,-4.15));
#4457=CARTESIAN_POINT('',(1.83801292106283,0.807017140565305,0.));
#4458=CARTESIAN_POINT('',(1.83721928945609,0.85701084165727,-4.2));
#4459=CARTESIAN_POINT('Origin',(1.83721928945609,0.85701084165727,-4.15));
#4460=CARTESIAN_POINT('',(1.79997480436786,3.20317452642697,-4.2));
#4461=CARTESIAN_POINT('',(1.83801292106283,0.807017140565305,-4.2));
#4462=CARTESIAN_POINT('',(1.79997480436786,3.20317452642697,0.));
#4463=CARTESIAN_POINT('Origin',(1.55,0.85,-0.025));
#4464=CARTESIAN_POINT('',(1.55,0.8,4.2));
#4465=CARTESIAN_POINT('',(1.6,0.85,4.2));
#4466=CARTESIAN_POINT('Origin',(1.55,0.85,4.2));
#4467=CARTESIAN_POINT('',(1.6,0.85,-0.025));
#4468=CARTESIAN_POINT('',(1.55,0.8,-0.025));
#4469=CARTESIAN_POINT('Origin',(1.6,3.4,-4.35));
#4470=CARTESIAN_POINT('',(1.6,3.15,4.2));
#4471=CARTESIAN_POINT('',(1.6,3.2,4.2));
#4472=CARTESIAN_POINT('',(1.6,3.2,4.15));
#4473=CARTESIAN_POINT('Origin',(1.6,3.15,4.15));
#4474=CARTESIAN_POINT('',(1.6,3.19999999999999,-2.175));
#4475=CARTESIAN_POINT('Origin',(1.6,3.2,4.2));
#4476=CARTESIAN_POINT('Origin',(1.49219969983161,0.751521183238703,3.65));
#4477=CARTESIAN_POINT('',(1.63803811669497,0.803842614138334,3.65));
#4478=CARTESIAN_POINT('',(1.63883174830171,0.753848913046369,3.6));
#4479=CARTESIAN_POINT('Origin',(1.63883174830171,0.753848913046369,3.65));
#4480=CARTESIAN_POINT('',(1.49219969983161,0.751521183238703,3.6));
#4481=CARTESIAN_POINT('',(1.49140606822486,0.801514884330668,3.65));
#4482=CARTESIAN_POINT('Origin',(1.35306276847985,0.27704914657522,3.6));
#4483=CARTESIAN_POINT('',(1.65143771181816,-0.040245937339121,3.6));
#4484=CARTESIAN_POINT('',(1.63803811669497,0.803842614138334,3.6));
#4485=CARTESIAN_POINT('',(1.50145660854226,-0.0426268321593489,3.6));
#4486=CARTESIAN_POINT('',(1.65143771181816,-0.040245937339121,3.6));
#4487=CARTESIAN_POINT('',(1.50463113496923,-0.24260163652721,3.6));
#4488=CARTESIAN_POINT('',(1.49890118534322,0.118348439605487,3.6));
#4489=CARTESIAN_POINT('',(1.5546248360612,-0.241808004920468,3.6));
#4490=CARTESIAN_POINT('',(0.854713020773685,-0.252918847414864,3.6));
#4491=CARTESIAN_POINT('Origin',(1.54986304642075,0.0581542016313244,3.6));
#4492=CARTESIAN_POINT('Origin',(1.49219969983161,0.751521183238703,2.35));
#4493=CARTESIAN_POINT('',(1.63883174830171,0.753848913046369,2.4));
#4494=CARTESIAN_POINT('',(1.49219969983161,0.751521183238703,2.4));
#4495=CARTESIAN_POINT('',(1.63803811669497,0.803842614138334,2.35));
#4496=CARTESIAN_POINT('Origin',(1.63883174830171,0.753848913046369,2.35));
#4497=CARTESIAN_POINT('',(1.49140606822486,0.801514884330668,2.35));
#4498=CARTESIAN_POINT('Origin',(1.35306276847985,0.27704914657522,2.4));
#4499=CARTESIAN_POINT('',(1.5546248360612,-0.241808004920468,2.4));
#4500=CARTESIAN_POINT('Origin',(1.54986304642075,0.0581542016313244,2.4));
#4501=CARTESIAN_POINT('',(1.49689373876824,-0.242724464844476,2.4));
#4502=CARTESIAN_POINT('',(0.854713020773685,-0.252918847414864,2.4));
#4503=CARTESIAN_POINT('',(1.49371921234127,-0.0427496604766143,2.4));
#4504=CARTESIAN_POINT('',(1.49116378914223,0.118225611288222,2.4));
#4505=CARTESIAN_POINT('',(1.65143771181816,-0.040245937339121,2.4));
#4506=CARTESIAN_POINT('',(1.65143771181816,-0.040245937339121,2.4));
#4507=CARTESIAN_POINT('',(1.63803811669497,0.803842614138334,2.4));
#4508=CARTESIAN_POINT('Origin',(1.55,0.85,-4.325));
#4509=CARTESIAN_POINT('',(1.55,0.8,-4.4));
#4510=CARTESIAN_POINT('',(1.55,0.8,-4.325));
#4511=CARTESIAN_POINT('',(1.6,0.85,-4.4));
#4512=CARTESIAN_POINT('Origin',(1.55,0.85,-4.4));
#4513=CARTESIAN_POINT('',(1.6,0.85,-4.325));
#4514=CARTESIAN_POINT('Origin',(1.6,3.4,-4.35));
#4515=CARTESIAN_POINT('',(1.6,3.2,-4.4));
#4516=CARTESIAN_POINT('',(1.6,3.4,-4.4));
#4517=CARTESIAN_POINT('',(1.6,3.4,-4.2));
#4518=CARTESIAN_POINT('Origin',(1.6,3.2,-4.2));
#4519=CARTESIAN_POINT('',(1.6,3.2,-4.2));
#4520=CARTESIAN_POINT('',(1.6,2.75096065353458,-4.2));
#4521=CARTESIAN_POINT('',(1.6,3.2,-4.15));
#4522=CARTESIAN_POINT('',(1.6,3.19999999999999,-2.175));
#4523=CARTESIAN_POINT('Origin',(1.6,3.15,-4.15));
#4524=CARTESIAN_POINT('Origin',(1.68801912237109,0.854642343911681,-4.15));
#4525=CARTESIAN_POINT('',(1.63803811669497,0.803842614138334,-4.15));
#4526=CARTESIAN_POINT('',(1.63724448508823,0.853836315230299,-4.2));
#4527=CARTESIAN_POINT('Origin',(1.63724448508823,0.853836315230299,-4.15));
#4528=CARTESIAN_POINT('',(1.68801912237109,0.854642343911681,-4.2));
#4529=CARTESIAN_POINT('',(1.68881275397783,0.804648642819716,-4.15));
#4530=CARTESIAN_POINT('Origin',(1.63803811669497,0.803842614138334,0.));
#4531=CARTESIAN_POINT('',(1.63803811669497,0.803842614138334,-3.65));
#4532=CARTESIAN_POINT('',(1.49140606822486,0.801514884330668,-3.65));
#4533=CARTESIAN_POINT('',(1.63803811669497,0.803842614138334,0.));
#4534=CARTESIAN_POINT('Origin',(1.49219969983161,0.751521183238703,-2.35));
#4535=CARTESIAN_POINT('',(1.63803811669497,0.803842614138334,-2.35));
#4536=CARTESIAN_POINT('',(1.63883174830171,0.753848913046369,-2.4));
#4537=CARTESIAN_POINT('Origin',(1.63883174830171,0.753848913046369,-2.35));
#4538=CARTESIAN_POINT('',(1.49219969983161,0.751521183238703,-2.4));
#4539=CARTESIAN_POINT('',(1.49140606822486,0.801514884330668,-2.35));
#4540=CARTESIAN_POINT('Origin',(1.35306276847985,0.27704914657522,-2.4));
#4541=CARTESIAN_POINT('',(1.65143771181816,-0.040245937339121,-2.4));
#4542=CARTESIAN_POINT('',(1.63803811669497,0.803842614138334,-2.4));
#4543=CARTESIAN_POINT('',(1.49371921234127,-0.0427496604766143,-2.4));
#4544=CARTESIAN_POINT('',(1.65143771181816,-0.040245937339121,-2.4));
#4545=CARTESIAN_POINT('',(1.49689373876824,-0.242724464844476,-2.4));
#4546=CARTESIAN_POINT('',(1.49116378914223,0.118225611288222,-2.4));
#4547=CARTESIAN_POINT('',(1.5546248360612,-0.241808004920468,-2.4));
#4548=CARTESIAN_POINT('',(0.854713020773685,-0.252918847414864,-2.4));
#4549=CARTESIAN_POINT('Origin',(1.54986304642074,0.0581542016313244,-2.4));
#4550=CARTESIAN_POINT('Origin',(1.49219969983161,0.751521183238703,-3.65));
#4551=CARTESIAN_POINT('',(1.63883174830171,0.753848913046369,-3.6));
#4552=CARTESIAN_POINT('',(1.49219969983161,0.751521183238703,-3.6));
#4553=CARTESIAN_POINT('Origin',(1.63883174830171,0.753848913046369,-3.65));
#4554=CARTESIAN_POINT('Origin',(1.35306276847985,0.27704914657522,-3.6));
#4555=CARTESIAN_POINT('',(1.5546248360612,-0.241808004920468,-3.6));
#4556=CARTESIAN_POINT('Origin',(1.54986304642074,0.0581542016313244,-3.6));
#4557=CARTESIAN_POINT('',(1.50463113496923,-0.24260163652721,-3.6));
#4558=CARTESIAN_POINT('',(0.854713020773685,-0.252918847414864,-3.6));
#4559=CARTESIAN_POINT('',(1.50145660854226,-0.0426268321593489,-3.6));
#4560=CARTESIAN_POINT('',(1.49890118534322,0.118348439605487,-3.6));
#4561=CARTESIAN_POINT('',(1.65143771181816,-0.040245937339121,-3.6));
#4562=CARTESIAN_POINT('',(1.65143771181816,-0.040245937339121,-3.6));
#4563=CARTESIAN_POINT('',(1.63803811669497,0.803842614138334,-3.6));
#4564=CARTESIAN_POINT('Origin',(-1.49116378914223,0.118225611288222,3.05));
#4565=CARTESIAN_POINT('',(-0.854713020773685,-0.252918847414864,2.95));
#4566=CARTESIAN_POINT('Origin',(-1.49689373876824,-0.242724464844476,3.05));
#4567=CARTESIAN_POINT('',(-0.851538494346714,-0.0529440430470028,2.95));
#4568=CARTESIAN_POINT('Origin',(-1.49371921234127,-0.0427496604766143,3.05));
#4569=CARTESIAN_POINT('',(-0.848983071147669,0.108031228717833,2.95));
#4570=CARTESIAN_POINT('Origin',(-0.854713020773685,-0.252918847414864,3.));
#4571=CARTESIAN_POINT('Origin',(-1.50463113496923,-0.24260163652721,2.95));
#4572=CARTESIAN_POINT('',(-1.5546248360612,-0.241808004920468,3.));
#4573=CARTESIAN_POINT('Origin',(-1.49890118534322,0.118348439605487,2.95));
#4574=CARTESIAN_POINT('Origin',(-1.50145660854226,-0.0426268321593489,2.95));
#4575=CARTESIAN_POINT('Origin',(-1.54986304642075,0.0581542016313244,3.));
#4576=CARTESIAN_POINT('',(-1.84982525297254,0.0629159912717805,3.));
#4577=CARTESIAN_POINT('Origin',(-1.65143771181816,-0.040245937339121,3.));
#4578=CARTESIAN_POINT('Origin',(-1.63803811669497,0.803842614138334,0.));
#4579=CARTESIAN_POINT('',(-1.83801292106283,0.807017140565305,1.68236609491476));
#4580=CARTESIAN_POINT('',(-1.83801292106283,0.807017140565305,0.));
#4581=CARTESIAN_POINT('',(-1.77987873387663,0.806094281737582,0.922080173645061));
#4582=CARTESIAN_POINT('Origin',(3.16135718813371,0.727653979891041,1.68236609491476));
#4583=CARTESIAN_POINT('',(-1.63803811669497,0.803842614138334,0.));
#4584=CARTESIAN_POINT('',(-1.63803811669497,0.803842614138334,0.));
#4585=CARTESIAN_POINT('',(-1.77987873387663,0.806094281737582,-0.922080173645056));
#4586=CARTESIAN_POINT('',(-1.83801292106283,0.807017140565305,-1.3));
#4587=CARTESIAN_POINT('',(-1.83801292106283,0.807017140565305,-1.68236609491476));
#4588=CARTESIAN_POINT('Origin',(3.16135718813371,0.727653979891041,-1.68236609491476));
#4589=CARTESIAN_POINT('',(-1.83801292106283,0.807017140565305,0.));
#4590=CARTESIAN_POINT('',(-1.43806331232711,0.800668087711363,0.));
#4591=CARTESIAN_POINT('',(-1.43806331232711,0.800668087711363,0.));
#4592=CARTESIAN_POINT('',(-1.63803811669497,0.803842614138334,1.3));
#4593=CARTESIAN_POINT('Origin',(1.49116378914223,0.118225611288222,3.05));
#4594=CARTESIAN_POINT('',(0.854713020773685,-0.252918847414864,2.95));
#4595=CARTESIAN_POINT('Origin',(1.49689373876824,-0.242724464844476,3.05));
#4596=CARTESIAN_POINT('',(0.851538494346714,-0.0529440430470028,2.95));
#4597=CARTESIAN_POINT('',(0.848983071147669,0.108031228717833,2.95));
#4598=CARTESIAN_POINT('Origin',(1.49371921234127,-0.0427496604766143,3.05));
#4599=CARTESIAN_POINT('Origin',(0.854713020773685,-0.252918847414864,3.));
#4600=CARTESIAN_POINT('',(1.5546248360612,-0.241808004920468,3.));
#4601=CARTESIAN_POINT('Origin',(1.50463113496923,-0.24260163652721,2.95));
#4602=CARTESIAN_POINT('Origin',(1.49890118534322,0.118348439605487,2.95));
#4603=CARTESIAN_POINT('Origin',(1.50145660854226,-0.0426268321593489,2.95));
#4604=CARTESIAN_POINT('Origin',(1.54986304642075,0.0581542016313244,3.));
#4605=CARTESIAN_POINT('Origin',(1.65143771181816,-0.040245937339121,3.));
#4606=CARTESIAN_POINT('',(1.65143771181816,-0.040245937339121,3.));
#4607=CARTESIAN_POINT('Origin',(1.63803811669497,0.803842614138334,0.));
#4608=CARTESIAN_POINT('',(1.63803811669497,0.803842614138334,0.));
#4609=CARTESIAN_POINT('Origin',(1.63803811669497,0.803842614138334,0.));
#4610=CARTESIAN_POINT('',(1.63803811669497,0.803842614138334,1.3));
#4611=CARTESIAN_POINT('',(1.63803811669497,0.803842614138334,0.));
#4612=CARTESIAN_POINT('',(1.43806331232711,0.800668087711363,0.));
#4613=CARTESIAN_POINT('',(1.63803811669497,0.803842614138334,1.3));
#4614=CARTESIAN_POINT('',(1.63803811669497,0.803842614138334,-1.3));
#4615=CARTESIAN_POINT('',(1.43806331232711,0.800668087711363,0.));
#4616=CARTESIAN_POINT('',(1.63803811669497,0.803842614138334,0.));
#4617=CARTESIAN_POINT('',(1.77987873387663,0.806094281737582,-0.922080173645056));
#4618=CARTESIAN_POINT('Origin',(-3.16135718813371,0.727653979891041,-1.68236609491476));
#4619=CARTESIAN_POINT('',(1.63803811669497,0.803842614138334,0.));
#4620=CARTESIAN_POINT('',(1.83801292106283,0.807017140565305,-1.3));
#4621=CARTESIAN_POINT('',(1.77987873387663,0.806094281737582,0.922080173645061));
#4622=CARTESIAN_POINT('',(1.63803811669497,0.803842614138334,0.));
#4623=CARTESIAN_POINT('Origin',(-3.16135718813371,0.727653979891041,1.68236609491476));
#4624=CARTESIAN_POINT('Origin',(-1.49116378914223,0.118225611288222,-3.05));
#4625=CARTESIAN_POINT('',(-0.854713020773685,-0.252918847414864,-2.95));
#4626=CARTESIAN_POINT('Origin',(-1.49689373876824,-0.242724464844476,-3.05));
#4627=CARTESIAN_POINT('',(-0.851538494346714,-0.0529440430470028,-2.95));
#4628=CARTESIAN_POINT('',(-0.848983071147669,0.108031228717833,-2.95));
#4629=CARTESIAN_POINT('Origin',(-1.49371921234127,-0.0427496604766143,-3.05));
#4630=CARTESIAN_POINT('Origin',(-0.854713020773685,-0.252918847414864,-3.));
#4631=CARTESIAN_POINT('',(-1.5546248360612,-0.241808004920468,-3.));
#4632=CARTESIAN_POINT('Origin',(-1.50463113496923,-0.24260163652721,-2.95));
#4633=CARTESIAN_POINT('Origin',(-1.49890118534322,0.118348439605487,-2.95));
#4634=CARTESIAN_POINT('Origin',(-1.50145660854226,-0.0426268321593489,-2.95));
#4635=CARTESIAN_POINT('Origin',(-1.54986304642075,0.0581542016313244,-3.));
#4636=CARTESIAN_POINT('',(-1.84982525297254,0.0629159912717805,-3.));
#4637=CARTESIAN_POINT('Origin',(-1.65143771181816,-0.040245937339121,-3.));
#4638=CARTESIAN_POINT('Origin',(1.49116378914223,0.118225611288222,-3.05));
#4639=CARTESIAN_POINT('',(0.854713020773685,-0.252918847414864,-2.95));
#4640=CARTESIAN_POINT('Origin',(1.49689373876824,-0.242724464844476,-3.05));
#4641=CARTESIAN_POINT('',(0.851538494346714,-0.0529440430470028,-2.95));
#4642=CARTESIAN_POINT('Origin',(1.49371921234127,-0.0427496604766143,-3.05));
#4643=CARTESIAN_POINT('',(0.848983071147669,0.108031228717833,-2.95));
#4644=CARTESIAN_POINT('Origin',(0.854713020773685,-0.252918847414864,-3.));
#4645=CARTESIAN_POINT('Origin',(1.50463113496923,-0.24260163652721,-2.95));
#4646=CARTESIAN_POINT('',(1.5546248360612,-0.241808004920468,-1.5));
#4647=CARTESIAN_POINT('Origin',(1.49890118534322,0.118348439605487,-2.95));
#4648=CARTESIAN_POINT('Origin',(1.50145660854226,-0.0426268321593489,-2.95));
#4649=CARTESIAN_POINT('Origin',(1.54986304642074,0.0581542016313244,-1.5));
#4650=CARTESIAN_POINT('Origin',(1.65143771181816,-0.040245937339121,-3.));
#4651=CARTESIAN_POINT('',(1.65143771181816,-0.040245937339121,-3.));
#4652=CARTESIAN_POINT('Origin',(1.72056562353056,1.90529130137506,0.65));
#4653=CARTESIAN_POINT('',(1.76386035554902,1.81514937894465,-0.922080173645057));
#4654=CARTESIAN_POINT('Ctrl Pts',(1.82055302571449,1.90687856458854,-1.68236609491476));
#4655=CARTESIAN_POINT('Ctrl Pts',(1.82093250162244,1.88297401624086,-1.51331411567889));
#4656=CARTESIAN_POINT('Ctrl Pts',(1.81044244650263,1.85434698914328,-1.31071436703158));
#4657=CARTESIAN_POINT('Ctrl Pts',(1.78501829253373,1.82810261632609,-1.07305684304089));
#4658=CARTESIAN_POINT('Ctrl Pts',(1.77539115866718,1.82068756825211,-0.997592338492382));
#4659=CARTESIAN_POINT('Ctrl Pts',(1.76386035554902,1.81514937894465,-0.922080173645057));
#4660=CARTESIAN_POINT('',(1.76386035554902,1.81514937894465,0.922080173645062));
#4661=CARTESIAN_POINT('Ctrl Pts',(1.76386035554902,1.81514937894465,0.922080173645062));
#4662=CARTESIAN_POINT('Ctrl Pts',(1.77539115866718,1.82068756825211,0.997592338492387));
#4663=CARTESIAN_POINT('Ctrl Pts',(1.78501829253373,1.82810261632609,1.07305684304089));
#4664=CARTESIAN_POINT('Ctrl Pts',(1.81044244650263,1.85434698914328,1.31071436703158));
#4665=CARTESIAN_POINT('Ctrl Pts',(1.82093250162244,1.88297401624086,1.5133141156789));
#4666=CARTESIAN_POINT('Ctrl Pts',(1.82055302571449,1.90687856458854,1.68236609491476));
#4667=CARTESIAN_POINT('',(1.72215288674405,1.80530389919113,0.649999999999998));
#4668=CARTESIAN_POINT('Origin',(1.72056562353056,1.90529130137506,0.649999999999998));
#4669=CARTESIAN_POINT('',(1.72215288674405,1.80530389919113,-0.649999999999996));
#4670=CARTESIAN_POINT('',(1.72215288674405,1.80530389919113,0.65));
#4671=CARTESIAN_POINT('Origin',(1.72056562353056,1.90529130137506,-0.649999999999996));
#4672=CARTESIAN_POINT('Origin',(1.82214028892798,1.80689116240461,1.3));
#4673=CARTESIAN_POINT('',(1.62216548456012,1.80371663597764,0.));
#4674=CARTESIAN_POINT('',(1.82214028892798,1.80689116240461,1.3));
#4675=CARTESIAN_POINT('',(1.52680177727487,1.80220277221911,0.619942196531792));
#4676=CARTESIAN_POINT('Origin',(-1.72056562353056,1.90529130137506,0.65));
#4677=CARTESIAN_POINT('',(-1.82055302571449,1.90687856458854,1.68236609491476));
#4678=CARTESIAN_POINT('',(-1.76386035554902,1.81514937894465,0.922080173645062));
#4679=CARTESIAN_POINT('Ctrl Pts',(-1.82055302571449,1.90687856458854,1.68236609491476));
#4680=CARTESIAN_POINT('Ctrl Pts',(-1.82093250162244,1.88297401624086,1.5133141156789));
#4681=CARTESIAN_POINT('Ctrl Pts',(-1.81044244650263,1.85434698914328,1.31071436703158));
#4682=CARTESIAN_POINT('Ctrl Pts',(-1.78501829253373,1.82810261632609,1.07305684304089));
#4683=CARTESIAN_POINT('Ctrl Pts',(-1.77539115866718,1.82068756825211,0.997592338492387));
#4684=CARTESIAN_POINT('Ctrl Pts',(-1.76386035554902,1.81514937894465,0.922080173645062));
#4685=CARTESIAN_POINT('',(-1.82055302571449,1.90687856458854,-1.68236609491476));
#4686=CARTESIAN_POINT('',(-1.82055302571449,1.90687856458854,0.65));
#4687=CARTESIAN_POINT('',(-1.76386035554902,1.81514937894465,-0.922080173645057));
#4688=CARTESIAN_POINT('Ctrl Pts',(-1.76386035554902,1.81514937894465,-0.922080173645057));
#4689=CARTESIAN_POINT('Ctrl Pts',(-1.77539115866718,1.82068756825211,-0.997592338492382));
#4690=CARTESIAN_POINT('Ctrl Pts',(-1.78501829253373,1.82810261632609,-1.07305684304089));
#4691=CARTESIAN_POINT('Ctrl Pts',(-1.81044244650263,1.85434698914328,-1.31071436703158));
#4692=CARTESIAN_POINT('Ctrl Pts',(-1.82093250162244,1.88297401624086,-1.51331411567889));
#4693=CARTESIAN_POINT('Ctrl Pts',(-1.82055302571449,1.90687856458854,-1.68236609491476));
#4694=CARTESIAN_POINT('',(-1.72215288674405,1.80530389919113,-0.649999999999996));
#4695=CARTESIAN_POINT('Origin',(-1.72056562353056,1.90529130137506,-0.649999999999996));
#4696=CARTESIAN_POINT('',(-1.72215288674405,1.80530389919113,0.649999999999998));
#4697=CARTESIAN_POINT('',(-1.72215288674405,1.80530389919113,0.65));
#4698=CARTESIAN_POINT('Origin',(-1.72056562353056,1.90529130137506,0.649999999999998));
#4699=CARTESIAN_POINT('Origin',(-1.82214028892798,1.80689116240461,1.3));
#4700=CARTESIAN_POINT('',(-1.52680177727487,1.80220277221911,0.619942196531792));
#4701=CARTESIAN_POINT('',(-1.82214028892798,1.80689116240461,1.3));
#4702=CARTESIAN_POINT('Origin',(3.16135718813371,0.727653979891041,-1.68236609491476));
#4703=CARTESIAN_POINT('',(-1.77987873387663,0.806094281737582,-0.922080173645056));
#4704=CARTESIAN_POINT('',(-1.83801292106283,0.807017140565305,-1.68236609491476));
#4705=CARTESIAN_POINT('Origin',(-1.83801292106283,0.807017140565305,0.));
#4706=CARTESIAN_POINT('',(-1.83801292106283,0.807017140565305,1.68236609491476));
#4707=CARTESIAN_POINT('',(-1.79997480436786,3.20317452642697,4.2));
#4708=CARTESIAN_POINT('',(-1.83801292106283,0.807017140565305,4.2));
#4709=CARTESIAN_POINT('',(-1.79997480436786,3.20317452642697,-4.2));
#4710=CARTESIAN_POINT('',(-1.79997480436786,3.20317452642697,0.));
#4711=CARTESIAN_POINT('',(-1.83801292106283,0.807017140565305,-4.2));
#4712=CARTESIAN_POINT('Origin',(-1.63803811669497,0.803842614138334,2.77555756156289E-16));
#4713=CARTESIAN_POINT('',(-1.63803811669497,0.803842614138334,0.));
#4714=CARTESIAN_POINT('Origin',(-1.63803811669497,0.803842614138334,-1.3));
#4715=CARTESIAN_POINT('',(-1.42219068019226,1.80054210955067,0.));
#4716=CARTESIAN_POINT('',(-1.57332770719282,1.80294135423464,-0.982514450867052));
#4717=CARTESIAN_POINT('',(-1.43806331232711,0.800668087711363,0.));
#4718=CARTESIAN_POINT('Origin',(-3.16135718813371,0.727653979891041,-1.68236609491476));
#4719=CARTESIAN_POINT('',(1.77987873387663,0.806094281737582,-0.922080173645056));
#4720=CARTESIAN_POINT('Origin',(1.63803811669497,0.803842614138334,2.77555756156289E-16));
#4721=CARTESIAN_POINT('',(1.63803811669497,0.803842614138334,0.));
#4722=CARTESIAN_POINT('Origin',(1.63803811669497,0.803842614138334,-1.3));
#4723=CARTESIAN_POINT('',(1.42219068019226,1.80054210955067,0.));
#4724=CARTESIAN_POINT('',(1.62216548456012,1.80371663597764,-1.3));
#4725=CARTESIAN_POINT('',(1.57332770719282,1.80294135423464,-0.982514450867052));
#4726=CARTESIAN_POINT('',(1.61108274228006,2.50185831798882,-1.3));
#4727=CARTESIAN_POINT('',(1.43806331232711,0.800668087711363,0.));
#4728=CARTESIAN_POINT('Origin',(3.16135718813371,0.72765397989104,1.68236609491476));
#4729=CARTESIAN_POINT('',(-1.77987873387663,0.806094281737582,0.922080173645061));
#4730=CARTESIAN_POINT('Origin',(-1.83801292106283,0.807017140565305,1.3));
#4731=CARTESIAN_POINT('Origin',(-1.43806331232711,0.800668087711363,-2.77555756156289E-16));
#4732=CARTESIAN_POINT('',(-1.47334030500889,1.80135409102115,0.332514450867052));
#4733=CARTESIAN_POINT('Origin',(-1.62216548456012,1.80371663597764,0.65));
#4734=CARTESIAN_POINT('Origin',(-3.16135718813371,0.72765397989104,1.68236609491476));
#4735=CARTESIAN_POINT('',(1.77987873387663,0.806094281737582,0.922080173645061));
#4736=CARTESIAN_POINT('Origin',(1.62216548456012,1.80371663597764,0.65));
#4737=CARTESIAN_POINT('',(1.62216548456012,1.80371663597764,1.3));
#4738=CARTESIAN_POINT('',(1.62216548456012,1.80371663597764,0.65));
#4739=CARTESIAN_POINT('',(1.62216548456012,1.80371663597764,0.65));
#4740=CARTESIAN_POINT('',(1.47334030500889,1.80135409102115,0.332514450867052));
#4741=CARTESIAN_POINT('Origin',(1.83801292106283,0.807017140565305,1.3));
#4742=CARTESIAN_POINT('Origin',(1.43806331232711,0.800668087711363,-2.77555756156289E-16));
#4743=CARTESIAN_POINT('',(1.61901905834749,2.00192130706917,1.3));
#4744=CARTESIAN_POINT('Origin',(1.6,3.2,0.));
#4745=CARTESIAN_POINT('',(1.6,3.2,-4.35));
#4746=CARTESIAN_POINT('',(1.6,3.2,-4.2));
#4747=CARTESIAN_POINT('Origin',(0.6,3.4,1.6));
#4748=CARTESIAN_POINT('',(0.6,3.4,1.8));
#4749=CARTESIAN_POINT('',(0.8,3.4,1.6));
#4750=CARTESIAN_POINT('Origin',(0.6,3.4,1.6));
#4751=CARTESIAN_POINT('',(0.8,3.2,1.6));
#4752=CARTESIAN_POINT('',(0.8,3.4,1.6));
#4753=CARTESIAN_POINT('',(0.6,3.2,1.8));
#4754=CARTESIAN_POINT('Origin',(0.6,3.2,1.6));
#4755=CARTESIAN_POINT('',(0.6,3.4,1.8));
#4756=CARTESIAN_POINT('Origin',(0.8,3.4,-1.8));
#4757=CARTESIAN_POINT('',(0.8,3.4,-1.6));
#4758=CARTESIAN_POINT('',(0.8,3.4,-0.9));
#4759=CARTESIAN_POINT('',(0.8,3.2,-1.6));
#4760=CARTESIAN_POINT('',(0.8,3.4,-1.6));
#4761=CARTESIAN_POINT('',(0.8,3.2,-0.9));
#4762=CARTESIAN_POINT('Origin',(0.6,3.4,-1.6));
#4763=CARTESIAN_POINT('',(0.6,3.4,-1.8));
#4764=CARTESIAN_POINT('Origin',(0.6,3.4,-1.6));
#4765=CARTESIAN_POINT('',(0.6,3.2,-1.8));
#4766=CARTESIAN_POINT('',(0.6,3.4,-1.8));
#4767=CARTESIAN_POINT('Origin',(0.6,3.2,-1.6));
#4768=CARTESIAN_POINT('Origin',(-0.8,3.4,-1.8));
#4769=CARTESIAN_POINT('',(-0.6,3.4,-1.8));
#4770=CARTESIAN_POINT('',(-0.4,3.4,-1.8));
#4771=CARTESIAN_POINT('',(-0.6,3.2,-1.8));
#4772=CARTESIAN_POINT('',(-0.6,3.4,-1.8));
#4773=CARTESIAN_POINT('',(-0.4,3.2,-1.8));
#4774=CARTESIAN_POINT('Origin',(-0.6,3.4,-1.6));
#4775=CARTESIAN_POINT('',(-0.8,3.4,-1.6));
#4776=CARTESIAN_POINT('Origin',(-0.6,3.4,-1.6));
#4777=CARTESIAN_POINT('',(-0.8,3.2,-1.6));
#4778=CARTESIAN_POINT('',(-0.8,3.4,-1.6));
#4779=CARTESIAN_POINT('Origin',(-0.6,3.2,-1.6));
#4780=CARTESIAN_POINT('Origin',(-0.8,3.4,1.8));
#4781=CARTESIAN_POINT('',(-0.8,3.4,1.6));
#4782=CARTESIAN_POINT('',(-0.8,3.4,0.9));
#4783=CARTESIAN_POINT('',(-0.8,3.2,1.6));
#4784=CARTESIAN_POINT('',(-0.8,3.4,1.6));
#4785=CARTESIAN_POINT('',(-0.8,3.2,0.9));
#4786=CARTESIAN_POINT('Origin',(-0.6,3.4,1.6));
#4787=CARTESIAN_POINT('',(-0.6,3.4,1.8));
#4788=CARTESIAN_POINT('Origin',(-0.6,3.4,1.6));
#4789=CARTESIAN_POINT('',(-0.6,3.2,1.8));
#4790=CARTESIAN_POINT('',(-0.6,3.4,1.8));
#4791=CARTESIAN_POINT('Origin',(-0.6,3.2,1.6));
#4792=CARTESIAN_POINT('Origin',(0.8,3.4,1.8));
#4793=CARTESIAN_POINT('',(0.4,3.2,1.8));
#4794=CARTESIAN_POINT('',(0.4,3.4,1.8));
#4795=CARTESIAN_POINT('Origin',(-1.6,3.2,0.));
#4796=CARTESIAN_POINT('Origin',(-1.6,3.2,4.2));
#4797=CARTESIAN_POINT('',(-1.6,3.4,-4.35));
#4798=CARTESIAN_POINT('Origin',(-1.6,3.2,-4.2));
#4799=CARTESIAN_POINT('Origin',(-1.71900646053142,2.10192130706917,-4.2));
#4800=CARTESIAN_POINT('Origin',(-1.71900646053142,2.10192130706917,4.2));
#4801=CARTESIAN_POINT('Origin',(1.6,3.2,0.));
#4802=CARTESIAN_POINT('Origin',(1.6,3.2,-4.2));
#4803=CARTESIAN_POINT('',(1.6,3.4,0.));
#4804=CARTESIAN_POINT('Origin',(0.,3.4,0.));
#4805=CARTESIAN_POINT('',(0.,3.4,-4.2));
#4806=CARTESIAN_POINT('',(0.,3.4,4.2));
#4807=CARTESIAN_POINT('Origin',(1.71900646053142,2.10192130706917,-4.2));
#4808=CARTESIAN_POINT('Origin',(0.799999999999998,3.15,-4.15));
#4809=CARTESIAN_POINT('',(0.799999999999998,3.2,-4.15));
#4810=CARTESIAN_POINT('Origin',(0.799999999999998,3.15,4.15));
#4811=CARTESIAN_POINT('',(0.799999999999998,3.15,4.2));
#4812=CARTESIAN_POINT('',(0.799999999999998,3.2,4.15));
#4813=CARTESIAN_POINT('Origin',(1.6,3.2,4.2));
#4814=CARTESIAN_POINT('',(1.6,0.8,4.2));
#4815=CARTESIAN_POINT('Origin',(0.,3.2,4.2));
#4816=CARTESIAN_POINT('Origin',(0.,3.2,-4.2));
#4817=CARTESIAN_POINT('',(0.,3.2,-4.4));
#4818=CARTESIAN_POINT('Origin',(0.,3.3,-4.4));
#4819=CARTESIAN_POINT('',(-1.6,0.8,-4.4));
#4820=CARTESIAN_POINT('Origin',(-3.88578058618805E-15,0.8,4.3));
#4821=CARTESIAN_POINT('Origin',(0.,3.2,0.));
#4822=CARTESIAN_POINT('Origin',(-3.88578058618805E-15,0.8,-4.3));
#4823=CARTESIAN_POINT('Origin',(-0.6,6.35,-1.35));
#4824=CARTESIAN_POINT('',(-0.45,6.5,-0.525));
#4825=CARTESIAN_POINT('',(-0.45,6.5,-1.425));
#4826=CARTESIAN_POINT('',(-0.45,6.5,-1.35));
#4827=CARTESIAN_POINT('',(-0.75,6.2,-1.725));
#4828=CARTESIAN_POINT('',(-0.45,6.5,-1.425));
#4829=CARTESIAN_POINT('',(-0.75,6.2,-0.225));
#4830=CARTESIAN_POINT('',(-0.75,6.2,-1.35));
#4831=CARTESIAN_POINT('',(-0.45,6.5,-0.525));
#4832=CARTESIAN_POINT('Origin',(0.375,6.35,-1.575));
#4833=CARTESIAN_POINT('',(0.45,6.5,-1.425));
#4834=CARTESIAN_POINT('',(0.375,6.5,-1.425));
#4835=CARTESIAN_POINT('',(0.75,6.2,-1.725));
#4836=CARTESIAN_POINT('',(0.45,6.5,-1.425));
#4837=CARTESIAN_POINT('',(0.375,6.2,-1.725));
#4838=CARTESIAN_POINT('Origin',(0.6,6.35,-0.6));
#4839=CARTESIAN_POINT('',(0.45,6.5,-0.525));
#4840=CARTESIAN_POINT('',(0.45,6.5,-0.6));
#4841=CARTESIAN_POINT('',(0.75,6.2,-0.225));
#4842=CARTESIAN_POINT('',(0.45,6.5,-0.525));
#4843=CARTESIAN_POINT('',(0.75,6.2,-0.6));
#4844=CARTESIAN_POINT('Origin',(-0.375,6.35,-0.375));
#4845=CARTESIAN_POINT('',(-0.375,6.2,-0.225));
#4846=CARTESIAN_POINT('',(-0.375,6.5,-0.525));
#4847=CARTESIAN_POINT('Origin',(-0.75,3.2,-0.225));
#4848=CARTESIAN_POINT('',(-0.75,3.2,-0.225));
#4849=CARTESIAN_POINT('',(-0.75,3.2,-0.225));
#4850=CARTESIAN_POINT('',(0.75,3.2,-0.225));
#4851=CARTESIAN_POINT('',(-0.375,3.2,-0.225));
#4852=CARTESIAN_POINT('',(0.75,3.2,-0.225));
#4853=CARTESIAN_POINT('Origin',(-0.75,3.2,-1.725));
#4854=CARTESIAN_POINT('',(-0.75,3.2,-1.725));
#4855=CARTESIAN_POINT('',(-0.75,3.2,-1.725));
#4856=CARTESIAN_POINT('',(-0.75,3.2,-0.8625));
#4857=CARTESIAN_POINT('Origin',(0.,6.5,-0.975));
#4858=CARTESIAN_POINT('Origin',(0.75,3.2,-1.725));
#4859=CARTESIAN_POINT('',(0.75,3.2,-1.725));
#4860=CARTESIAN_POINT('',(0.75,3.2,-1.725));
#4861=CARTESIAN_POINT('',(0.375,3.2,-1.725));
#4862=CARTESIAN_POINT('Origin',(0.75,3.2,-0.225));
#4863=CARTESIAN_POINT('',(0.75,3.2,-0.1125));
#4864=CARTESIAN_POINT('Origin',(1.14128024770896,3.2,2.39346091461723));
#4865=CARTESIAN_POINT('',(1.14128024770896,3.2,2.39346091461723));
#4866=CARTESIAN_POINT('',(-1.14128024770896,3.2,2.39346091461723));
#4867=CARTESIAN_POINT('',(1.14128024770896,3.2,2.39346091461723));
#4868=CARTESIAN_POINT('',(-1.14128024770896,2.7,2.39346091461723));
#4869=CARTESIAN_POINT('',(-1.14128024770896,3.2,2.39346091461723));
#4870=CARTESIAN_POINT('',(1.14128024770896,2.7,2.39346091461723));
#4871=CARTESIAN_POINT('',(1.14128024770896,2.7,2.39346091461723));
#4872=CARTESIAN_POINT('',(1.14128024770896,3.2,2.39346091461723));
#4873=CARTESIAN_POINT('Origin',(1.14128024770896,3.2,-2.39346091461723));
#4874=CARTESIAN_POINT('',(1.14128024770896,3.2,-2.39346091461723));
#4875=CARTESIAN_POINT('',(1.14128024770896,3.2,-2.39346091461723));
#4876=CARTESIAN_POINT('',(1.14128024770896,2.7,-2.39346091461723));
#4877=CARTESIAN_POINT('',(1.14128024770896,2.7,-2.39346091461723));
#4878=CARTESIAN_POINT('',(1.14128024770896,3.2,-2.39346091461723));
#4879=CARTESIAN_POINT('Origin',(-1.14128024770896,3.2,-2.39346091461723));
#4880=CARTESIAN_POINT('',(-1.14128024770896,3.2,-2.39346091461723));
#4881=CARTESIAN_POINT('',(-1.14128024770896,3.2,-2.39346091461723));
#4882=CARTESIAN_POINT('',(-1.14128024770896,2.7,-2.39346091461723));
#4883=CARTESIAN_POINT('',(-1.14128024770896,2.7,-2.39346091461723));
#4884=CARTESIAN_POINT('',(-1.14128024770896,3.2,-2.39346091461723));
#4885=CARTESIAN_POINT('Origin',(-1.14128024770896,3.2,2.39346091461723));
#4886=CARTESIAN_POINT('',(-1.14128024770896,3.2,2.39346091461723));
#4887=CARTESIAN_POINT('',(-1.14128024770896,2.7,2.39346091461723));
#4888=CARTESIAN_POINT('Origin',(0.,2.7,0.));
#4889=CARTESIAN_POINT('Origin',(0.,3.2,0.));
#4890=UNCERTAINTY_MEASURE_WITH_UNIT(LENGTH_MEASURE(0.01),#4894,
'DISTANCE_ACCURACY_VALUE',
'Maximum model space distance between geometric entities at asserted c
onnectivities');
#4891=UNCERTAINTY_MEASURE_WITH_UNIT(LENGTH_MEASURE(0.01),#4894,
'DISTANCE_ACCURACY_VALUE',
'Maximum model space distance between geometric entities at asserted c
onnectivities');
#4892=(
GEOMETRIC_REPRESENTATION_CONTEXT(3)
GLOBAL_UNCERTAINTY_ASSIGNED_CONTEXT((#4890))
GLOBAL_UNIT_ASSIGNED_CONTEXT((#4894,#4896,#4897))
REPRESENTATION_CONTEXT('','3D')
);
#4893=(
GEOMETRIC_REPRESENTATION_CONTEXT(3)
GLOBAL_UNCERTAINTY_ASSIGNED_CONTEXT((#4891))
GLOBAL_UNIT_ASSIGNED_CONTEXT((#4894,#4896,#4897))
REPRESENTATION_CONTEXT('','3D')
);
#4894=(
LENGTH_UNIT()
NAMED_UNIT(*)
SI_UNIT(.MILLI.,.METRE.)
);
#4895=(
LENGTH_UNIT()
NAMED_UNIT(*)
SI_UNIT(.CENTI.,.METRE.)
);
#4896=(
NAMED_UNIT(*)
PLANE_ANGLE_UNIT()
SI_UNIT($,.RADIAN.)
);
#4897=(
NAMED_UNIT(*)
SI_UNIT($,.STERADIAN.)
SOLID_ANGLE_UNIT()
);
#4898=SHAPE_DEFINITION_REPRESENTATION(#4899,#4900);
#4899=PRODUCT_DEFINITION_SHAPE('',$,#4902);
#4900=SHAPE_REPRESENTATION('',(#2954),#4892);
#4901=PRODUCT_DEFINITION_CONTEXT('part definition',#4906,'design');
#4902=PRODUCT_DEFINITION('Fader','Switch',#4903,#4901);
#4903=PRODUCT_DEFINITION_FORMATION('',$,#4908);
#4904=PRODUCT_RELATED_PRODUCT_CATEGORY('Switch','Switch',(#4908));
#4905=APPLICATION_PROTOCOL_DEFINITION('international standard',
'automotive_design',2009,#4906);
#4906=APPLICATION_CONTEXT(
'Core Data for Automotive Mechanical Design Process');
#4907=PRODUCT_CONTEXT('part definition',#4906,'mechanical');
#4908=PRODUCT('Fader','Switch',$,(#4907));
#4909=PRESENTATION_STYLE_ASSIGNMENT((#4913));
#4910=PRESENTATION_STYLE_ASSIGNMENT((#4914));
#4911=PRESENTATION_STYLE_ASSIGNMENT((#4915));
#4912=PRESENTATION_STYLE_ASSIGNMENT((#4916));
#4913=SURFACE_STYLE_USAGE(.BOTH.,#4925);
#4914=SURFACE_STYLE_USAGE(.BOTH.,#4926);
#4915=SURFACE_STYLE_USAGE(.BOTH.,#4927);
#4916=SURFACE_STYLE_USAGE(.BOTH.,#4928);
#4917=SURFACE_STYLE_RENDERING_WITH_PROPERTIES($,#4941,(#4921));
#4918=SURFACE_STYLE_RENDERING_WITH_PROPERTIES($,#4942,(#4922));
#4919=SURFACE_STYLE_RENDERING_WITH_PROPERTIES($,#4943,(#4923));
#4920=SURFACE_STYLE_RENDERING_WITH_PROPERTIES($,#4944,(#4924));
#4921=SURFACE_STYLE_TRANSPARENT(0.);
#4922=SURFACE_STYLE_TRANSPARENT(0.);
#4923=SURFACE_STYLE_TRANSPARENT(0.);
#4924=SURFACE_STYLE_TRANSPARENT(0.);
#4925=SURFACE_SIDE_STYLE('',(#4929,#4917));
#4926=SURFACE_SIDE_STYLE('',(#4930,#4918));
#4927=SURFACE_SIDE_STYLE('',(#4931,#4919));
#4928=SURFACE_SIDE_STYLE('',(#4932,#4920));
#4929=SURFACE_STYLE_FILL_AREA(#4933);
#4930=SURFACE_STYLE_FILL_AREA(#4934);
#4931=SURFACE_STYLE_FILL_AREA(#4935);
#4932=SURFACE_STYLE_FILL_AREA(#4936);
#4933=FILL_AREA_STYLE('',(#4937));
#4934=FILL_AREA_STYLE('',(#4938));
#4935=FILL_AREA_STYLE('',(#4939));
#4936=FILL_AREA_STYLE('',(#4940));
#4937=FILL_AREA_STYLE_COLOUR('',#4941);
#4938=FILL_AREA_STYLE_COLOUR('',#4942);
#4939=FILL_AREA_STYLE_COLOUR('',#4943);
#4940=FILL_AREA_STYLE_COLOUR('',#4944);
#4941=COLOUR_RGB('',0.749019607843137,0.749019607843137,0.749019607843137);
#4942=COLOUR_RGB('',0.525490196078431,0.247058823529412,0.105882352941176);
#4943=COLOUR_RGB('',0.956862745098039,0.956862745098039,0.956862745098039);
#4944=COLOUR_RGB('',0.0196078431372549,0.0196078431372549,0.0196078431372549);
ENDSEC;
END-ISO-10303-21;
